naics_level,naics_code,naics_title,vertical_category,n_award_actions,n_award_companies,n_sam_entities,presence,notes
6,332992,Small Arms Ammunition Manufacturing,Aerospace & Defense,338,39,387,both,
6,332993,Ammunition (except Small Arms) Manufacturing,Aerospace & Defense,112,69,167,both,
6,332994,"Small Arms, Ordnance, and Ordnance Accessories Manufacturing",Aerospace & Defense,3111,425,1319,both,
6,336411,Aircraft Manufacturing,Aerospace & Defense,3320,846,1338,both,
6,336412,Aircraft Engine and Engine Parts Manufacturing,Aerospace & Defense,2349,259,921,both,
6,336413,Other Aircraft Parts and Auxiliary Equipment Manufacturing,Aerospace & Defense,13790,1432,2442,both,
6,336414,Guided Missile and Space Vehicle Manufacturing,Aerospace & Defense,1453,595,394,both,
6,336415,Guided Missile and Space Vehicle Propulsion Unit and Propulsion Unit Parts Manufacturing,Aerospace & Defense,459,221,164,both,
6,336419,Other Guided Missile and Space Vehicle Parts and Auxiliary Equipment Manufacturing,Aerospace & Defense,349,191,162,both,
6,336992,"Military Armored Vehicle, Tank, and Tank Component Manufacturing",Aerospace & Defense,544,206,385,both,
6,927110,Space Research and Technology,Aerospace & Defense,4,4,59,both,
6,928110,National Security,Aerospace & Defense,5,3,424,both,
6,928120,International Affairs,Aerospace & Defense,493,9,161,both,
5,33299,All Other Fabricated Metal Product Manufacturing,Aerospace & Defense,16134,1386,4478,both,
5,33641,Aerospace Product and Parts Manufacturing,Aerospace & Defense,21720,2750,5421,both,
5,92711,Space Research and Technology,Aerospace & Defense,4,4,59,both,
5,92811,National Security,Aerospace & Defense,5,3,424,both,
5,92812,International Affairs,Aerospace & Defense,493,9,161,both,
4,3364,Aerospace Product and Parts Manufacturing,Aerospace & Defense,21720,2750,5421,both,
4,9271,Space Research and Technology,Aerospace & Defense,4,4,59,both,
4,9281,National Security and International Affairs,Aerospace & Defense,498,12,585,both,
3,927,Space Research and Technology,Aerospace & Defense,4,4,59,both,
3,928,National Security and International Affairs,Aerospace & Defense,498,12,585,both,
2,92,Public Administration,Aerospace & Defense,1005,307,18470,both,MULTI-VERTICAL span: Aerospace & Defense:502; Government & Public Administration:489; Environmental & Remediation:14
6,115115,Farm Labor Contractors and Crew Leaders,Construction,1,1,111,both,
6,234930,INDUSTRIAL NONBUILDING STRUCTURE CONSTRUCTION,Construction,3,1,0,data_only,vintage/non-2022 NAICS
6,236115,New Single-Family Housing Construction (except For-Sale Builders),Construction,2,2,3282,both,
6,236116,New Multifamily Housing Construction (except For-Sale Builders),Construction,14,8,1593,both,
6,236117,New Housing For-Sale Builders,Construction,9,1,767,both,
6,236118,Residential Remodelers,Construction,86,37,7746,both,
6,236210,Industrial Building Construction,Construction,384,155,2492,both,
6,236220,Commercial and Institutional Building Construction,Construction,6640,2217,24826,both,
6,237110,Water and Sewer Line and Related Structures Construction,Construction,414,273,4311,both,
6,237120,Oil and Gas Pipeline and Related Structures Construction,Construction,66,48,687,both,ambiguous: Construction vs Energy (oil & gas pipeline construction)
6,237130,Power and Communication Line and Related Structures Construction,Construction,138,95,2307,both,ambiguous: Construction vs Energy/Telecom (power & communication line construction)
6,237210,Land Subdivision,Construction,0,0,307,both,
6,237310,"Highway, Street, and Bridge Construction",Construction,762,450,6518,both,
6,237990,Other Heavy and Civil Engineering Construction,Construction,546,323,4541,both,
6,238110,Poured Concrete Foundation and Structure Contractors,Construction,52,24,2325,both,
6,238120,Structural Steel and Precast Concrete Contractors,Construction,19,18,845,both,
6,238130,Framing Contractors,Construction,6,6,521,both,
6,238140,Masonry Contractors,Construction,19,15,1148,both,
6,238150,Glass and Glazing Contractors,Construction,37,32,1355,both,
6,238160,Roofing Contractors,Construction,291,157,4882,both,
6,238170,Siding Contractors,Construction,6,6,259,both,
6,238190,"Other Foundation, Structure, and Building Exterior Contractors",Construction,55,43,1020,both,
6,238210,Electrical Contractors and Other Wiring Installation Contractors,Construction,827,454,14567,both,
6,238220,"Plumbing, Heating, and Air-Conditioning Contractors",Construction,1532,819,12138,both,
6,238290,Other Building Equipment Contractors,Construction,444,201,1787,both,
6,238310,Drywall and Insulation Contractors,Construction,25,18,1669,both,
6,238320,Painting and Wall Covering Contractors,Construction,229,95,3861,both,
6,238330,Flooring Contractors,Construction,122,78,2263,both,
6,238340,Tile and Terrazzo Contractors,Construction,2,2,329,both,
6,238350,Finish Carpentry Contractors,Construction,20,19,1204,both,
6,238390,Other Building Finishing Contractors,Construction,179,41,1271,both,
6,238910,Site Preparation Contractors,Construction,123,105,7523,both,
6,238990,All Other Specialty Trade Contractors,Construction,466,265,9672,both,
5,23493,Construction (vintage/legacy member),Construction,3,1,0,data_only,vintage/non-2022 NAICS
5,23611,Residential Building Construction,Construction,111,47,13388,both,
5,23621,Industrial Building Construction,Construction,384,155,2492,both,
5,23622,Commercial and Institutional Building Construction,Construction,6640,2217,24826,both,
5,23711,Water and Sewer Line and Related Structures Construction,Construction,414,273,4311,both,
5,23712,Oil and Gas Pipeline and Related Structures Construction,Construction,66,48,687,both,
5,23713,Power and Communication Line and Related Structures Construction,Construction,138,95,2307,both,
5,23721,Land Subdivision,Construction,0,0,307,both,
5,23731,"Highway, Street, and Bridge Construction",Construction,762,450,6518,both,
5,23799,Other Heavy and Civil Engineering Construction,Construction,546,323,4541,both,
5,23811,Poured Concrete Foundation and Structure Contractors,Construction,52,24,2325,both,
5,23812,Structural Steel and Precast Concrete Contractors,Construction,19,18,845,both,
5,23813,Framing Contractors,Construction,6,6,521,both,
5,23814,Masonry Contractors,Construction,19,15,1148,both,
5,23815,Glass and Glazing Contractors,Construction,37,32,1355,both,
5,23816,Roofing Contractors,Construction,291,157,4882,both,
5,23817,Siding Contractors,Construction,6,6,259,both,
5,23819,"Other Foundation, Structure, and Building Exterior Contractors",Construction,55,43,1020,both,
5,23821,Electrical Contractors and Other Wiring Installation Contractors,Construction,827,454,14567,both,
5,23822,"Plumbing, Heating, and Air-Conditioning Contractors",Construction,1532,819,12138,both,
5,23829,Other Building Equipment Contractors,Construction,444,201,1787,both,
5,23831,Drywall and Insulation Contractors,Construction,25,18,1669,both,
5,23832,Painting and Wall Covering Contractors,Construction,229,95,3861,both,
5,23833,Flooring Contractors,Construction,122,78,2263,both,
5,23834,Tile and Terrazzo Contractors,Construction,2,2,329,both,
5,23835,Finish Carpentry Contractors,Construction,20,19,1204,both,
5,23839,Other Building Finishing Contractors,Construction,179,41,1271,both,
5,23891,Site Preparation Contractors,Construction,123,105,7523,both,
5,23899,All Other Specialty Trade Contractors,Construction,466,265,9672,both,
4,2349,Construction (vintage/legacy member),Construction,3,1,0,data_only,vintage/non-2022 NAICS
4,2361,Residential Building Construction,Construction,111,47,13388,both,
4,2362,Nonresidential Building Construction,Construction,7024,2343,27318,both,
4,2371,Utility System Construction,Construction,618,410,7305,both,
4,2372,Land Subdivision,Construction,0,0,307,both,
4,2373,"Highway, Street, and Bridge Construction",Construction,762,450,6518,both,
4,2379,Other Heavy and Civil Engineering Construction,Construction,546,323,4541,both,
4,2381,"Foundation, Structure, and Building Exterior Contractors",Construction,485,282,12355,both,
4,2382,Building Equipment Contractors,Construction,2803,1382,28492,both,
4,2383,Building Finishing Contractors,Construction,577,243,10597,both,
4,2389,Other Specialty Trade Contractors,Construction,589,363,17195,both,
3,234,Construction (vintage/legacy member),Construction,3,1,0,data_only,vintage/non-2022 NAICS
3,236,Construction of Buildings,Construction,7135,2373,40706,both,
3,237,Heavy and Civil Engineering Construction,Construction,1926,1126,18671,both,
3,238,Specialty Trade Contractors,Construction,4454,2094,68639,both,
2,23,Construction,Construction,13518,5002,128016,both,
6,611110,Elementary and Secondary Schools,Education & Training,9,6,5224,both,
6,611210,Junior Colleges,Education & Training,31,14,348,both,
6,611310,"Colleges, Universities, and Professional Schools",Education & Training,468,247,3312,both,
6,611410,Business and Secretarial Schools,Education & Training,0,0,59,both,
6,611420,Computer Training,Education & Training,118,61,1742,both,ambiguous: Education vs IT (computer training)
6,611430,Professional and Management Development Training,Education & Training,684,386,15593,both,
6,611511,Cosmetology and Barber Schools,Education & Training,3,2,334,both,
6,611512,Flight Training,Education & Training,139,48,787,both,
6,611513,Apprenticeship Training,Education & Training,11,6,448,both,
6,611519,Other Technical and Trade Schools,Education & Training,770,312,1610,both,
6,611610,Fine Arts Schools,Education & Training,0,0,393,both,
6,611620,Sports and Recreation Instruction,Education & Training,22,18,1069,both,
6,611630,Language Schools,Education & Training,29,11,425,both,
6,611691,Exam Preparation and Tutoring,Education & Training,1,1,545,both,
6,611692,Automobile Driving Schools,Education & Training,12,8,198,both,
6,611699,All Other Miscellaneous Schools and Instruction,Education & Training,145,91,3231,both,
6,611710,Educational Support Services,Education & Training,275,159,13127,both,
5,61111,Elementary and Secondary Schools,Education & Training,9,6,5224,both,
5,61121,Junior Colleges,Education & Training,31,14,348,both,
5,61131,"Colleges, Universities, and Professional Schools",Education & Training,468,247,3312,both,
5,61141,Business and Secretarial Schools,Education & Training,0,0,59,both,
5,61142,Computer Training,Education & Training,118,61,1742,both,
5,61143,Professional and Management Development Training,Education & Training,684,386,15593,both,
5,61151,Technical and Trade Schools,Education & Training,923,366,3179,both,
5,61161,Fine Arts Schools,Education & Training,0,0,393,both,
5,61162,Sports and Recreation Instruction,Education & Training,22,18,1069,both,
5,61163,Language Schools,Education & Training,29,11,425,both,
5,61169,All Other Schools and Instruction,Education & Training,158,100,3974,both,
5,61171,Educational Support Services,Education & Training,275,159,13127,both,
4,6111,Elementary and Secondary Schools,Education & Training,9,6,5224,both,
4,6112,Junior Colleges,Education & Training,31,14,348,both,
4,6113,"Colleges, Universities, and Professional Schools",Education & Training,468,247,3312,both,
4,6114,Business Schools and Computer and Management Training,Education & Training,802,443,17394,both,
4,6115,Technical and Trade Schools,Education & Training,923,366,3179,both,
4,6116,Other Schools and Instruction,Education & Training,209,129,5861,both,
4,6117,Educational Support Services,Education & Training,275,159,13127,both,
3,611,Educational Services,Education & Training,2717,1315,48445,both,
2,61,Educational Services,Education & Training,2717,1315,48445,both,
6,334111,Electronic Computer Manufacturing,Electronics & Instruments,4253,372,1199,both,
6,334112,Computer Storage Device Manufacturing,Electronics & Instruments,315,98,251,both,
6,334118,Computer Terminal and Other Computer Peripheral Equipment Manufacturing,Electronics & Instruments,361,155,547,both,
6,334119,OTHER COMPUTER PERIPHERAL EQUIPMENT MANUFACTURING,Electronics & Instruments,38,2,0,data_only,vintage/non-2022 NAICS
6,334210,Telephone Apparatus Manufacturing,Electronics & Instruments,107,56,187,both,
6,334220,Radio and Television Broadcasting and Wireless Communications Equipment Manufacturing,Electronics & Instruments,1508,535,1564,both,
6,334290,Other Communications Equipment Manufacturing,Electronics & Instruments,947,400,799,both,
6,334310,Audio and Video Equipment Manufacturing,Electronics & Instruments,379,187,869,both,
6,334412,Bare Printed Circuit Board Manufacturing,Electronics & Instruments,1115,365,231,both,
6,334413,Semiconductor and Related Device Manufacturing,Electronics & Instruments,783,236,1202,both,
6,334416,"Capacitor, Resistor, Coil, Transformer, and Other Inductor Manufacturing",Electronics & Instruments,1172,289,282,both,
6,334417,Electronic Connector Manufacturing,Electronics & Instruments,1951,340,392,both,
6,334418,Printed Circuit Assembly (Electronic Assembly) Manufacturing,Electronics & Instruments,406,174,830,both,
6,334419,Other Electronic Component Manufacturing,Electronics & Instruments,3561,759,1255,both,
6,334511,"Search, Detection, Navigation, Guidance, Aeronautical, and Nautical System and Instrument Manufacturing",Electronics & Instruments,2424,818,1718,both,
6,334512,"Automatic Environmental Control Manufacturing for Residential, Commercial, and Appliance Use",Electronics & Instruments,509,189,183,both,
6,334513,"Instruments and Related Products Manufacturing for Measuring, Displaying, and Controlling Industrial Process Variables",Electronics & Instruments,703,295,1307,both,
6,334514,Totalizing Fluid Meter and Counting Device Manufacturing,Electronics & Instruments,424,181,67,both,
6,334515,Instrument Manufacturing for Measuring and Testing Electricity and Electrical Signals,Electronics & Instruments,2005,259,837,both,
6,334519,Other Measuring and Controlling Device Manufacturing,Electronics & Instruments,1860,541,1083,both,
6,334610,Manufacturing and Reproducing Magnetic and Optical Media,Electronics & Instruments,99,57,32,both,
6,334613,Blank Magnetic and Optical Recording Media Manufacturing,Electronics & Instruments,0,0,13,data_only,vintage/non-2022 NAICS
5,33411,Computer and Peripheral Equipment Manufacturing,Electronics & Instruments,4967,551,1997,both,
5,33421,Telephone Apparatus Manufacturing,Electronics & Instruments,107,56,187,both,
5,33422,Radio and Television Broadcasting and Wireless Communications Equipment Manufacturing,Electronics & Instruments,1508,535,1564,both,
5,33429,Other Communications Equipment Manufacturing,Electronics & Instruments,947,400,799,both,
5,33431,Audio and Video Equipment Manufacturing,Electronics & Instruments,379,187,869,both,
5,33441,Semiconductor and Other Electronic Component Manufacturing,Electronics & Instruments,8988,1340,4192,both,
5,33461,Manufacturing and Reproducing Magnetic and Optical Media,Electronics & Instruments,103,59,142,both,
4,3341,Computer and Peripheral Equipment Manufacturing,Electronics & Instruments,4967,551,1997,both,
4,3342,Communications Equipment Manufacturing,Electronics & Instruments,2562,878,2550,both,
4,3343,Audio and Video Equipment Manufacturing,Electronics & Instruments,379,187,869,both,
4,3344,Semiconductor and Other Electronic Component Manufacturing,Electronics & Instruments,8988,1340,4192,both,
4,3346,Manufacturing and Reproducing Magnetic and Optical Media,Electronics & Instruments,103,59,142,both,
3,334,Computer and Electronic Product Manufacturing,Electronics & Instruments,28779,4156,17899,both,MULTI-VERTICAL span: Electronics & Instruments:16999; Healthcare & Life Sciences:11780
6,211120,Crude Petroleum Extraction,Energy & Utilities,0,0,67,both,
6,211130,Natural Gas Extraction,Energy & Utilities,76,17,55,both,
6,213111,Drilling Oil and Gas Wells,Energy & Utilities,1,1,86,both,
6,213112,Support Activities for Oil and Gas Operations,Energy & Utilities,35,13,855,both,
6,221111,Hydroelectric Power Generation,Energy & Utilities,5,4,134,both,
6,221112,Fossil Fuel Electric Power Generation,Energy & Utilities,98,27,204,both,
6,221113,Nuclear Electric Power Generation,Energy & Utilities,0,0,109,both,
6,221114,Solar Electric Power Generation,Energy & Utilities,5,4,1445,both,
6,221115,Wind Electric Power Generation,Energy & Utilities,0,0,92,both,
6,221116,Geothermal Electric Power Generation,Energy & Utilities,0,0,51,both,
6,221117,Biomass Electric Power Generation,Energy & Utilities,0,0,82,both,
6,221118,Other Electric Power Generation,Energy & Utilities,184,33,388,both,
6,221121,Electric Bulk Power Transmission and Control,Energy & Utilities,20,7,122,both,
6,221122,Electric Power Distribution,Energy & Utilities,933,158,1213,both,
6,221210,Natural Gas Distribution,Energy & Utilities,470,100,366,both,
6,221310,Water Supply and Irrigation Systems,Energy & Utilities,585,234,2735,both,
6,221330,Steam and Air-Conditioning Supply,Energy & Utilities,21,18,161,both,
6,324110,Petroleum Refineries,Energy & Utilities,52106,315,341,both,
6,324121,Asphalt Paving Mixture and Block Manufacturing,Energy & Utilities,7,4,209,both,
6,324122,Asphalt Shingle and Coating Materials Manufacturing,Energy & Utilities,14,4,19,both,
6,324191,Petroleum Lubricating Oil and Grease Manufacturing,Energy & Utilities,14196,41,297,both,
6,324199,All Other Petroleum and Coal Products Manufacturing,Energy & Utilities,21,12,40,both,
6,424710,Petroleum Bulk Stations and Terminals,Energy & Utilities,14,5,334,both,ambiguous: Energy vs Wholesale (petroleum bulk distribution)
6,424720,Petroleum and Petroleum Products Merchant Wholesalers (except Bulk Stations and Terminals),Energy & Utilities,47,23,1130,both,ambiguous: Energy vs Wholesale (petroleum products distribution)
6,447110,Gasoline Stations with Convenience Stores,Energy & Utilities,0,0,54,data_only,vintage/non-2022 NAICS
6,447190,Other Gasoline Stations,Energy & Utilities,0,0,35,data_only,vintage/non-2022 NAICS
6,454310,Fuel Dealers,Energy & Utilities,44,5,242,data_only,vintage/non-2022 NAICS
6,454390,Other Direct Selling Establishments,Energy & Utilities,0,0,215,data_only,vintage/non-2022 NAICS
6,457110,Gasoline Stations with Convenience Stores,Energy & Utilities,4,1,183,both,
6,457120,Other Gasoline Stations,Energy & Utilities,0,0,42,both,
6,457210,Fuel Dealers,Energy & Utilities,145,23,425,both,
6,486110,Pipeline Transportation of Crude Oil,Energy & Utilities,1,1,25,both,
6,486210,Pipeline Transportation of Natural Gas,Energy & Utilities,2,1,42,both,
6,486910,Pipeline Transportation of Refined Petroleum Products,Energy & Utilities,6,2,50,both,
6,926150,"Regulation, Licensing, and Inspection of Miscellaneous Commercial Sectors",Energy & Utilities,9,6,147,both,
5,21112,Crude Petroleum Extraction,Energy & Utilities,0,0,67,both,
5,21113,Natural Gas Extraction,Energy & Utilities,76,17,55,both,
5,22111,Electric Power Generation,Energy & Utilities,292,66,2505,both,
5,22112,"Electric Power Transmission, Control, and Distribution",Energy & Utilities,953,163,1335,both,
5,22121,Natural Gas Distribution,Energy & Utilities,470,100,366,both,
5,22131,Water Supply and Irrigation Systems,Energy & Utilities,585,234,2735,both,
5,22133,Steam and Air-Conditioning Supply,Energy & Utilities,21,18,161,both,
5,32411,Petroleum Refineries,Energy & Utilities,52106,315,341,both,
5,32412,"Asphalt Paving, Roofing, and Saturated Materials Manufacturing",Energy & Utilities,21,8,228,both,
5,32419,Other Petroleum and Coal Products Manufacturing,Energy & Utilities,14217,51,337,both,
5,42471,Petroleum Bulk Stations and Terminals,Energy & Utilities,14,5,334,both,
5,42472,Petroleum and Petroleum Products Merchant Wholesalers (except Bulk Stations and Terminals),Energy & Utilities,47,23,1130,both,
5,44711,Gasoline Stations with Convenience Stores,Energy & Utilities,0,0,54,data_only,vintage/non-2022 NAICS
5,44719,Other Gasoline Stations,Energy & Utilities,0,0,35,data_only,vintage/non-2022 NAICS
5,45431,Fuel Dealers,Energy & Utilities,44,5,242,data_only,vintage/non-2022 NAICS
5,45439,Other Direct Selling Establishments,Energy & Utilities,0,0,215,data_only,vintage/non-2022 NAICS
5,45711,Gasoline Stations with Convenience Stores,Energy & Utilities,4,1,183,both,
5,45712,Other Gasoline Stations,Energy & Utilities,0,0,42,both,
5,45721,Fuel Dealers,Energy & Utilities,145,23,425,both,
5,48611,Pipeline Transportation of Crude Oil,Energy & Utilities,1,1,25,both,
5,48621,Pipeline Transportation of Natural Gas,Energy & Utilities,2,1,42,both,
5,48691,Pipeline Transportation of Refined Petroleum Products,Energy & Utilities,6,2,50,both,
5,92615,"Regulation, Licensing, and Inspection of Miscellaneous Commercial Sectors",Energy & Utilities,9,6,147,both,
4,2111,Oil and Gas Extraction,Energy & Utilities,76,17,122,both,
4,2211,"Electric Power Generation, Transmission and Distribution",Energy & Utilities,1245,211,3840,both,
4,2212,Natural Gas Distribution,Energy & Utilities,470,100,366,both,
4,2213,"Water, Sewage and Other Systems",Energy & Utilities,811,313,3571,both,
4,3241,Petroleum and Coal Products Manufacturing,Energy & Utilities,66344,368,906,both,
4,4247,Petroleum and Petroleum Products Merchant Wholesalers,Energy & Utilities,61,27,1464,both,
4,4471,Gasoline Stations,Energy & Utilities,0,0,89,data_only,vintage/non-2022 NAICS
4,4543,Direct Selling Establishments,Energy & Utilities,44,5,457,data_only,vintage/non-2022 NAICS
4,4571,Gasoline Stations,Energy & Utilities,4,1,225,both,
4,4572,Fuel Dealers,Energy & Utilities,145,23,425,both,
4,4861,Pipeline Transportation of Crude Oil,Energy & Utilities,1,1,25,both,
4,4862,Pipeline Transportation of Natural Gas,Energy & Utilities,2,1,42,both,
3,211,Oil and Gas Extraction,Energy & Utilities,76,17,122,both,
3,221,Utilities,Energy & Utilities,2526,607,7777,both,
3,324,Petroleum and Coal Products Manufacturing,Energy & Utilities,66344,368,906,both,
3,447,Gasoline Stations,Energy & Utilities,0,0,89,data_only,vintage/non-2022 NAICS
3,454,Nonstore Retailers,Energy & Utilities,44,5,1219,data_only,vintage/non-2022 NAICS | MULTI-VERTICAL span: Energy & Utilities:44; Wholesale & Supply:0
3,457,Gasoline Stations and Fuel Dealers,Energy & Utilities,149,23,650,both,
2,22,Utilities,Energy & Utilities,2526,607,7777,both,
6,541310,Architectural Services,Engineering & Architecture,662,287,5193,both,
6,541320,Landscape Architectural Services,Engineering & Architecture,37,24,852,both,
6,541330,Engineering Services,Engineering & Architecture,9958,3223,27363,both,
6,541340,Drafting Services,Engineering & Architecture,20,5,316,both,
6,541350,Building Inspection Services,Engineering & Architecture,278,91,1083,both,
6,541360,Geophysical Surveying and Mapping Services,Engineering & Architecture,72,40,668,both,
6,541370,Surveying and Mapping (except Geophysical) Services,Engineering & Architecture,225,114,2238,both,
6,541380,Testing Laboratories and Services,Engineering & Architecture,856,462,3090,both,
6,541410,Interior Design Services,Engineering & Architecture,48,18,925,both,
6,541420,Industrial Design Services,Engineering & Architecture,2,2,278,both,
6,541430,Graphic Design Services,Engineering & Architecture,54,35,2800,both,
6,541490,Other Specialized Design Services,Engineering & Architecture,5,4,666,both,
5,54131,Architectural Services,Engineering & Architecture,662,287,5193,both,
5,54132,Landscape Architectural Services,Engineering & Architecture,37,24,852,both,
5,54133,Engineering Services,Engineering & Architecture,9958,3223,27363,both,
5,54134,Drafting Services,Engineering & Architecture,20,5,316,both,
5,54135,Building Inspection Services,Engineering & Architecture,278,91,1083,both,
5,54136,Geophysical Surveying and Mapping Services,Engineering & Architecture,72,40,668,both,
5,54137,Surveying and Mapping (except Geophysical) Services,Engineering & Architecture,225,114,2238,both,
5,54138,Testing Laboratories and Services,Engineering & Architecture,856,462,3090,both,
5,54141,Interior Design Services,Engineering & Architecture,48,18,925,both,
5,54142,Industrial Design Services,Engineering & Architecture,2,2,278,both,
5,54143,Graphic Design Services,Engineering & Architecture,54,35,2800,both,
5,54149,Other Specialized Design Services,Engineering & Architecture,5,4,666,both,
4,5413,"Architectural, Engineering, and Related Services",Engineering & Architecture,12108,4059,40803,both,
4,5414,Specialized Design Services,Engineering & Architecture,109,59,4669,both,
6,221320,Sewage Treatment Facilities,Environmental & Remediation,205,75,675,both,
6,541620,Environmental Consulting Services,Environmental & Remediation,1468,495,6490,both,
6,562111,Solid Waste Collection,Environmental & Remediation,669,326,2945,both,ambiguous: Environmental vs Transportation (solid waste collection/hauling)
6,562112,Hazardous Waste Collection,Environmental & Remediation,203,88,301,both,
6,562119,Other Waste Collection,Environmental & Remediation,73,50,1287,both,
6,562211,Hazardous Waste Treatment and Disposal,Environmental & Remediation,2233,457,412,both,
6,562212,Solid Waste Landfill,Environmental & Remediation,99,49,174,both,
6,562213,Solid Waste Combustors and Incinerators,Environmental & Remediation,16,11,70,both,
6,562219,Other Nonhazardous Waste Treatment and Disposal,Environmental & Remediation,67,36,444,both,
6,562910,Remediation Services,Environmental & Remediation,2133,788,5181,both,
6,562920,Materials Recovery Facilities,Environmental & Remediation,6,6,296,both,
6,562991,Septic Tank and Related Services,Environmental & Remediation,715,272,1633,both,
6,562998,All Other Miscellaneous Waste Management Services,Environmental & Remediation,106,81,882,both,
6,924110,Administration of Air and Water Resource and Solid Waste Management Programs,Environmental & Remediation,9,6,316,both,
6,924120,Administration of Conservation Programs,Environmental & Remediation,5,4,371,both,
5,22132,Sewage Treatment Facilities,Environmental & Remediation,205,75,675,both,
5,54162,Environmental Consulting Services,Environmental & Remediation,1468,495,6490,both,
5,56211,Waste Collection,Environmental & Remediation,945,439,4533,both,
5,56221,Waste Treatment and Disposal,Environmental & Remediation,2415,542,1100,both,
5,56291,Remediation Services,Environmental & Remediation,2133,788,5181,both,
5,56292,Materials Recovery Facilities,Environmental & Remediation,6,6,296,both,
5,56299,All Other Waste Management Services,Environmental & Remediation,821,343,2515,both,
5,92411,Administration of Air and Water Resource and Solid Waste Management Programs,Environmental & Remediation,9,6,316,both,
5,92412,Administration of Conservation Programs,Environmental & Remediation,5,4,371,both,
4,5621,Waste Collection,Environmental & Remediation,945,439,4533,both,
4,5622,Waste Treatment and Disposal,Environmental & Remediation,2415,542,1100,both,
4,5629,Remediation and Other Waste Management Services,Environmental & Remediation,2960,1128,7992,both,
4,9241,Administration of Environmental Quality Programs,Environmental & Remediation,14,10,687,both,
3,562,Waste Management and Remediation Services,Environmental & Remediation,6320,1952,13625,both,
3,924,Administration of Environmental Quality Programs,Environmental & Remediation,14,10,687,both,
6,561210,Facilities Support Services,"Facilities, Maintenance & Janitorial",13700,2525,5410,both,
6,561710,Exterminating and Pest Control Services,"Facilities, Maintenance & Janitorial",173,89,1655,both,
6,561720,Janitorial Services,"Facilities, Maintenance & Janitorial",1796,691,19263,both,
6,561730,Landscaping Services,"Facilities, Maintenance & Janitorial",1153,579,10848,both,
6,561740,Carpet and Upholstery Cleaning Services,"Facilities, Maintenance & Janitorial",13,12,663,both,
6,561790,Other Services to Buildings and Dwellings,"Facilities, Maintenance & Janitorial",169,120,5288,both,
6,713110,Amusement and Theme Parks,"Facilities, Maintenance & Janitorial",0,0,57,both,
6,713120,Amusement Arcades,"Facilities, Maintenance & Janitorial",0,0,49,both,
6,713210,Casinos (except Casino Hotels),"Facilities, Maintenance & Janitorial",0,0,14,both,
6,713290,Other Gambling Industries,"Facilities, Maintenance & Janitorial",0,0,11,both,
6,713910,Golf Courses and Country Clubs,"Facilities, Maintenance & Janitorial",2,2,73,both,
6,713920,Skiing Facilities,"Facilities, Maintenance & Janitorial",1,1,51,both,
6,713930,Marinas,"Facilities, Maintenance & Janitorial",7,6,282,both,
6,713940,Fitness and Recreational Sports Centers,"Facilities, Maintenance & Janitorial",46,34,1110,both,
6,713950,Bowling Centers,"Facilities, Maintenance & Janitorial",0,0,26,both,
6,713990,All Other Amusement and Recreation Industries,"Facilities, Maintenance & Janitorial",54,41,1010,both,
6,721110,Hotels (except Casino Hotels) and Motels,"Facilities, Maintenance & Janitorial",1438,432,15771,both,
6,721120,Casino Hotels,"Facilities, Maintenance & Janitorial",1,1,101,both,
6,721191,Bed-and-Breakfast Inns,"Facilities, Maintenance & Janitorial",1,1,96,both,
6,721199,All Other Traveler Accommodation,"Facilities, Maintenance & Janitorial",26,7,436,both,
6,721211,RV (Recreational Vehicle) Parks and Campgrounds,"Facilities, Maintenance & Janitorial",67,56,1573,both,
6,721214,Recreational and Vacation Camps (except Campgrounds),"Facilities, Maintenance & Janitorial",10,9,199,both,
6,721310,"Rooming and Boarding Houses, Dormitories, and Workers' Camps","Facilities, Maintenance & Janitorial",1,1,291,both,
6,811111,General Automotive Repair,"Facilities, Maintenance & Janitorial",242,170,3249,both,
6,811112,Automotive Exhaust System Repair,"Facilities, Maintenance & Janitorial",0,0,9,data_only,vintage/non-2022 NAICS
6,811113,Automotive Transmission Repair,"Facilities, Maintenance & Janitorial",0,0,210,data_only,vintage/non-2022 NAICS
6,811114,Specialized Automotive Repair,"Facilities, Maintenance & Janitorial",29,25,271,both,
6,811118,Other Automotive Mechanical and Electrical Repair and Maintenance,"Facilities, Maintenance & Janitorial",0,0,191,data_only,vintage/non-2022 NAICS
6,811121,"Automotive Body, Paint, and Interior Repair and Maintenance","Facilities, Maintenance & Janitorial",106,75,2874,both,
6,811122,Automotive Glass Replacement Shops,"Facilities, Maintenance & Janitorial",0,0,202,both,
6,811191,Automotive Oil Change and Lubrication Shops,"Facilities, Maintenance & Janitorial",4,3,101,both,
6,811192,Car Washes,"Facilities, Maintenance & Janitorial",5,3,474,both,
6,811198,All Other Automotive Repair and Maintenance,"Facilities, Maintenance & Janitorial",43,38,966,both,
6,811210,Electronic and Precision Equipment Repair and Maintenance,"Facilities, Maintenance & Janitorial",2201,816,1852,both,
6,811211,Consumer Electronics Repair and Maintenance,"Facilities, Maintenance & Janitorial",4,3,129,data_only,vintage/non-2022 NAICS
6,811212,Computer and Office Machine Repair and Maintenance,"Facilities, Maintenance & Janitorial",141,23,603,data_only,vintage/non-2022 NAICS
6,811213,Communication Equipment Repair and Maintenance,"Facilities, Maintenance & Janitorial",50,25,361,data_only,vintage/non-2022 NAICS
6,811219,Other Electronic and Precision Equipment Repair and Maintenance,"Facilities, Maintenance & Janitorial",357,194,608,data_only,vintage/non-2022 NAICS
6,811310,Commercial and Industrial Machinery and Equipment (except Automotive and Electronic) Repair and Maintenance,"Facilities, Maintenance & Janitorial",1256,758,5814,both,
6,811411,Home and Garden Equipment Repair and Maintenance,"Facilities, Maintenance & Janitorial",7,7,333,both,
6,811412,Appliance Repair and Maintenance,"Facilities, Maintenance & Janitorial",53,38,516,both,
6,811420,Reupholstery and Furniture Repair,"Facilities, Maintenance & Janitorial",7,5,349,both,
6,811430,Footwear and Leather Goods Repair,"Facilities, Maintenance & Janitorial",4,1,77,both,
6,811490,Other Personal and Household Goods Repair and Maintenance,"Facilities, Maintenance & Janitorial",85,25,1075,both,
6,812111,Barber Shops,"Facilities, Maintenance & Janitorial",1,1,241,both,
6,812112,Beauty Salons,"Facilities, Maintenance & Janitorial",0,0,1271,both,
6,812113,Nail Salons,"Facilities, Maintenance & Janitorial",0,0,67,both,
6,812191,Diet and Weight Reducing Centers,"Facilities, Maintenance & Janitorial",0,0,90,both,
6,812199,Other Personal Care Services,"Facilities, Maintenance & Janitorial",1,1,1277,both,
6,812210,Funeral Homes and Funeral Services,"Facilities, Maintenance & Janitorial",31,19,524,both,
6,812220,Cemeteries and Crematories,"Facilities, Maintenance & Janitorial",20,12,82,both,
6,812310,Coin-Operated Laundries and Drycleaners,"Facilities, Maintenance & Janitorial",5,4,206,both,
6,812320,Drycleaning and Laundry Services (except Coin-Operated),"Facilities, Maintenance & Janitorial",132,86,982,both,
6,812331,Linen Supply,"Facilities, Maintenance & Janitorial",30,19,449,both,
6,812332,Industrial Launderers,"Facilities, Maintenance & Janitorial",81,47,460,both,
6,812910,Pet Care (except Veterinary) Services,"Facilities, Maintenance & Janitorial",39,28,637,both,
6,812921,Photofinishing Laboratories (except One-Hour),"Facilities, Maintenance & Janitorial",0,0,41,both,
6,812922,One-Hour Photofinishing,"Facilities, Maintenance & Janitorial",0,0,10,both,
6,812930,Parking Lots and Garages,"Facilities, Maintenance & Janitorial",182,77,824,both,
6,812990,All Other Personal Services,"Facilities, Maintenance & Janitorial",41,24,6025,both,
5,56121,Facilities Support Services,"Facilities, Maintenance & Janitorial",13700,2525,5410,both,
5,56171,Exterminating and Pest Control Services,"Facilities, Maintenance & Janitorial",173,89,1655,both,
5,56172,Janitorial Services,"Facilities, Maintenance & Janitorial",1796,691,19263,both,
5,56173,Landscaping Services,"Facilities, Maintenance & Janitorial",1153,579,10848,both,
5,56174,Carpet and Upholstery Cleaning Services,"Facilities, Maintenance & Janitorial",13,12,663,both,
5,56179,Other Services to Buildings and Dwellings,"Facilities, Maintenance & Janitorial",169,120,5288,both,
5,71311,Amusement and Theme Parks,"Facilities, Maintenance & Janitorial",0,0,57,both,
5,71312,Amusement Arcades,"Facilities, Maintenance & Janitorial",0,0,49,both,
5,71321,Casinos (except Casino Hotels),"Facilities, Maintenance & Janitorial",0,0,14,both,
5,71329,Other Gambling Industries,"Facilities, Maintenance & Janitorial",0,0,11,both,
5,71391,Golf Courses and Country Clubs,"Facilities, Maintenance & Janitorial",2,2,73,both,
5,71392,Skiing Facilities,"Facilities, Maintenance & Janitorial",1,1,51,both,
5,71393,Marinas,"Facilities, Maintenance & Janitorial",7,6,282,both,
5,71394,Fitness and Recreational Sports Centers,"Facilities, Maintenance & Janitorial",46,34,1110,both,
5,71395,Bowling Centers,"Facilities, Maintenance & Janitorial",0,0,26,both,
5,71399,All Other Amusement and Recreation Industries,"Facilities, Maintenance & Janitorial",54,41,1010,both,
5,72111,Hotels (except Casino Hotels) and Motels,"Facilities, Maintenance & Janitorial",1438,432,15771,both,
5,72112,Casino Hotels,"Facilities, Maintenance & Janitorial",1,1,101,both,
5,72119,Other Traveler Accommodation,"Facilities, Maintenance & Janitorial",27,7,532,both,
5,72121,RV (Recreational Vehicle) Parks and Recreational Camps,"Facilities, Maintenance & Janitorial",77,65,1772,both,
5,72131,"Rooming and Boarding Houses, Dormitories, and Workers' Camps","Facilities, Maintenance & Janitorial",1,1,291,both,
5,81111,Automotive Mechanical and Electrical Repair and Maintenance,"Facilities, Maintenance & Janitorial",271,191,3930,both,
5,81112,"Automotive Body, Paint, Interior, and Glass Repair","Facilities, Maintenance & Janitorial",106,75,3076,both,
5,81119,Other Automotive Repair and Maintenance,"Facilities, Maintenance & Janitorial",52,44,1541,both,
5,81121,Electronic and Precision Equipment Repair and Maintenance,"Facilities, Maintenance & Janitorial",2753,956,3553,both,
5,81131,Commercial and Industrial Machinery and Equipment (except Automotive and Electronic) Repair and Maintenance,"Facilities, Maintenance & Janitorial",1256,758,5814,both,
5,81141,Home and Garden Equipment and Appliance Repair and Maintenance,"Facilities, Maintenance & Janitorial",60,44,849,both,
5,81142,Reupholstery and Furniture Repair,"Facilities, Maintenance & Janitorial",7,5,349,both,
5,81143,Footwear and Leather Goods Repair,"Facilities, Maintenance & Janitorial",4,1,77,both,
5,81149,Other Personal and Household Goods Repair and Maintenance,"Facilities, Maintenance & Janitorial",85,25,1075,both,
5,81211,"Hair, Nail, and Skin Care Services","Facilities, Maintenance & Janitorial",1,1,1579,both,
5,81219,Other Personal Care Services,"Facilities, Maintenance & Janitorial",1,1,1367,both,
5,81221,Funeral Homes and Funeral Services,"Facilities, Maintenance & Janitorial",31,19,524,both,
5,81222,Cemeteries and Crematories,"Facilities, Maintenance & Janitorial",20,12,82,both,
5,81231,Coin-Operated Laundries and Drycleaners,"Facilities, Maintenance & Janitorial",5,4,206,both,
5,81232,Drycleaning and Laundry Services (except Coin-Operated),"Facilities, Maintenance & Janitorial",132,86,982,both,
5,81233,Linen and Uniform Supply,"Facilities, Maintenance & Janitorial",111,63,909,both,
5,81291,Pet Care (except Veterinary) Services,"Facilities, Maintenance & Janitorial",39,28,637,both,
5,81292,Photofinishing,"Facilities, Maintenance & Janitorial",0,0,51,both,
5,81293,Parking Lots and Garages,"Facilities, Maintenance & Janitorial",182,77,824,both,
5,81299,All Other Personal Services,"Facilities, Maintenance & Janitorial",41,24,6025,both,
4,5612,Facilities Support Services,"Facilities, Maintenance & Janitorial",13700,2525,5410,both,
4,7131,Amusement Parks and Arcades,"Facilities, Maintenance & Janitorial",0,0,106,both,
4,7132,Gambling Industries,"Facilities, Maintenance & Janitorial",0,0,25,both,
4,7139,Other Amusement and Recreation Industries,"Facilities, Maintenance & Janitorial",110,83,2552,both,
4,7211,Traveler Accommodation,"Facilities, Maintenance & Janitorial",1466,438,16404,both,
4,7212,RV (Recreational Vehicle) Parks and Recreational Camps,"Facilities, Maintenance & Janitorial",77,65,1772,both,
4,7213,"Rooming and Boarding Houses, Dormitories, and Workers' Camps","Facilities, Maintenance & Janitorial",1,1,291,both,
4,8111,Automotive Repair and Maintenance,"Facilities, Maintenance & Janitorial",429,298,8547,both,
4,8112,Electronic and Precision Equipment Repair and Maintenance,"Facilities, Maintenance & Janitorial",2753,956,3553,both,
4,8113,Commercial and Industrial Machinery and Equipment (except Automotive and Electronic) Repair and Maintenance,"Facilities, Maintenance & Janitorial",1256,758,5814,both,
4,8114,Personal and Household Goods Repair and Maintenance,"Facilities, Maintenance & Janitorial",156,74,2350,both,
4,8121,Personal Care Services,"Facilities, Maintenance & Janitorial",2,2,2946,both,
4,8122,Death Care Services,"Facilities, Maintenance & Janitorial",51,31,606,both,
4,8123,Drycleaning and Laundry Services,"Facilities, Maintenance & Janitorial",248,140,2097,both,
4,8129,Other Personal Services,"Facilities, Maintenance & Janitorial",262,128,7537,both,
3,561,Administrative and Support Services,"Facilities, Maintenance & Janitorial",25164,5468,86515,both,"MULTI-VERTICAL span: Facilities, Maintenance & Janitorial:13700; Security & Guard Services:3444; Real Estate:3304; Professional & Management Services:2468; Staffing & Human Capital:1909; Transportation & Logistics:339"
3,713,"Amusement, Gambling, and Recreation Industries","Facilities, Maintenance & Janitorial",110,83,2683,both,
3,721,Accommodation,"Facilities, Maintenance & Janitorial",1544,504,18467,both,
3,811,Repair and Maintenance,"Facilities, Maintenance & Janitorial",4594,1980,20264,both,
3,812,Personal and Laundry Services,"Facilities, Maintenance & Janitorial",563,299,13186,both,
2,56,Administrative and Support and Waste Management and Remediation Services,"Facilities, Maintenance & Janitorial",31484,7220,100140,both,"MULTI-VERTICAL span: Facilities, Maintenance & Janitorial:13700; Environmental & Remediation:6320; Security & Guard Services:3444; Real Estate:3304; Professional & Management Services:2468; Staffing & Human Capital:1909; Transportation & Logistics:339"
2,72,Accommodation and Food Services,"Facilities, Maintenance & Janitorial",2403,697,27380,both,"MULTI-VERTICAL span: Facilities, Maintenance & Janitorial:1544; Food, Agriculture & Beverage:859"
2,81,Other Services (except Public Administration),"Facilities, Maintenance & Janitorial",5610,2578,74043,both,"MULTI-VERTICAL span: Facilities, Maintenance & Janitorial:5157; Professional & Management Services:453"
6,521110,Monetary Authorities-Central Bank,Financial & Insurance,0,0,45,both,
6,522110,Commercial Banking,Financial & Insurance,15,7,1236,both,
6,522120,Savings Institutions,Financial & Insurance,0,0,29,data_only,vintage/non-2022 NAICS
6,522130,Credit Unions,Financial & Insurance,0,0,357,both,
6,522180,Savings Institutions and Other Depository Credit Intermediation,Financial & Insurance,0,0,55,both,
6,522190,Other Depository Credit Intermediation,Financial & Insurance,0,0,7,data_only,vintage/non-2022 NAICS
6,522210,Credit Card Issuing,Financial & Insurance,0,0,9,both,
6,522220,Sales Financing,Financial & Insurance,0,0,142,both,
6,522291,Consumer Lending,Financial & Insurance,0,0,132,both,
6,522292,Real Estate Credit,Financial & Insurance,1,1,245,both,
6,522293,International Trade Financing,Financial & Insurance,0,0,26,data_only,vintage/non-2022 NAICS
6,522294,Secondary Market Financing,Financial & Insurance,0,0,7,data_only,vintage/non-2022 NAICS
6,522298,All Other Nondepository Credit Intermediation,Financial & Insurance,0,0,60,data_only,vintage/non-2022 NAICS
6,522299,"International, Secondary Market, and All Other Nondepository Credit Intermediation",Financial & Insurance,0,0,143,both,
6,522310,Mortgage and Nonmortgage Loan Brokers,Financial & Insurance,13,2,668,both,
6,522320,"Financial Transactions Processing, Reserve, and Clearinghouse Activities",Financial & Insurance,22,13,332,both,
6,522390,Other Activities Related to Credit Intermediation,Financial & Insurance,133,13,101,both,
6,523110,Investment Banking and Securities Dealing,Financial & Insurance,14,2,27,data_only,vintage/non-2022 NAICS
6,523120,Securities Brokerage,Financial & Insurance,0,0,9,data_only,vintage/non-2022 NAICS
6,523130,Commodity Contracts Dealing,Financial & Insurance,0,0,44,data_only,vintage/non-2022 NAICS
6,523140,Commodity Contracts Brokerage,Financial & Insurance,0,0,37,data_only,vintage/non-2022 NAICS
6,523150,Investment Banking and Securities Intermediation,Financial & Insurance,1,1,69,both,
6,523160,Commodity Contracts Intermediation,Financial & Insurance,2,2,71,both,
6,523210,Securities and Commodity Exchanges,Financial & Insurance,2,1,31,both,
6,523910,Miscellaneous Intermediation,Financial & Insurance,49,14,160,both,
6,523920,Portfolio Management,Financial & Insurance,25,13,98,data_only,vintage/non-2022 NAICS
6,523930,Investment Advice,Financial & Insurance,4,2,109,data_only,vintage/non-2022 NAICS
6,523940,Portfolio Management and Investment Advice,Financial & Insurance,11,9,339,both,
6,523991,"Trust, Fiduciary, and Custody Activities",Financial & Insurance,2,2,77,both,
6,523999,Miscellaneous Financial Investment Activities,Financial & Insurance,4,4,328,both,
6,524113,Direct Life Insurance Carriers,Financial & Insurance,32,11,118,both,
6,524114,Direct Health and Medical Insurance Carriers,Financial & Insurance,367,85,443,both,
6,524126,Direct Property and Casualty Insurance Carriers,Financial & Insurance,8,5,193,both,
6,524127,Direct Title Insurance Carriers,Financial & Insurance,5,4,169,both,
6,524128,"Other Direct Insurance (except Life, Health, and Medical) Carriers",Financial & Insurance,4,3,26,both,
6,524130,Reinsurance Carriers,Financial & Insurance,0,0,35,both,
6,524210,Insurance Agencies and Brokerages,Financial & Insurance,76,26,1178,both,
6,524291,Claims Adjusting,Financial & Insurance,1,1,227,both,
6,524292,Pharmacy Benefit Management and Other Third Party Administration of Insurance and Pension Funds,Financial & Insurance,87,23,179,both,
6,524298,All Other Insurance Related Activities,Financial & Insurance,38,19,290,both,
6,525110,Pension Funds,Financial & Insurance,0,0,23,both,
6,525120,Health and Welfare Funds,Financial & Insurance,15,5,97,both,
6,525190,Other Insurance Funds,Financial & Insurance,0,0,8,both,
6,525910,Open-End Investment Funds,Financial & Insurance,1,1,23,both,
6,525920,"Trusts, Estates, and Agency Accounts",Financial & Insurance,0,0,95,both,
6,525990,Other Financial Vehicles,Financial & Insurance,0,0,182,both,
6,533110,Lessors of Nonfinancial Intangible Assets (except Copyrighted Works),Financial & Insurance,4,4,61,both,
6,551111,Offices of Bank Holding Companies,Financial & Insurance,0,0,80,both,
5,52111,Monetary Authorities-Central Bank,Financial & Insurance,0,0,45,both,
5,52211,Commercial Banking,Financial & Insurance,15,7,1236,both,
5,52212,Savings Institutions,Financial & Insurance,0,0,29,data_only,vintage/non-2022 NAICS
5,52213,Credit Unions,Financial & Insurance,0,0,357,both,
5,52218,Savings Institutions and Other Depository Credit Intermediation,Financial & Insurance,0,0,55,both,
5,52219,Other Depository Credit Intermediation,Financial & Insurance,0,0,7,data_only,vintage/non-2022 NAICS
5,52221,Credit Card Issuing,Financial & Insurance,0,0,9,both,
5,52222,Sales Financing,Financial & Insurance,0,0,142,both,
5,52229,Other Nondepository Credit Intermediation,Financial & Insurance,1,1,613,both,
5,52231,Mortgage and Nonmortgage Loan Brokers,Financial & Insurance,13,2,668,both,
5,52232,"Financial Transactions Processing, Reserve, and Clearinghouse Activities",Financial & Insurance,22,13,332,both,
5,52239,Other Activities Related to Credit Intermediation,Financial & Insurance,133,13,101,both,
5,52311,Investment Banking and Securities Dealing,Financial & Insurance,14,2,27,data_only,vintage/non-2022 NAICS
5,52312,Securities Brokerage,Financial & Insurance,0,0,9,data_only,vintage/non-2022 NAICS
5,52313,Commodity Contracts Dealing,Financial & Insurance,0,0,44,data_only,vintage/non-2022 NAICS
5,52314,Commodity Contracts Brokerage,Financial & Insurance,0,0,37,data_only,vintage/non-2022 NAICS
5,52315,Investment Banking and Securities Intermediation,Financial & Insurance,1,1,69,both,
5,52316,Commodity Contracts Intermediation,Financial & Insurance,2,2,71,both,
5,52321,Securities and Commodity Exchanges,Financial & Insurance,2,1,31,both,
5,52391,Miscellaneous Intermediation,Financial & Insurance,49,14,160,both,
5,52392,Portfolio Management,Financial & Insurance,25,13,98,data_only,vintage/non-2022 NAICS
5,52393,Investment Advice,Financial & Insurance,4,2,109,data_only,vintage/non-2022 NAICS
5,52394,Portfolio Management and Investment Advice,Financial & Insurance,11,9,339,both,
5,52399,All Other Financial Investment Activities,Financial & Insurance,6,6,405,both,
5,52411,"Direct Life, Health, and Medical Insurance Carriers",Financial & Insurance,399,94,561,both,
5,52412,"Direct Insurance (except Life, Health, and Medical) Carriers",Financial & Insurance,17,12,388,both,
5,52413,Reinsurance Carriers,Financial & Insurance,0,0,35,both,
5,52421,Insurance Agencies and Brokerages,Financial & Insurance,76,26,1178,both,
5,52429,Other Insurance Related Activities,Financial & Insurance,126,42,696,both,
5,52511,Pension Funds,Financial & Insurance,0,0,23,both,
5,52512,Health and Welfare Funds,Financial & Insurance,15,5,97,both,
5,52519,Other Insurance Funds,Financial & Insurance,0,0,8,both,
5,52591,Open-End Investment Funds,Financial & Insurance,1,1,23,both,
5,52592,"Trusts, Estates, and Agency Accounts",Financial & Insurance,0,0,95,both,
5,52599,Other Financial Vehicles,Financial & Insurance,0,0,182,both,
5,53311,Lessors of Nonfinancial Intangible Assets (except Copyrighted Works),Financial & Insurance,4,4,61,both,
4,5211,Monetary Authorities-Central Bank,Financial & Insurance,0,0,45,both,
4,5221,Depository Credit Intermediation,Financial & Insurance,15,7,1684,both,
4,5222,Nondepository Credit Intermediation,Financial & Insurance,1,1,764,both,
4,5223,Activities Related to Credit Intermediation,Financial & Insurance,168,27,1101,both,
4,5231,Securities and Commodity Contracts Intermediation and Brokerage,Financial & Insurance,17,5,257,both,
4,5232,Securities and Commodity Exchanges,Financial & Insurance,2,1,31,both,
4,5239,Other Financial Investment Activities,Financial & Insurance,95,42,1111,both,
4,5241,Insurance Carriers,Financial & Insurance,416,105,984,both,
4,5242,"Agencies, Brokerages, and Other Insurance Related Activities",Financial & Insurance,202,68,1874,both,
4,5251,Insurance and Employee Benefit Funds,Financial & Insurance,15,5,128,both,
4,5259,Other Investment Pools and Funds,Financial & Insurance,1,1,300,both,
4,5331,Lessors of Nonfinancial Intangible Assets (except Copyrighted Works),Financial & Insurance,4,4,61,both,
3,521,Monetary Authorities-Central Bank,Financial & Insurance,0,0,45,both,
3,522,Credit Intermediation and Related Activities,Financial & Insurance,184,35,3549,both,
3,523,"Securities, Commodity Contracts, and Other Financial Investments and Related Activities",Financial & Insurance,114,47,1399,both,
3,524,Insurance Carriers and Related Activities,Financial & Insurance,618,169,2858,both,
3,525,"Funds, Trusts, and Other Financial Vehicles",Financial & Insurance,16,6,428,both,
3,533,Lessors of Nonfinancial Intangible Assets (except Copyrighted Works),Financial & Insurance,4,4,61,both,
2,52,Finance and Insurance,Financial & Insurance,932,251,8279,both,
6,111110,Soybean Farming,"Food, Agriculture & Beverage",3,3,134,both,
6,111120,Oilseed (except Soybean) Farming,"Food, Agriculture & Beverage",0,0,12,both,
6,111130,Dry Pea and Bean Farming,"Food, Agriculture & Beverage",0,0,19,both,
6,111140,Wheat Farming,"Food, Agriculture & Beverage",1,1,86,both,
6,111150,Corn Farming,"Food, Agriculture & Beverage",4,4,339,both,
6,111160,Rice Farming,"Food, Agriculture & Beverage",0,0,42,both,
6,111191,Oilseed and Grain Combination Farming,"Food, Agriculture & Beverage",1,1,94,both,
6,111199,All Other Grain Farming,"Food, Agriculture & Beverage",0,0,152,both,
6,111211,Potato Farming,"Food, Agriculture & Beverage",0,0,66,both,
6,111219,Other Vegetable (except Potato) and Melon Farming,"Food, Agriculture & Beverage",1,1,537,both,
6,111310,Orange Groves,"Food, Agriculture & Beverage",0,0,21,both,
6,111320,Citrus (except Orange) Groves,"Food, Agriculture & Beverage",0,0,19,both,
6,111331,Apple Orchards,"Food, Agriculture & Beverage",0,0,84,both,
6,111332,Grape Vineyards,"Food, Agriculture & Beverage",0,0,63,both,
6,111333,Strawberry Farming,"Food, Agriculture & Beverage",0,0,28,both,
6,111334,Berry (except Strawberry) Farming,"Food, Agriculture & Beverage",0,0,65,both,
6,111335,Tree Nut Farming,"Food, Agriculture & Beverage",2,2,90,both,
6,111336,Fruit and Tree Nut Combination Farming,"Food, Agriculture & Beverage",0,0,90,both,
6,111339,Other Noncitrus Fruit Farming,"Food, Agriculture & Beverage",0,0,90,both,
6,111411,Mushroom Production,"Food, Agriculture & Beverage",0,0,92,both,
6,111419,Other Food Crops Grown Under Cover,"Food, Agriculture & Beverage",0,0,246,both,
6,111421,Nursery and Tree Production,"Food, Agriculture & Beverage",9,9,311,both,
6,111422,Floriculture Production,"Food, Agriculture & Beverage",2,2,110,both,
6,111910,Tobacco Farming,"Food, Agriculture & Beverage",0,0,6,both,
6,111920,Cotton Farming,"Food, Agriculture & Beverage",0,0,57,both,
6,111930,Sugarcane Farming,"Food, Agriculture & Beverage",0,0,13,both,
6,111940,Hay Farming,"Food, Agriculture & Beverage",16,13,240,both,
6,111991,Sugar Beet Farming,"Food, Agriculture & Beverage",0,0,0,official,
6,111992,Peanut Farming,"Food, Agriculture & Beverage",0,0,23,both,
6,111998,All Other Miscellaneous Crop Farming,"Food, Agriculture & Beverage",3,2,700,both,
6,112111,Beef Cattle Ranching and Farming,"Food, Agriculture & Beverage",10,7,828,both,
6,112112,Cattle Feedlots,"Food, Agriculture & Beverage",0,0,28,both,
6,112120,Dairy Cattle and Milk Production,"Food, Agriculture & Beverage",9,5,208,both,
6,112130,Dual-Purpose Cattle Ranching and Farming,"Food, Agriculture & Beverage",0,0,111,both,
6,112210,Hog and Pig Farming,"Food, Agriculture & Beverage",1,1,103,both,
6,112310,Chicken Egg Production,"Food, Agriculture & Beverage",3,1,159,both,
6,112320,Broilers and Other Meat Type Chicken Production,"Food, Agriculture & Beverage",3,2,80,both,
6,112330,Turkey Production,"Food, Agriculture & Beverage",0,0,24,both,
6,112340,Poultry Hatcheries,"Food, Agriculture & Beverage",0,0,13,both,
6,112390,Other Poultry Production,"Food, Agriculture & Beverage",0,0,48,both,
6,112410,Sheep Farming,"Food, Agriculture & Beverage",2,2,67,both,
6,112420,Goat Farming,"Food, Agriculture & Beverage",14,4,90,both,
6,112511,Finfish Farming and Fish Hatcheries,"Food, Agriculture & Beverage",3,3,92,both,
6,112512,Shellfish Farming,"Food, Agriculture & Beverage",0,0,56,both,
6,112519,Other Aquaculture,"Food, Agriculture & Beverage",1,1,118,both,
6,112910,Apiculture,"Food, Agriculture & Beverage",0,0,143,both,
6,112920,Horses and Other Equine Production,"Food, Agriculture & Beverage",6,6,171,both,
6,112930,Fur-Bearing Animal and Rabbit Production,"Food, Agriculture & Beverage",1,1,9,both,
6,112990,All Other Animal Production,"Food, Agriculture & Beverage",34,26,275,both,
6,114111,Finfish Fishing,"Food, Agriculture & Beverage",4,2,154,both,
6,114112,Shellfish Fishing,"Food, Agriculture & Beverage",0,0,76,both,
6,114119,Other Marine Fishing,"Food, Agriculture & Beverage",221,41,72,both,
6,114210,Hunting and Trapping,"Food, Agriculture & Beverage",13,10,156,both,
6,115111,Cotton Ginning,"Food, Agriculture & Beverage",0,0,26,both,
6,115112,"Soil Preparation, Planting, and Cultivating","Food, Agriculture & Beverage",70,40,539,both,
6,115113,"Crop Harvesting, Primarily by Machine","Food, Agriculture & Beverage",2,2,44,both,
6,115114,Postharvest Crop Activities (except Cotton Ginning),"Food, Agriculture & Beverage",1,1,125,both,
6,115116,Farm Management Services,"Food, Agriculture & Beverage",0,0,337,both,
6,115210,Support Activities for Animal Production,"Food, Agriculture & Beverage",65,46,342,both,
6,311111,Dog and Cat Food Manufacturing,"Food, Agriculture & Beverage",122,4,76,both,
6,311119,Other Animal Food Manufacturing,"Food, Agriculture & Beverage",56,22,142,both,
6,311211,Flour Milling,"Food, Agriculture & Beverage",67,16,52,both,
6,311212,Rice Milling,"Food, Agriculture & Beverage",21,8,38,both,
6,311213,Malt Manufacturing,"Food, Agriculture & Beverage",0,0,10,both,
6,311221,Wet Corn Milling and Starch Manufacturing,"Food, Agriculture & Beverage",0,0,6,both,
6,311224,Soybean and Other Oilseed Processing,"Food, Agriculture & Beverage",3,3,45,both,
6,311225,Fats and Oils Refining and Blending,"Food, Agriculture & Beverage",35,9,57,both,
6,311230,Breakfast Cereal Manufacturing,"Food, Agriculture & Beverage",13,8,35,both,
6,311313,Beet Sugar Manufacturing,"Food, Agriculture & Beverage",0,0,3,both,
6,311314,Cane Sugar Manufacturing,"Food, Agriculture & Beverage",0,0,10,both,
6,311340,Nonchocolate Confectionery Manufacturing,"Food, Agriculture & Beverage",10,2,58,both,
6,311351,Chocolate and Confectionery Manufacturing from Cacao Beans,"Food, Agriculture & Beverage",0,0,32,both,
6,311352,Confectionery Manufacturing from Purchased Chocolate,"Food, Agriculture & Beverage",1,1,53,both,
6,311411,"Frozen Fruit, Juice, and Vegetable Manufacturing","Food, Agriculture & Beverage",75,14,131,both,
6,311412,Frozen Specialty Food Manufacturing,"Food, Agriculture & Beverage",7,6,202,both,
6,311421,Fruit and Vegetable Canning,"Food, Agriculture & Beverage",188,42,170,both,
6,311422,Specialty Canning,"Food, Agriculture & Beverage",5,4,52,both,
6,311423,Dried and Dehydrated Food Manufacturing,"Food, Agriculture & Beverage",14,12,186,both,
6,311511,Fluid Milk Manufacturing,"Food, Agriculture & Beverage",613,57,207,both,
6,311512,Creamery Butter Manufacturing,"Food, Agriculture & Beverage",5,5,10,both,
6,311513,Cheese Manufacturing,"Food, Agriculture & Beverage",80,17,72,both,
6,311514,"Dry, Condensed, and Evaporated Dairy Product Manufacturing","Food, Agriculture & Beverage",21,7,40,both,
6,311520,Ice Cream and Frozen Dessert Manufacturing,"Food, Agriculture & Beverage",0,0,118,both,
6,311611,Animal (except Poultry) Slaughtering,"Food, Agriculture & Beverage",131,28,167,both,
6,311612,Meat Processed from Carcasses,"Food, Agriculture & Beverage",43,18,404,both,
6,311613,Rendering and Meat Byproduct Processing,"Food, Agriculture & Beverage",2,1,26,both,
6,311615,Poultry Processing,"Food, Agriculture & Beverage",72,26,90,both,
6,311710,Seafood Product Preparation and Packaging,"Food, Agriculture & Beverage",4,4,133,both,
6,311811,Retail Bakeries,"Food, Agriculture & Beverage",13,2,186,both,
6,311812,Commercial Bakeries,"Food, Agriculture & Beverage",36283,113,372,both,
6,311813,"Frozen Cakes, Pies, and Other Pastries Manufacturing","Food, Agriculture & Beverage",0,0,54,both,
6,311821,Cookie and Cracker Manufacturing,"Food, Agriculture & Beverage",1,1,112,both,
6,311824,"Dry Pasta, Dough, and Flour Mixes Manufacturing from Purchased Flour","Food, Agriculture & Beverage",6,6,59,both,
6,311830,Tortilla Manufacturing,"Food, Agriculture & Beverage",2,2,36,both,
6,311911,Roasted Nuts and Peanut Butter Manufacturing,"Food, Agriculture & Beverage",5873,17,80,both,
6,311919,Other Snack Food Manufacturing,"Food, Agriculture & Beverage",7,2,178,both,
6,311920,Coffee and Tea Manufacturing,"Food, Agriculture & Beverage",16,3,557,both,
6,311930,Flavoring Syrup and Concentrate Manufacturing,"Food, Agriculture & Beverage",0,0,34,both,
6,311941,"Mayonnaise, Dressing, and Other Prepared Sauce Manufacturing","Food, Agriculture & Beverage",2,1,155,both,
6,311942,Spice and Extract Manufacturing,"Food, Agriculture & Beverage",0,0,149,both,
6,311991,Perishable Prepared Food Manufacturing,"Food, Agriculture & Beverage",102297,182,426,both,
6,311999,All Other Miscellaneous Food Manufacturing,"Food, Agriculture & Beverage",8413,191,675,both,
6,312111,Soft Drink Manufacturing,"Food, Agriculture & Beverage",2494,13,395,both,
6,312112,Bottled Water Manufacturing,"Food, Agriculture & Beverage",2370,17,423,both,
6,312113,Ice Manufacturing,"Food, Agriculture & Beverage",41,9,122,both,
6,312120,Breweries,"Food, Agriculture & Beverage",1,1,84,both,
6,312130,Wineries,"Food, Agriculture & Beverage",1,1,144,both,
6,312140,Distilleries,"Food, Agriculture & Beverage",0,0,113,both,
6,312230,Tobacco Manufacturing,"Food, Agriculture & Beverage",1,1,7,both,
6,325311,Nitrogenous Fertilizer Manufacturing,"Food, Agriculture & Beverage",0,0,64,both,
6,325312,Phosphatic Fertilizer Manufacturing,"Food, Agriculture & Beverage",0,0,7,both,
6,325314,Fertilizer (Mixing Only) Manufacturing,"Food, Agriculture & Beverage",6,6,94,both,
6,325315,Compost Manufacturing,"Food, Agriculture & Beverage",0,0,65,both,
6,325320,Pesticide and Other Agricultural Chemical Manufacturing,"Food, Agriculture & Beverage",110,46,234,both,
6,445110,Supermarkets and Other Grocery Retailers (except Convenience Retailers),"Food, Agriculture & Beverage",0,0,404,both,
6,445120,Convenience Stores,"Food, Agriculture & Beverage",0,0,21,data_only,vintage/non-2022 NAICS
6,445131,Convenience Retailers,"Food, Agriculture & Beverage",0,0,60,both,
6,445132,Vending Machine Operators,"Food, Agriculture & Beverage",0,0,372,both,
6,445210,Meat Markets,"Food, Agriculture & Beverage",0,0,23,data_only,vintage/non-2022 NAICS
6,445220,Fish and Seafood Markets,"Food, Agriculture & Beverage",0,0,17,data_only,vintage/non-2022 NAICS
6,445230,Fruit and Vegetable Retailers,"Food, Agriculture & Beverage",1,1,140,both,
6,445240,Meat Retailers,"Food, Agriculture & Beverage",0,0,65,both,
6,445250,Fish and Seafood Retailers,"Food, Agriculture & Beverage",0,0,17,both,
6,445291,Baked Goods Retailers,"Food, Agriculture & Beverage",0,0,75,both,
6,445292,Confectionery and Nut Retailers,"Food, Agriculture & Beverage",0,0,31,both,
6,445298,All Other Specialty Food Retailers,"Food, Agriculture & Beverage",1,1,155,both,
6,445299,All Other Specialty Food Stores,"Food, Agriculture & Beverage",0,0,76,data_only,vintage/non-2022 NAICS
6,445310,"Beer, Wine, and Liquor Stores","Food, Agriculture & Beverage",0,0,11,data_only,vintage/non-2022 NAICS
6,445320,"Beer, Wine, and Liquor Retailers","Food, Agriculture & Beverage",0,0,28,both,
6,722310,Food Service Contractors,"Food, Agriculture & Beverage",460,113,2347,both,ambiguous: Food vs Facilities (food service contractors)
6,722320,Caterers,"Food, Agriculture & Beverage",393,88,2465,both,ambiguous: Food vs Facilities (caterers)
6,722330,Mobile Food Services,"Food, Agriculture & Beverage",1,1,975,both,ambiguous: Food vs Facilities (mobile food services)
6,722410,Drinking Places (Alcoholic Beverages),"Food, Agriculture & Beverage",0,0,197,both,
6,722511,Full-Service Restaurants,"Food, Agriculture & Beverage",1,1,1548,both,ambiguous: Food vs Facilities (full-service restaurants)
6,722513,Limited-Service Restaurants,"Food, Agriculture & Beverage",1,1,866,both,ambiguous: Food vs Facilities (limited-service restaurants)
6,722514,"Cafeterias, Grill Buffets, and Buffets","Food, Agriculture & Beverage",3,3,104,both,ambiguous: Food vs Facilities (cafeterias/buffets)
6,722515,Snack and Nonalcoholic Beverage Bars,"Food, Agriculture & Beverage",0,0,411,both,ambiguous: Food vs Facilities (snack and beverage bars)
5,11111,Soybean Farming,"Food, Agriculture & Beverage",3,3,134,both,
5,11112,Oilseed (except Soybean) Farming,"Food, Agriculture & Beverage",0,0,12,both,
5,11113,Dry Pea and Bean Farming,"Food, Agriculture & Beverage",0,0,19,both,
5,11114,Wheat Farming,"Food, Agriculture & Beverage",1,1,86,both,
5,11115,Corn Farming,"Food, Agriculture & Beverage",4,4,339,both,
5,11116,Rice Farming,"Food, Agriculture & Beverage",0,0,42,both,
5,11119,Other Grain Farming,"Food, Agriculture & Beverage",1,1,246,both,
5,11121,Vegetable and Melon Farming,"Food, Agriculture & Beverage",1,1,603,both,
5,11131,Orange Groves,"Food, Agriculture & Beverage",0,0,21,both,
5,11132,Citrus (except Orange) Groves,"Food, Agriculture & Beverage",0,0,19,both,
5,11133,Noncitrus Fruit and Tree Nut Farming,"Food, Agriculture & Beverage",2,2,510,both,
5,11141,Food Crops Grown Under Cover,"Food, Agriculture & Beverage",0,0,338,both,
5,11142,Nursery and Floriculture Production,"Food, Agriculture & Beverage",11,11,421,both,
5,11191,Tobacco Farming,"Food, Agriculture & Beverage",0,0,6,both,
5,11192,Cotton Farming,"Food, Agriculture & Beverage",0,0,57,both,
5,11193,Sugarcane Farming,"Food, Agriculture & Beverage",0,0,13,both,
5,11194,Hay Farming,"Food, Agriculture & Beverage",16,13,240,both,
5,11199,All Other Crop Farming,"Food, Agriculture & Beverage",3,2,723,both,
5,11211,"Beef Cattle Ranching and Farming, including Feedlots","Food, Agriculture & Beverage",10,7,856,both,
5,11212,Dairy Cattle and Milk Production,"Food, Agriculture & Beverage",9,5,208,both,
5,11213,Dual-Purpose Cattle Ranching and Farming,"Food, Agriculture & Beverage",0,0,111,both,
5,11221,Hog and Pig Farming,"Food, Agriculture & Beverage",1,1,103,both,
5,11231,Chicken Egg Production,"Food, Agriculture & Beverage",3,1,159,both,
5,11232,Broilers and Other Meat Type Chicken Production,"Food, Agriculture & Beverage",3,2,80,both,
5,11233,Turkey Production,"Food, Agriculture & Beverage",0,0,24,both,
5,11234,Poultry Hatcheries,"Food, Agriculture & Beverage",0,0,13,both,
5,11239,Other Poultry Production,"Food, Agriculture & Beverage",0,0,48,both,
5,11241,Sheep Farming,"Food, Agriculture & Beverage",2,2,67,both,
5,11242,Goat Farming,"Food, Agriculture & Beverage",14,4,90,both,
5,11251,Aquaculture,"Food, Agriculture & Beverage",4,4,266,both,
5,11291,Apiculture,"Food, Agriculture & Beverage",0,0,143,both,
5,11292,Horses and Other Equine Production,"Food, Agriculture & Beverage",6,6,171,both,
5,11293,Fur-Bearing Animal and Rabbit Production,"Food, Agriculture & Beverage",1,1,9,both,
5,11299,All Other Animal Production,"Food, Agriculture & Beverage",34,26,275,both,
5,11411,Fishing,"Food, Agriculture & Beverage",225,43,302,both,
5,11421,Hunting and Trapping,"Food, Agriculture & Beverage",13,10,156,both,
5,11511,Support Activities for Crop Production,"Food, Agriculture & Beverage",74,44,1182,both,
5,11521,Support Activities for Animal Production,"Food, Agriculture & Beverage",65,46,342,both,
5,31111,Animal Food Manufacturing,"Food, Agriculture & Beverage",178,26,218,both,
5,31121,Flour Milling and Malt Manufacturing,"Food, Agriculture & Beverage",88,24,100,both,
5,31122,Starch and Vegetable Fats and Oils Manufacturing,"Food, Agriculture & Beverage",38,12,108,both,
5,31123,Breakfast Cereal Manufacturing,"Food, Agriculture & Beverage",13,8,35,both,
5,31131,Sugar Manufacturing,"Food, Agriculture & Beverage",0,0,13,both,
5,31134,Nonchocolate Confectionery Manufacturing,"Food, Agriculture & Beverage",10,2,58,both,
5,31135,Chocolate and Confectionery Manufacturing,"Food, Agriculture & Beverage",1,1,85,both,
5,31141,Frozen Food Manufacturing,"Food, Agriculture & Beverage",82,20,333,both,
5,31142,"Fruit and Vegetable Canning, Pickling, and Drying","Food, Agriculture & Beverage",207,57,408,both,
5,31151,Dairy Product (except Frozen) Manufacturing,"Food, Agriculture & Beverage",719,81,329,both,
5,31152,Ice Cream and Frozen Dessert Manufacturing,"Food, Agriculture & Beverage",0,0,118,both,
5,31161,Animal Slaughtering and Processing,"Food, Agriculture & Beverage",248,60,687,both,
5,31171,Seafood Product Preparation and Packaging,"Food, Agriculture & Beverage",4,4,133,both,
5,31181,Bread and Bakery Product Manufacturing,"Food, Agriculture & Beverage",36296,114,612,both,
5,31182,"Cookie, Cracker, and Pasta Manufacturing","Food, Agriculture & Beverage",7,7,171,both,
5,31183,Tortilla Manufacturing,"Food, Agriculture & Beverage",2,2,36,both,
5,31191,Snack Food Manufacturing,"Food, Agriculture & Beverage",5880,19,258,both,
5,31192,Coffee and Tea Manufacturing,"Food, Agriculture & Beverage",16,3,557,both,
5,31193,Flavoring Syrup and Concentrate Manufacturing,"Food, Agriculture & Beverage",0,0,34,both,
5,31194,Seasoning and Dressing Manufacturing,"Food, Agriculture & Beverage",2,1,304,both,
5,31199,All Other Food Manufacturing,"Food, Agriculture & Beverage",110710,326,1101,both,
5,31211,Soft Drink and Ice Manufacturing,"Food, Agriculture & Beverage",4905,39,940,both,
5,31212,Breweries,"Food, Agriculture & Beverage",1,1,84,both,
5,31213,Wineries,"Food, Agriculture & Beverage",1,1,144,both,
5,31214,Distilleries,"Food, Agriculture & Beverage",0,0,113,both,
5,31223,Tobacco Manufacturing,"Food, Agriculture & Beverage",1,1,7,both,
5,32531,Fertilizer and Compost Manufacturing,"Food, Agriculture & Beverage",6,6,230,both,
5,32532,Pesticide and Other Agricultural Chemical Manufacturing,"Food, Agriculture & Beverage",110,46,234,both,
5,44511,Supermarkets and Other Grocery Retailers (except Convenience Retailers),"Food, Agriculture & Beverage",0,0,404,both,
5,44512,Convenience Stores,"Food, Agriculture & Beverage",0,0,21,data_only,vintage/non-2022 NAICS
5,44513,Convenience Retailers and Vending Machine Operators,"Food, Agriculture & Beverage",0,0,432,both,
5,44521,Meat Markets,"Food, Agriculture & Beverage",0,0,23,data_only,vintage/non-2022 NAICS
5,44522,Fish and Seafood Markets,"Food, Agriculture & Beverage",0,0,17,data_only,vintage/non-2022 NAICS
5,44523,Fruit and Vegetable Retailers,"Food, Agriculture & Beverage",1,1,140,both,
5,44524,Meat Retailers,"Food, Agriculture & Beverage",0,0,65,both,
5,44525,Fish and Seafood Retailers,"Food, Agriculture & Beverage",0,0,17,both,
5,44529,Other Specialty Food Retailers,"Food, Agriculture & Beverage",1,1,337,both,
5,44531,"Beer, Wine, and Liquor Stores","Food, Agriculture & Beverage",0,0,11,data_only,vintage/non-2022 NAICS
5,44532,"Beer, Wine, and Liquor Retailers","Food, Agriculture & Beverage",0,0,28,both,
5,72231,Food Service Contractors,"Food, Agriculture & Beverage",460,113,2347,both,
5,72232,Caterers,"Food, Agriculture & Beverage",393,88,2465,both,
5,72233,Mobile Food Services,"Food, Agriculture & Beverage",1,1,975,both,
5,72241,Drinking Places (Alcoholic Beverages),"Food, Agriculture & Beverage",0,0,197,both,
5,72251,Restaurants and Other Eating Places,"Food, Agriculture & Beverage",5,5,2929,both,
4,1111,Oilseed and Grain Farming,"Food, Agriculture & Beverage",9,9,878,both,
4,1112,Vegetable and Melon Farming,"Food, Agriculture & Beverage",1,1,603,both,
4,1113,Fruit and Tree Nut Farming,"Food, Agriculture & Beverage",2,2,550,both,
4,1114,"Greenhouse, Nursery, and Floriculture Production","Food, Agriculture & Beverage",11,11,759,both,
4,1119,Other Crop Farming,"Food, Agriculture & Beverage",19,15,1039,both,
4,1121,Cattle Ranching and Farming,"Food, Agriculture & Beverage",19,12,1175,both,
4,1122,Hog and Pig Farming,"Food, Agriculture & Beverage",1,1,103,both,
4,1123,Poultry and Egg Production,"Food, Agriculture & Beverage",6,3,324,both,
4,1124,Sheep and Goat Farming,"Food, Agriculture & Beverage",16,6,157,both,
4,1125,Aquaculture,"Food, Agriculture & Beverage",4,4,266,both,
4,1129,Other Animal Production,"Food, Agriculture & Beverage",41,32,598,both,
4,1141,Fishing,"Food, Agriculture & Beverage",225,43,302,both,
4,1142,Hunting and Trapping,"Food, Agriculture & Beverage",13,10,156,both,
4,1151,Support Activities for Crop Production,"Food, Agriculture & Beverage",74,44,1182,both,
4,1152,Support Activities for Animal Production,"Food, Agriculture & Beverage",65,46,342,both,
4,3111,Animal Food Manufacturing,"Food, Agriculture & Beverage",178,26,218,both,
4,3112,Grain and Oilseed Milling,"Food, Agriculture & Beverage",139,41,243,both,
4,3113,Sugar and Confectionery Product Manufacturing,"Food, Agriculture & Beverage",11,3,156,both,
4,3114,Fruit and Vegetable Preserving and Specialty Food Manufacturing,"Food, Agriculture & Beverage",289,74,741,both,
4,3115,Dairy Product Manufacturing,"Food, Agriculture & Beverage",719,81,447,both,
4,3116,Animal Slaughtering and Processing,"Food, Agriculture & Beverage",248,60,687,both,
4,3117,Seafood Product Preparation and Packaging,"Food, Agriculture & Beverage",4,4,133,both,
4,3118,Bakeries and Tortilla Manufacturing,"Food, Agriculture & Beverage",36305,122,819,both,
4,3119,Other Food Manufacturing,"Food, Agriculture & Beverage",116608,341,2254,both,
4,3121,Beverage Manufacturing,"Food, Agriculture & Beverage",4907,40,1281,both,
4,3122,Tobacco Manufacturing,"Food, Agriculture & Beverage",1,1,7,both,
4,3253,"Pesticide, Fertilizer, and Other Agricultural Chemical Manufacturing","Food, Agriculture & Beverage",116,52,464,both,
4,4451,Grocery and Convenience Retailers,"Food, Agriculture & Beverage",0,0,857,both,
4,4452,Specialty Food Retailers,"Food, Agriculture & Beverage",2,2,599,both,
4,4453,"Beer, Wine, and Liquor Retailers","Food, Agriculture & Beverage",0,0,39,both,
4,7223,Special Food Services,"Food, Agriculture & Beverage",854,197,5787,both,
4,7224,Drinking Places (Alcoholic Beverages),"Food, Agriculture & Beverage",0,0,197,both,
4,7225,Restaurants and Other Eating Places,"Food, Agriculture & Beverage",5,5,2929,both,
3,111,Crop Production,"Food, Agriculture & Beverage",42,36,3829,both,
3,112,Animal Production and Aquaculture,"Food, Agriculture & Beverage",87,58,2623,both,
3,114,"Fishing, Hunting and Trapping","Food, Agriculture & Beverage",238,53,458,both,
3,311,Food Manufacturing,"Food, Agriculture & Beverage",154501,615,5698,both,
3,312,Beverage and Tobacco Product Manufacturing,"Food, Agriculture & Beverage",4908,41,1288,both,
3,445,Food and Beverage Retailers,"Food, Agriculture & Beverage",2,2,1495,both,
3,722,Food Services and Drinking Places,"Food, Agriculture & Beverage",859,199,8913,both,
2,31,Manufacturing,"Food, Agriculture & Beverage",167407,1396,12452,both,"MULTI-VERTICAL span: Food, Agriculture & Beverage:159409; Industrial Manufacturing:7998"
6,921110,Executive Offices,Government & Public Administration,7,6,1215,both,
6,921120,Legislative Bodies,Government & Public Administration,3,2,803,both,
6,921130,Public Finance Activities,Government & Public Administration,12,2,235,both,
6,921140,"Executive and Legislative Offices, Combined",Government & Public Administration,1,1,368,both,
6,921150,American Indian and Alaska Native Tribal Governments,Government & Public Administration,7,6,330,both,
6,921190,Other General Government Support,Government & Public Administration,114,43,4987,both,
6,922110,Courts,Government & Public Administration,0,0,131,both,
6,922130,Legal Counsel and Prosecution,Government & Public Administration,14,7,179,both,
6,922150,Parole Offices and Probation Offices,Government & Public Administration,0,0,29,both,
6,923110,Administration of Education Programs,Government & Public Administration,10,6,1405,both,
6,923120,Administration of Public Health Programs,Government & Public Administration,93,61,719,both,
6,923130,"Administration of Human Resource Programs (except Education, Public Health, and Veterans' Affairs Programs)",Government & Public Administration,6,5,133,both,
6,923140,Administration of Veterans' Affairs,Government & Public Administration,0,0,52,both,
6,925110,Administration of Housing Programs,Government & Public Administration,0,0,1062,both,ambiguous: Government vs Real Estate (housing program admin)
6,925120,Administration of Urban Planning and Community and Rural Development,Government & Public Administration,3,2,362,both,ambiguous: Government vs Construction (urban/community development admin)
6,926110,Administration of General Economic Programs,Government & Public Administration,4,1,360,both,
6,926130,"Regulation and Administration of Communications, Electric, Gas, and Other Utilities",Government & Public Administration,35,22,402,both,
6,926140,Regulation of Agricultural Marketing and Commodities,Government & Public Administration,0,0,72,both,
5,92111,Executive Offices,Government & Public Administration,7,6,1215,both,
5,92112,Legislative Bodies,Government & Public Administration,3,2,803,both,
5,92113,Public Finance Activities,Government & Public Administration,12,2,235,both,
5,92114,"Executive and Legislative Offices, Combined",Government & Public Administration,1,1,368,both,
5,92115,American Indian and Alaska Native Tribal Governments,Government & Public Administration,7,6,330,both,
5,92119,Other General Government Support,Government & Public Administration,114,43,4987,both,
5,92219,"Other Justice, Public Order, and Safety Activities",Government & Public Administration,23,14,384,both,
5,92311,Administration of Education Programs,Government & Public Administration,10,6,1405,both,
5,92312,Administration of Public Health Programs,Government & Public Administration,93,61,719,both,
5,92313,"Administration of Human Resource Programs (except Education, Public Health, and Veterans' Affairs Programs)",Government & Public Administration,6,5,133,both,
5,92314,Administration of Veterans' Affairs,Government & Public Administration,0,0,52,both,
5,92511,Administration of Housing Programs,Government & Public Administration,0,0,1062,both,
5,92512,Administration of Urban Planning and Community and Rural Development,Government & Public Administration,3,2,362,both,
5,92611,Administration of General Economic Programs,Government & Public Administration,4,1,360,both,
5,92613,"Regulation and Administration of Communications, Electric, Gas, and Other Utilities",Government & Public Administration,35,22,402,both,
5,92614,Regulation of Agricultural Marketing and Commodities,Government & Public Administration,0,0,72,both,
4,9211,"Executive, Legislative, and Other General Government Support",Government & Public Administration,144,58,7938,both,
4,9221,"Justice, Public Order, and Safety Activities",Government & Public Administration,178,122,4284,both,
4,9231,Administration of Human Resource Programs,Government & Public Administration,109,72,2309,both,
4,9251,"Administration of Housing Programs, Urban Planning, and Community Development",Government & Public Administration,3,2,1424,both,
4,9261,Administration of Economic Programs,Government & Public Administration,55,34,1184,both,
3,921,"Executive, Legislative, and Other General Government Support",Government & Public Administration,144,58,7938,both,
3,922,"Justice, Public Order, and Safety Activities",Government & Public Administration,178,122,4284,both,
3,923,Administration of Human Resource Programs,Government & Public Administration,109,72,2309,both,
3,925,"Administration of Housing Programs, Urban Planning, and Community Development",Government & Public Administration,3,2,1424,both,
3,926,Administration of Economic Programs,Government & Public Administration,55,34,1184,both,
6,325411,Medicinal and Botanical Manufacturing,Healthcare & Life Sciences,14438,41,302,both,
6,325412,Pharmaceutical Preparation Manufacturing,Healthcare & Life Sciences,5164,159,1588,both,
6,325413,In-Vitro Diagnostic Substance Manufacturing,Healthcare & Life Sciences,469,116,542,both,
6,325414,Biological Product (except Diagnostic) Manufacturing,Healthcare & Life Sciences,54,37,491,both,
6,334510,Electromedical and Electrotherapeutic Apparatus Manufacturing,Healthcare & Life Sciences,588,161,1018,both,
6,334516,Analytical Laboratory Instrument Manufacturing,Healthcare & Life Sciences,2743,653,1776,both,ambiguous: Healthcare vs Electronics (analytical lab instruments)
6,334517,Irradiation Apparatus Manufacturing,Healthcare & Life Sciences,524,52,160,both,ambiguous: Healthcare vs Electronics (irradiation/medical imaging apparatus)
6,339111,LABORATORY APPARATUS AND FURNITURE MANUFACTURING,Healthcare & Life Sciences,27,5,0,data_only,vintage/non-2022 NAICS
6,339112,Surgical and Medical Instrument Manufacturing,Healthcare & Life Sciences,3216,468,2349,both,
6,339113,Surgical Appliance and Supplies Manufacturing,Healthcare & Life Sciences,5248,957,4171,both,
6,339114,Dental Equipment and Supplies Manufacturing,Healthcare & Life Sciences,210,59,355,both,
6,339115,Ophthalmic Goods Manufacturing,Healthcare & Life Sciences,1070,34,321,both,
6,339116,Dental Laboratories,Healthcare & Life Sciences,112,16,345,both,
6,423450,"Medical, Dental, and Hospital Equipment and Supplies Merchant Wholesalers",Healthcare & Life Sciences,90119,274,8295,both,ambiguous: Healthcare vs Wholesale (medical equipment distribution)
6,424210,Drugs and Druggists' Sundries Merchant Wholesalers,Healthcare & Life Sciences,34896,19,653,both,ambiguous: Healthcare vs Wholesale (drugs/druggists distribution)
6,446110,Pharmacies and Drug Stores,Healthcare & Life Sciences,3,3,258,data_only,vintage/non-2022 NAICS; ambiguous: Healthcare vs Wholesale (pharmacy retail)
6,446120,"Cosmetics, Beauty Supplies, and Perfume Stores",Healthcare & Life Sciences,0,0,383,data_only,vintage/non-2022 NAICS
6,446130,Optical Goods Stores,Healthcare & Life Sciences,1,1,40,data_only,vintage/non-2022 NAICS
6,446191,Food (Health) Supplement Stores,Healthcare & Life Sciences,0,0,102,data_only,vintage/non-2022 NAICS
6,446199,All Other Health and Personal Care Stores,Healthcare & Life Sciences,0,0,306,data_only,vintage/non-2022 NAICS
6,456110,Pharmacies and Drug Retailers,Healthcare & Life Sciences,11,7,383,both,ambiguous: Healthcare vs Wholesale (pharmacy/drug retail)
6,456120,"Cosmetics, Beauty Supplies, and Perfume Retailers",Healthcare & Life Sciences,2,1,452,both,
6,456130,Optical Goods Retailers,Healthcare & Life Sciences,1,1,101,both,
6,456191,Food (Health) Supplement Retailers,Healthcare & Life Sciences,1,1,141,both,
6,456199,All Other Health and Personal Care Retailers,Healthcare & Life Sciences,67,18,547,both,
6,532283,Home Health Equipment Rental,Healthcare & Life Sciences,47,12,337,both,
6,621111,Offices of Physicians (except Mental Health Specialists),Healthcare & Life Sciences,707,294,5292,both,
6,621112,"Offices of Physicians, Mental Health Specialists",Healthcare & Life Sciences,245,143,1550,both,
6,621210,Offices of Dentists,Healthcare & Life Sciences,37,19,1020,both,
6,621310,Offices of Chiropractors,Healthcare & Life Sciences,0,0,314,both,
6,621320,Offices of Optometrists,Healthcare & Life Sciences,43,9,365,both,
6,621330,Offices of Mental Health Practitioners (except Physicians),Healthcare & Life Sciences,64,39,4649,both,
6,621340,"Offices of Physical, Occupational and Speech Therapists, and Audiologists",Healthcare & Life Sciences,45,32,1557,both,
6,621391,Offices of Podiatrists,Healthcare & Life Sciences,3,3,120,both,
6,621399,Offices of All Other Miscellaneous Health Practitioners,Healthcare & Life Sciences,123,54,3027,both,
6,621410,Family Planning Centers,Healthcare & Life Sciences,193,15,144,both,
6,621420,Outpatient Mental Health and Substance Abuse Centers,Healthcare & Life Sciences,466,75,3455,both,
6,621491,HMO Medical Centers,Healthcare & Life Sciences,2,2,100,both,
6,621492,Kidney Dialysis Centers,Healthcare & Life Sciences,21,10,6594,both,
6,621493,Freestanding Ambulatory Surgical and Emergency Centers,Healthcare & Life Sciences,5,4,241,both,
6,621498,All Other Outpatient Care Centers,Healthcare & Life Sciences,125,48,1037,both,
6,621511,Medical Laboratories,Healthcare & Life Sciences,985,151,1987,both,
6,621512,Diagnostic Imaging Centers,Healthcare & Life Sciences,153,48,492,both,
6,621610,Home Health Care Services,Healthcare & Life Sciences,66,15,6151,both,
6,621910,Ambulance Services,Healthcare & Life Sciences,311,126,1605,both,
6,621991,Blood and Organ Banks,Healthcare & Life Sciences,88,31,171,both,
6,621999,All Other Miscellaneous Ambulatory Health Care Services,Healthcare & Life Sciences,118,82,2249,both,
6,622110,General Medical and Surgical Hospitals,Healthcare & Life Sciences,2671,78,2996,both,
6,622210,Psychiatric and Substance Abuse Hospitals,Healthcare & Life Sciences,1,1,330,both,
6,622310,Specialty (except Psychiatric and Substance Abuse) Hospitals,Healthcare & Life Sciences,2,2,265,both,
6,623110,Nursing Care Facilities (Skilled Nursing Facilities),Healthcare & Life Sciences,432,267,5915,both,
6,623210,Residential Intellectual and Developmental Disability Facilities,Healthcare & Life Sciences,0,0,752,both,
6,623220,Residential Mental Health and Substance Abuse Facilities,Healthcare & Life Sciences,52,42,1349,both,
6,623311,Continuing Care Retirement Communities,Healthcare & Life Sciences,1,1,143,both,
6,623312,Assisted Living Facilities for the Elderly,Healthcare & Life Sciences,0,0,520,both,
6,623990,Other Residential Care Facilities,Healthcare & Life Sciences,511,73,778,both,
6,624110,Child and Youth Services,Healthcare & Life Sciences,17,7,5625,both,
6,624120,Services for the Elderly and Persons with Disabilities,Healthcare & Life Sciences,3,3,5180,both,
6,624190,Other Individual and Family Services,Healthcare & Life Sciences,62,29,7161,both,
6,624210,Community Food Services,Healthcare & Life Sciences,0,0,1487,both,
6,624221,Temporary Shelters,Healthcare & Life Sciences,37,32,1579,both,
6,624229,Other Community Housing Services,Healthcare & Life Sciences,18,18,3278,both,
6,624230,Emergency and Other Relief Services,Healthcare & Life Sciences,93,31,3310,both,
6,624310,Vocational Rehabilitation Services,Healthcare & Life Sciences,58,14,2340,both,
6,624410,Child Care Services,Healthcare & Life Sciences,6,4,4432,both,
5,32541,Pharmaceutical and Medicine Manufacturing,Healthcare & Life Sciences,20125,314,2923,both,
5,33451,"Navigational, Measuring, Electromedical, and Control Instruments Manufacturing",Healthcare & Life Sciences,11780,2351,8149,both,
5,33911,Medical Equipment and Supplies Manufacturing,Healthcare & Life Sciences,9883,1284,7541,both,
5,42345,"Medical, Dental, and Hospital Equipment and Supplies Merchant Wholesalers",Healthcare & Life Sciences,90119,274,8295,both,
5,42421,Drugs and Druggists' Sundries Merchant Wholesalers,Healthcare & Life Sciences,34896,19,653,both,
5,44611,Pharmacies and Drug Stores,Healthcare & Life Sciences,3,3,258,data_only,vintage/non-2022 NAICS
5,44612,"Cosmetics, Beauty Supplies, and Perfume Stores",Healthcare & Life Sciences,0,0,383,data_only,vintage/non-2022 NAICS
5,44613,Optical Goods Stores,Healthcare & Life Sciences,1,1,40,data_only,vintage/non-2022 NAICS
5,44619,Other Health and Personal Care Stores,Healthcare & Life Sciences,0,0,408,data_only,vintage/non-2022 NAICS
5,45611,Pharmacies and Drug Retailers,Healthcare & Life Sciences,11,7,383,both,
5,45612,"Cosmetics, Beauty Supplies, and Perfume Retailers",Healthcare & Life Sciences,2,1,452,both,
5,45613,Optical Goods Retailers,Healthcare & Life Sciences,1,1,101,both,
5,45619,Other Health and Personal Care Retailers,Healthcare & Life Sciences,68,19,688,both,
5,62111,Offices of Physicians,Healthcare & Life Sciences,952,435,6842,both,
5,62121,Offices of Dentists,Healthcare & Life Sciences,37,19,1020,both,
5,62131,Offices of Chiropractors,Healthcare & Life Sciences,0,0,314,both,
5,62132,Offices of Optometrists,Healthcare & Life Sciences,43,9,365,both,
5,62133,Offices of Mental Health Practitioners (except Physicians),Healthcare & Life Sciences,64,39,4649,both,
5,62134,"Offices of Physical, Occupational and Speech Therapists, and Audiologists",Healthcare & Life Sciences,45,32,1557,both,
5,62139,Offices of All Other Health Practitioners,Healthcare & Life Sciences,126,57,3147,both,
5,62141,Family Planning Centers,Healthcare & Life Sciences,193,15,144,both,
5,62142,Outpatient Mental Health and Substance Abuse Centers,Healthcare & Life Sciences,466,75,3455,both,
5,62149,Other Outpatient Care Centers,Healthcare & Life Sciences,153,64,7972,both,
5,62151,Medical and Diagnostic Laboratories,Healthcare & Life Sciences,1138,198,2479,both,
5,62161,Home Health Care Services,Healthcare & Life Sciences,66,15,6151,both,
5,62191,Ambulance Services,Healthcare & Life Sciences,311,126,1605,both,
5,62199,All Other Ambulatory Health Care Services,Healthcare & Life Sciences,206,112,2420,both,
5,62211,General Medical and Surgical Hospitals,Healthcare & Life Sciences,2671,78,2996,both,
5,62221,Psychiatric and Substance Abuse Hospitals,Healthcare & Life Sciences,1,1,330,both,
5,62231,Specialty (except Psychiatric and Substance Abuse) Hospitals,Healthcare & Life Sciences,2,2,265,both,
5,62311,Nursing Care Facilities (Skilled Nursing Facilities),Healthcare & Life Sciences,432,267,5915,both,
5,62321,Residential Intellectual and Developmental Disability Facilities,Healthcare & Life Sciences,0,0,752,both,
5,62322,Residential Mental Health and Substance Abuse Facilities,Healthcare & Life Sciences,52,42,1349,both,
5,62331,Continuing Care Retirement Communities and Assisted Living Facilities for the Elderly,Healthcare & Life Sciences,1,1,663,both,
5,62399,Other Residential Care Facilities,Healthcare & Life Sciences,511,73,778,both,
5,62411,Child and Youth Services,Healthcare & Life Sciences,17,7,5625,both,
5,62412,Services for the Elderly and Persons with Disabilities,Healthcare & Life Sciences,3,3,5180,both,
5,62419,Other Individual and Family Services,Healthcare & Life Sciences,62,29,7161,both,
5,62421,Community Food Services,Healthcare & Life Sciences,0,0,1487,both,
5,62422,Community Housing Services,Healthcare & Life Sciences,55,50,4857,both,
5,62423,Emergency and Other Relief Services,Healthcare & Life Sciences,93,31,3310,both,
5,62431,Vocational Rehabilitation Services,Healthcare & Life Sciences,58,14,2340,both,
5,62441,Child Care Services,Healthcare & Life Sciences,6,4,4432,both,
4,3254,Pharmaceutical and Medicine Manufacturing,Healthcare & Life Sciences,20125,314,2923,both,
4,3345,"Navigational, Measuring, Electromedical, and Control Instruments Manufacturing",Healthcare & Life Sciences,11780,2351,8149,both,
4,3391,Medical Equipment and Supplies Manufacturing,Healthcare & Life Sciences,9883,1284,7541,both,
4,4461,Health and Personal Care Stores,Healthcare & Life Sciences,4,4,1089,data_only,vintage/non-2022 NAICS
4,4561,Health and Personal Care Retailers,Healthcare & Life Sciences,82,28,1624,both,
4,6211,Offices of Physicians,Healthcare & Life Sciences,952,435,6842,both,
4,6212,Offices of Dentists,Healthcare & Life Sciences,37,19,1020,both,
4,6213,Offices of Other Health Practitioners,Healthcare & Life Sciences,278,134,10032,both,
4,6214,Outpatient Care Centers,Healthcare & Life Sciences,812,154,11571,both,
4,6215,Medical and Diagnostic Laboratories,Healthcare & Life Sciences,1138,198,2479,both,
4,6216,Home Health Care Services,Healthcare & Life Sciences,66,15,6151,both,
4,6219,Other Ambulatory Health Care Services,Healthcare & Life Sciences,517,236,4025,both,
4,6221,General Medical and Surgical Hospitals,Healthcare & Life Sciences,2671,78,2996,both,
4,6222,Psychiatric and Substance Abuse Hospitals,Healthcare & Life Sciences,1,1,330,both,
4,6223,Specialty (except Psychiatric and Substance Abuse) Hospitals,Healthcare & Life Sciences,2,2,265,both,
4,6231,Nursing Care Facilities (Skilled Nursing Facilities),Healthcare & Life Sciences,432,267,5915,both,
4,6232,"Residential Intellectual and Developmental Disability, Mental Health, and Substance Abuse Facilities",Healthcare & Life Sciences,52,42,2101,both,
4,6233,Continuing Care Retirement Communities and Assisted Living Facilities for the Elderly,Healthcare & Life Sciences,1,1,663,both,
4,6239,Other Residential Care Facilities,Healthcare & Life Sciences,511,73,778,both,
4,6241,Individual and Family Services,Healthcare & Life Sciences,82,39,17966,both,
4,6242,"Community Food and Housing, and Emergency and Other Relief Services",Healthcare & Life Sciences,148,80,9654,both,
4,6243,Vocational Rehabilitation Services,Healthcare & Life Sciences,58,14,2340,both,
4,6244,Child Care Services,Healthcare & Life Sciences,6,4,4432,both,
3,446,Health and Personal Care Stores,Healthcare & Life Sciences,4,4,1089,data_only,vintage/non-2022 NAICS
3,456,Health and Personal Care Retailers,Healthcare & Life Sciences,82,28,1624,both,
3,621,Ambulatory Health Care Services,Healthcare & Life Sciences,3800,1120,42120,both,
3,622,Hospitals,Healthcare & Life Sciences,2674,81,3591,both,
3,623,Nursing and Residential Care Facilities,Healthcare & Life Sciences,996,383,9457,both,
3,624,Social Assistance,Healthcare & Life Sciences,294,136,34392,both,
2,62,Health Care and Social Assistance,Healthcare & Life Sciences,7764,1664,89560,both,
6,113110,Timber Tract Operations,Industrial Manufacturing,1,1,225,both,
6,113210,Forest Nurseries and Gathering of Forest Products,Industrial Manufacturing,49,25,116,both,
6,113310,Logging,Industrial Manufacturing,6,5,856,both,
6,115310,Support Activities for Forestry,Industrial Manufacturing,3206,956,6047,both,
6,313110,"Fiber, Yarn, and Thread Mills",Industrial Manufacturing,272,23,73,both,
6,313210,Broadwoven Fabric Mills,Industrial Manufacturing,90,34,111,both,
6,313220,Narrow Fabric Mills and Schiffli Machine Embroidery,Industrial Manufacturing,346,6,124,both,
6,313230,Nonwoven Fabric Mills,Industrial Manufacturing,192,13,84,both,
6,313240,Knit Fabric Mills,Industrial Manufacturing,4,4,43,both,
6,313310,Textile and Fabric Finishing Mills,Industrial Manufacturing,48,31,201,both,
6,313320,Fabric Coating Mills,Industrial Manufacturing,90,53,64,both,
6,314110,Carpet and Rug Mills,Industrial Manufacturing,41,25,129,both,
6,314120,Curtain and Linen Mills,Industrial Manufacturing,37,11,162,both,
6,314129,OTHER HOUSEHOLD TEXTILE PRODUCT MILLS,Industrial Manufacturing,28,1,0,data_only,vintage/non-2022 NAICS
6,314910,Textile Bag and Canvas Mills,Industrial Manufacturing,1384,73,525,both,
6,314912,CANVAS AND RELATED PRODUCT MILLS,Industrial Manufacturing,139,3,0,data_only,vintage/non-2022 NAICS
6,314994,"Rope, Cordage, Twine, Tire Cord, and Tire Fabric Mills",Industrial Manufacturing,980,86,120,both,
6,314999,All Other Miscellaneous Textile Product Mills,Industrial Manufacturing,1258,140,643,both,
6,315110,Hosiery and Sock Mills,Industrial Manufacturing,0,0,20,data_only,vintage/non-2022 NAICS
6,315119,OTHER HOSIERY AND SOCK MILLS,Industrial Manufacturing,4,1,0,data_only,vintage/non-2022 NAICS
6,315120,Apparel Knitting Mills,Industrial Manufacturing,39,17,50,both,
6,315190,Other Apparel Knitting Mills,Industrial Manufacturing,0,0,14,data_only,vintage/non-2022 NAICS
6,315210,Cut and Sew Apparel Contractors,Industrial Manufacturing,432,96,968,both,
6,315211,MEN'S AND BOYS' CUT AND SEW APPAREL CONTRACTORS,Industrial Manufacturing,1,1,0,data_only,vintage/non-2022 NAICS
6,315220,Men’s and Boys’ Cut and Sew Apparel Manufacturing,Industrial Manufacturing,281,20,98,data_only,vintage/non-2022 NAICS
6,315234,"WOMEN'S AND GIRLS' CUT AND SEW SUIT, COAT, TAILORED JACKET, AND SKIRT MANUFACTURING",Industrial Manufacturing,3,1,0,data_only,vintage/non-2022 NAICS
6,315240,"Women’s, Girls’, and Infants’ Cut and Sew Apparel Manufacturing",Industrial Manufacturing,15,6,75,data_only,vintage/non-2022 NAICS
6,315250,Cut and Sew Apparel Manufacturing (except Contractors),Industrial Manufacturing,694,51,293,both,
6,315280,Other Cut and Sew Apparel Manufacturing,Industrial Manufacturing,60,5,122,data_only,vintage/non-2022 NAICS
6,315299,ALL OTHER CUT AND SEW APPAREL MANUFACTURING,Industrial Manufacturing,6,2,0,data_only,vintage/non-2022 NAICS
6,315990,Apparel Accessories and Other Apparel Manufacturing,Industrial Manufacturing,1177,226,1203,both,
6,315992,GLOVE AND MITTEN MANUFACTURING,Industrial Manufacturing,83,2,0,data_only,vintage/non-2022 NAICS
6,315999,OTHER APPAREL ACCESSORIES AND OTHER APPAREL MANUFACTURING,Industrial Manufacturing,78,17,0,data_only,vintage/non-2022 NAICS
6,316110,Leather and Hide Tanning and Finishing,Industrial Manufacturing,2,2,19,both,
6,316210,Footwear Manufacturing,Industrial Manufacturing,149,48,176,both,
6,316213,MEN'S FOOTWEAR (EXCEPT ATHLETIC) MANUFACTURING,Industrial Manufacturing,1,1,0,data_only,vintage/non-2022 NAICS
6,316214,WOMEN'S FOOTWEAR (EXCEPT ATHLETIC) MANUFACTURING,Industrial Manufacturing,2,1,0,data_only,vintage/non-2022 NAICS
6,316990,Other Leather and Allied Product Manufacturing,Industrial Manufacturing,29,16,86,both,
6,316992,Women's Handbag and Purse Manufacturing,Industrial Manufacturing,0,0,11,data_only,vintage/non-2022 NAICS
6,316998,All Other Leather Good and Allied Product Manufacturing,Industrial Manufacturing,27,11,52,data_only,vintage/non-2022 NAICS
6,316999,ALL OTHER LEATHER GOOD MANUFACTURING,Industrial Manufacturing,6,1,0,data_only,vintage/non-2022 NAICS
6,321113,Sawmills,Industrial Manufacturing,8,8,231,both,
6,321114,Wood Preservation,Industrial Manufacturing,45,15,61,both,
6,321211,Hardwood Veneer and Plywood Manufacturing,Industrial Manufacturing,3,2,24,both,
6,321212,Softwood Veneer and Plywood Manufacturing,Industrial Manufacturing,167,8,16,both,
6,321213,Engineered Wood Member (except Truss) Manufacturing,Industrial Manufacturing,1,1,12,data_only,vintage/non-2022 NAICS
6,321214,Truss Manufacturing,Industrial Manufacturing,0,0,7,data_only,vintage/non-2022 NAICS
6,321215,Engineered Wood Member Manufacturing,Industrial Manufacturing,14,6,24,both,
6,321219,Reconstituted Wood Product Manufacturing,Industrial Manufacturing,14,5,21,both,
6,321911,Wood Window and Door Manufacturing,Industrial Manufacturing,3,3,75,both,
6,321912,"Cut Stock, Resawing Lumber, and Planing",Industrial Manufacturing,23,15,46,both,
6,321918,Other Millwork (including Flooring),Industrial Manufacturing,7,6,90,both,
6,321920,Wood Container and Pallet Manufacturing,Industrial Manufacturing,55,24,460,both,
6,321991,Manufactured Home (Mobile Home) Manufacturing,Industrial Manufacturing,6,5,147,both,
6,321992,Prefabricated Wood Building Manufacturing,Industrial Manufacturing,18,10,204,both,
6,321999,All Other Miscellaneous Wood Product Manufacturing,Industrial Manufacturing,401,24,405,both,
6,322110,Pulp Mills,Industrial Manufacturing,1,1,8,both,
6,322120,Paper Mills,Industrial Manufacturing,24,10,38,both,
6,322121,Paper (except Newsprint) Mills,Industrial Manufacturing,262,7,35,data_only,vintage/non-2022 NAICS
6,322122,Newsprint Mills,Industrial Manufacturing,0,0,2,data_only,vintage/non-2022 NAICS
6,322130,Paperboard Mills,Industrial Manufacturing,0,0,10,both,
6,322211,Corrugated and Solid Fiber Box Manufacturing,Industrial Manufacturing,960,40,245,both,
6,322212,Folding Paperboard Box Manufacturing,Industrial Manufacturing,5,4,44,both,
6,322219,Other Paperboard Container Manufacturing,Industrial Manufacturing,56,26,52,both,
6,322220,Paper Bag and Coated and Treated Paper Manufacturing,Industrial Manufacturing,102,34,93,both,
6,322230,Stationery Product Manufacturing,Industrial Manufacturing,35483,28,157,both,
6,322291,Sanitary Paper Product Manufacturing,Industrial Manufacturing,151,27,206,both,
6,322299,All Other Converted Paper Product Manufacturing,Industrial Manufacturing,184,13,133,both,
6,323111,Commercial Printing (except Screen and Books),Industrial Manufacturing,356,73,2419,both,
6,323113,Commercial Screen Printing,Industrial Manufacturing,123,3,1238,both,
6,323114,QUICK PRINTING,Industrial Manufacturing,81,3,0,data_only,vintage/non-2022 NAICS
6,323116,MANIFOLD BUSINESS FORMS PRINTING,Industrial Manufacturing,1194,1,0,data_only,vintage/non-2022 NAICS
6,323117,Books Printing,Industrial Manufacturing,158,48,205,both,
6,323119,OTHER COMMERCIAL PRINTING,Industrial Manufacturing,5,3,0,data_only,vintage/non-2022 NAICS
6,323120,Support Activities for Printing,Industrial Manufacturing,4,4,103,both,
6,325110,Petrochemical Manufacturing,Industrial Manufacturing,17,9,33,both,
6,325120,Industrial Gas Manufacturing,Industrial Manufacturing,951,136,352,both,
6,325130,Synthetic Dye and Pigment Manufacturing,Industrial Manufacturing,1,1,22,both,
6,325180,Other Basic Inorganic Chemical Manufacturing,Industrial Manufacturing,63,43,314,both,
6,325193,Ethyl Alcohol Manufacturing,Industrial Manufacturing,0,0,56,both,
6,325194,"Cyclic Crude, Intermediate, and Gum and Wood Chemical Manufacturing",Industrial Manufacturing,0,0,9,both,
6,325199,All Other Basic Organic Chemical Manufacturing,Industrial Manufacturing,57,34,404,both,
6,325211,Plastics Material and Resin Manufacturing,Industrial Manufacturing,111,55,367,both,
6,325212,Synthetic Rubber Manufacturing,Industrial Manufacturing,19,16,78,both,
6,325220,Artificial and Synthetic Fibers and Filaments Manufacturing,Industrial Manufacturing,4,4,57,both,
6,325510,Paint and Coating Manufacturing,Industrial Manufacturing,2220,53,568,both,
6,325520,Adhesive Manufacturing,Industrial Manufacturing,13224,51,166,both,
6,325611,Soap and Other Detergent Manufacturing,Industrial Manufacturing,4111,36,689,both,
6,325612,Polish and Other Sanitation Good Manufacturing,Industrial Manufacturing,671,30,249,both,
6,325613,Surface Active Agent Manufacturing,Industrial Manufacturing,0,0,38,both,
6,325620,Toilet Preparation Manufacturing,Industrial Manufacturing,33,13,438,both,
6,325910,Printing Ink Manufacturing,Industrial Manufacturing,49,10,74,both,
6,325920,Explosives Manufacturing,Industrial Manufacturing,58,35,115,both,
6,325991,Custom Compounding of Purchased Resins,Industrial Manufacturing,17,13,59,both,
6,325992,"Photographic Film, Paper, Plate, Chemical, and Copy Toner Manufacturing",Industrial Manufacturing,173,36,85,both,
6,325998,All Other Miscellaneous Chemical Product and Preparation Manufacturing,Industrial Manufacturing,940,173,906,both,
6,326111,Plastics Bag and Pouch Manufacturing,Industrial Manufacturing,9389,39,214,both,
6,326112,Plastics Packaging Film and Sheet (including Laminated) Manufacturing,Industrial Manufacturing,319,13,126,both,
6,326113,Unlaminated Plastics Film and Sheet (except Packaging) Manufacturing,Industrial Manufacturing,36,20,99,both,
6,326121,Unlaminated Plastics Profile Shape Manufacturing,Industrial Manufacturing,21,9,77,both,
6,326122,Plastics Pipe and Pipe Fitting Manufacturing,Industrial Manufacturing,1018,220,131,both,
6,326130,"Laminated Plastics Plate, Sheet (except Packaging), and Shape Manufacturing",Industrial Manufacturing,19,14,126,both,
6,326140,Polystyrene Foam Product Manufacturing,Industrial Manufacturing,4463,26,71,both,
6,326150,Urethane and Other Foam Product (except Polystyrene) Manufacturing,Industrial Manufacturing,740,23,250,both,
6,326160,Plastics Bottle Manufacturing,Industrial Manufacturing,7,6,32,both,
6,326191,Plastics Plumbing Fixture Manufacturing,Industrial Manufacturing,52,31,53,both,
6,326199,All Other Plastics Product Manufacturing,Industrial Manufacturing,1238,125,1619,both,
6,326211,Tire Manufacturing (except Retreading),Industrial Manufacturing,175,50,35,both,
6,326212,Tire Retreading,Industrial Manufacturing,0,0,11,both,
6,326220,Rubber and Plastics Hoses and Belting Manufacturing,Industrial Manufacturing,1093,268,173,both,
6,326291,Rubber Product Manufacturing for Mechanical Use,Industrial Manufacturing,54,33,184,both,
6,326299,All Other Rubber Product Manufacturing,Industrial Manufacturing,480,104,276,both,
6,327110,"Pottery, Ceramics, and Plumbing Fixture Manufacturing",Industrial Manufacturing,72,46,111,both,
6,327120,Clay Building Material and Refractories Manufacturing,Industrial Manufacturing,11,8,44,both,
6,327211,Flat Glass Manufacturing,Industrial Manufacturing,2,2,27,both,
6,327212,Other Pressed and Blown Glass and Glassware Manufacturing,Industrial Manufacturing,11,10,47,both,
6,327213,Glass Container Manufacturing,Industrial Manufacturing,7,4,6,both,
6,327215,Glass Product Manufacturing Made of Purchased Glass,Industrial Manufacturing,29,23,247,both,
6,327310,Cement Manufacturing,Industrial Manufacturing,3,3,49,both,
6,327320,Ready-Mix Concrete Manufacturing,Industrial Manufacturing,5,5,327,both,
6,327331,Concrete Block and Brick Manufacturing,Industrial Manufacturing,6,5,68,both,
6,327332,Concrete Pipe Manufacturing,Industrial Manufacturing,0,0,13,both,
6,327390,Other Concrete Product Manufacturing,Industrial Manufacturing,23,17,334,both,
6,327410,Lime Manufacturing,Industrial Manufacturing,0,0,19,both,
6,327420,Gypsum Product Manufacturing,Industrial Manufacturing,0,0,9,both,
6,327910,Abrasive Product Manufacturing,Industrial Manufacturing,139,20,150,both,
6,327991,Cut Stone and Stone Product Manufacturing,Industrial Manufacturing,18,9,172,both,
6,327992,Ground or Treated Mineral and Earth Manufacturing,Industrial Manufacturing,32,17,37,both,
6,327993,Mineral Wool Manufacturing,Industrial Manufacturing,5,4,31,both,
6,327999,All Other Miscellaneous Nonmetallic Mineral Product Manufacturing,Industrial Manufacturing,183,90,66,both,
6,331110,Iron and Steel Mills and Ferroalloy Manufacturing,Industrial Manufacturing,211,40,154,both,
6,331210,Iron and Steel Pipe and Tube Manufacturing from Purchased Steel,Industrial Manufacturing,250,107,225,both,
6,331221,Rolled Steel Shape Manufacturing,Industrial Manufacturing,180,53,77,both,
6,331222,Steel Wire Drawing,Industrial Manufacturing,66,20,35,both,
6,331313,Alumina Refining and Primary Aluminum Production,Industrial Manufacturing,95,25,32,both,
6,331314,Secondary Smelting and Alloying of Aluminum,Industrial Manufacturing,2,1,19,both,
6,331315,"Aluminum Sheet, Plate, and Foil Manufacturing",Industrial Manufacturing,380,34,46,both,
6,331318,"Other Aluminum Rolling, Drawing, and Extruding",Industrial Manufacturing,231,64,62,both,
6,331410,Nonferrous Metal (except Aluminum) Smelting and Refining,Industrial Manufacturing,26,6,81,both,
6,331420,"Copper Rolling, Drawing, Extruding, and Alloying",Industrial Manufacturing,191,94,61,both,
6,331491,"Nonferrous Metal (except Copper and Aluminum) Rolling, Drawing, and Extruding",Industrial Manufacturing,224,62,112,both,
6,331492,"Secondary Smelting, Refining, and Alloying of Nonferrous Metal (except Copper and Aluminum)",Industrial Manufacturing,10,8,78,both,
6,331511,Iron Foundries,Industrial Manufacturing,5,5,58,both,
6,331512,Steel Investment Foundries,Industrial Manufacturing,12,9,53,both,
6,331513,Steel Foundries (except Investment),Industrial Manufacturing,1,1,59,both,
6,331523,Nonferrous Metal Die-Casting Foundries,Industrial Manufacturing,11,11,64,both,
6,331524,Aluminum Foundries (except Die-Casting),Industrial Manufacturing,0,0,99,both,
6,331529,Other Nonferrous Metal Foundries (except Die-Casting),Industrial Manufacturing,38,30,81,both,
6,332111,Iron and Steel Forging,Industrial Manufacturing,238,81,136,both,
6,332112,Nonferrous Forging,Industrial Manufacturing,631,236,51,both,
6,332114,Custom Roll Forming,Industrial Manufacturing,0,0,28,both,
6,332117,Powder Metallurgy Part Manufacturing,Industrial Manufacturing,11,9,102,both,
6,332119,"Metal Crown, Closure, and Other Metal Stamping (except Automotive)",Industrial Manufacturing,495,199,158,both,
6,332212,HAND AND EDGE TOOL MANUFACTURING,Industrial Manufacturing,1,1,0,data_only,vintage/non-2022 NAICS
6,332215,"Metal Kitchen Cookware, Utensil, Cutlery, and Flatware (except Precious) Manufacturing",Industrial Manufacturing,280,27,105,both,
6,332216,Saw Blade and Handtool Manufacturing,Industrial Manufacturing,39621,254,192,both,
6,332311,Prefabricated Metal Building and Component Manufacturing,Industrial Manufacturing,121,75,683,both,
6,332312,Fabricated Structural Metal Manufacturing,Industrial Manufacturing,150,110,1552,both,
6,332313,Plate Work Manufacturing,Industrial Manufacturing,93,54,344,both,
6,332321,Metal Window and Door Manufacturing,Industrial Manufacturing,154,87,348,both,
6,332322,Sheet Metal Work Manufacturing,Industrial Manufacturing,76,48,1227,both,
6,332323,Ornamental and Architectural Metal Work Manufacturing,Industrial Manufacturing,34,30,507,both,
6,332410,Power Boiler and Heat Exchanger Manufacturing,Industrial Manufacturing,121,63,201,both,
6,332420,Metal Tank (Heavy Gauge) Manufacturing,Industrial Manufacturing,49,42,284,both,
6,332431,Metal Can Manufacturing,Industrial Manufacturing,3,2,15,both,
6,332439,Other Metal Container Manufacturing,Industrial Manufacturing,1098,170,304,both,
6,332510,Hardware Manufacturing,Industrial Manufacturing,23414,1136,691,both,
6,332613,Spring Manufacturing,Industrial Manufacturing,649,191,122,both,
6,332618,Other Fabricated Wire Product Manufacturing,Industrial Manufacturing,942,287,362,both,
6,332710,Machine Shops,Industrial Manufacturing,202,133,7160,both,
6,332721,Precision Turned Product Manufacturing,Industrial Manufacturing,387,100,876,both,
6,332722,"Bolt, Nut, Screw, Rivet, and Washer Manufacturing",Industrial Manufacturing,19878,900,585,both,
6,332811,Metal Heat Treating,Industrial Manufacturing,0,0,245,both,
6,332812,"Metal Coating, Engraving (except Jewelry and Silverware), and Allied Services to Manufacturers",Industrial Manufacturing,25,15,691,both,
6,332813,"Electroplating, Plating, Polishing, Anodizing, and Coloring",Industrial Manufacturing,34,14,515,both,
6,332911,Industrial Valve Manufacturing,Industrial Manufacturing,3253,426,303,both,
6,332912,Fluid Power Valve and Hose Fitting Manufacturing,Industrial Manufacturing,717,220,264,both,
6,332913,Plumbing Fixture Fitting and Trim Manufacturing,Industrial Manufacturing,126,61,118,both,
6,332919,Other Metal Valve and Pipe Fitting Manufacturing,Industrial Manufacturing,1337,341,109,both,
6,332991,Ball and Roller Bearing Manufacturing,Industrial Manufacturing,6210,426,148,both,
6,332996,Fabricated Pipe and Pipe Fitting Manufacturing,Industrial Manufacturing,2105,444,240,both,
6,332999,All Other Miscellaneous Fabricated Metal Product Manufacturing,Industrial Manufacturing,4258,608,2217,both,
6,333111,Farm Machinery and Equipment Manufacturing,Industrial Manufacturing,81,55,398,both,
6,333112,Lawn and Garden Tractor and Home Lawn and Garden Equipment Manufacturing,Industrial Manufacturing,70,37,199,both,
6,333120,Construction Machinery Manufacturing,Industrial Manufacturing,1349,123,470,both,
6,333131,Mining Machinery and Equipment Manufacturing,Industrial Manufacturing,6,5,93,both,
6,333132,Oil and Gas Field Machinery and Equipment Manufacturing,Industrial Manufacturing,11,5,123,both,
6,333241,Food Product Machinery Manufacturing,Industrial Manufacturing,1020,81,178,both,
6,333242,Semiconductor Machinery Manufacturing,Industrial Manufacturing,14,12,293,both,ambiguous: Industrial vs Electronics (semiconductor machinery)
6,333243,"Sawmill, Woodworking, and Paper Machinery Manufacturing",Industrial Manufacturing,15,10,61,both,
6,333244,Printing Machinery and Equipment Manufacturing,Industrial Manufacturing,55,9,53,data_only,vintage/non-2022 NAICS
6,333248,All Other Industrial Machinery Manufacturing,Industrial Manufacturing,164,86,663,both,
6,333249,Other Industrial Machinery Manufacturing,Industrial Manufacturing,2,1,229,data_only,vintage/non-2022 NAICS
6,333293,PRINTING MACHINERY AND EQUIPMENT MANUFACTURING,Industrial Manufacturing,1,1,0,data_only,vintage/non-2022 NAICS
6,333298,ALL OTHER INDUSTRIAL MACHINERY MANUFACTURING,Industrial Manufacturing,271,4,0,data_only,vintage/non-2022 NAICS
6,333310,Commercial and Service Industry Machinery Manufacturing,Industrial Manufacturing,1794,483,780,both,
6,333313,OFFICE MACHINERY MANUFACTURING,Industrial Manufacturing,54,6,0,data_only,vintage/non-2022 NAICS
6,333314,Optical Instrument and Lens Manufacturing,Industrial Manufacturing,55,31,202,data_only,vintage/non-2022 NAICS
6,333315,PHOTOGRAPHIC AND PHOTOCOPYING EQUIPMENT MANUFACTURING,Industrial Manufacturing,24,2,0,data_only,vintage/non-2022 NAICS
6,333316,Photographic and Photocopying Equipment Manufacturing,Industrial Manufacturing,3854,18,59,data_only,vintage/non-2022 NAICS
6,333318,Other Commercial and Service Industry Machinery Manufacturing,Industrial Manufacturing,1071,32,251,data_only,vintage/non-2022 NAICS
6,333319,OTHER COMMERCIAL AND SERVICE INDUSTRY MACHINERY MANUFACTURING,Industrial Manufacturing,17,6,0,data_only,vintage/non-2022 NAICS
6,333411,AIR PURIFICATION EQUIPMENT MANUFACTURING,Industrial Manufacturing,1,1,0,data_only,vintage/non-2022 NAICS
6,333413,Industrial and Commercial Fan and Blower and Air Purification Equipment Manufacturing,Industrial Manufacturing,459,158,565,both,
6,333414,Heating Equipment (except Warm Air Furnaces) Manufacturing,Industrial Manufacturing,285,121,172,both,
6,333415,Air-Conditioning and Warm Air Heating Equipment and Commercial and Industrial Refrigeration Equipment Manufacturing,Industrial Manufacturing,747,330,898,both,
6,333511,Industrial Mold Manufacturing,Industrial Manufacturing,3,3,152,both,
6,333514,"Special Die and Tool, Die Set, Jig, and Fixture Manufacturing",Industrial Manufacturing,1993,12,350,both,
6,333515,Cutting Tool and Machine Tool Accessory Manufacturing,Industrial Manufacturing,321,105,325,both,
6,333517,Machine Tool Manufacturing,Industrial Manufacturing,135,82,628,both,
6,333519,Rolling Mill and Other Metalworking Machinery Manufacturing,Industrial Manufacturing,55,30,61,both,
6,333611,Turbine and Turbine Generator Set Units Manufacturing,Industrial Manufacturing,252,98,168,both,
6,333612,"Speed Changer, Industrial High-Speed Drive, and Gear Manufacturing",Industrial Manufacturing,559,221,139,both,
6,333613,Mechanical Power Transmission Equipment Manufacturing,Industrial Manufacturing,1811,472,145,both,
6,333618,Other Engine Equipment Manufacturing,Industrial Manufacturing,6409,352,208,both,
6,333911,PUMP AND PUMPING EQUIPMENT MANUFACTURING,Industrial Manufacturing,6,2,0,data_only,vintage/non-2022 NAICS
6,333912,Air and Gas Compressor Manufacturing,Industrial Manufacturing,563,200,238,both,
6,333913,MEASURING AND DISPENSING PUMP MANUFACTURING,Industrial Manufacturing,4,2,0,data_only,vintage/non-2022 NAICS
6,333914,"Measuring, Dispensing, and Other Pumping Equipment Manufacturing",Industrial Manufacturing,669,273,271,both,
6,333921,Elevator and Moving Stairway Manufacturing,Industrial Manufacturing,107,56,265,both,
6,333922,Conveyor and Conveying Equipment Manufacturing,Industrial Manufacturing,30,24,228,both,
6,333923,"Overhead Traveling Crane, Hoist, and Monorail System Manufacturing",Industrial Manufacturing,263,137,355,both,
6,333924,"Industrial Truck, Tractor, Trailer, and Stacker Machinery Manufacturing",Industrial Manufacturing,215,131,305,both,
6,333991,Power-Driven Handtool Manufacturing,Industrial Manufacturing,55,38,108,both,
6,333992,Welding and Soldering Equipment Manufacturing,Industrial Manufacturing,191,88,406,both,
6,333993,Packaging Machinery Manufacturing,Industrial Manufacturing,601,8,136,both,
6,333994,Industrial Process Furnace and Oven Manufacturing,Industrial Manufacturing,45,29,194,both,
6,333995,Fluid Power Cylinder and Actuator Manufacturing,Industrial Manufacturing,71,50,133,both,
6,333996,Fluid Power Pump and Motor Manufacturing,Industrial Manufacturing,612,197,204,both,
6,333997,Scale and Balance Manufacturing,Industrial Manufacturing,88,10,32,data_only,vintage/non-2022 NAICS; ambiguous: Industrial vs Electronics (scale and balance mfg)
6,333998,All Other Miscellaneous General Purpose Machinery Manufacturing,Industrial Manufacturing,2434,430,352,both,
6,333999,All Other Miscellaneous General Purpose Machinery Manufacturing,Industrial Manufacturing,268,24,218,data_only,vintage/non-2022 NAICS
6,334614,"Software and Other Prerecorded Compact Disc, Tape, and Record Reproducing",Industrial Manufacturing,4,2,97,data_only,vintage/non-2022 NAICS
6,335110,Electric Lamp Bulb and Part Manufacturing,Industrial Manufacturing,26,9,51,data_only,vintage/non-2022 NAICS
6,335121,Residential Electric Lighting Fixture Manufacturing,Industrial Manufacturing,12,4,33,data_only,vintage/non-2022 NAICS
6,335122,"Commercial, Industrial, and Institutional Electric Lighting Fixture Manufacturing",Industrial Manufacturing,12,4,219,data_only,vintage/non-2022 NAICS
6,335129,Other Lighting Equipment Manufacturing,Industrial Manufacturing,378,8,97,data_only,vintage/non-2022 NAICS
6,335131,Residential Electric Lighting Fixture Manufacturing,Industrial Manufacturing,89,45,46,both,
6,335132,"Commercial, Industrial, and Institutional Electric Lighting Fixture Manufacturing",Industrial Manufacturing,125,74,255,both,
6,335139,Electric Lamp Bulb and Other Lighting Equipment Manufacturing,Industrial Manufacturing,393,144,195,both,
6,335210,Small Electrical Appliance Manufacturing,Industrial Manufacturing,123,15,87,both,
6,335220,Major Household Appliance Manufacturing,Industrial Manufacturing,41,25,77,both,
6,335222,HOUSEHOLD REFRIGERATOR AND HOME FREEZER MANUFACTURING,Industrial Manufacturing,18,1,0,data_only,vintage/non-2022 NAICS
6,335311,"Power, Distribution, and Specialty Transformer Manufacturing",Industrial Manufacturing,1016,352,393,both,
6,335312,Motor and Generator Manufacturing,Industrial Manufacturing,705,286,432,both,
6,335313,Switchgear and Switchboard Apparatus Manufacturing,Industrial Manufacturing,1091,287,216,both,
6,335314,Relay and Industrial Control Manufacturing,Industrial Manufacturing,826,240,222,both,
6,335910,Battery Manufacturing,Industrial Manufacturing,1634,170,483,both,
6,335911,Storage Battery Manufacturing,Industrial Manufacturing,795,24,129,data_only,vintage/non-2022 NAICS
6,335912,Primary Battery Manufacturing,Industrial Manufacturing,2258,9,39,data_only,vintage/non-2022 NAICS
6,335921,Fiber Optic Cable Manufacturing,Industrial Manufacturing,102,47,199,both,
6,335929,Other Communication and Energy Wire Manufacturing,Industrial Manufacturing,141,60,179,both,
6,335931,Current-Carrying Wiring Device Manufacturing,Industrial Manufacturing,1805,467,288,both,
6,335932,Noncurrent-Carrying Wiring Device Manufacturing,Industrial Manufacturing,629,133,36,both,
6,335991,Carbon and Graphite Product Manufacturing,Industrial Manufacturing,29,21,254,both,
6,335999,All Other Miscellaneous Electrical Equipment and Component Manufacturing,Industrial Manufacturing,2782,614,1268,both,
6,336110,Automobile and Light Duty Motor Vehicle Manufacturing,Industrial Manufacturing,2666,60,132,both,
6,336111,Automobile Manufacturing,Industrial Manufacturing,13664,7,41,data_only,vintage/non-2022 NAICS
6,336112,Light Truck and Utility Vehicle Manufacturing,Industrial Manufacturing,345,20,43,data_only,vintage/non-2022 NAICS
6,336120,Heavy Duty Truck Manufacturing,Industrial Manufacturing,469,33,166,both,
6,336211,Motor Vehicle Body Manufacturing,Industrial Manufacturing,1141,164,328,both,
6,336212,Truck Trailer Manufacturing,Industrial Manufacturing,217,72,384,both,
6,336213,Motor Home Manufacturing,Industrial Manufacturing,4,4,17,both,
6,336214,Travel Trailer and Camper Manufacturing,Industrial Manufacturing,310,34,120,both,
6,336310,Motor Vehicle Gasoline Engine and Engine Parts Manufacturing,Industrial Manufacturing,864,278,88,both,
6,336320,Motor Vehicle Electrical and Electronic Equipment Manufacturing,Industrial Manufacturing,606,230,287,both,
6,336322,OTHER MOTOR VEHICLE ELECTRICAL AND ELECTRONIC EQUIPMENT MANUFACTURING,Industrial Manufacturing,4,1,0,data_only,vintage/non-2022 NAICS
6,336330,Motor Vehicle Steering and Suspension Components (except Spring) Manufacturing,Industrial Manufacturing,404,120,68,both,
6,336340,Motor Vehicle Brake System Manufacturing,Industrial Manufacturing,251,93,33,both,
6,336350,Motor Vehicle Transmission and Power Train Parts Manufacturing,Industrial Manufacturing,527,157,114,both,
6,336360,Motor Vehicle Seating and Interior Trim Manufacturing,Industrial Manufacturing,411,133,78,both,
6,336370,Motor Vehicle Metal Stamping,Industrial Manufacturing,62,35,67,both,
6,336390,Other Motor Vehicle Parts Manufacturing,Industrial Manufacturing,1479,369,293,both,
6,336510,Railroad Rolling Stock Manufacturing,Industrial Manufacturing,4,4,99,both,
6,336611,Ship Building and Repairing,Industrial Manufacturing,2311,702,1306,both,ambiguous: Industrial vs Aerospace & Defense (naval shipbuilding)
6,336612,Boat Building,Industrial Manufacturing,202,104,384,both,ambiguous: Industrial vs Aerospace & Defense (boat building)
6,336991,"Motorcycle, Bicycle, and Parts Manufacturing",Industrial Manufacturing,40,19,129,both,
6,336999,All Other Transportation Equipment Manufacturing,Industrial Manufacturing,115,69,292,both,
6,337110,Wood Kitchen Cabinet and Countertop Manufacturing,Industrial Manufacturing,0,0,338,both,
6,337121,Upholstered Household Furniture Manufacturing,Industrial Manufacturing,15,11,129,both,
6,337122,Nonupholstered Wood Household Furniture Manufacturing,Industrial Manufacturing,252,31,167,both,
6,337124,Metal Household Furniture Manufacturing,Industrial Manufacturing,0,0,24,data_only,vintage/non-2022 NAICS
6,337125,Household Furniture (except Wood and Metal) Manufacturing,Industrial Manufacturing,1,1,14,data_only,vintage/non-2022 NAICS
6,337126,Household Furniture (except Wood and Upholstered) Manufacturing,Industrial Manufacturing,26,7,26,both,
6,337127,Institutional Furniture Manufacturing,Industrial Manufacturing,73,46,399,both,
6,337211,Wood Office Furniture Manufacturing,Industrial Manufacturing,1305,62,283,both,
6,337212,Custom Architectural Woodwork and Millwork Manufacturing,Industrial Manufacturing,8,7,404,both,
6,337214,Office Furniture (except Wood) Manufacturing,Industrial Manufacturing,11348,221,675,both,
6,337215,"Showcase, Partition, Shelving, and Locker Manufacturing",Industrial Manufacturing,320,68,294,both,
6,337910,Mattress Manufacturing,Industrial Manufacturing,49,11,147,both,
6,337920,Blind and Shade Manufacturing,Industrial Manufacturing,14,9,173,both,
6,339910,Jewelry and Silverware Manufacturing,Industrial Manufacturing,68,16,134,both,
6,339920,Sporting and Athletic Goods Manufacturing,Industrial Manufacturing,484,95,877,both,
6,339930,"Doll, Toy, and Game Manufacturing",Industrial Manufacturing,8,5,157,both,
6,339940,Office Supplies (except Paper) Manufacturing,Industrial Manufacturing,43296,109,533,both,
6,339944,CARBON PAPER AND INKED RIBBON MANUFACTURING,Industrial Manufacturing,41,7,0,data_only,vintage/non-2022 NAICS
6,339950,Sign Manufacturing,Industrial Manufacturing,327,82,1895,both,
6,339991,"Gasket, Packing, and Sealing Device Manufacturing",Industrial Manufacturing,4305,578,354,both,
6,339992,Musical Instrument Manufacturing,Industrial Manufacturing,12,7,90,both,
6,339993,"Fastener, Button, Needle, and Pin Manufacturing",Industrial Manufacturing,31,17,61,both,
6,339994,"Broom, Brush, and Mop Manufacturing",Industrial Manufacturing,847,20,72,both,
6,339995,Burial Casket Manufacturing,Industrial Manufacturing,3,3,12,both,
6,339999,All Other Miscellaneous Manufacturing,Industrial Manufacturing,7024,416,2345,both,
5,11311,Timber Tract Operations,Industrial Manufacturing,1,1,225,both,
5,11321,Forest Nurseries and Gathering of Forest Products,Industrial Manufacturing,49,25,116,both,
5,11331,Logging,Industrial Manufacturing,6,5,856,both,
5,11531,Support Activities for Forestry,Industrial Manufacturing,3206,956,6047,both,
5,31311,"Fiber, Yarn, and Thread Mills",Industrial Manufacturing,272,23,73,both,
5,31321,Broadwoven Fabric Mills,Industrial Manufacturing,90,34,111,both,
5,31322,Narrow Fabric Mills and Schiffli Machine Embroidery,Industrial Manufacturing,346,6,124,both,
5,31323,Nonwoven Fabric Mills,Industrial Manufacturing,192,13,84,both,
5,31324,Knit Fabric Mills,Industrial Manufacturing,4,4,43,both,
5,31331,Textile and Fabric Finishing Mills,Industrial Manufacturing,48,31,201,both,
5,31332,Fabric Coating Mills,Industrial Manufacturing,90,53,64,both,
5,31411,Carpet and Rug Mills,Industrial Manufacturing,41,25,129,both,
5,31412,Curtain and Linen Mills,Industrial Manufacturing,65,12,162,both,
5,31491,Textile Bag and Canvas Mills,Industrial Manufacturing,1523,75,525,both,
5,31499,All Other Textile Product Mills,Industrial Manufacturing,2238,215,763,both,
5,31511,Hosiery and Sock Mills,Industrial Manufacturing,4,1,20,data_only,vintage/non-2022 NAICS
5,31512,Apparel Knitting Mills,Industrial Manufacturing,39,17,50,both,
5,31519,Other Apparel Knitting Mills,Industrial Manufacturing,0,0,14,data_only,vintage/non-2022 NAICS
5,31521,Cut and Sew Apparel Contractors,Industrial Manufacturing,433,96,968,both,
5,31522,Men’s and Boys’ Cut and Sew Apparel Manufacturing,Industrial Manufacturing,281,20,98,data_only,vintage/non-2022 NAICS
5,31523,Cut and Sew Apparel Manufacturing (vintage/legacy member),Industrial Manufacturing,3,1,0,data_only,vintage/non-2022 NAICS
5,31524,"Women’s, Girls’, and Infants’ Cut and Sew Apparel Manufacturing",Industrial Manufacturing,15,6,75,data_only,vintage/non-2022 NAICS
5,31525,Cut and Sew Apparel Manufacturing (except Contractors),Industrial Manufacturing,694,51,293,both,
5,31528,Other Cut and Sew Apparel Manufacturing,Industrial Manufacturing,60,5,122,data_only,vintage/non-2022 NAICS
5,31529,Cut and Sew Apparel Manufacturing (vintage/legacy member),Industrial Manufacturing,6,2,0,data_only,vintage/non-2022 NAICS
5,31599,Apparel Accessories and Other Apparel Manufacturing,Industrial Manufacturing,1338,241,1203,both,
5,31611,Leather and Hide Tanning and Finishing,Industrial Manufacturing,2,2,19,both,
5,31621,Footwear Manufacturing,Industrial Manufacturing,152,50,176,both,
5,31699,Other Leather and Allied Product Manufacturing,Industrial Manufacturing,62,27,149,both,
5,32111,Sawmills and Wood Preservation,Industrial Manufacturing,53,23,292,both,
5,32121,"Veneer, Plywood, and Engineered Wood Product Manufacturing",Industrial Manufacturing,199,18,104,both,
5,32191,Millwork,Industrial Manufacturing,33,23,211,both,
5,32192,Wood Container and Pallet Manufacturing,Industrial Manufacturing,55,24,460,both,
5,32199,All Other Wood Product Manufacturing,Industrial Manufacturing,425,38,756,both,
5,32211,Pulp Mills,Industrial Manufacturing,1,1,8,both,
5,32212,Paper Mills,Industrial Manufacturing,286,16,75,both,
5,32213,Paperboard Mills,Industrial Manufacturing,0,0,10,both,
5,32221,Paperboard Container Manufacturing,Industrial Manufacturing,1021,68,341,both,
5,32222,Paper Bag and Coated and Treated Paper Manufacturing,Industrial Manufacturing,102,34,93,both,
5,32223,Stationery Product Manufacturing,Industrial Manufacturing,35483,28,157,both,
5,32229,Other Converted Paper Product Manufacturing,Industrial Manufacturing,335,39,339,both,
5,32311,Printing,Industrial Manufacturing,1917,111,3862,both,
5,32312,Support Activities for Printing,Industrial Manufacturing,4,4,103,both,
5,32511,Petrochemical Manufacturing,Industrial Manufacturing,17,9,33,both,
5,32512,Industrial Gas Manufacturing,Industrial Manufacturing,951,136,352,both,
5,32513,Synthetic Dye and Pigment Manufacturing,Industrial Manufacturing,1,1,22,both,
5,32518,Other Basic Inorganic Chemical Manufacturing,Industrial Manufacturing,63,43,314,both,
5,32519,Other Basic Organic Chemical Manufacturing,Industrial Manufacturing,57,34,469,both,
5,32521,Resin and Synthetic Rubber Manufacturing,Industrial Manufacturing,130,67,445,both,
5,32522,Artificial and Synthetic Fibers and Filaments Manufacturing,Industrial Manufacturing,4,4,57,both,
5,32551,Paint and Coating Manufacturing,Industrial Manufacturing,2220,53,568,both,
5,32552,Adhesive Manufacturing,Industrial Manufacturing,13224,51,166,both,
5,32561,Soap and Cleaning Compound Manufacturing,Industrial Manufacturing,4782,60,976,both,
5,32562,Toilet Preparation Manufacturing,Industrial Manufacturing,33,13,438,both,
5,32591,Printing Ink Manufacturing,Industrial Manufacturing,49,10,74,both,
5,32592,Explosives Manufacturing,Industrial Manufacturing,58,35,115,both,
5,32599,All Other Chemical Product and Preparation Manufacturing,Industrial Manufacturing,1130,216,1050,both,
5,32611,Plastics Packaging Materials and Unlaminated Film and Sheet Manufacturing,Industrial Manufacturing,9744,68,439,both,
5,32612,"Plastics Pipe, Pipe Fitting, and Unlaminated Profile Shape Manufacturing",Industrial Manufacturing,1039,224,208,both,
5,32613,"Laminated Plastics Plate, Sheet (except Packaging), and Shape Manufacturing",Industrial Manufacturing,19,14,126,both,
5,32614,Polystyrene Foam Product Manufacturing,Industrial Manufacturing,4463,26,71,both,
5,32615,Urethane and Other Foam Product (except Polystyrene) Manufacturing,Industrial Manufacturing,740,23,250,both,
5,32616,Plastics Bottle Manufacturing,Industrial Manufacturing,7,6,32,both,
5,32619,Other Plastics Product Manufacturing,Industrial Manufacturing,1290,149,1672,both,
5,32621,Tire Manufacturing,Industrial Manufacturing,175,50,46,both,
5,32622,Rubber and Plastics Hoses and Belting Manufacturing,Industrial Manufacturing,1093,268,173,both,
5,32629,Other Rubber Product Manufacturing,Industrial Manufacturing,534,126,460,both,
5,32711,"Pottery, Ceramics, and Plumbing Fixture Manufacturing",Industrial Manufacturing,72,46,111,both,
5,32712,Clay Building Material and Refractories Manufacturing,Industrial Manufacturing,11,8,44,both,
5,32721,Glass and Glass Product Manufacturing,Industrial Manufacturing,49,36,327,both,
5,32731,Cement Manufacturing,Industrial Manufacturing,3,3,49,both,
5,32732,Ready-Mix Concrete Manufacturing,Industrial Manufacturing,5,5,327,both,
5,32733,"Concrete Pipe, Brick, and Block Manufacturing",Industrial Manufacturing,6,5,81,both,
5,32739,Other Concrete Product Manufacturing,Industrial Manufacturing,23,17,334,both,
5,32741,Lime Manufacturing,Industrial Manufacturing,0,0,19,both,
5,32742,Gypsum Product Manufacturing,Industrial Manufacturing,0,0,9,both,
5,32791,Abrasive Product Manufacturing,Industrial Manufacturing,139,20,150,both,
5,32799,All Other Nonmetallic Mineral Product Manufacturing,Industrial Manufacturing,238,119,306,both,
5,33111,Iron and Steel Mills and Ferroalloy Manufacturing,Industrial Manufacturing,211,40,154,both,
5,33121,Iron and Steel Pipe and Tube Manufacturing from Purchased Steel,Industrial Manufacturing,250,107,225,both,
5,33122,Rolling and Drawing of Purchased Steel,Industrial Manufacturing,246,70,112,both,
5,33131,Alumina and Aluminum Production and Processing,Industrial Manufacturing,708,119,159,both,
5,33141,Nonferrous Metal (except Aluminum) Smelting and Refining,Industrial Manufacturing,26,6,81,both,
5,33142,"Copper Rolling, Drawing, Extruding, and Alloying",Industrial Manufacturing,191,94,61,both,
5,33149,"Nonferrous Metal (except Copper and Aluminum) Rolling, Drawing, Extruding, and Alloying",Industrial Manufacturing,234,70,190,both,
5,33151,Ferrous Metal Foundries,Industrial Manufacturing,18,15,170,both,
5,33152,Nonferrous Metal Foundries,Industrial Manufacturing,49,40,244,both,
5,33211,Forging and Stamping,Industrial Manufacturing,1375,421,475,both,
5,33221,Cutlery and Handtool Manufacturing,Industrial Manufacturing,39902,280,297,both,
5,33231,Plate Work and Fabricated Structural Product Manufacturing,Industrial Manufacturing,364,228,2579,both,
5,33232,Ornamental and Architectural Metal Products Manufacturing,Industrial Manufacturing,264,150,2082,both,
5,33241,Power Boiler and Heat Exchanger Manufacturing,Industrial Manufacturing,121,63,201,both,
5,33242,Metal Tank (Heavy Gauge) Manufacturing,Industrial Manufacturing,49,42,284,both,
5,33243,"Metal Can, Box, and Other Metal Container (Light Gauge) Manufacturing",Industrial Manufacturing,1101,172,319,both,
5,33251,Hardware Manufacturing,Industrial Manufacturing,23414,1136,691,both,
5,33261,Spring and Wire Product Manufacturing,Industrial Manufacturing,1591,405,484,both,
5,33271,Machine Shops,Industrial Manufacturing,202,133,7160,both,
5,33272,"Turned Product and Screw, Nut, and Bolt Manufacturing",Industrial Manufacturing,20265,923,1461,both,
5,33281,"Coating, Engraving, Heat Treating, and Allied Activities",Industrial Manufacturing,59,28,1451,both,
5,33291,Metal Valve Manufacturing,Industrial Manufacturing,5433,670,794,both,
5,33311,Agricultural Implement Manufacturing,Industrial Manufacturing,151,85,597,both,
5,33312,Construction Machinery Manufacturing,Industrial Manufacturing,1349,123,470,both,
5,33313,Mining and Oil and Gas Field Machinery Manufacturing,Industrial Manufacturing,17,10,216,both,
5,33324,Industrial Machinery Manufacturing,Industrial Manufacturing,1270,187,1477,both,
5,33329,Industrial Machinery Manufacturing (vintage/legacy member),Industrial Manufacturing,272,5,0,data_only,vintage/non-2022 NAICS
5,33331,Commercial and Service Industry Machinery Manufacturing,Industrial Manufacturing,6869,554,1292,both,
5,33341,"Ventilation, Heating, Air-Conditioning, and Commercial Refrigeration Equipment Manufacturing",Industrial Manufacturing,1492,499,1635,both,
5,33351,Metalworking Machinery Manufacturing,Industrial Manufacturing,2507,204,1516,both,
5,33361,"Engine, Turbine, and Power Transmission Equipment Manufacturing",Industrial Manufacturing,9031,772,660,both,
5,33391,Pump and Compressor Manufacturing,Industrial Manufacturing,1242,410,509,both,
5,33392,Material Handling Equipment Manufacturing,Industrial Manufacturing,615,312,1153,both,
5,33399,All Other General Purpose Machinery Manufacturing,Industrial Manufacturing,4365,670,1783,both,
5,33511,Electric Lamp Bulb and Part Manufacturing,Industrial Manufacturing,26,9,51,data_only,vintage/non-2022 NAICS
5,33512,Lighting Fixture Manufacturing,Industrial Manufacturing,402,14,349,data_only,vintage/non-2022 NAICS
5,33513,Electric Lighting Equipment Manufacturing,Industrial Manufacturing,607,196,496,both,
5,33521,Small Electrical Appliance Manufacturing,Industrial Manufacturing,123,15,87,both,
5,33522,Major Household Appliance Manufacturing,Industrial Manufacturing,59,25,77,both,
5,33531,Electrical Equipment Manufacturing,Industrial Manufacturing,3638,786,1263,both,
5,33591,Battery Manufacturing,Industrial Manufacturing,4687,189,651,both,
5,33592,Communication and Energy Wire and Cable Manufacturing,Industrial Manufacturing,243,102,378,both,
5,33593,Wiring Device Manufacturing,Industrial Manufacturing,2434,526,324,both,
5,33599,All Other Electrical Equipment and Component Manufacturing,Industrial Manufacturing,2811,627,1522,both,
5,33611,Automobile and Light Duty Motor Vehicle Manufacturing,Industrial Manufacturing,16675,85,216,both,
5,33612,Heavy Duty Truck Manufacturing,Industrial Manufacturing,469,33,166,both,
5,33621,Motor Vehicle Body and Trailer Manufacturing,Industrial Manufacturing,1672,255,849,both,
5,33631,Motor Vehicle Gasoline Engine and Engine Parts Manufacturing,Industrial Manufacturing,864,278,88,both,
5,33632,Motor Vehicle Electrical and Electronic Equipment Manufacturing,Industrial Manufacturing,610,231,287,both,
5,33633,Motor Vehicle Steering and Suspension Components (except Spring) Manufacturing,Industrial Manufacturing,404,120,68,both,
5,33634,Motor Vehicle Brake System Manufacturing,Industrial Manufacturing,251,93,33,both,
5,33635,Motor Vehicle Transmission and Power Train Parts Manufacturing,Industrial Manufacturing,527,157,114,both,
5,33636,Motor Vehicle Seating and Interior Trim Manufacturing,Industrial Manufacturing,411,133,78,both,
5,33637,Motor Vehicle Metal Stamping,Industrial Manufacturing,62,35,67,both,
5,33639,Other Motor Vehicle Parts Manufacturing,Industrial Manufacturing,1479,369,293,both,
5,33651,Railroad Rolling Stock Manufacturing,Industrial Manufacturing,4,4,99,both,
5,33661,Ship and Boat Building,Industrial Manufacturing,2513,770,1690,both,
5,33699,Other Transportation Equipment Manufacturing,Industrial Manufacturing,699,272,806,both,
5,33711,Wood Kitchen Cabinet and Countertop Manufacturing,Industrial Manufacturing,0,0,338,both,
5,33712,Household and Institutional Furniture Manufacturing,Industrial Manufacturing,367,91,759,both,
5,33721,Office Furniture (including Fixtures) Manufacturing,Industrial Manufacturing,12981,325,1656,both,
5,33791,Mattress Manufacturing,Industrial Manufacturing,49,11,147,both,
5,33792,Blind and Shade Manufacturing,Industrial Manufacturing,14,9,173,both,
5,33991,Jewelry and Silverware Manufacturing,Industrial Manufacturing,68,16,134,both,
5,33992,Sporting and Athletic Goods Manufacturing,Industrial Manufacturing,484,95,877,both,
5,33993,"Doll, Toy, and Game Manufacturing",Industrial Manufacturing,8,5,157,both,
5,33994,Office Supplies (except Paper) Manufacturing,Industrial Manufacturing,43337,115,533,both,
5,33995,Sign Manufacturing,Industrial Manufacturing,327,82,1895,both,
5,33999,All Other Miscellaneous Manufacturing,Industrial Manufacturing,12222,961,2934,both,
4,1131,Timber Tract Operations,Industrial Manufacturing,1,1,225,both,
4,1132,Forest Nurseries and Gathering of Forest Products,Industrial Manufacturing,49,25,116,both,
4,1133,Logging,Industrial Manufacturing,6,5,856,both,
4,1153,Support Activities for Forestry,Industrial Manufacturing,3206,956,6047,both,
4,3131,"Fiber, Yarn, and Thread Mills",Industrial Manufacturing,272,23,73,both,
4,3132,Fabric Mills,Industrial Manufacturing,632,53,362,both,
4,3133,Textile and Fabric Finishing and Fabric Coating Mills,Industrial Manufacturing,138,82,265,both,
4,3141,Textile Furnishings Mills,Industrial Manufacturing,106,37,291,both,
4,3149,Other Textile Product Mills,Industrial Manufacturing,3761,279,1288,both,
4,3151,Apparel Knitting Mills,Industrial Manufacturing,43,18,84,both,
4,3152,Cut and Sew Apparel Manufacturing,Industrial Manufacturing,1492,136,1556,both,
4,3159,Apparel Accessories and Other Apparel Manufacturing,Industrial Manufacturing,1338,241,1203,both,
4,3161,Leather and Hide Tanning and Finishing,Industrial Manufacturing,2,2,19,both,
4,3162,Footwear Manufacturing,Industrial Manufacturing,152,50,176,both,
4,3169,Other Leather and Allied Product Manufacturing,Industrial Manufacturing,62,27,149,both,
4,3211,Sawmills and Wood Preservation,Industrial Manufacturing,53,23,292,both,
4,3212,"Veneer, Plywood, and Engineered Wood Product Manufacturing",Industrial Manufacturing,199,18,104,both,
4,3219,Other Wood Product Manufacturing,Industrial Manufacturing,513,83,1427,both,
4,3221,"Pulp, Paper, and Paperboard Mills",Industrial Manufacturing,287,17,93,both,
4,3222,Converted Paper Product Manufacturing,Industrial Manufacturing,36941,149,930,both,
4,3231,Printing and Related Support Activities,Industrial Manufacturing,1921,115,3965,both,
4,3251,Basic Chemical Manufacturing,Industrial Manufacturing,1089,217,1190,both,
4,3252,"Resin, Synthetic Rubber, and Artificial and Synthetic Fibers and Filaments Manufacturing",Industrial Manufacturing,134,71,502,both,
4,3255,"Paint, Coating, and Adhesive Manufacturing",Industrial Manufacturing,15444,94,734,both,
4,3256,"Soap, Cleaning Compound, and Toilet Preparation Manufacturing",Industrial Manufacturing,4815,70,1414,both,
4,3259,Other Chemical Product and Preparation Manufacturing,Industrial Manufacturing,1237,258,1239,both,
4,3261,Plastics Product Manufacturing,Industrial Manufacturing,17302,432,2798,both,
4,3262,Rubber Product Manufacturing,Industrial Manufacturing,1802,384,679,both,
4,3271,Clay Product and Refractory Manufacturing,Industrial Manufacturing,83,52,155,both,
4,3272,Glass and Glass Product Manufacturing,Industrial Manufacturing,49,36,327,both,
4,3273,Cement and Concrete Product Manufacturing,Industrial Manufacturing,37,29,791,both,
4,3274,Lime and Gypsum Product Manufacturing,Industrial Manufacturing,0,0,28,both,
4,3279,Other Nonmetallic Mineral Product Manufacturing,Industrial Manufacturing,377,139,456,both,
4,3311,Iron and Steel Mills and Ferroalloy Manufacturing,Industrial Manufacturing,211,40,154,both,
4,3312,Steel Product Manufacturing from Purchased Steel,Industrial Manufacturing,496,164,337,both,
4,3313,Alumina and Aluminum Production and Processing,Industrial Manufacturing,708,119,159,both,
4,3314,Nonferrous Metal (except Aluminum) Production and Processing,Industrial Manufacturing,451,156,332,both,
4,3315,Foundries,Industrial Manufacturing,67,54,414,both,
4,3321,Forging and Stamping,Industrial Manufacturing,1375,421,475,both,
4,3322,Cutlery and Handtool Manufacturing,Industrial Manufacturing,39902,280,297,both,
4,3323,Architectural and Structural Metals Manufacturing,Industrial Manufacturing,628,352,4661,both,
4,3324,"Boiler, Tank, and Shipping Container Manufacturing",Industrial Manufacturing,1271,261,804,both,
4,3325,Hardware Manufacturing,Industrial Manufacturing,23414,1136,691,both,
4,3326,Spring and Wire Product Manufacturing,Industrial Manufacturing,1591,405,484,both,
4,3327,"Machine Shops; Turned Product; and Screw, Nut, and Bolt Manufacturing",Industrial Manufacturing,20467,1001,8621,both,
4,3328,"Coating, Engraving, Heat Treating, and Allied Activities",Industrial Manufacturing,59,28,1451,both,
4,3329,Other Fabricated Metal Product Manufacturing,Industrial Manufacturing,21567,1684,5272,both,
4,3331,"Agriculture, Construction, and Mining Machinery Manufacturing",Industrial Manufacturing,1517,199,1283,both,
4,3332,Industrial Machinery Manufacturing,Industrial Manufacturing,1542,192,1477,both,
4,3333,Commercial and Service Industry Machinery Manufacturing,Industrial Manufacturing,6869,554,1292,both,
4,3334,"Ventilation, Heating, Air-Conditioning, and Commercial Refrigeration Equipment Manufacturing",Industrial Manufacturing,1492,499,1635,both,
4,3335,Metalworking Machinery Manufacturing,Industrial Manufacturing,2507,204,1516,both,
4,3336,"Engine, Turbine, and Power Transmission Equipment Manufacturing",Industrial Manufacturing,9031,772,660,both,
4,3339,Other General Purpose Machinery Manufacturing,Industrial Manufacturing,6222,1105,3445,both,
4,3351,Electric Lighting Equipment Manufacturing,Industrial Manufacturing,1035,206,896,both,
4,3352,Household Appliance Manufacturing,Industrial Manufacturing,182,39,164,both,
4,3353,Electrical Equipment Manufacturing,Industrial Manufacturing,3638,786,1263,both,
4,3359,Other Electrical Equipment and Component Manufacturing,Industrial Manufacturing,10175,1074,2875,both,
4,3361,Motor Vehicle Manufacturing,Industrial Manufacturing,17144,115,382,both,
4,3362,Motor Vehicle Body and Trailer Manufacturing,Industrial Manufacturing,1672,255,849,both,
4,3363,Motor Vehicle Parts Manufacturing,Industrial Manufacturing,4608,781,1028,both,
4,3365,Railroad Rolling Stock Manufacturing,Industrial Manufacturing,4,4,99,both,
4,3366,Ship and Boat Building,Industrial Manufacturing,2513,770,1690,both,
4,3369,Other Transportation Equipment Manufacturing,Industrial Manufacturing,699,272,806,both,
4,3371,Household and Institutional Furniture and Kitchen Cabinet Manufacturing,Industrial Manufacturing,367,91,1097,both,
4,3372,Office Furniture (including Fixtures) Manufacturing,Industrial Manufacturing,12981,325,1656,both,
4,3379,Other Furniture Related Product Manufacturing,Industrial Manufacturing,63,20,320,both,
4,3399,Other Miscellaneous Manufacturing,Industrial Manufacturing,56446,1229,6530,both,
3,113,Forestry and Logging,Industrial Manufacturing,56,31,1197,both,
3,115,Support Activities for Agriculture and Forestry,Industrial Manufacturing,3345,1039,7571,both,"MULTI-VERTICAL span: Industrial Manufacturing:3206; Food, Agriculture & Beverage:139"
3,313,Textile Mills,Industrial Manufacturing,1042,145,700,both,
3,314,Textile Product Mills,Industrial Manufacturing,3867,313,1579,both,
3,315,Apparel Manufacturing,Industrial Manufacturing,2873,346,2843,both,
3,316,Leather and Allied Product Manufacturing,Industrial Manufacturing,216,78,344,both,
3,321,Wood Product Manufacturing,Industrial Manufacturing,765,119,1823,both,
3,322,Paper Manufacturing,Industrial Manufacturing,37228,162,1023,both,
3,323,Printing and Related Support Activities,Industrial Manufacturing,1921,115,3965,both,
3,325,Chemical Manufacturing,Industrial Manufacturing,42960,966,8466,both,"MULTI-VERTICAL span: Industrial Manufacturing:22719; Healthcare & Life Sciences:20125; Food, Agriculture & Beverage:116"
3,326,Plastics and Rubber Products Manufacturing,Industrial Manufacturing,19104,682,3477,both,
3,327,Nonmetallic Mineral Product Manufacturing,Industrial Manufacturing,546,235,1757,both,
3,331,Primary Metal Manufacturing,Industrial Manufacturing,1933,405,1396,both,
3,332,Fabricated Metal Product Manufacturing,Industrial Manufacturing,110274,3031,22756,both,
3,333,Machinery Manufacturing,Industrial Manufacturing,29180,2513,11308,both,
3,335,"Electrical Equipment, Appliance, and Component Manufacturing",Industrial Manufacturing,15030,1586,5198,both,
3,336,Transportation Equipment Manufacturing,Industrial Manufacturing,48360,4136,10275,both,MULTI-VERTICAL span: Industrial Manufacturing:26640; Aerospace & Defense:21720
3,337,Furniture and Related Product Manufacturing,Industrial Manufacturing,13411,407,3073,both,
3,339,Miscellaneous Manufacturing,Industrial Manufacturing,66329,2433,14071,both,MULTI-VERTICAL span: Industrial Manufacturing:56446; Healthcare & Life Sciences:9883
2,11,"Agriculture, Forestry, Fishing and Hunting",Industrial Manufacturing,3768,1210,15678,both,"MULTI-VERTICAL span: Industrial Manufacturing:3262; Food, Agriculture & Beverage:506"
2,32,Manufacturing,Industrial Manufacturing,168868,2263,21417,both,"MULTI-VERTICAL span: Industrial Manufacturing:82283; Energy & Utilities:66344; Healthcare & Life Sciences:20125; Food, Agriculture & Beverage:116"
2,33,Manufacturing,Industrial Manufacturing,313296,11979,85976,both,MULTI-VERTICAL span: Industrial Manufacturing:252914; Aerospace & Defense:21720; Healthcare & Life Sciences:21663; Electronics & Instruments:16999
6,423430,Computer and Computer Peripheral Equipment and Software Merchant Wholesalers,Information Technology & Software,109,63,3167,both,ambiguous: IT vs Wholesale (computer/software distribution)
6,443120,COMPUTER AND SOFTWARE STORES,Information Technology & Software,446,13,0,data_only,vintage/non-2022 NAICS; ambiguous: IT vs Wholesale (computer/software retail)
6,443141,Household Appliance Stores,Information Technology & Software,0,0,35,data_only,vintage/non-2022 NAICS
6,443142,Electronics Stores,Information Technology & Software,0,0,213,data_only,vintage/non-2022 NAICS
6,449210,Electronics and Appliance Retailers,Information Technology & Software,16,13,454,both,ambiguous: IT vs Wholesale (electronics/appliance retail)
6,511210,Software Publishers,Information Technology & Software,2571,199,2523,data_only,vintage/non-2022 NAICS
6,513210,Software Publishers,Information Technology & Software,1131,618,6236,both,
6,518111,INTERNET SERVICE PROVIDERS,Information Technology & Software,17,5,0,data_only,vintage/non-2022 NAICS
6,518210,"Computing Infrastructure Providers, Data Processing, Web Hosting, and Related Services",Information Technology & Software,1130,491,5116,both,
6,541511,Custom Computer Programming Services,Information Technology & Software,3076,1064,22606,both,
6,541512,Computer Systems Design Services,Information Technology & Software,11112,2342,15992,both,
6,541513,Computer Facilities Management Services,Information Technology & Software,707,262,1635,both,
6,541519,Other Computer Related Services,Information Technology & Software,12086,1539,10460,both,
5,42343,Computer and Computer Peripheral Equipment and Software Merchant Wholesalers,Information Technology & Software,109,63,3167,both,
5,44312,Electronics and Appliance Stores (vintage/legacy member),Information Technology & Software,446,13,0,data_only,vintage/non-2022 NAICS
5,44314,Electronics and Appliance Stores,Information Technology & Software,0,0,248,data_only,vintage/non-2022 NAICS
5,44921,Electronics and Appliance Retailers,Information Technology & Software,16,13,454,both,
5,51121,Software Publishers,Information Technology & Software,2571,199,2523,data_only,vintage/non-2022 NAICS
5,51321,Software Publishers,Information Technology & Software,1131,618,6236,both,
5,51811,"Computing Infrastructure Providers, Data Processing, Web Hosting, and Related Services (vintage/legacy member)",Information Technology & Software,17,5,0,data_only,vintage/non-2022 NAICS
5,51821,"Computing Infrastructure Providers, Data Processing, Web Hosting, and Related Services",Information Technology & Software,1130,491,5116,both,
5,51911,News Syndicates,Information Technology & Software,13,3,21,data_only,vintage/non-2022 NAICS
5,54151,Computer Systems Design and Related Services,Information Technology & Software,26981,4233,50693,both,
4,4431,Electronics and Appliance Stores,Information Technology & Software,446,13,248,data_only,vintage/non-2022 NAICS
4,4492,Electronics and Appliance Retailers,Information Technology & Software,16,13,454,both,
4,5112,Software Publishers,Information Technology & Software,2571,199,2523,data_only,vintage/non-2022 NAICS
4,5132,Software Publishers,Information Technology & Software,1131,618,6236,both,
4,5181,"Computing Infrastructure Providers, Data Processing, Web Hosting, and Related Services (vintage/legacy member)",Information Technology & Software,17,5,0,data_only,vintage/non-2022 NAICS
4,5182,"Computing Infrastructure Providers, Data Processing, Web Hosting, and Related Services",Information Technology & Software,1130,491,5116,both,
4,5415,Computer Systems Design and Related Services,Information Technology & Software,26981,4233,50693,both,
3,443,Electronics and Appliance Stores,Information Technology & Software,446,13,248,data_only,vintage/non-2022 NAICS
3,511,Publishing Industries (except Internet),Information Technology & Software,2713,235,3089,data_only,vintage/non-2022 NAICS | MULTI-VERTICAL span: Information Technology & Software:2571; Media & Publishing:142
3,513,Publishing Industries,Information Technology & Software,1281,696,7189,both,MULTI-VERTICAL span: Information Technology & Software:1131; Media & Publishing:150
3,518,"Computing Infrastructure Providers, Data Processing, Web Hosting, and Related Services",Information Technology & Software,1147,496,5116,both,
3,541,"Professional, Scientific, and Technical Services",Information Technology & Software,68081,14938,246192,both,MULTI-VERTICAL span: Information Technology & Software:26981; Professional & Management Services:17601; Engineering & Architecture:12217; Research & Development:11282
2,54,"Professional, Scientific, and Technical Services",Information Technology & Software,68081,14938,246192,both,MULTI-VERTICAL span: Information Technology & Software:26981; Professional & Management Services:17601; Engineering & Architecture:12217; Research & Development:11282
6,424920,"Book, Periodical, and Newspaper Merchant Wholesalers",Media & Publishing,18,11,190,both,
6,451211,Book Stores,Media & Publishing,0,0,46,data_only,vintage/non-2022 NAICS
6,451212,News Dealers and Newsstands,Media & Publishing,0,0,3,data_only,vintage/non-2022 NAICS
6,511110,Newspaper Publishers,Media & Publishing,1,1,147,data_only,vintage/non-2022 NAICS
6,511120,Periodical Publishers,Media & Publishing,34,10,106,data_only,vintage/non-2022 NAICS
6,511130,Book Publishers,Media & Publishing,53,11,209,data_only,vintage/non-2022 NAICS
6,511140,Directory and Mailing List Publishers,Media & Publishing,2,2,13,data_only,vintage/non-2022 NAICS
6,511191,Greeting Card Publishers,Media & Publishing,0,0,8,data_only,vintage/non-2022 NAICS
6,511199,All Other Publishers,Media & Publishing,52,14,83,data_only,vintage/non-2022 NAICS
6,512110,Motion Picture and Video Production,Media & Publishing,79,27,3994,both,
6,512120,Motion Picture and Video Distribution,Media & Publishing,5,3,73,both,
6,512131,Motion Picture Theaters (except Drive-Ins),Media & Publishing,0,0,136,both,
6,512132,Drive-In Motion Picture Theaters,Media & Publishing,0,0,5,both,
6,512191,Teleproduction and Other Postproduction Services,Media & Publishing,6,5,339,both,
6,512199,Other Motion Picture and Video Industries,Media & Publishing,4,3,143,both,
6,512230,Music Publishers,Media & Publishing,5,3,76,both,
6,512240,Sound Recording Studios,Media & Publishing,0,0,216,both,
6,512250,Record Production and Distribution,Media & Publishing,3,3,84,both,
6,512290,Other Sound Recording Industries,Media & Publishing,2,2,147,both,
6,513110,Newspaper Publishers,Media & Publishing,17,11,147,both,
6,513120,Periodical Publishers,Media & Publishing,74,54,199,both,
6,513130,Book Publishers,Media & Publishing,42,27,452,both,
6,513140,Directory and Mailing List Publishers,Media & Publishing,0,0,18,both,
6,513191,Greeting Card Publishers,Media & Publishing,0,0,3,both,
6,513199,All Other Publishers,Media & Publishing,17,11,134,both,
6,515111,Radio Networks,Media & Publishing,1,1,42,data_only,vintage/non-2022 NAICS
6,515112,Radio Stations,Media & Publishing,0,0,69,data_only,vintage/non-2022 NAICS
6,515120,Television Broadcasting,Media & Publishing,4,3,114,data_only,vintage/non-2022 NAICS
6,515210,Cable and Other Subscription Programming,Media & Publishing,8,8,48,data_only,vintage/non-2022 NAICS
6,516110,Radio Broadcasting Stations,Media & Publishing,6,5,200,both,
6,516120,Television Broadcasting Stations,Media & Publishing,20,15,176,both,
6,516210,"Media Streaming Distribution Services, Social Networks, and Other Media Networks and Content Providers",Media & Publishing,50,36,429,both,
6,519110,News Syndicates,Media & Publishing,13,3,21,data_only,vintage/non-2022 NAICS
6,519120,Libraries and Archives,Media & Publishing,17,9,106,data_only,vintage/non-2022 NAICS
6,519130,Internet Publishing and Broadcasting and Web Search Portals,Media & Publishing,101,39,387,data_only,vintage/non-2022 NAICS
6,519190,All Other Information Services,Media & Publishing,37,15,430,data_only,vintage/non-2022 NAICS
6,519210,Libraries and Archives,Media & Publishing,30,24,509,both,
6,519290,Web Search Portals and All Other Information Services,Media & Publishing,351,136,565,both,
6,711110,Theater Companies and Dinner Theaters,Media & Publishing,0,0,680,both,
6,711120,Dance Companies,Media & Publishing,0,0,287,both,
6,711130,Musical Groups and Artists,Media & Publishing,16,10,1160,both,
6,711190,Other Performing Arts Companies,Media & Publishing,1,1,597,both,
6,711211,Sports Teams and Clubs,Media & Publishing,1,1,256,both,
6,711212,Racetracks,Media & Publishing,0,0,14,both,
6,711219,Other Spectator Sports,Media & Publishing,26,9,130,both,
6,711310,"Promoters of Performing Arts, Sports, and Similar Events with Facilities",Media & Publishing,52,14,955,both,
6,711320,"Promoters of Performing Arts, Sports, and Similar Events without Facilities",Media & Publishing,11,10,1348,both,
6,711410,"Agents and Managers for Artists, Athletes, Entertainers, and Other Public Figures",Media & Publishing,0,0,645,both,
6,711510,"Independent Artists, Writers, and Performers",Media & Publishing,78,51,3750,both,
6,712110,Museums,Media & Publishing,36,30,2289,both,
6,712120,Historical Sites,Media & Publishing,9,5,421,both,
6,712130,Zoos and Botanical Gardens,Media & Publishing,4,3,138,both,
6,712190,Nature Parks and Other Similar Institutions,Media & Publishing,2,2,218,both,
5,42492,"Book, Periodical, and Newspaper Merchant Wholesalers",Media & Publishing,18,11,190,both,
5,45121,Book Stores and News Dealers,Media & Publishing,0,0,49,data_only,vintage/non-2022 NAICS
5,51111,Newspaper Publishers,Media & Publishing,1,1,147,data_only,vintage/non-2022 NAICS
5,51112,Periodical Publishers,Media & Publishing,34,10,106,data_only,vintage/non-2022 NAICS
5,51113,Book Publishers,Media & Publishing,53,11,209,data_only,vintage/non-2022 NAICS
5,51114,Directory and Mailing List Publishers,Media & Publishing,2,2,13,data_only,vintage/non-2022 NAICS
5,51119,Other Publishers,Media & Publishing,52,14,91,data_only,vintage/non-2022 NAICS
5,51211,Motion Picture and Video Production,Media & Publishing,79,27,3994,both,
5,51212,Motion Picture and Video Distribution,Media & Publishing,5,3,73,both,
5,51213,Motion Picture and Video Exhibition,Media & Publishing,0,0,141,both,
5,51219,Postproduction Services and Other Motion Picture and Video Industries,Media & Publishing,10,8,482,both,
5,51223,Music Publishers,Media & Publishing,5,3,76,both,
5,51224,Sound Recording Studios,Media & Publishing,0,0,216,both,
5,51225,Record Production and Distribution,Media & Publishing,3,3,84,both,
5,51229,Other Sound Recording Industries,Media & Publishing,2,2,147,both,
5,51311,Newspaper Publishers,Media & Publishing,17,11,147,both,
5,51312,Periodical Publishers,Media & Publishing,74,54,199,both,
5,51313,Book Publishers,Media & Publishing,42,27,452,both,
5,51314,Directory and Mailing List Publishers,Media & Publishing,0,0,18,both,
5,51319,Other Publishers,Media & Publishing,17,11,137,both,
5,51511,Radio Broadcasting,Media & Publishing,1,1,111,data_only,vintage/non-2022 NAICS
5,51512,Television Broadcasting,Media & Publishing,4,3,114,data_only,vintage/non-2022 NAICS
5,51521,Cable and Other Subscription Programming,Media & Publishing,8,8,48,data_only,vintage/non-2022 NAICS
5,51611,Radio Broadcasting Stations,Media & Publishing,6,5,200,both,
5,51612,Television Broadcasting Stations,Media & Publishing,20,15,176,both,
5,51621,"Media Streaming Distribution Services, Social Networks, and Other Media Networks and Content Providers",Media & Publishing,50,36,429,both,
5,51912,Libraries and Archives,Media & Publishing,17,9,106,data_only,vintage/non-2022 NAICS
5,51913,Internet Publishing and Broadcasting and Web Search Portals,Media & Publishing,101,39,387,data_only,vintage/non-2022 NAICS
5,51919,All Other Information Services,Media & Publishing,37,15,430,data_only,vintage/non-2022 NAICS
5,51921,Libraries and Archives,Media & Publishing,30,24,509,both,
5,51929,Web Search Portals and All Other Information Services,Media & Publishing,351,136,565,both,
5,71111,Theater Companies and Dinner Theaters,Media & Publishing,0,0,680,both,
5,71112,Dance Companies,Media & Publishing,0,0,287,both,
5,71113,Musical Groups and Artists,Media & Publishing,16,10,1160,both,
5,71119,Other Performing Arts Companies,Media & Publishing,1,1,597,both,
5,71121,Spectator Sports,Media & Publishing,27,10,400,both,
5,71131,"Promoters of Performing Arts, Sports, and Similar Events with Facilities",Media & Publishing,52,14,955,both,
5,71132,"Promoters of Performing Arts, Sports, and Similar Events without Facilities",Media & Publishing,11,10,1348,both,
5,71141,"Agents and Managers for Artists, Athletes, Entertainers, and Other Public Figures",Media & Publishing,0,0,645,both,
5,71151,"Independent Artists, Writers, and Performers",Media & Publishing,78,51,3750,both,
5,71211,Museums,Media & Publishing,36,30,2289,both,
5,71212,Historical Sites,Media & Publishing,9,5,421,both,
5,71213,Zoos and Botanical Gardens,Media & Publishing,4,3,138,both,
5,71219,Nature Parks and Other Similar Institutions,Media & Publishing,2,2,218,both,
4,4512,Book Stores and News Dealers,Media & Publishing,0,0,49,data_only,vintage/non-2022 NAICS
4,5111,"Newspaper, Periodical, Book, and Directory Publishers",Media & Publishing,142,38,566,data_only,vintage/non-2022 NAICS
4,5121,Motion Picture and Video Industries,Media & Publishing,94,38,4690,both,
4,5122,Sound Recording Industries,Media & Publishing,10,8,523,both,
4,5131,"Newspaper, Periodical, Book, and Directory Publishers",Media & Publishing,150,94,953,both,
4,5151,Radio and Television Broadcasting,Media & Publishing,5,4,225,data_only,vintage/non-2022 NAICS
4,5152,Cable and Other Subscription Programming,Media & Publishing,8,8,48,data_only,vintage/non-2022 NAICS
4,5161,Radio and Television Broadcasting Stations,Media & Publishing,26,20,376,both,
4,5162,"Media Streaming Distribution Services, Social Networks, and Other Media Networks and Content Providers",Media & Publishing,50,36,429,both,
4,5191,Other Information Services,Media & Publishing,168,62,944,data_only,vintage/non-2022 NAICS
4,5192,"Web Search Portals, Libraries, Archives, and Other Information Services",Media & Publishing,381,147,1074,both,
4,7111,Performing Arts Companies,Media & Publishing,17,11,2724,both,
4,7112,Spectator Sports,Media & Publishing,27,10,400,both,
4,7113,"Promoters of Performing Arts, Sports, and Similar Events",Media & Publishing,63,23,2303,both,
4,7114,"Agents and Managers for Artists, Athletes, Entertainers, and Other Public Figures",Media & Publishing,0,0,645,both,
4,7115,"Independent Artists, Writers, and Performers",Media & Publishing,78,51,3750,both,
4,7121,"Museums, Historical Sites, and Similar Institutions",Media & Publishing,51,40,3066,both,
3,512,Motion Picture and Sound Recording Industries,Media & Publishing,104,45,5213,both,
3,515,Broadcasting (except Internet),Media & Publishing,13,12,273,data_only,vintage/non-2022 NAICS
3,516,Broadcasting and Content Providers,Media & Publishing,76,53,805,both,
3,519,"Web Search Portals, Libraries, Archives, and Other Information Services",Media & Publishing,549,185,2018,both,
3,711,"Performing Arts, Spectator Sports, and Related Industries",Media & Publishing,185,92,9822,both,
3,712,"Museums, Historical Sites, and Similar Institutions",Media & Publishing,51,40,3066,both,
2,71,"Arts, Entertainment, and Recreation",Media & Publishing,346,207,15571,both,"MULTI-VERTICAL span: Media & Publishing:236; Facilities, Maintenance & Janitorial:110"
6,212111,Bituminous Coal and Lignite Surface Mining,Mining & Extraction,0,0,4,data_only,vintage/non-2022 NAICS
6,212112,Bituminous Coal Underground Mining,Mining & Extraction,0,0,2,data_only,vintage/non-2022 NAICS
6,212113,Anthracite Mining,Mining & Extraction,0,0,1,data_only,vintage/non-2022 NAICS
6,212114,Surface Coal Mining,Mining & Extraction,1,1,9,both,
6,212115,Underground Coal Mining,Mining & Extraction,0,0,4,both,
6,212210,Iron Ore Mining,Mining & Extraction,0,0,9,both,
6,212220,Gold Ore and Silver Ore Mining,Mining & Extraction,0,0,41,both,
6,212221,Gold Ore Mining,Mining & Extraction,0,0,11,data_only,vintage/non-2022 NAICS
6,212230,"Copper, Nickel, Lead, and Zinc Mining",Mining & Extraction,0,0,56,both,
6,212290,Other Metal Ore Mining,Mining & Extraction,1,1,126,both,
6,212291,Uranium-Radium-Vanadium Ore Mining,Mining & Extraction,0,0,1,data_only,vintage/non-2022 NAICS
6,212299,All Other Metal Ore Mining,Mining & Extraction,0,0,20,data_only,vintage/non-2022 NAICS
6,212311,Dimension Stone Mining and Quarrying,Mining & Extraction,2,2,56,both,
6,212312,Crushed and Broken Limestone Mining and Quarrying,Mining & Extraction,22,13,224,both,
6,212313,Crushed and Broken Granite Mining and Quarrying,Mining & Extraction,4,2,38,both,
6,212319,Other Crushed and Broken Stone Mining and Quarrying,Mining & Extraction,13,10,120,both,
6,212321,Construction Sand and Gravel Mining,Mining & Extraction,68,42,665,both,
6,212322,Industrial Sand Mining,Mining & Extraction,0,0,23,both,
6,212323,"Kaolin, Clay, and Ceramic and Refractory Minerals Mining",Mining & Extraction,0,0,12,both,
6,212325,Clay and Ceramic and Refractory Minerals Mining,Mining & Extraction,0,0,4,data_only,vintage/non-2022 NAICS
6,212390,Other Nonmetallic Mineral Mining and Quarrying,Mining & Extraction,3,3,66,both,
6,212391,"Potash, Soda, and Borate Mineral Mining",Mining & Extraction,0,0,1,data_only,vintage/non-2022 NAICS
6,212393,Other Chemical and Fertilizer Mineral Mining,Mining & Extraction,0,0,8,data_only,vintage/non-2022 NAICS
6,212399,All Other Nonmetallic Mineral Mining,Mining & Extraction,0,0,15,data_only,vintage/non-2022 NAICS
6,213113,Support Activities for Coal Mining,Mining & Extraction,75,59,44,both,
6,213114,Support Activities for Metal Mining,Mining & Extraction,0,0,94,both,
6,213115,Support Activities for Nonmetallic Minerals (except Fuels) Mining,Mining & Extraction,2,2,32,both,
6,423810,Construction and Mining (except Oil Well) Machinery and Equipment Merchant Wholesalers,Mining & Extraction,1,1,609,both,
6,532412,"Construction, Mining, and Forestry Machinery and Equipment Rental and Leasing",Mining & Extraction,93,59,1291,both,
5,21211,Coal Mining,Mining & Extraction,1,1,20,both,
5,21221,Iron Ore Mining,Mining & Extraction,0,0,9,both,
5,21222,Gold Ore and Silver Ore Mining,Mining & Extraction,0,0,52,both,
5,21223,"Copper, Nickel, Lead, and Zinc Mining",Mining & Extraction,0,0,56,both,
5,21229,Other Metal Ore Mining,Mining & Extraction,1,1,147,both,
5,21231,Stone Mining and Quarrying,Mining & Extraction,41,24,438,both,
5,21232,"Sand, Gravel, Clay, and Ceramic and Refractory Minerals Mining and Quarrying",Mining & Extraction,68,42,704,both,
5,21239,Other Nonmetallic Mineral Mining and Quarrying,Mining & Extraction,3,3,90,both,
5,21311,Support Activities for Mining,Mining & Extraction,113,75,1111,both,
5,42381,Construction and Mining (except Oil Well) Machinery and Equipment Merchant Wholesalers,Mining & Extraction,1,1,609,both,
5,53241,"Construction, Transportation, Mining, and Forestry Machinery and Equipment Rental and Leasing",Mining & Extraction,171,72,1465,both,
4,2121,Coal Mining,Mining & Extraction,1,1,20,both,
4,2122,Metal Ore Mining,Mining & Extraction,1,1,264,both,
4,2123,Nonmetallic Mineral Mining and Quarrying,Mining & Extraction,112,64,1232,both,
4,2131,Support Activities for Mining,Mining & Extraction,113,75,1111,both,
3,212,Mining (except Oil and Gas),Mining & Extraction,114,66,1516,both,
3,213,Support Activities for Mining,Mining & Extraction,113,75,1111,both,
2,21,"Mining, Quarrying, and Oil and Gas Extraction",Mining & Extraction,303,156,2749,both,MULTI-VERTICAL span: Mining & Extraction:227; Energy & Utilities:76
6,541110,Offices of Lawyers,Professional & Management Services,393,201,3631,both,
6,541120,Offices of Notaries,Professional & Management Services,0,0,598,both,
6,541191,Title Abstract and Settlement Offices,Professional & Management Services,45,16,601,both,
6,541199,All Other Legal Services,Professional & Management Services,1283,415,2802,both,
6,541211,Offices of Certified Public Accountants,Professional & Management Services,294,69,1541,both,
6,541213,Tax Preparation Services,Professional & Management Services,0,0,944,both,
6,541214,Payroll Services,Professional & Management Services,12,10,182,both,
6,541219,Other Accounting Services,Professional & Management Services,204,76,2292,both,
6,541611,Administrative Management and General Management Consulting Services,Professional & Management Services,4851,1441,43088,both,
6,541612,Human Resources Consulting Services,Professional & Management Services,212,103,3492,both,
6,541613,Marketing Consulting Services,Professional & Management Services,88,34,5910,both,
6,541618,Other Management Consulting Services,Professional & Management Services,178,95,9075,both,
6,541690,Other Scientific and Technical Consulting Services,Professional & Management Services,1745,416,13721,both,
6,541810,Advertising Agencies,Professional & Management Services,139,45,2442,both,
6,541820,Public Relations Agencies,Professional & Management Services,96,21,1437,both,
6,541830,Media Buying Agencies,Professional & Management Services,1,1,171,both,
6,541840,Media Representatives,Professional & Management Services,4,4,194,both,
6,541850,Indoor and Outdoor Display Advertising,Professional & Management Services,28,22,270,both,
6,541860,Direct Mail Advertising,Professional & Management Services,1,1,146,both,
6,541870,Advertising Material Distribution Services,Professional & Management Services,2,2,290,both,
6,541890,Other Services Related to Advertising,Professional & Management Services,41,13,1005,both,
6,541910,Marketing Research and Public Opinion Polling,Professional & Management Services,57,35,912,both,
6,541921,"Photography Studios, Portrait",Professional & Management Services,1,1,587,both,
6,541922,Commercial Photography,Professional & Management Services,3,3,1323,both,
6,541930,Translation and Interpretation Services,Professional & Management Services,1731,265,3983,both,
6,541940,Veterinary Services,Professional & Management Services,232,98,521,both,
6,541990,"All Other Professional, Scientific, and Technical Services",Professional & Management Services,3010,1367,13671,both,
6,551112,Offices of Other Holding Companies,Professional & Management Services,0,0,1013,both,
6,551114,"Corporate, Subsidiary, and Regional Managing Offices",Professional & Management Services,0,0,582,both,
6,561110,Office Administrative Services,Professional & Management Services,334,139,2611,both,
6,561410,Document Preparation Services,Professional & Management Services,82,38,1008,both,
6,561421,Telephone Answering Services,Professional & Management Services,81,35,298,both,
6,561422,Telemarketing Bureaus and Other Contact Centers,Professional & Management Services,61,37,365,both,
6,561431,Private Mail Centers,Professional & Management Services,13,10,103,both,
6,561439,Other Business Service Centers (including Copy Shops),Professional & Management Services,14,8,261,both,
6,561440,Collection Agencies,Professional & Management Services,27,9,222,both,
6,561450,Credit Bureaus,Professional & Management Services,77,14,61,both,
6,561491,Repossession Services,Professional & Management Services,1,1,33,both,
6,561492,Court Reporting and Stenotype Services,Professional & Management Services,490,95,2058,both,
6,561499,All Other Business Support Services,Professional & Management Services,461,67,4640,both,
6,561910,Packaging and Labeling Services,Professional & Management Services,13,11,583,both,
6,561920,Convention and Trade Show Organizers,Professional & Management Services,317,69,1382,both,
6,561990,All Other Support Services,Professional & Management Services,497,236,5153,both,
6,813110,Religious Organizations,Professional & Management Services,89,49,3504,both,
6,813211,Grantmaking Foundations,Professional & Management Services,0,0,875,both,
6,813212,Voluntary Health Organizations,Professional & Management Services,1,1,1027,both,
6,813219,Other Grantmaking and Giving Services,Professional & Management Services,2,2,1426,both,
6,813311,Human Rights Organizations,Professional & Management Services,157,127,1129,both,
6,813312,"Environment, Conservation and Wildlife Organizations",Professional & Management Services,14,14,3306,both,
6,813319,Other Social Advocacy Organizations,Professional & Management Services,5,5,4155,both,
6,813410,Civic and Social Organizations,Professional & Management Services,5,5,7456,both,
6,813910,Business Associations,Professional & Management Services,17,16,3835,both,
6,813920,Professional Organizations,Professional & Management Services,152,82,6585,both,
6,813930,Labor Unions and Similar Labor Organizations,Professional & Management Services,1,1,400,both,
6,813940,Political Organizations,Professional & Management Services,0,0,209,both,
6,813990,"Other Similar Organizations (except Business, Professional, Labor, and Political Organizations)",Professional & Management Services,8,7,3361,both,
6,814110,Private Households,Professional & Management Services,2,1,3325,both,
5,54111,Offices of Lawyers,Professional & Management Services,393,201,3631,both,
5,54112,Offices of Notaries,Professional & Management Services,0,0,598,both,
5,54119,Other Legal Services,Professional & Management Services,1328,430,3403,both,
5,54121,"Accounting, Tax Preparation, Bookkeeping, and Payroll Services",Professional & Management Services,510,147,4959,both,
5,54161,Management Consulting Services,Professional & Management Services,6811,1992,66277,both,
5,54169,Other Scientific and Technical Consulting Services,Professional & Management Services,1745,416,13721,both,
5,54181,Advertising Agencies,Professional & Management Services,139,45,2442,both,
5,54182,Public Relations Agencies,Professional & Management Services,96,21,1437,both,
5,54183,Media Buying Agencies,Professional & Management Services,1,1,171,both,
5,54184,Media Representatives,Professional & Management Services,4,4,194,both,
5,54185,Indoor and Outdoor Display Advertising,Professional & Management Services,28,22,270,both,
5,54186,Direct Mail Advertising,Professional & Management Services,1,1,146,both,
5,54187,Advertising Material Distribution Services,Professional & Management Services,2,2,290,both,
5,54189,Other Services Related to Advertising,Professional & Management Services,41,13,1005,both,
5,54191,Marketing Research and Public Opinion Polling,Professional & Management Services,57,35,912,both,
5,54192,Photographic Services,Professional & Management Services,4,4,1910,both,
5,54193,Translation and Interpretation Services,Professional & Management Services,1731,265,3983,both,
5,54194,Veterinary Services,Professional & Management Services,232,98,521,both,
5,54199,"All Other Professional, Scientific, and Technical Services",Professional & Management Services,3010,1367,13671,both,
5,55111,Management of Companies and Enterprises,Professional & Management Services,0,0,1675,both,
5,56111,Office Administrative Services,Professional & Management Services,334,139,2611,both,
5,56141,Document Preparation Services,Professional & Management Services,82,38,1008,both,
5,56142,Telephone Call Centers,Professional & Management Services,142,72,663,both,
5,56143,Business Service Centers,Professional & Management Services,27,18,364,both,
5,56144,Collection Agencies,Professional & Management Services,27,9,222,both,
5,56145,Credit Bureaus,Professional & Management Services,77,14,61,both,
5,56149,Other Business Support Services,Professional & Management Services,952,161,6731,both,
5,56191,Packaging and Labeling Services,Professional & Management Services,13,11,583,both,
5,56192,Convention and Trade Show Organizers,Professional & Management Services,317,69,1382,both,
5,56199,All Other Support Services,Professional & Management Services,497,236,5153,both,
5,81311,Religious Organizations,Professional & Management Services,89,49,3504,both,
5,81321,Grantmaking and Giving Services,Professional & Management Services,3,3,3328,both,
5,81331,Social Advocacy Organizations,Professional & Management Services,176,146,8590,both,
5,81341,Civic and Social Organizations,Professional & Management Services,5,5,7456,both,
5,81391,Business Associations,Professional & Management Services,17,16,3835,both,
5,81392,Professional Organizations,Professional & Management Services,152,82,6585,both,
5,81393,Labor Unions and Similar Labor Organizations,Professional & Management Services,1,1,400,both,
5,81394,Political Organizations,Professional & Management Services,0,0,209,both,
5,81399,"Other Similar Organizations (except Business, Professional, Labor, and Political Organizations)",Professional & Management Services,8,7,3361,both,
5,81411,Private Households,Professional & Management Services,2,1,3325,both,
4,5411,Legal Services,Professional & Management Services,1721,584,7632,both,
4,5412,"Accounting, Tax Preparation, Bookkeeping, and Payroll Services",Professional & Management Services,510,147,4959,both,
4,5416,"Management, Scientific, and Technical Consulting Services",Professional & Management Services,10024,2799,86488,both,
4,5418,"Advertising, Public Relations, and Related Services",Professional & Management Services,312,101,5955,both,
4,5419,"Other Professional, Scientific, and Technical Services",Professional & Management Services,5034,1751,20997,both,
4,5511,Management of Companies and Enterprises,Professional & Management Services,0,0,1675,both,
4,5611,Office Administrative Services,Professional & Management Services,334,139,2611,both,
4,5614,Business Support Services,Professional & Management Services,1307,298,9049,both,
4,5619,Other Support Services,Professional & Management Services,827,314,7118,both,
4,8131,Religious Organizations,Professional & Management Services,89,49,3504,both,
4,8132,Grantmaking and Giving Services,Professional & Management Services,3,3,3328,both,
4,8133,Social Advocacy Organizations,Professional & Management Services,176,146,8590,both,
4,8134,Civic and Social Organizations,Professional & Management Services,5,5,7456,both,
4,8139,"Business, Professional, Labor, Political, and Similar Organizations",Professional & Management Services,178,103,14390,both,
4,8141,Private Households,Professional & Management Services,2,1,3325,both,
3,551,Management of Companies and Enterprises,Professional & Management Services,0,0,1675,both,
3,813,"Religious, Grantmaking, Civic, Professional, and Similar Organizations",Professional & Management Services,451,306,37268,both,
3,814,Private Households,Professional & Management Services,2,1,3325,both,
2,55,Management of Companies and Enterprises,Professional & Management Services,0,0,1675,both,
6,531110,Lessors of Residential Buildings and Dwellings,Real Estate,191,26,4623,both,
6,531120,Lessors of Nonresidential Buildings (except Miniwarehouses),Real Estate,161,95,12497,both,
6,531130,Lessors of Miniwarehouses and Self-Storage Units,Real Estate,21,14,400,both,ambiguous: Real Estate vs Transportation (self-storage/miniwarehouse)
6,531190,Lessors of Other Real Estate Property,Real Estate,48,38,4167,both,
6,531210,Offices of Real Estate Agents and Brokers,Real Estate,23,17,2952,both,
6,531311,Residential Property Managers,Real Estate,109,14,1607,both,
6,531312,Nonresidential Property Managers,Real Estate,9,6,1339,both,
6,531320,Offices of Real Estate Appraisers,Real Estate,150,79,2336,both,
6,531390,Other Activities Related to Real Estate,Real Estate,90,25,3339,both,
5,53111,Lessors of Residential Buildings and Dwellings,Real Estate,191,26,4623,both,
5,53112,Lessors of Nonresidential Buildings (except Miniwarehouses),Real Estate,161,95,12497,both,
5,53113,Lessors of Miniwarehouses and Self-Storage Units,Real Estate,21,14,400,both,
5,53119,Lessors of Other Real Estate Property,Real Estate,48,38,4167,both,
5,53121,Offices of Real Estate Agents and Brokers,Real Estate,23,17,2952,both,
5,53131,Real Estate Property Managers,Real Estate,118,20,2946,both,
5,53132,Offices of Real Estate Appraisers,Real Estate,150,79,2336,both,
5,53139,Other Activities Related to Real Estate,Real Estate,90,25,3339,both,
4,5311,Lessors of Real Estate,Real Estate,421,167,21687,both,
4,5312,Offices of Real Estate Agents and Brokers,Real Estate,23,17,2952,both,
4,5313,Activities Related to Real Estate,Real Estate,358,123,8621,both,
4,5617,Services to Buildings and Dwellings,Real Estate,3304,1397,37717,both,
3,531,Real Estate,Real Estate,802,299,33260,both,
6,541710,"RESEARCH AND DEVELOPMENT IN THE PHYSICAL, ENGINEERING, AND LIFE SCIENCES",Research & Development,119,18,0,data_only,vintage/non-2022 NAICS
6,541711,RESEARCH AND DEVELOPMENT IN BIOTECHNOLOGY,Research & Development,146,70,0,data_only,vintage/non-2022 NAICS
6,541712,"RESEARCH AND DEVELOPMENT IN THE PHYSICAL, ENGINEERING, AND LIFE SCIENCES (EXCEPT BIOTECHNOLOGY)",Research & Development,1530,577,0,data_only,vintage/non-2022 NAICS
6,541713,Research and Development in Nanotechnology,Research & Development,53,43,820,both,ambiguous: R&D vs Aerospace & Defense (nanotech R&D)
6,541714,Research and Development in Biotechnology (except Nanobiotechnology),Research & Development,431,233,5506,both,ambiguous: R&D vs Healthcare (biotech R&D)
6,541715,"Research and Development in the Physical, Engineering, and Life Sciences (except Nanotechnology and Biotechnology)",Research & Development,8702,3274,14295,both,
6,541720,Research and Development in the Social Sciences and Humanities,Research & Development,301,162,3375,both,
5,54171,"Research and Development in the Physical, Engineering, and Life Sciences",Research & Development,10981,3894,20621,both,
5,54172,Research and Development in the Social Sciences and Humanities,Research & Development,301,162,3375,both,
4,5417,Scientific Research and Development Services,Research & Development,11282,4035,23996,both,
6,561611,Investigation and Personal Background Check Services,Security & Guard Services,371,160,4173,both,
6,561612,Security Guards and Patrol Services,Security & Guard Services,2205,267,4968,both,
6,561613,Armored Car Services,Security & Guard Services,26,12,142,both,
6,561621,Security Systems Services (except Locksmiths),Security & Guard Services,823,359,3625,both,
6,561622,Locksmiths,Security & Guard Services,19,16,671,both,
6,922120,Police Protection,Security & Guard Services,41,34,1189,both,
6,922140,Correctional Institutions,Security & Guard Services,26,20,139,both,
6,922160,Fire Protection,Security & Guard Services,74,49,2233,both,
6,922190,"Other Justice, Public Order, and Safety Activities",Security & Guard Services,23,14,384,both,
5,56161,"Investigation, Guard, and Armored Car Services",Security & Guard Services,2602,433,9283,both,
5,56162,Security Systems Services,Security & Guard Services,842,371,4296,both,
5,92211,Courts,Security & Guard Services,0,0,131,both,
5,92212,Police Protection,Security & Guard Services,41,34,1189,both,
5,92213,Legal Counsel and Prosecution,Security & Guard Services,14,7,179,both,
5,92214,Correctional Institutions,Security & Guard Services,26,20,139,both,
5,92215,Parole Offices and Probation Offices,Security & Guard Services,0,0,29,both,
5,92216,Fire Protection,Security & Guard Services,74,49,2233,both,
4,5616,Investigation and Security Services,Security & Guard Services,3444,797,13579,both,
6,561311,Employment Placement Agencies,Staffing & Human Capital,20,10,3171,both,
6,561312,Executive Search Services,Staffing & Human Capital,4,4,492,both,
6,561320,Temporary Help Services,Staffing & Human Capital,1871,227,5327,both,
6,561330,Professional Employer Organizations,Staffing & Human Capital,14,6,395,both,
5,56131,Employment Placement Agencies and Executive Search Services,Staffing & Human Capital,24,14,3663,both,
5,56132,Temporary Help Services,Staffing & Human Capital,1871,227,5327,both,
5,56133,Professional Employer Organizations,Staffing & Human Capital,14,6,395,both,
4,5613,Employment Services,Staffing & Human Capital,1909,246,9385,both,
6,517110,WIRED TELECOMMUNICATIONS CARRIERS,Telecommunications,341,40,0,data_only,vintage/non-2022 NAICS
6,517111,Wired Telecommunications Carriers,Telecommunications,463,174,1623,both,
6,517112,Wireless Telecommunications Carriers (except Satellite),Telecommunications,286,70,524,both,
6,517121,Telecommunications Resellers,Telecommunications,145,52,691,both,
6,517122,Agents for Wireless Telecommunications Services,Telecommunications,4,4,105,both,
6,517210,WIRELESS TELECOMMUNICATIONS CARRIERS (EXCEPT SATELLITE),Telecommunications,6,1,0,data_only,vintage/non-2022 NAICS
6,517211,PAGING,Telecommunications,1,1,0,data_only,vintage/non-2022 NAICS
6,517310,TELECOMMUNICATIONS RESELLERS,Telecommunications,37,1,0,data_only,vintage/non-2022 NAICS
6,517311,Wired Telecommunications Carriers,Telecommunications,1607,56,307,data_only,vintage/non-2022 NAICS
6,517312,Wireless Telecommunications Carriers (except Satellite),Telecommunications,1299,15,167,data_only,vintage/non-2022 NAICS
6,517410,Satellite Telecommunications,Telecommunications,1601,93,618,both,
6,517810,All Other Telecommunications,Telecommunications,234,114,958,both,
6,517911,Telecommunications Resellers,Telecommunications,95,8,310,data_only,vintage/non-2022 NAICS
6,517919,All Other Telecommunications,Telecommunications,372,173,418,data_only,vintage/non-2022 NAICS
5,51711,Wired and Wireless Telecommunications Carriers (except Satellite),Telecommunications,1090,253,2147,both,
5,51712,Telecommunications Resellers and Agents for Wireless Telecommunication Services,Telecommunications,149,55,796,both,
5,51721,Telecommunications (vintage/legacy member),Telecommunications,7,2,0,data_only,vintage/non-2022 NAICS
5,51731,Wired and Wireless Telecommunications Carriers,Telecommunications,2943,72,474,data_only,vintage/non-2022 NAICS
5,51741,Satellite Telecommunications,Telecommunications,1601,93,618,both,
5,51781,All Other Telecommunications,Telecommunications,234,114,958,both,
5,51791,Other Telecommunications,Telecommunications,467,179,728,data_only,vintage/non-2022 NAICS
4,5171,Wired and Wireless Telecommunications (except Satellite),Telecommunications,1239,298,2943,both,
4,5172,Telecommunications (vintage/legacy member),Telecommunications,7,2,0,data_only,vintage/non-2022 NAICS
4,5173,Wired and Wireless Telecommunications Carriers,Telecommunications,2943,72,474,data_only,vintage/non-2022 NAICS
4,5174,Satellite Telecommunications,Telecommunications,1601,93,618,both,
4,5178,All Other Telecommunications,Telecommunications,234,114,958,both,
4,5179,Other Telecommunications,Telecommunications,467,179,728,data_only,vintage/non-2022 NAICS
3,517,Telecommunications,Telecommunications,6491,656,5721,both,
2,51,Information,Telecommunications,12374,2095,29424,both,MULTI-VERTICAL span: Telecommunications:6491; Information Technology & Software:4849; Media & Publishing:1034
6,423860,Transportation Equipment and Supplies (except Motor Vehicle) Merchant Wholesalers,Transportation & Logistics,43,12,1186,both,
6,452311,Warehouse Clubs and Supercenters,Transportation & Logistics,0,0,5,data_only,vintage/non-2022 NAICS
6,455211,Warehouse Clubs and Supercenters,Transportation & Logistics,2,1,15,both,
6,481111,Scheduled Passenger Air Transportation,Transportation & Logistics,39,9,146,both,
6,481112,Scheduled Freight Air Transportation,Transportation & Logistics,7,2,130,both,
6,481211,Nonscheduled Chartered Passenger Air Transportation,Transportation & Logistics,785,168,723,both,
6,481212,Nonscheduled Chartered Freight Air Transportation,Transportation & Logistics,541,107,185,both,
6,481219,Other Nonscheduled Air Transportation,Transportation & Logistics,64,14,240,both,
6,482111,Line-Haul Railroads,Transportation & Logistics,2,2,44,both,
6,482112,Short Line Railroads,Transportation & Logistics,2,1,82,both,
6,483111,Deep Sea Freight Transportation,Transportation & Logistics,666,33,392,both,
6,483112,Deep Sea Passenger Transportation,Transportation & Logistics,5,5,31,both,
6,483113,Coastal and Great Lakes Freight Transportation,Transportation & Logistics,4,4,86,both,
6,483114,Coastal and Great Lakes Passenger Transportation,Transportation & Logistics,18,15,54,both,
6,483211,Inland Water Freight Transportation,Transportation & Logistics,15,8,120,both,
6,483212,Inland Water Passenger Transportation,Transportation & Logistics,10,7,82,both,
6,484110,"General Freight Trucking, Local",Transportation & Logistics,43,24,8135,both,
6,484121,"General Freight Trucking, Long-Distance, Truckload",Transportation & Logistics,19,15,9595,both,
6,484122,"General Freight Trucking, Long-Distance, Less Than Truckload",Transportation & Logistics,2,1,2285,both,
6,484210,Used Household and Office Goods Moving,Transportation & Logistics,213,75,3329,both,
6,484220,"Specialized Freight (except Used Goods) Trucking, Local",Transportation & Logistics,27,15,2504,both,
6,484230,"Specialized Freight (except Used Goods) Trucking, Long-Distance",Transportation & Logistics,17,11,1418,both,
6,485111,Mixed Mode Transit Systems,Transportation & Logistics,33,5,70,both,
6,485112,Commuter Rail Systems,Transportation & Logistics,18,1,18,both,
6,485113,Bus and Other Motor Vehicle Transit Systems,Transportation & Logistics,77,22,293,both,
6,485119,Other Urban Transit Systems,Transportation & Logistics,4,3,39,both,
6,485210,Interurban and Rural Bus Transportation,Transportation & Logistics,7,2,121,both,
6,485310,Taxi and Ridesharing Services,Transportation & Logistics,34,8,330,both,
6,485320,Limousine Service,Transportation & Logistics,31,9,411,both,
6,485410,School and Employee Bus Transportation,Transportation & Logistics,12,9,500,both,
6,485510,Charter Bus Industry,Transportation & Logistics,32,23,768,both,
6,485991,Special Needs Transportation,Transportation & Logistics,83,35,2006,both,
6,485999,All Other Transit and Ground Passenger Transportation,Transportation & Logistics,144,56,1830,both,
6,486990,All Other Pipeline Transportation,Transportation & Logistics,6,5,10,both,
6,487110,"Scenic and Sightseeing Transportation, Land",Transportation & Logistics,2,2,57,both,
6,487210,"Scenic and Sightseeing Transportation, Water",Transportation & Logistics,0,0,116,both,
6,487990,"Scenic and Sightseeing Transportation, Other",Transportation & Logistics,1,1,16,both,
6,488111,Air Traffic Control,Transportation & Logistics,65,27,61,both,
6,488119,Other Airport Operations,Transportation & Logistics,25,16,795,both,
6,488190,Other Support Activities for Air Transportation,Transportation & Logistics,1825,502,1637,both,
6,488210,Support Activities for Rail Transportation,Transportation & Logistics,12,10,153,both,
6,488310,Port and Harbor Operations,Transportation & Logistics,470,44,284,both,
6,488320,Marine Cargo Handling,Transportation & Logistics,133,34,177,both,
6,488330,Navigational Services to Shipping,Transportation & Logistics,56,24,181,both,
6,488390,Other Support Activities for Water Transportation,Transportation & Logistics,104,48,260,both,
6,488410,Motor Vehicle Towing,Transportation & Logistics,17,10,742,both,
6,488490,Other Support Activities for Road Transportation,Transportation & Logistics,37,17,558,both,
6,488510,Freight Transportation Arrangement,Transportation & Logistics,61,19,5523,both,
6,488991,Packing and Crating,Transportation & Logistics,41,16,296,both,
6,488999,All Other Support Activities for Transportation,Transportation & Logistics,498,125,810,both,
6,491110,Postal Service,Transportation & Logistics,47,14,362,both,
6,492110,Couriers and Express Delivery Services,Transportation & Logistics,799,62,4459,both,
6,492210,Local Messengers and Local Delivery,Transportation & Logistics,27,18,555,both,
6,493110,General Warehousing and Storage,Transportation & Logistics,325,85,1010,both,
6,493120,Refrigerated Warehousing and Storage,Transportation & Logistics,8,7,129,both,
6,493130,Farm Product Warehousing and Storage,Transportation & Logistics,0,0,85,both,
6,493190,Other Warehousing and Storage,Transportation & Logistics,18634,40,322,both,
6,532111,Passenger Car Rental,Transportation & Logistics,597,49,582,both,
6,532112,Passenger Car Leasing,Transportation & Logistics,213,30,152,both,
6,532120,"Truck, Utility Trailer, and RV (Recreational Vehicle) Rental and Leasing",Transportation & Logistics,149,66,429,both,
6,532411,"Commercial Air, Rail, and Water Transportation Equipment Rental and Leasing",Transportation & Logistics,78,13,174,both,
6,541614,"Process, Physical Distribution, and Logistics Consulting Services",Transportation & Logistics,1482,402,4712,both,
6,561510,Travel Agencies,Transportation & Logistics,63,16,794,both,
6,561520,Tour Operators,Transportation & Logistics,0,0,191,both,
6,561591,Convention and Visitors Bureaus,Transportation & Logistics,2,1,157,both,
6,561599,All Other Travel Arrangement and Reservation Services,Transportation & Logistics,274,24,504,both,
6,926120,Regulation and Administration of Transportation Programs,Transportation & Logistics,7,5,203,both,
5,42386,Transportation Equipment and Supplies (except Motor Vehicle) Merchant Wholesalers,Transportation & Logistics,43,12,1186,both,
5,45231,"General Merchandise Stores, including Warehouse Clubs and Supercenters",Transportation & Logistics,0,0,132,data_only,vintage/non-2022 NAICS
5,45521,"Warehouse Clubs, Supercenters, and Other General Merchandise Retailers",Transportation & Logistics,6,5,1036,both,
5,48111,Scheduled Air Transportation,Transportation & Logistics,46,11,276,both,
5,48121,Nonscheduled Air Transportation,Transportation & Logistics,1390,258,1148,both,
5,48211,Rail Transportation,Transportation & Logistics,4,3,126,both,
5,48311,"Deep Sea, Coastal, and Great Lakes Water Transportation",Transportation & Logistics,693,56,563,both,
5,48321,Inland Water Transportation,Transportation & Logistics,25,14,202,both,
5,48411,"General Freight Trucking, Local",Transportation & Logistics,43,24,8135,both,
5,48412,"General Freight Trucking, Long-Distance",Transportation & Logistics,21,16,11880,both,
5,48421,Used Household and Office Goods Moving,Transportation & Logistics,213,75,3329,both,
5,48422,"Specialized Freight (except Used Goods) Trucking, Local",Transportation & Logistics,27,15,2504,both,
5,48423,"Specialized Freight (except Used Goods) Trucking, Long-Distance",Transportation & Logistics,17,11,1418,both,
5,48511,Urban Transit Systems,Transportation & Logistics,132,28,420,both,
5,48521,Interurban and Rural Bus Transportation,Transportation & Logistics,7,2,121,both,
5,48531,Taxi and Ridesharing Services,Transportation & Logistics,34,8,330,both,
5,48532,Limousine Service,Transportation & Logistics,31,9,411,both,
5,48541,School and Employee Bus Transportation,Transportation & Logistics,12,9,500,both,
5,48551,Charter Bus Industry,Transportation & Logistics,32,23,768,both,
5,48599,Other Transit and Ground Passenger Transportation,Transportation & Logistics,227,87,3836,both,
5,48699,All Other Pipeline Transportation,Transportation & Logistics,6,5,10,both,
5,48711,"Scenic and Sightseeing Transportation, Land",Transportation & Logistics,2,2,57,both,
5,48721,"Scenic and Sightseeing Transportation, Water",Transportation & Logistics,0,0,116,both,
5,48799,"Scenic and Sightseeing Transportation, Other",Transportation & Logistics,1,1,16,both,
5,48811,Airport Operations,Transportation & Logistics,90,43,856,both,
5,48819,Other Support Activities for Air Transportation,Transportation & Logistics,1825,502,1637,both,
5,48821,Support Activities for Rail Transportation,Transportation & Logistics,12,10,153,both,
5,48831,Port and Harbor Operations,Transportation & Logistics,470,44,284,both,
5,48832,Marine Cargo Handling,Transportation & Logistics,133,34,177,both,
5,48833,Navigational Services to Shipping,Transportation & Logistics,56,24,181,both,
5,48839,Other Support Activities for Water Transportation,Transportation & Logistics,104,48,260,both,
5,48841,Motor Vehicle Towing,Transportation & Logistics,17,10,742,both,
5,48849,Other Support Activities for Road Transportation,Transportation & Logistics,37,17,558,both,
5,48851,Freight Transportation Arrangement,Transportation & Logistics,61,19,5523,both,
5,48899,Other Support Activities for Transportation,Transportation & Logistics,539,139,1106,both,
5,49111,Postal Service,Transportation & Logistics,47,14,362,both,
5,49211,Couriers and Express Delivery Services,Transportation & Logistics,799,62,4459,both,
5,49221,Local Messengers and Local Delivery,Transportation & Logistics,27,18,555,both,
5,49311,General Warehousing and Storage,Transportation & Logistics,325,85,1010,both,
5,49312,Refrigerated Warehousing and Storage,Transportation & Logistics,8,7,129,both,
5,49313,Farm Product Warehousing and Storage,Transportation & Logistics,0,0,85,both,
5,49319,Other Warehousing and Storage,Transportation & Logistics,18634,40,322,both,
5,53211,Passenger Car Rental and Leasing,Transportation & Logistics,810,75,734,both,
5,53212,"Truck, Utility Trailer, and RV (Recreational Vehicle) Rental and Leasing",Transportation & Logistics,149,66,429,both,
5,56151,Travel Agencies,Transportation & Logistics,63,16,794,both,
5,56152,Tour Operators,Transportation & Logistics,0,0,191,both,
5,56159,Other Travel Arrangement and Reservation Services,Transportation & Logistics,276,25,661,both,
5,92612,Regulation and Administration of Transportation Programs,Transportation & Logistics,7,5,203,both,
4,4523,"General Merchandise Stores, including Warehouse Clubs and Supercenters",Transportation & Logistics,0,0,132,data_only,vintage/non-2022 NAICS
4,4552,"Warehouse Clubs, Supercenters, and Other General Merchandise Retailers",Transportation & Logistics,6,5,1036,both,
4,4811,Scheduled Air Transportation,Transportation & Logistics,46,11,276,both,
4,4812,Nonscheduled Air Transportation,Transportation & Logistics,1390,258,1148,both,
4,4821,Rail Transportation,Transportation & Logistics,4,3,126,both,
4,4831,"Deep Sea, Coastal, and Great Lakes Water Transportation",Transportation & Logistics,693,56,563,both,
4,4832,Inland Water Transportation,Transportation & Logistics,25,14,202,both,
4,4841,General Freight Trucking,Transportation & Logistics,64,39,20015,both,
4,4842,Specialized Freight Trucking,Transportation & Logistics,257,99,7251,both,
4,4851,Urban Transit Systems,Transportation & Logistics,132,28,420,both,
4,4852,Interurban and Rural Bus Transportation,Transportation & Logistics,7,2,121,both,
4,4853,Taxi and Limousine Service,Transportation & Logistics,65,16,741,both,
4,4854,School and Employee Bus Transportation,Transportation & Logistics,12,9,500,both,
4,4855,Charter Bus Industry,Transportation & Logistics,32,23,768,both,
4,4859,Other Transit and Ground Passenger Transportation,Transportation & Logistics,227,87,3836,both,
4,4869,Other Pipeline Transportation,Transportation & Logistics,12,7,60,both,
4,4871,"Scenic and Sightseeing Transportation, Land",Transportation & Logistics,2,2,57,both,
4,4872,"Scenic and Sightseeing Transportation, Water",Transportation & Logistics,0,0,116,both,
4,4879,"Scenic and Sightseeing Transportation, Other",Transportation & Logistics,1,1,16,both,
4,4881,Support Activities for Air Transportation,Transportation & Logistics,1915,540,2493,both,
4,4882,Support Activities for Rail Transportation,Transportation & Logistics,12,10,153,both,
4,4883,Support Activities for Water Transportation,Transportation & Logistics,763,143,902,both,
4,4884,Support Activities for Road Transportation,Transportation & Logistics,54,27,1300,both,
4,4885,Freight Transportation Arrangement,Transportation & Logistics,61,19,5523,both,
4,4889,Other Support Activities for Transportation,Transportation & Logistics,539,139,1106,both,
4,4911,Postal Service,Transportation & Logistics,47,14,362,both,
4,4921,Couriers and Express Delivery Services,Transportation & Logistics,799,62,4459,both,
4,4922,Local Messengers and Local Delivery,Transportation & Logistics,27,18,555,both,
4,4931,Warehousing and Storage,Transportation & Logistics,18967,124,1546,both,
4,5321,Automotive Equipment Rental and Leasing,Transportation & Logistics,959,136,1163,both,
4,5615,Travel Arrangement and Reservation Services,Transportation & Logistics,339,41,1646,both,
3,455,General Merchandise Retailers,Transportation & Logistics,6,5,1081,both,MULTI-VERTICAL span: Transportation & Logistics:6; Wholesale & Supply:0
3,481,Air Transportation,Transportation & Logistics,1436,267,1424,both,
3,482,Rail Transportation,Transportation & Logistics,4,3,126,both,
3,483,Water Transportation,Transportation & Logistics,718,70,765,both,
3,484,Truck Transportation,Transportation & Logistics,321,135,27266,both,
3,485,Transit and Ground Passenger Transportation,Transportation & Logistics,475,153,6386,both,
3,486,Pipeline Transportation,Transportation & Logistics,15,9,127,both,MULTI-VERTICAL span: Transportation & Logistics:12; Energy & Utilities:3
3,487,Scenic and Sightseeing Transportation,Transportation & Logistics,3,3,189,both,
3,488,Support Activities for Transportation,Transportation & Logistics,3344,862,11477,both,
3,491,Postal Service,Transportation & Logistics,47,14,362,both,
3,492,Couriers and Messengers,Transportation & Logistics,826,73,5014,both,
3,493,Warehousing and Storage,Transportation & Logistics,18967,124,1546,both,
2,48,Transportation and Warehousing,Transportation & Logistics,6316,1475,47760,both,MULTI-VERTICAL span: Transportation & Logistics:6313; Energy & Utilities:3
2,49,Transportation and Warehousing,Transportation & Logistics,19840,207,6922,both,
6,423110,Automobile and Other Motor Vehicle Merchant Wholesalers,Wholesale & Supply,49,12,684,both,
6,423120,Motor Vehicle Supplies and New Parts Merchant Wholesalers,Wholesale & Supply,34,23,776,both,
6,423130,Tire and Tube Merchant Wholesalers,Wholesale & Supply,0,0,104,both,
6,423140,Motor Vehicle Parts (Used) Merchant Wholesalers,Wholesale & Supply,0,0,42,both,
6,423210,Furniture Merchant Wholesalers,Wholesale & Supply,7,7,816,both,
6,423220,Home Furnishing Merchant Wholesalers,Wholesale & Supply,0,0,279,both,
6,423310,"Lumber, Plywood, Millwork, and Wood Panel Merchant Wholesalers",Wholesale & Supply,209,9,485,both,
6,423320,"Brick, Stone, and Related Construction Material Merchant Wholesalers",Wholesale & Supply,1,1,298,both,
6,423330,"Roofing, Siding, and Insulation Material Merchant Wholesalers",Wholesale & Supply,1,1,207,both,
6,423390,Other Construction Material Merchant Wholesalers,Wholesale & Supply,5,5,717,both,
6,423410,Photographic Equipment and Supplies Merchant Wholesalers,Wholesale & Supply,7,6,213,both,
6,423420,Office Equipment Merchant Wholesalers,Wholesale & Supply,13,10,601,both,
6,423440,Other Commercial Equipment Merchant Wholesalers,Wholesale & Supply,20,12,514,both,
6,423460,Ophthalmic Goods Merchant Wholesalers,Wholesale & Supply,0,0,144,both,ambiguous: Healthcare vs Wholesale (ophthalmic goods distribution)
6,423490,Other Professional Equipment and Supplies Merchant Wholesalers,Wholesale & Supply,33,27,1089,both,
6,423510,Metal Service Centers and Other Metal Merchant Wholesalers,Wholesale & Supply,1,1,1016,both,
6,423520,Coal and Other Mineral and Ore Merchant Wholesalers,Wholesale & Supply,0,0,18,both,
6,423610,"Electrical Apparatus and Equipment, Wiring Supplies, and Related Equipment Merchant Wholesalers",Wholesale & Supply,4190,62,3199,both,
6,423620,"Household Appliances, Electric Housewares, and Consumer Electronics Merchant Wholesalers",Wholesale & Supply,15,10,373,both,ambiguous: Electronics vs Wholesale (consumer electronics distribution)
6,423690,Other Electronic Parts and Equipment Merchant Wholesalers,Wholesale & Supply,32,24,1317,both,ambiguous: Electronics vs Wholesale (other electronic parts distribution)
6,423710,Hardware Merchant Wholesalers,Wholesale & Supply,28513,18,1267,both,
6,423720,Plumbing and Heating Equipment and Supplies (Hydronics) Merchant Wholesalers,Wholesale & Supply,27,21,866,both,
6,423730,Warm Air Heating and Air-Conditioning Equipment and Supplies Merchant Wholesalers,Wholesale & Supply,6,4,919,both,
6,423740,Refrigeration Equipment and Supplies Merchant Wholesalers,Wholesale & Supply,20,16,408,both,
6,423820,Farm and Garden Machinery and Equipment Merchant Wholesalers,Wholesale & Supply,4,4,441,both,
6,423830,Industrial Machinery and Equipment Merchant Wholesalers,Wholesale & Supply,132,50,2971,both,
6,423840,Industrial Supplies Merchant Wholesalers,Wholesale & Supply,7681,18,3385,both,
6,423850,Service Establishment Equipment and Supplies Merchant Wholesalers,Wholesale & Supply,46562,56,901,both,
6,423910,Sporting and Recreational Goods and Supplies Merchant Wholesalers,Wholesale & Supply,12,9,1153,both,
6,423920,Toy and Hobby Goods and Supplies Merchant Wholesalers,Wholesale & Supply,0,0,122,both,
6,423930,Recyclable Material Merchant Wholesalers,Wholesale & Supply,1,1,477,both,
6,423940,"Jewelry, Watch, Precious Stone, and Precious Metal Merchant Wholesalers",Wholesale & Supply,601,2,120,both,
6,423990,Other Miscellaneous Durable Goods Merchant Wholesalers,Wholesale & Supply,47,12,1966,both,
6,424110,Printing and Writing Paper Merchant Wholesalers,Wholesale & Supply,6,3,125,both,
6,424120,Stationery and Office Supplies Merchant Wholesalers,Wholesale & Supply,190,20,1110,both,
6,424130,Industrial and Personal Service Paper Merchant Wholesalers,Wholesale & Supply,1792,4,363,both,
6,424310,"Piece Goods, Notions, and Other Dry Goods Merchant Wholesalers",Wholesale & Supply,1,1,188,both,
6,424320,Men's and Boys' Clothing and Furnishings Merchant Wholesalers,Wholesale & Supply,25,1,76,data_only,vintage/non-2022 NAICS
6,424330,"Women's, Children's, and Infants' Clothing and Accessories Merchant Wholesalers",Wholesale & Supply,0,0,110,data_only,vintage/non-2022 NAICS
6,424340,Footwear Merchant Wholesalers,Wholesale & Supply,2,2,109,both,
6,424350,Clothing and Clothing Accessories Merchant Wholesalers,Wholesale & Supply,19,12,356,both,
6,424410,General Line Grocery Merchant Wholesalers,Wholesale & Supply,27,6,602,both,
6,424420,Packaged Frozen Food Merchant Wholesalers,Wholesale & Supply,5,5,172,both,
6,424430,Dairy Product (except Dried or Canned) Merchant Wholesalers,Wholesale & Supply,12,9,198,both,
6,424440,Poultry and Poultry Product Merchant Wholesalers,Wholesale & Supply,10,6,44,both,
6,424450,Confectionery Merchant Wholesalers,Wholesale & Supply,0,0,58,both,
6,424460,Fish and Seafood Merchant Wholesalers,Wholesale & Supply,2,1,128,both,
6,424470,Meat and Meat Product Merchant Wholesalers,Wholesale & Supply,9,6,207,both,
6,424480,Fresh Fruit and Vegetable Merchant Wholesalers,Wholesale & Supply,19,6,715,both,
6,424490,Other Grocery and Related Products Merchant Wholesalers,Wholesale & Supply,108,38,619,both,
6,424510,Grain and Field Bean Merchant Wholesalers,Wholesale & Supply,0,0,151,both,
6,424520,Livestock Merchant Wholesalers,Wholesale & Supply,0,0,38,both,
6,424590,Other Farm Product Raw Material Merchant Wholesalers,Wholesale & Supply,0,0,95,both,
6,424610,Plastics Materials and Basic Forms and Shapes Merchant Wholesalers,Wholesale & Supply,1,1,233,both,
6,424690,Other Chemical and Allied Products Merchant Wholesalers,Wholesale & Supply,14,11,1015,both,
6,424810,Beer and Ale Merchant Wholesalers,Wholesale & Supply,0,0,80,both,
6,424820,Wine and Distilled Alcoholic Beverage Merchant Wholesalers,Wholesale & Supply,0,0,162,both,
6,424910,Farm Supplies Merchant Wholesalers,Wholesale & Supply,0,0,244,both,
6,424930,"Flower, Nursery Stock, and Florists' Supplies Merchant Wholesalers",Wholesale & Supply,1,1,101,both,
6,424940,Tobacco Product and Electronic Cigarette Merchant Wholesalers,Wholesale & Supply,0,0,21,both,
6,424950,"Paint, Varnish, and Supplies Merchant Wholesalers",Wholesale & Supply,15,6,153,both,
6,424990,Other Miscellaneous Nondurable Goods Merchant Wholesalers,Wholesale & Supply,7,4,805,both,
6,425110,Business to Business Electronic Markets,Wholesale & Supply,0,0,107,data_only,vintage/non-2022 NAICS
6,425120,Wholesale Trade Agents and Brokers,Wholesale & Supply,49,31,2273,both,
6,441110,New Car Dealers,Wholesale & Supply,73,8,1125,both,
6,441120,Used Car Dealers,Wholesale & Supply,0,0,417,both,
6,441210,Recreational Vehicle Dealers,Wholesale & Supply,1,1,323,both,
6,441222,Boat Dealers,Wholesale & Supply,57,22,367,both,
6,441227,"Motorcycle, ATV, and All Other Motor Vehicle Dealers",Wholesale & Supply,11,10,497,both,
6,441228,"Motorcycle, ATV, and All Other Motor Vehicle Dealers",Wholesale & Supply,1,1,256,data_only,vintage/non-2022 NAICS
6,441310,Automotive Parts and Accessories Stores,Wholesale & Supply,2,1,311,data_only,vintage/non-2022 NAICS
6,441320,Tire Dealers,Wholesale & Supply,0,0,174,data_only,vintage/non-2022 NAICS
6,441330,Automotive Parts and Accessories Retailers,Wholesale & Supply,5,5,506,both,
6,441340,Tire Dealers,Wholesale & Supply,1,1,169,both,
6,442110,Furniture Stores,Wholesale & Supply,0,0,255,data_only,vintage/non-2022 NAICS
6,442210,Floor Covering Stores,Wholesale & Supply,0,0,118,data_only,vintage/non-2022 NAICS
6,442291,Window Treatment Stores,Wholesale & Supply,0,0,121,data_only,vintage/non-2022 NAICS
6,442299,All Other Home Furnishings Stores,Wholesale & Supply,2,1,57,data_only,vintage/non-2022 NAICS
6,444110,Home Centers,Wholesale & Supply,55036,3,156,both,
6,444120,Paint and Wallpaper Retailers,Wholesale & Supply,0,0,3033,both,
6,444130,Hardware Stores,Wholesale & Supply,15276,4,257,data_only,vintage/non-2022 NAICS
6,444140,Hardware Retailers,Wholesale & Supply,24,18,423,both,
6,444180,Other Building Material Dealers,Wholesale & Supply,187,101,393,both,
6,444190,Other Building Material Dealers,Wholesale & Supply,3,1,257,data_only,vintage/non-2022 NAICS
6,444210,Outdoor Power Equipment Stores,Wholesale & Supply,1,1,106,data_only,vintage/non-2022 NAICS
6,444220,"Nursery, Garden Center, and Farm Supply Stores",Wholesale & Supply,0,0,94,data_only,vintage/non-2022 NAICS
6,444230,Outdoor Power Equipment Retailers,Wholesale & Supply,0,0,200,both,
6,444240,"Nursery, Garden Center, and Farm Supply Retailers",Wholesale & Supply,3,1,159,both,
6,448110,Men's Clothing Stores,Wholesale & Supply,0,0,46,data_only,vintage/non-2022 NAICS
6,448120,Women's Clothing Stores,Wholesale & Supply,0,0,151,data_only,vintage/non-2022 NAICS
6,448130,Children's and Infants' Clothing Stores,Wholesale & Supply,0,0,33,data_only,vintage/non-2022 NAICS
6,448140,Family Clothing Stores,Wholesale & Supply,0,0,116,data_only,vintage/non-2022 NAICS
6,448150,Clothing Accessories Stores,Wholesale & Supply,0,0,131,data_only,vintage/non-2022 NAICS
6,448190,Other Clothing Stores,Wholesale & Supply,1,1,131,data_only,vintage/non-2022 NAICS
6,448210,Shoe Stores,Wholesale & Supply,0,0,69,data_only,vintage/non-2022 NAICS
6,448310,Jewelry Stores,Wholesale & Supply,0,0,40,data_only,vintage/non-2022 NAICS
6,448320,Luggage and Leather Goods Stores,Wholesale & Supply,0,0,13,data_only,vintage/non-2022 NAICS
6,449110,Furniture Retailers,Wholesale & Supply,12,7,538,both,
6,449121,Floor Covering Retailers,Wholesale & Supply,3,3,201,both,
6,449122,Window Treatment Retailers,Wholesale & Supply,4,2,161,both,
6,449129,All Other Home Furnishings Retailers,Wholesale & Supply,0,0,102,both,
6,451110,Sporting Goods Stores,Wholesale & Supply,0,0,252,data_only,vintage/non-2022 NAICS
6,451120,"Hobby, Toy, and Game Stores",Wholesale & Supply,0,0,35,data_only,vintage/non-2022 NAICS
6,451130,"Sewing, Needlework, and Piece Goods Stores",Wholesale & Supply,0,0,37,data_only,vintage/non-2022 NAICS
6,451140,Musical Instrument and Supplies Stores,Wholesale & Supply,0,0,89,data_only,vintage/non-2022 NAICS
6,452210,Department Stores,Wholesale & Supply,0,0,15,data_only,vintage/non-2022 NAICS
6,452319,All Other General Merchandise Stores,Wholesale & Supply,0,0,127,data_only,vintage/non-2022 NAICS
6,453110,Florists,Wholesale & Supply,0,0,42,data_only,vintage/non-2022 NAICS
6,453210,Office Supplies and Stationery Stores,Wholesale & Supply,34103,10,284,data_only,vintage/non-2022 NAICS
6,453220,"Gift, Novelty, and Souvenir Stores",Wholesale & Supply,0,0,148,data_only,vintage/non-2022 NAICS
6,453310,Used Merchandise Stores,Wholesale & Supply,0,0,33,data_only,vintage/non-2022 NAICS
6,453910,Pet and Pet Supplies Stores,Wholesale & Supply,0,0,41,data_only,vintage/non-2022 NAICS
6,453920,Art Dealers,Wholesale & Supply,1,1,145,data_only,vintage/non-2022 NAICS
6,453930,Manufactured (Mobile) Home Dealers,Wholesale & Supply,0,0,30,data_only,vintage/non-2022 NAICS
6,453991,Tobacco Stores,Wholesale & Supply,0,0,3,data_only,vintage/non-2022 NAICS
6,453998,All Other Miscellaneous Store Retailers (except Tobacco Stores),Wholesale & Supply,2,1,663,data_only,vintage/non-2022 NAICS
6,454110,Electronic Shopping and Mail-Order Houses,Wholesale & Supply,0,0,601,data_only,vintage/non-2022 NAICS
6,454210,Vending Machine Operators,Wholesale & Supply,0,0,161,data_only,vintage/non-2022 NAICS
6,455110,Department Stores,Wholesale & Supply,0,0,45,both,
6,455219,All Other General Merchandise Retailers,Wholesale & Supply,4,4,1021,both,
6,458110,Clothing and Clothing Accessories Retailers,Wholesale & Supply,25,15,980,both,
6,458210,Shoe Retailers,Wholesale & Supply,3,2,158,both,
6,458310,Jewelry Retailers,Wholesale & Supply,0,0,55,both,
6,458320,Luggage and Leather Goods Retailers,Wholesale & Supply,0,0,30,both,
6,459110,Sporting Goods Retailers,Wholesale & Supply,4,4,544,both,
6,459120,"Hobby, Toy, and Game Retailers",Wholesale & Supply,0,0,108,both,
6,459130,"Sewing, Needlework, and Piece Goods Retailers",Wholesale & Supply,1,1,52,both,
6,459140,Musical Instrument and Supplies Retailers,Wholesale & Supply,0,0,168,both,
6,459210,Book Retailers and News Dealers,Wholesale & Supply,0,0,114,both,
6,459310,Florists,Wholesale & Supply,0,0,72,both,
6,459410,Office Supplies and Stationery Retailers,Wholesale & Supply,21,11,637,both,
6,459420,"Gift, Novelty, and Souvenir Retailers",Wholesale & Supply,0,0,272,both,
6,459510,Used Merchandise Retailers,Wholesale & Supply,1,1,126,both,
6,459910,Pet and Pet Supplies Retailers,Wholesale & Supply,1,1,81,both,
6,459920,Art Dealers,Wholesale & Supply,1,1,262,both,
6,459930,Manufactured (Mobile) Home Dealers,Wholesale & Supply,0,0,34,both,
6,459991,"Tobacco, Electronic Cigarette, and Other Smoking Supplies Retailers",Wholesale & Supply,0,0,30,both,
6,459999,All Other Miscellaneous Retailers,Wholesale & Supply,25,14,1159,both,
6,532210,Consumer Electronics and Appliances Rental,Wholesale & Supply,10,6,80,both,
6,532281,Formal Wear and Costume Rental,Wholesale & Supply,2,1,17,both,
6,532282,Video Tape and Disc Rental,Wholesale & Supply,0,0,0,official,
6,532284,Recreational Goods Rental,Wholesale & Supply,11,11,160,both,
6,532289,All Other Consumer Goods Rental,Wholesale & Supply,46,33,475,both,
6,532310,General Rental Centers,Wholesale & Supply,101,11,302,both,
6,532420,Office Machinery and Equipment Rental and Leasing,Wholesale & Supply,301,56,547,both,
6,532490,Other Commercial and Industrial Machinery and Equipment Rental and Leasing,Wholesale & Supply,415,165,1244,both,
5,42311,Automobile and Other Motor Vehicle Merchant Wholesalers,Wholesale & Supply,49,12,684,both,
5,42312,Motor Vehicle Supplies and New Parts Merchant Wholesalers,Wholesale & Supply,34,23,776,both,
5,42313,Tire and Tube Merchant Wholesalers,Wholesale & Supply,0,0,104,both,
5,42314,Motor Vehicle Parts (Used) Merchant Wholesalers,Wholesale & Supply,0,0,42,both,
5,42321,Furniture Merchant Wholesalers,Wholesale & Supply,7,7,816,both,
5,42322,Home Furnishing Merchant Wholesalers,Wholesale & Supply,0,0,279,both,
5,42331,"Lumber, Plywood, Millwork, and Wood Panel Merchant Wholesalers",Wholesale & Supply,209,9,485,both,
5,42332,"Brick, Stone, and Related Construction Material Merchant Wholesalers",Wholesale & Supply,1,1,298,both,
5,42333,"Roofing, Siding, and Insulation Material Merchant Wholesalers",Wholesale & Supply,1,1,207,both,
5,42339,Other Construction Material Merchant Wholesalers,Wholesale & Supply,5,5,717,both,
5,42341,Photographic Equipment and Supplies Merchant Wholesalers,Wholesale & Supply,7,6,213,both,
5,42342,Office Equipment Merchant Wholesalers,Wholesale & Supply,13,10,601,both,
5,42344,Other Commercial Equipment Merchant Wholesalers,Wholesale & Supply,20,12,514,both,
5,42346,Ophthalmic Goods Merchant Wholesalers,Wholesale & Supply,0,0,144,both,
5,42349,Other Professional Equipment and Supplies Merchant Wholesalers,Wholesale & Supply,33,27,1089,both,
5,42351,Metal Service Centers and Other Metal Merchant Wholesalers,Wholesale & Supply,1,1,1016,both,
5,42352,Coal and Other Mineral and Ore Merchant Wholesalers,Wholesale & Supply,0,0,18,both,
5,42361,"Electrical Apparatus and Equipment, Wiring Supplies, and Related Equipment Merchant Wholesalers",Wholesale & Supply,4190,62,3199,both,
5,42362,"Household Appliances, Electric Housewares, and Consumer Electronics Merchant Wholesalers",Wholesale & Supply,15,10,373,both,
5,42369,Other Electronic Parts and Equipment Merchant Wholesalers,Wholesale & Supply,32,24,1317,both,
5,42371,Hardware Merchant Wholesalers,Wholesale & Supply,28513,18,1267,both,
5,42372,Plumbing and Heating Equipment and Supplies (Hydronics) Merchant Wholesalers,Wholesale & Supply,27,21,866,both,
5,42373,Warm Air Heating and Air-Conditioning Equipment and Supplies Merchant Wholesalers,Wholesale & Supply,6,4,919,both,
5,42374,Refrigeration Equipment and Supplies Merchant Wholesalers,Wholesale & Supply,20,16,408,both,
5,42382,Farm and Garden Machinery and Equipment Merchant Wholesalers,Wholesale & Supply,4,4,441,both,
5,42383,Industrial Machinery and Equipment Merchant Wholesalers,Wholesale & Supply,132,50,2971,both,
5,42384,Industrial Supplies Merchant Wholesalers,Wholesale & Supply,7681,18,3385,both,
5,42385,Service Establishment Equipment and Supplies Merchant Wholesalers,Wholesale & Supply,46562,56,901,both,
5,42391,Sporting and Recreational Goods and Supplies Merchant Wholesalers,Wholesale & Supply,12,9,1153,both,
5,42392,Toy and Hobby Goods and Supplies Merchant Wholesalers,Wholesale & Supply,0,0,122,both,
5,42393,Recyclable Material Merchant Wholesalers,Wholesale & Supply,1,1,477,both,
5,42394,"Jewelry, Watch, Precious Stone, and Precious Metal Merchant Wholesalers",Wholesale & Supply,601,2,120,both,
5,42399,Other Miscellaneous Durable Goods Merchant Wholesalers,Wholesale & Supply,47,12,1966,both,
5,42411,Printing and Writing Paper Merchant Wholesalers,Wholesale & Supply,6,3,125,both,
5,42412,Stationery and Office Supplies Merchant Wholesalers,Wholesale & Supply,190,20,1110,both,
5,42413,Industrial and Personal Service Paper Merchant Wholesalers,Wholesale & Supply,1792,4,363,both,
5,42431,"Piece Goods, Notions, and Other Dry Goods Merchant Wholesalers",Wholesale & Supply,1,1,188,both,
5,42432,Men's and Boys' Clothing and Furnishings Merchant Wholesalers,Wholesale & Supply,25,1,76,data_only,vintage/non-2022 NAICS
5,42433,"Women's, Children's, and Infants' Clothing and Accessories Merchant Wholesalers",Wholesale & Supply,0,0,110,data_only,vintage/non-2022 NAICS
5,42434,Footwear Merchant Wholesalers,Wholesale & Supply,2,2,109,both,
5,42435,Clothing and Clothing Accessories Merchant Wholesalers,Wholesale & Supply,19,12,356,both,
5,42441,General Line Grocery Merchant Wholesalers,Wholesale & Supply,27,6,602,both,
5,42442,Packaged Frozen Food Merchant Wholesalers,Wholesale & Supply,5,5,172,both,
5,42443,Dairy Product (except Dried or Canned) Merchant Wholesalers,Wholesale & Supply,12,9,198,both,
5,42444,Poultry and Poultry Product Merchant Wholesalers,Wholesale & Supply,10,6,44,both,
5,42445,Confectionery Merchant Wholesalers,Wholesale & Supply,0,0,58,both,
5,42446,Fish and Seafood Merchant Wholesalers,Wholesale & Supply,2,1,128,both,
5,42447,Meat and Meat Product Merchant Wholesalers,Wholesale & Supply,9,6,207,both,
5,42448,Fresh Fruit and Vegetable Merchant Wholesalers,Wholesale & Supply,19,6,715,both,
5,42449,Other Grocery and Related Products Merchant Wholesalers,Wholesale & Supply,108,38,619,both,
5,42451,Grain and Field Bean Merchant Wholesalers,Wholesale & Supply,0,0,151,both,
5,42452,Livestock Merchant Wholesalers,Wholesale & Supply,0,0,38,both,
5,42459,Other Farm Product Raw Material Merchant Wholesalers,Wholesale & Supply,0,0,95,both,
5,42461,Plastics Materials and Basic Forms and Shapes Merchant Wholesalers,Wholesale & Supply,1,1,233,both,
5,42469,Other Chemical and Allied Products Merchant Wholesalers,Wholesale & Supply,14,11,1015,both,
5,42481,Beer and Ale Merchant Wholesalers,Wholesale & Supply,0,0,80,both,
5,42482,Wine and Distilled Alcoholic Beverage Merchant Wholesalers,Wholesale & Supply,0,0,162,both,
5,42491,Farm Supplies Merchant Wholesalers,Wholesale & Supply,0,0,244,both,
5,42493,"Flower, Nursery Stock, and Florists' Supplies Merchant Wholesalers",Wholesale & Supply,1,1,101,both,
5,42494,Tobacco Product and Electronic Cigarette Merchant Wholesalers,Wholesale & Supply,0,0,21,both,
5,42495,"Paint, Varnish, and Supplies Merchant Wholesalers",Wholesale & Supply,15,6,153,both,
5,42499,Other Miscellaneous Nondurable Goods Merchant Wholesalers,Wholesale & Supply,7,4,805,both,
5,42511,Business to Business Electronic Markets,Wholesale & Supply,0,0,107,data_only,vintage/non-2022 NAICS
5,42512,Wholesale Trade Agents and Brokers,Wholesale & Supply,49,31,2273,both,
5,44111,New Car Dealers,Wholesale & Supply,73,8,1125,both,
5,44112,Used Car Dealers,Wholesale & Supply,0,0,417,both,
5,44121,Recreational Vehicle Dealers,Wholesale & Supply,1,1,323,both,
5,44122,"Motorcycle, Boat, and Other Motor Vehicle Dealers",Wholesale & Supply,69,32,1120,both,
5,44131,Automotive Parts and Accessories Stores,Wholesale & Supply,2,1,311,data_only,vintage/non-2022 NAICS
5,44132,Tire Dealers,Wholesale & Supply,0,0,174,data_only,vintage/non-2022 NAICS
5,44133,Automotive Parts and Accessories Retailers,Wholesale & Supply,5,5,506,both,
5,44134,Tire Dealers,Wholesale & Supply,1,1,169,both,
5,44211,Furniture Stores,Wholesale & Supply,0,0,255,data_only,vintage/non-2022 NAICS
5,44221,Floor Covering Stores,Wholesale & Supply,0,0,118,data_only,vintage/non-2022 NAICS
5,44229,Other Home Furnishings Stores,Wholesale & Supply,2,1,178,data_only,vintage/non-2022 NAICS
5,44411,Home Centers,Wholesale & Supply,55036,3,156,both,
5,44412,Paint and Wallpaper Retailers,Wholesale & Supply,0,0,3033,both,
5,44413,Hardware Stores,Wholesale & Supply,15276,4,257,data_only,vintage/non-2022 NAICS
5,44414,Hardware Retailers,Wholesale & Supply,24,18,423,both,
5,44418,Other Building Material Dealers,Wholesale & Supply,187,101,393,both,
5,44419,Other Building Material Dealers,Wholesale & Supply,3,1,257,data_only,vintage/non-2022 NAICS
5,44421,Outdoor Power Equipment Stores,Wholesale & Supply,1,1,106,data_only,vintage/non-2022 NAICS
5,44422,"Nursery, Garden Center, and Farm Supply Stores",Wholesale & Supply,0,0,94,data_only,vintage/non-2022 NAICS
5,44423,Outdoor Power Equipment Retailers,Wholesale & Supply,0,0,200,both,
5,44424,"Nursery, Garden Center, and Farm Supply Retailers",Wholesale & Supply,3,1,159,both,
5,44811,Men's Clothing Stores,Wholesale & Supply,0,0,46,data_only,vintage/non-2022 NAICS
5,44812,Women's Clothing Stores,Wholesale & Supply,0,0,151,data_only,vintage/non-2022 NAICS
5,44813,Children's and Infants' Clothing Stores,Wholesale & Supply,0,0,33,data_only,vintage/non-2022 NAICS
5,44814,Family Clothing Stores,Wholesale & Supply,0,0,116,data_only,vintage/non-2022 NAICS
5,44815,Clothing Accessories Stores,Wholesale & Supply,0,0,131,data_only,vintage/non-2022 NAICS
5,44819,Other Clothing Stores,Wholesale & Supply,1,1,131,data_only,vintage/non-2022 NAICS
5,44821,Shoe Stores,Wholesale & Supply,0,0,69,data_only,vintage/non-2022 NAICS
5,44831,Jewelry Stores,Wholesale & Supply,0,0,40,data_only,vintage/non-2022 NAICS
5,44832,Luggage and Leather Goods Stores,Wholesale & Supply,0,0,13,data_only,vintage/non-2022 NAICS
5,44911,Furniture Retailers,Wholesale & Supply,12,7,538,both,
5,44912,Home Furnishings Retailers,Wholesale & Supply,7,5,464,both,
5,45111,Sporting Goods Stores,Wholesale & Supply,0,0,252,data_only,vintage/non-2022 NAICS
5,45112,"Hobby, Toy, and Game Stores",Wholesale & Supply,0,0,35,data_only,vintage/non-2022 NAICS
5,45113,"Sewing, Needlework, and Piece Goods Stores",Wholesale & Supply,0,0,37,data_only,vintage/non-2022 NAICS
5,45114,Musical Instrument and Supplies Stores,Wholesale & Supply,0,0,89,data_only,vintage/non-2022 NAICS
5,45221,Department Stores,Wholesale & Supply,0,0,15,data_only,vintage/non-2022 NAICS
5,45311,Florists,Wholesale & Supply,0,0,42,data_only,vintage/non-2022 NAICS
5,45321,Office Supplies and Stationery Stores,Wholesale & Supply,34103,10,284,data_only,vintage/non-2022 NAICS
5,45322,"Gift, Novelty, and Souvenir Stores",Wholesale & Supply,0,0,148,data_only,vintage/non-2022 NAICS
5,45331,Used Merchandise Stores,Wholesale & Supply,0,0,33,data_only,vintage/non-2022 NAICS
5,45391,Pet and Pet Supplies Stores,Wholesale & Supply,0,0,41,data_only,vintage/non-2022 NAICS
5,45392,Art Dealers,Wholesale & Supply,1,1,145,data_only,vintage/non-2022 NAICS
5,45393,Manufactured (Mobile) Home Dealers,Wholesale & Supply,0,0,30,data_only,vintage/non-2022 NAICS
5,45399,All Other Miscellaneous Store Retailers,Wholesale & Supply,2,1,666,data_only,vintage/non-2022 NAICS
5,45411,Electronic Shopping and Mail-Order Houses,Wholesale & Supply,0,0,601,data_only,vintage/non-2022 NAICS
5,45421,Vending Machine Operators,Wholesale & Supply,0,0,161,data_only,vintage/non-2022 NAICS
5,45511,Department Stores,Wholesale & Supply,0,0,45,both,
5,45811,Clothing and Clothing Accessories Retailers,Wholesale & Supply,25,15,980,both,
5,45821,Shoe Retailers,Wholesale & Supply,3,2,158,both,
5,45831,Jewelry Retailers,Wholesale & Supply,0,0,55,both,
5,45832,Luggage and Leather Goods Retailers,Wholesale & Supply,0,0,30,both,
5,45911,Sporting Goods Retailers,Wholesale & Supply,4,4,544,both,
5,45912,"Hobby, Toy, and Game Retailers",Wholesale & Supply,0,0,108,both,
5,45913,"Sewing, Needlework, and Piece Goods Retailers",Wholesale & Supply,1,1,52,both,
5,45914,Musical Instrument and Supplies Retailers,Wholesale & Supply,0,0,168,both,
5,45921,Book Retailers and News Dealers,Wholesale & Supply,0,0,114,both,
5,45931,Florists,Wholesale & Supply,0,0,72,both,
5,45941,Office Supplies and Stationery Retailers,Wholesale & Supply,21,11,637,both,
5,45942,"Gift, Novelty, and Souvenir Retailers",Wholesale & Supply,0,0,272,both,
5,45951,Used Merchandise Retailers,Wholesale & Supply,1,1,126,both,
5,45991,Pet and Pet Supplies Retailers,Wholesale & Supply,1,1,81,both,
5,45992,Art Dealers,Wholesale & Supply,1,1,262,both,
5,45993,Manufactured (Mobile) Home Dealers,Wholesale & Supply,0,0,34,both,
5,45999,All Other Miscellaneous Retailers,Wholesale & Supply,25,14,1189,both,
5,53221,Consumer Electronics and Appliances Rental,Wholesale & Supply,10,6,80,both,
5,53228,Other Consumer Goods Rental,Wholesale & Supply,106,54,989,both,
5,53231,General Rental Centers,Wholesale & Supply,101,11,302,both,
5,53242,Office Machinery and Equipment Rental and Leasing,Wholesale & Supply,301,56,547,both,
5,53249,Other Commercial and Industrial Machinery and Equipment Rental and Leasing,Wholesale & Supply,415,165,1244,both,
4,4231,Motor Vehicle and Motor Vehicle Parts and Supplies Merchant Wholesalers,Wholesale & Supply,83,34,1606,both,
4,4232,Furniture and Home Furnishing Merchant Wholesalers,Wholesale & Supply,7,7,1095,both,
4,4233,Lumber and Other Construction Materials Merchant Wholesalers,Wholesale & Supply,216,16,1707,both,
4,4234,Professional and Commercial Equipment and Supplies Merchant Wholesalers,Wholesale & Supply,90301,384,14023,both,
4,4235,Metal and Mineral (except Petroleum) Merchant Wholesalers,Wholesale & Supply,1,1,1034,both,
4,4236,Household Appliances and Electrical and Electronic Goods Merchant Wholesalers,Wholesale & Supply,4237,93,4889,both,
4,4237,"Hardware, and Plumbing and Heating Equipment and Supplies Merchant Wholesalers",Wholesale & Supply,28566,54,3460,both,
4,4238,"Machinery, Equipment, and Supplies Merchant Wholesalers",Wholesale & Supply,54423,139,9493,both,
4,4239,Miscellaneous Durable Goods Merchant Wholesalers,Wholesale & Supply,661,24,3838,both,
4,4241,Paper and Paper Product Merchant Wholesalers,Wholesale & Supply,1988,26,1598,both,
4,4242,Drugs and Druggists' Sundries Merchant Wholesalers,Wholesale & Supply,34896,19,653,both,
4,4243,"Apparel, Piece Goods, and Notions Merchant Wholesalers",Wholesale & Supply,47,16,839,both,
4,4244,Grocery and Related Product Merchant Wholesalers,Wholesale & Supply,192,65,2743,both,
4,4245,Farm Product Raw Material Merchant Wholesalers,Wholesale & Supply,0,0,284,both,
4,4246,Chemical and Allied Products Merchant Wholesalers,Wholesale & Supply,15,11,1248,both,
4,4248,"Beer, Wine, and Distilled Alcoholic Beverage Merchant Wholesalers",Wholesale & Supply,0,0,242,both,
4,4249,Miscellaneous Nondurable Goods Merchant Wholesalers,Wholesale & Supply,41,22,1514,both,
4,4251,Wholesale Trade Agents and Brokers,Wholesale & Supply,49,31,2380,both,
4,4411,Automobile Dealers,Wholesale & Supply,73,8,1542,both,
4,4412,Other Motor Vehicle Dealers,Wholesale & Supply,70,33,1443,both,
4,4413,"Automotive Parts, Accessories, and Tire Retailers",Wholesale & Supply,8,7,1160,both,
4,4421,Furniture Stores,Wholesale & Supply,0,0,255,data_only,vintage/non-2022 NAICS
4,4422,Home Furnishings Stores,Wholesale & Supply,2,1,296,data_only,vintage/non-2022 NAICS
4,4441,Building Material and Supplies Dealers,Wholesale & Supply,70526,122,4519,both,
4,4442,Lawn and Garden Equipment and Supplies Retailers,Wholesale & Supply,4,2,559,both,
4,4481,Clothing Stores,Wholesale & Supply,1,1,608,data_only,vintage/non-2022 NAICS
4,4482,Shoe Stores,Wholesale & Supply,0,0,69,data_only,vintage/non-2022 NAICS
4,4483,"Jewelry, Luggage, and Leather Goods Stores",Wholesale & Supply,0,0,53,data_only,vintage/non-2022 NAICS
4,4491,Furniture and Home Furnishings Retailers,Wholesale & Supply,19,11,1002,both,
4,4511,"Sporting Goods, Hobby, and Musical Instrument Stores",Wholesale & Supply,0,0,413,data_only,vintage/non-2022 NAICS
4,4522,Department Stores,Wholesale & Supply,0,0,15,data_only,vintage/non-2022 NAICS
4,4531,Florists,Wholesale & Supply,0,0,42,data_only,vintage/non-2022 NAICS
4,4532,"Office Supplies, Stationery, and Gift Stores",Wholesale & Supply,34103,10,432,data_only,vintage/non-2022 NAICS
4,4533,Used Merchandise Stores,Wholesale & Supply,0,0,33,data_only,vintage/non-2022 NAICS
4,4539,Other Miscellaneous Store Retailers,Wholesale & Supply,3,2,882,data_only,vintage/non-2022 NAICS
4,4541,Electronic Shopping and Mail-Order Houses,Wholesale & Supply,0,0,601,data_only,vintage/non-2022 NAICS
4,4542,Vending Machine Operators,Wholesale & Supply,0,0,161,data_only,vintage/non-2022 NAICS
4,4551,Department Stores,Wholesale & Supply,0,0,45,both,
4,4581,Clothing and Clothing Accessories Retailers,Wholesale & Supply,25,15,980,both,
4,4582,Shoe Retailers,Wholesale & Supply,3,2,158,both,
4,4583,"Jewelry, Luggage, and Leather Goods Retailers",Wholesale & Supply,0,0,85,both,
4,4591,"Sporting Goods, Hobby, and Musical Instrument Retailers",Wholesale & Supply,5,5,872,both,
4,4592,Book Retailers and News Dealers,Wholesale & Supply,0,0,114,both,
4,4593,Florists,Wholesale & Supply,0,0,72,both,
4,4594,"Office Supplies, Stationery, and Gift Retailers",Wholesale & Supply,21,11,909,both,
4,4595,Used Merchandise Retailers,Wholesale & Supply,1,1,126,both,
4,4599,Other Miscellaneous Retailers,Wholesale & Supply,27,16,1566,both,
4,5322,Consumer Goods Rental,Wholesale & Supply,116,59,1069,both,
4,5323,General Rental Centers,Wholesale & Supply,101,11,302,both,
4,5324,Commercial and Industrial Machinery and Equipment Rental and Leasing,Wholesale & Supply,887,273,3256,both,
3,423,"Merchant Wholesalers, Durable Goods",Wholesale & Supply,178495,716,41145,both,
3,424,"Merchant Wholesalers, Nondurable Goods",Wholesale & Supply,37240,181,10585,both,MULTI-VERTICAL span: Wholesale & Supply:37179; Energy & Utilities:61
3,425,Wholesale Trade Agents and Brokers,Wholesale & Supply,49,31,2380,both,
3,441,Motor Vehicle and Parts Dealers,Wholesale & Supply,151,46,4145,both,
3,442,Furniture and Home Furnishings Stores,Wholesale & Supply,2,1,551,data_only,vintage/non-2022 NAICS
3,444,Building Material and Garden Equipment and Supplies Dealers,Wholesale & Supply,70530,124,5078,both,
3,448,Clothing and Clothing Accessories Stores,Wholesale & Supply,1,1,730,data_only,vintage/non-2022 NAICS
3,449,"Furniture, Home Furnishings, Electronics, and Appliance Retailers",Wholesale & Supply,35,24,1456,both,MULTI-VERTICAL span: Wholesale & Supply:19; Information Technology & Software:16
3,451,"Sporting Goods, Hobby, Musical Instrument, and Book Stores",Wholesale & Supply,0,0,462,data_only,vintage/non-2022 NAICS | MULTI-VERTICAL span: Media & Publishing:0; Wholesale & Supply:0
3,452,General Merchandise Stores,Wholesale & Supply,0,0,147,data_only,vintage/non-2022 NAICS | MULTI-VERTICAL span: Transportation & Logistics:0; Wholesale & Supply:0
3,453,Miscellaneous Store Retailers,Wholesale & Supply,34106,12,1389,data_only,vintage/non-2022 NAICS
3,458,"Clothing, Clothing Accessories, Shoe, and Jewelry Retailers",Wholesale & Supply,28,17,1223,both,
3,459,"Sporting Goods, Hobby, Musical Instrument, Book, and Miscellaneous Retailers",Wholesale & Supply,54,31,3659,both,
3,532,Rental and Leasing Services,Wholesale & Supply,2063,450,5790,both,MULTI-VERTICAL span: Wholesale & Supply:1104; Transportation & Logistics:959
2,42,Wholesale Trade,Wholesale & Supply,215784,916,54110,both,MULTI-VERTICAL span: Wholesale & Supply:215723; Energy & Utilities:61
2,44,Retail Trade,Wholesale & Supply,71171,203,14881,both,"MULTI-VERTICAL span: Wholesale & Supply:70703; Information Technology & Software:462; Healthcare & Life Sciences:4; Food, Agriculture & Beverage:2; Energy & Utilities:0"
2,45,Retail Trade,Wholesale & Supply,34469,113,11454,both,MULTI-VERTICAL span: Wholesale & Supply:34188; Energy & Utilities:193; Healthcare & Life Sciences:82; Transportation & Logistics:6; Media & Publishing:0
2,53,Real Estate and Rental and Leasing,Wholesale & Supply,2869,745,39111,both,MULTI-VERTICAL span: Wholesale & Supply:1104; Transportation & Logistics:959; Real Estate:802; Financial & Insurance:4
