subawardee_uei,subawardee_name,entity_url,company_linkedin_url
LYGTLK9BANL7,"ENFOCUS CONSULTING GROUP, LLC",http://www.enfocusgroupllc.com,https://linkedin.com/company/enfocus-consulting-group-llc
LYKSDHA54JA4,"MILDEF, INC.",www.MilDef.com,https://linkedin.com/company/mildef-group
LYL5EHEKNM37,"ULTIMATE SOLUTIONS, INC.",www.usinc-la.com,
LYLCUJLT4RD7,NEXTECH SOLUTIONS LLC,,
LYMKSJG6DLQ5,PATRIOT LLC,http://www.patriotllc.net,https://linkedin.com/company/patriot-llc
LYMMRYHULW63,CROWN CASTLE FIBER LLC,https://fiber.crowncastle.com,
LYREAG296M63,"LTM, INCORPORATED",http://www.kniferiver.com,https://linkedin.com/company/knife-river-corporation
LYRVK9NS4985,"EDGE AUTONOMY HUNTSVILLE, LLC",https://rdw.com,
LYS6LAXVKFJ9,"SYSTEMS TECHNOLOGY & RESEARCH, INC",http://www.star-hq.com,https://linkedin.com/company/systems-technology-and-research-llc
LYSJRZNLBFD5,AUSTIN MACHINE CO,www.austinmachine.net,https://linkedin.com/company/austin-machine
LYSTBJSGN458,ARCHARITHMS INC,http://www.arcarithm.com,https://linkedin.com/company/arcarithm
LYTNKR4UL633,HEINTGES CONSULTING ARCHITECTS & ENGINEERS P.C.,www.heintges.com,https://linkedin.com/company/heintgesconsulting
LYVLXMPUMAA5,"EXCELSIOR BLOWER SYSTEMS, INC.",http://www.excelsiorblower.com,https://linkedin.com/company/excelsior-blower-systems-inc.
LYVPVBLFBBX8,ALABAMA COMMERCIAL CONSTRUCTION LLC,www.alabamacommercialconstuction.com,
LYWQFR7MMKY5,HOOPER CORPORATION,hoopercorp.com,https://linkedin.com/company/hooper-corporation
LYXBWDHL4VR9,TD SYNNEX CORPORATION,http://www.tdsynnex.com,https://linkedin.com/company/tdsynnex
LYXLY2LCNNH3,CABLE ASSEMBLIES INC.,CABLEASSEMBLIESINC.COM,https://linkedin.com/company/cable-assemblies-inc
LYYPWA1RGQK5,"LEADERSHIP FOR THE GENERATIONS, LLC",https//leadershipforthegenerations.com,
LYYUWHKK7FB5,OPENSESAME INC,https://www.opensesame.com,https://linkedin.com/company/opensesame_2
LYZKZV48ES94,THE TIMKEN COMPANY,www.timken.com,https://linkedin.com/company/the-timken-company
LYZLGNHGSTS3,MICROTECH INC,http://www.microtech-inc.com,https://linkedin.com/company/microtech-inc
LYZZQ41ZHNB9,SENECA BALANCE OF MARYLAND LLC,https://integratesting.com/,https://linkedin.com/company/integra-testing-services
LZ53AT1DCF44,"CHEROKEE NATION OPERATIONAL SOLUTIONS, L.L.C.",www.cherokee-federal.com,https://linkedin.com/company/cherokee-federal
LZ6NB62ETQP6,CONCORDE BATTERY CORPORATION,https://concordebattery.com/,https://linkedin.com/company/concorde-battery-corporation
LZ73AQDCDPE5,"VALITYX, INC",ValityX.com,
LZ8CEUWMJNN7,"INDUSTRIAL PRODUCTS PLUS, INC.",http://www.ipp-usa.com,https://linkedin.com/company/installers-inc
LZ8NXEBM6ZV4,"FLIGHT TEST & MECHANICAL SOLUTIONS, INC",www.fmsaero.com,https://linkedin.com/company/fms-aerospace
LZA6C4U8VZX5,DERCON DESIGN & BUILD SRL,,
LZC4LL9AKFB6,"PROSYS INFORMATION SYSTEMS, INC",http://www.prosysis.com,https://linkedin.com/company/prosys
LZEYRG45ZGJ7,"MALKO COMMUNICATION SERVICES, LLC",https://www.malko.solutions/,https://linkedin.com/company/malko-communcation-services
LZGKVXN28BY5,FLASH PROFESSIONAL SERVICES LLC,www.flashprofessionalservices.com,
LZGRU1ZA1L65,CARPENTER TECHNOLOGY CORPORATION,www.carpentertechnology.com,https://linkedin.com/company/carpenter-technology
LZH3F561B6Y8,"CONTINENTAL BLOWER, LLC",,
LZJGFBLKFEW6,NETIMPACT STRATEGIES INC,http://www.netimpactstrategies.com,https://linkedin.com/company/netimpact-strategies-inc.
LZLMTUN95QK6,TRINITY OF UTAH INCORPORATED,www.TrinityCSI.com,https://linkedin.com/company/trinity-computer-solutions-inc.
LZMEJ3FGDE95,INFOSPAN GLOBAL LLC,,
LZNQL4SJ2C32,DYSOL INC,www.socomore.com,https://linkedin.com/company/socomore-the-surface-company
LZPMJJD1BG35,NCYBER LLC,www.ncyber.com,https://linkedin.com/company/ncyber-llc
LZS5N92JELB8,STATION HYPO PRIME LLC,,
LZSHEYAH2EJ8,NODE.DIGITAL LLC,www.nodeitx.com,
LZSNXN2JL9Y4,"HEUBEL MATERIAL HANDLING, INC.",http://www.raymond-central.com,https://linkedin.com/company/heubelshaw
LZT5MK73Z7M3,"SAGEGUILD, LLC",www.sageguild.com,https://linkedin.com/company/sageguild
LZTKZJL927B4,FREUDENBERG-NOK GENERAL PARTNERSHIP,,
LZVYDAU9MLF3,HOPLITE GROUP LLC,https://www.thehoplitegroup.com,https://linkedin.com/company/the-hoplite-group
LZXMCCPM7X88,BLM - GESELLSCHAFT FÜR BOHRLOCHMESSUNGEN MBH,,
LZYJC42JTNT9,GE AVIATION SYSTEMS LLC,http://www.ge.com,https://linkedin.com/company/ge
LZZWKDET29A7,MICROSEMI SOC CORP.,http://www.microsemi.com,https://linkedin.com/company/microsemi
M116R7UMF6K5,MANUFACTURING SCIENCES CORPORATION,mfgsci.com,https://linkedin.com/company/manufacturing-sciences-corporation
M125ET2M59Z3,CREATIVE BUILDS CORPORATION,https://www.creativebuildsusa.com,https://linkedin.com/company/jamie-partners-inc-dba-creative-builds
M13VJPL53MN4,REX HEAT TREAT LANSDALE INC,www.rexht.com,https://linkedin.com/company/rex-heat-treat
M14GE8PX53N5,FLUID SOLUTIONS LLC,,
M15UKUZVH6E7,ARCATA ASSOCIATES INC,,
M17AGS7FTKS8,"SERRANO'S, INC.",www.serranosinc.com,https://linkedin.com/company/serranos-inc
M187X3JK73X5,BLUELINE GLOBAL TECHNOLOGIES LLC,www.bluelineglobaltechnologies.com,
M18ESP2Q2GR5,"EUROFINS ENVIRONMENT TESTING AMERICA HOLDINGS, INC.",,
M1BVCGDKJ1L7,RAYTHEON COMPANY,https://www.rtx.com/,https://linkedin.com/company/raytheontechnologies
M1C8LAG3RLM5,ELECTRONIC SERVICES INCORPORATED,,
M1CJB5A82B85,"PRIME TIME COATINGS, INC",https://www.primetimecoatingsgov.com/,
M1CJN4NQVZ31,"RUSTY'S WEIGH SCALES & SERVICE, INC.",www.rustysweigh.com,https://linkedin.com/company/rusty-s-weigh-scales-service-inc
M1DKGJMKXCW6,TECHMAN SYSTEMS LLC,https://www.techmansystems.com,
M1EBUL5KNWL6,HENCHMAN CORP,,
M1G5TARMJJT4,"SINGLETON ELECTRIC COMPANY, INC.",,
M1GCZ32X34N3,ROOT INSTANCE LLC,https://www.rootinstance.com/,https://linkedin.com/company/root-instance
M1JYQN8G2N41,FEDERAL IDENTITY INC,,
M1KFHAL9J1M6,ICC COMMONWEALTH CORPORATION,http://www.icc-commonwealth.com,https://linkedin.com/company/icccommonwealth
M1KHJKBEDHQ3,GRAW RADIOSONDES GMBH & CO. KG,http://www.graw.de,https://linkedin.com/company/graw-radiosondes
M1L6TMXFNHE1,"BESTWAY INDUSTRIAL SUPPLY, INC.",http://www.bestwayco.com/,https://linkedin.com/company/bestway-industrial-supply-inc-
M1LHX84GJ4M1,"AEOLUS TECHNOLOGIES, INC.",https://www.aeolustec.com/,https://linkedin.com/company/aeolustec
M1LQD44NEJ56,"APPLIED COMPOSITE STRUCTURES, INC.",,
M1LVPE5GLSD9,"RUTGERS, THE STATE UNIVERSITY",,
M1NSMEJG5A23,BUSINESS CARD SERVICE INC,http://www.bcsinet.com,https://linkedin.com/company/bcsi---business-card-service-inc-
M1P4YFJ928R5,NOVO DR INC,www.novo-dr.com,
M1PXHLFNW547,"GREY MATTERS DEFENSE SOLUTIONS, LLC",www.greymattersdefense.com,https://linkedin.com/company/grey-matters-defense-solutions
M1REMNNG7NN1,ROGER LAMBERT CONSTRUCTION,,
M1SVUGX3E4N1,"WASHINGTON WORKPLACE, INC.",,
M1TEJL1TNCR9,"VCS DURABILITY, INC.",http://www.vcsdurability.com,
M1U3M3UVSHF5,MAVERICK AEROSPACE LLC,mavaero.com,https://linkedin.com/company/mavaero-llc
M1UUCPEKNTP3,FEMTOTEST LLC,http://femtotest.com/,https://linkedin.com/company/femtotest
M1UVKULWYZP9,RC CONSTRUCTION SERVICES INC,www.rcecm.com,https://linkedin.com/company/rc-engineering-and-construction-management
M1VER9WU2DL6,UNITED TEAM MECHANICAL LLC,,
M1YDV7K9UXT5,PHARMERICA LOGISTIC SERVICES LLC,,
M227DFMCJY67,INTUITIVE RESEARCH AND TECHNOLOGY CORPORATION,http://www.irtc-hq.com,https://linkedin.com/company/intuitiveresearch
M23WHK6U2RJ3,"TYLER FEDERAL, LLC",www.tylertech.com,https://linkedin.com/company/tyler-technologies
M25AW7P5S7K7,THE BOEING COMPANY,http://www.boeing.com/,https://linkedin.com/company/boeing
M272P7XFJNN7,ALASKA NATIVE TRIBAL HEALTH CONSORTIUM,,
M27WKGN2NK96,"QUALITY MANUFACTURING SERVICES, INC",www.qmscfl.com,https://linkedin.com/company/quality-manufacturing-services-inc-
M28TRJ74D256,AZ UNLIMITED CONSTRUCTION LLC,www.azunlimited.com,
M295Q1BGTPB6,"POWER TEST, LLC",www.powertestdyno.com,https://linkedin.com/company/power-test-inc-
M2ANFUEVX465,ORCHID TECHNOLOGIES INC,www.orchidtech.com,https://linkedin.com/company/orchid-technologies
M2CWYHH47CH4,FUTURES WITHOUT VIOLENCE,futureswithoutviolence.org,https://linkedin.com/company/futures-without-violence
M2DFWWCY4N81,TRANSDIGM INC,www.adelwiggins.com,https://linkedin.com/company/adelwigginsgroup
M2F7G6H73FL3,"OTAK, INC.",www.otak.com,https://linkedin.com/company/otak
M2FYKG7HP723,GENERAL ELECTRIC COMPANY,http://www.geaerospace.com,https://linkedin.com/company/geaerospace
M2G9MANNPVT7,"PROVAC SALES, INC",http://www.provac.com/,https://linkedin.com/company/provac-sales
M2J2E72FF9B2,SYSTEMSWORK INTERNATIONAL LLC,www.u3systemswork.com,https://linkedin.com/company/u3systemsworkinternational
M2JEMZNJW4G7,"K2 FIRM, LLC",http://www.k2firm.com,https://linkedin.com/company/k2-firm-llc
M2LAEWBHM9W4,"B & M MASONRY, INC.",,
M2MDNK9BMWE3,"ORBIT COMMUNICATION SYSTEMS, INC.",www.orbit-cs-usa.com,https://linkedin.com/company/orbit-communication-systems-inc
M2R1EHNKL253,"INTERNATIONAL ARCHAEOLOGY, LLC",www.iaoceania.com,
M2RTJBWDMS91,"W.A. CHESTER, L.L.C.",,
M2S4MH6F5JL9,JAYNES CORPORATION,,
M2TWG1JBED21,"RADCO, INC.",,
M2WTH1QNRD95,"CUSTOM STAINLESS ENCLOSURES, INC",,
M2X9XYDRRAT8,KALP TARU SOLUTIONS LLC,,
M2XAYNY2P889,"POWELL ELECTRONICS, INC.",https://www.powell.com,https://linkedin.com/company/powell-electronics
M317DBPYXPJ3,FASTENAL COMPANY,,
M329SAY3YAL4,"SOURCE MANAGEMENT, INC.",https://www.sourceot.com,https://linkedin.com/company/source-office-products
M336EV5K3YZ3,AMERICAN ENGINEERING CORPORATION,www.aec-japan.co.jp,https://linkedin.com/company/american-engineering-corporation-aec-japan-
M336MAMFLXM1,ELLISYS CORP,http://www.ellisys.com,https://linkedin.com/company/ellisys
M33LHLK4UN85,"IVISION, INC.",http://www.ivisionconsulting.com,https://linkedin.com/company/ivision-inc
M33RDNML7LD3,FWG SOLUTIONS INC,https://fwgsolutions.com/,https://linkedin.com/company/fwg-solutions
M34VC7UDBDE6,"ADL EMBEDDED SOLUTIONS, INC.",https://www.adl-usa.com,https://linkedin.com/company/adl-embedded-solutions
M34XAS4TJHL1,STEIGER DYNAMICS LLC,www.steigerdynamics.com,https://linkedin.com/company/steiger-dynamics-llc
M354RK2MFJL9,VANDERLANDE INDUSTRIES INC.,http://www.vanderlande.com,https://linkedin.com/company/vanderlande
M35GH3D51MH6,CLAUSS CONSTRUCTION,http://www.claussconstruction.com,https://linkedin.com/company/clauss-construction
M3DSAMDJMXY8,"THOMAS INSTRUMENT, INCORPORATED",http://www.thomasinstrument.com,https://linkedin.com/company/thomas-instrument
M3EEGXBXLMP4,"WORKCARE, INC.",http://www.workcare.com,https://linkedin.com/company/workcare-inc-
M3EFASR74Y88,AYUDA COMPANIES,https://www.ayudacompanies.com,https://linkedin.com/company/ayuda-companies
M3ERUKB9BCA6,"MAPCO, INC",,
M3F3N7LEJZD5,INTEL FEDERAL LLC,,
M3F8L7KDJ2N5,"ADVANCED TORQUE PRODUCTS, LLC",www.AdvancedTorque.com,https://linkedin.com/company/advanced-torque-products
M3GAMC7MU5Y5,SCORPION SECURITY SERVICES LLC,scorpionsecurity.net,
M3GAQBN4BWH6,HUDSONALPHA INSTITUTE FOR BIOTECHNOLOGY,www.hudsonalpha.org,https://linkedin.com/company/hudsonalpha-institute-for-biotechnology
M3GPJ7FG59U7,"ADVANCE EMPLOYEE INTELLIGENCE, LLC",www.aeicompany.com,https://linkedin.com/company/advance-employee-intelligence-llc
M3HNK3FNQ8M1,CRAIG TECHNICAL CONSULTING INC,www.craigtechinc.com,https://linkedin.com/company/craig-technologies
M3KHEEYRM1S6,CHILDREN'S RESEARCH INSTITUTE,http://www.childrensnational.org/,https://linkedin.com/company/children's-national-medical-center
M3LXM7QKQEN1,PERFORMANCE ROOFING INC,http://www.abestroofing.com,https://linkedin.com/company/a-best-roofing-tulsa
M3MMUF255NY1,VIVALDI BIOSCIENCES INC.,www.vivaldibiosciences.com,https://linkedin.com/company/vivaldi-biosciences-inc-
M3NTWT3ANC39,HORIZON DISTRIBUTION INC,www.horizondistribution.com,https://linkedin.com/company/horizondistribution
M3Q9CGNCLZA9,HIGHWAY EQUIPMENT COMPANY,www.highway-equipment.com,https://linkedin.com/company/highway-equipment-co-
M3RMX2BJWLL5,FRED & SONS INC,www.fredandsonsinc.com,https://linkedin.com/company/fred-&-sons-inc.
M3RYEADSETP7,"WINGSWEPT, LLC",https://www.wingswept.com,https://linkedin.com/company/wingswept
M3S7QKFTB3W5,"ALVAREZ & MARSAL FEDERAL, LLC",https://www.alvarezandmarsal.com/federal,https://linkedin.com/company/alvarez-&-marsal
M3UQMF7QPU49,Q-TECH CORP,WWW.Q-TECH.COM,https://linkedin.com/company/qtechcorporation
M3VMMKVPDGK3,VOLTICAN INC.,https://www.voltican.com,https://linkedin.com/company/voltican
M3XYWJ56WCV4,COLEHOUR + COHEN INC.,http://www.cplusc.com,https://linkedin.com/company/colehour---cohen
M3Z2GC9ELK25,INFOMARINES INC.,https://www.infomarines.com,https://linkedin.com/company/infomarines
M3ZNG4NP33E8,STEVENS CENTER MANAGEMENT COMPANY,,
M42FB4JKXQS4,"SHERWOOD AVIONICS AND ACCESSORIES, INC.",http://www.sherwoodaviation.com/,https://linkedin.com/company/sherwood-aviation
M44TGLVY8LQ1,"MILPOWER SOURCE, INC.",www.milpower.com,https://linkedin.com/company/milpowersource
M451MX4QT2B5,CADG ENGINEERING PTE. LTD.,www.cadg.com,https://linkedin.com/company/central-asia-development-group-cadg-
M45GF2X8JRN9,ECO TEC INC,http://www.adsorbit.com,https://linkedin.com/company/eco-tec-inc.
M467BSNHK9J8,KATO ENGINEERING INC.,,
M46UYYHVH4B1,"AFFIGENT, LLC",http://www.Affigent.com,https://linkedin.com/company/affigent-llc
M47BF35WGFC5,"ETHOS SYSTEMS, INC.",https://www.ethossystems.com/,https://linkedin.com/company/learntowin
M481QF2X37W5,"ROCKET COMMUNICATIONS, INC",http://www.rocketcom.com,https://linkedin.com/company/rocket-communications
M48HRNYWNUD7,LOC PERFORMANCE PRODUCTS LLC,www.locper.com,
M49FJ6JK49N4,BIRD ELECTRIC CORPORATION,www.birdelectric.com,https://linkedin.com/company/bird-electric-corporation
M4A7M2QEYB14,SERVICIOS INCORPORADOS DE CONSERJERIA SOCIEDAD ANONIMA,,
M4ABVH8SZB43,NEXGEN CRANE AND RIGGING,,
M4ANYAZ8Q6H8,"SETRA SYSTEMS, INC.",https://www.gemssensors.com/,https://linkedin.com/company/gems-sensors
M4ASRFB1DHT8,ASCEND GLOBAL SUPPORT LLC,www.ascendglobalsupport.com,https://linkedin.com/company/ascend-global-support
M4BHFR4QMUL5,NALCO COMPANY LLC,www.ecolab.com/nalco-water,https://linkedin.com/company/ecolab
M4ENCXYUNPK1,NATIONAL CONSULTING PARTNERS LLC,ncp-llc.com,https://linkedin.com/company/national-consulting-partners
M4FCMXZKG1M1,ABB INC,www.abb.com,
M4HHQ78LJBQ8,"HATFIELD AND COMPANY, INC.",www.hatfieldandcompany.com,https://linkedin.com/company/hatfield-and-company-inc
M4JUCVDCBA98,"PRO-TEM, INC.",www.pti-sys.com,
M4KDZ8GCL7J4,"HOPEWELL DESIGNS, INC.",www.hopewelldesigns.com,https://linkedin.com/company/hopewell-designs-inc
M4KXURALL5N5,MATERION ADVANCED CHEMICALS INC,http://www.materion.com,https://linkedin.com/company/materion-corporation
M4MPNGLVPA67,HELIGEAR ACQUISITION CO.,,
M4N8GKXCL9A4,"WARRIORS SOLUTIONS GROUP, LLC",http://www.getwarriors.com,
M4NEX9DKKHY1,"W. W. GAY MECHANICAL CONTRACTOR, INC.",http://www.wwgmc.com/,https://linkedin.com/company/wwgaymechanicalcontractorinc
M4QUHJT9JAX6,"CYPRESS TECHNOLOGY ADVISORS, LLC",www.cypresstechadvisors.com,https://linkedin.com/company/cypress-technology-advisors
M4RVYNJZN1Y3,PELICAN ASSETS CONSULTING LLC,,
M4TNKR1BMB64,LUSTER NATIONAL INC,http://www.luster.com//,https://linkedin.com/company/luster-national-inc
M4V3L78CHLL4,"CHICKASAW CREEK TERMINAL, LLC",https://zarzourco.com/chickasaw-marine-terminal/,
M4VAJMDJJ2V6,MITCHELL ACOUSTICS & DRYWALL INC,mitchellacoustics.net,
M4VJYL9JA8A9,MYSTERY RANCH LLC,www.mysteryranch.com,https://linkedin.com/company/mystery-ranch
M4WJHLJG6QB9,"ENGINEERING/REMEDIATION RESOURCES GROUP, INC.",http://www.errg.com,https://linkedin.com/company/errg
M4XCCVPAD4C1,HUBFIRST LLC,www.HUBFirst.com,https://linkedin.com/company/hubfirst
M53JNJ9H9AY3,INTERNATIONAL BUSINESS MACHINES CORPORATION,www.ibm.com,https://linkedin.com/company/ibm
M53XLLUXH5K6,JACOBS TECHNOLOGY INC.,,
M546TYMAHCT5,"CONTRACT DECOR, INC.",,
M54THB4JG6J5,"SOUTHERN GAS AND SUPPLY OF BIRM., L.L.C.",,
M553NMG2GTR6,NORTECH SYSTEMS INC,http://www.nortechsys.com,https://linkedin.com/company/nortech-systems
M562SYA4Y3N5,API GROUP LIFE SAFETY USA LLC,,
M565EYSP9Z85,"TEX-TECH INDUSTRIES, INC.",,
M566D4KK3WH3,XACT TECHNOLOGIES USA CORPORATION,www.xactusa.com,
M58FN1ML81K7,1 SYNC PYRAMID LLC,,
M58LEABVSS17,"TIBIDABO SCIENTIFIC INDUSTRIES (USA), INC.",,
M5A4J84PNFU1,WESTONE LOGISTICS LLC,http://westonelogistics.com,https://linkedin.com/company/westone-logistics-llc
M5AYZAUFNNL7,VENTECH/SNAP JOINT VENTURE LLC,,
M5C4LNY7F9C4,VIDIZMO LLC,www.vidizmo.ai,https://linkedin.com/company/vidizmo
M5C5RAM7NN89,BOUND TREE MEDICAL LLC,http://www.boundtree.com,https://linkedin.com/company/bound-tree-medical
M5CCTLDK2SU3,OASIS SYSTEMS LLC,,
M5F4KN9X3757,GOODRICH CORPORATION,https://www.collinsaerospace.com/,https://linkedin.com/company/collins-aerospace
M5GPAK8VC133,"EIGHT ELEVEN GROUP, LLC",http://www.eightelevengroup.com,https://linkedin.com/company/eight-eleven-group
M5H1RV1KFDY1,"STUDIO SCIENCE, LLC",,
M5HBU5ZXNN81,"SCI TECHNOLOGY, INC",http://www.sci.com,https://linkedin.com/company/sci-technology
M5JUJZNAZTA4,GRAVIS TECHNOLOGIES INC,http://gravistech.com,https://linkedin.com/company/gravis-tech
M5K5JUQ3NRG9,GREENMAN-PEDERSEN INC,http://www.gpinet.com,https://linkedin.com/company/greenman-pedersen-inc-
M5LEC1NKCML7,"PIVOT PATH SOLUTIONS, LLC",https://www.pivotpathsolutions.com/,https://linkedin.com/company/pivot-path-solutions
M5LUG7KAKEJ4,"BOWHEAD ENTERPRISE, SCIENCE AND TECHNOLOGY, LLC",www.bowhead.com,https://linkedin.com/company/bowheadfamilyofcompanies
M5MTP4EXQYD6,VIRPIE INC.,www.virpietech.com,https://linkedin.com/company/virpie-inc
M5N8FN5LBTV1,DCAA CENTRAL REGION,,
M5NBHSLTLKH3,AEI ELECTRIC LLC,,
M5NWCBJCKST7,"MANAGEMENT SYSTEMS INTERNATIONAL, INC.",http://www.msiworldwide.com,https://linkedin.com/company/management-systems-international
M5Q1LEJV64M5,SOLAS GROUP LLC,,
M5SDAVB9VN79,FRANKLIN MILLER INC,www.franklinmiller.com,https://linkedin.com/company/franklin-miller
M5SZJ6VHUHN8,NEW YORK UNIVERSITY,http://www.med.nyu.edu/,https://linkedin.com/company/vilcek-institute-of-graduate-biomedical-sciences
M5T2FAEG6T65,ALLIANCE OPTIX INC,https://allianceoptix.com,https://linkedin.com/company/allianceoptix
M5T9V4YAGNM5,"CUBRC, INC.",http://www.cubrc.org,https://linkedin.com/company/cubrc
M5TNW5JEM9P1,ASOCIACION EXPEDIENTE ABIERTO,www.expedienteabierto.org,https://linkedin.com/company/expediente-abierto
M5U6MGEKZ568,"PERFORMANCE PLASTICS, LTD",www.pexco.com,https://linkedin.com/company/pexco
M5ULTXBAT8M4,"DONATINI, INC.",www.johnsonhicksmarine.com,https://linkedin.com/company/johnson-hicks-marine-electronics
M5UMK3V4RDN8,THALES ALENIA SPACE ITALIA S.P.A.,https://www.thalesgroup.com,https://linkedin.com/company/thales
M5W7KZTMJLK5,OKLAHOMA STATE UNIVERSITY,http://www.osuokc.edu,https://linkedin.com/company/osu-okc
M5XKJ7HQ8SK9,"INDOFF, LLC",http://www.indoff.com,https://linkedin.com/company/indoff-inc
M621ZN8BFPR6,"NEURO LOGIC SYSTEMS, INC",http://www.NLSdisplays.com,https://linkedin.com/company/neuro-logic-systems-inc.
M63BKNNVF6J3,BIRD ELECTRONIC CORPORATION,http://www.birdrf.com/,https://linkedin.com/company/birdrf
M64TAHG7FYN5,"IGNITE DIGITAL FEDERAL SERVICES, LLC",www.ignite-digital.com,https://linkedin.com/company/ignite-digital-services
M66HFSY33PG7,"V-TECH SOLUTIONS, INC",http://www.v-techsolutions.net,https://linkedin.com/company/v-tech-solutions-inc
M6ABRVJF2L68,"AVNET, INC.",,
M6B3ESN4N398,"JOMEGA, LLC",,
M6BRZ1FHEZQ1,THE BOEING COMPANY,http://www.boeing.com,https://linkedin.com/company/boeing
M6CTHGC91RG4,"MARTINEZ AND TUREK, INC.",http://www.martinezandturek.com/,
M6DDZ23QKFM1,"CROMWELL ARCHITECTS ENGINEERS, INC.",,
M6HVSDJHABU1,AADS OFFICE SOLUTIONS INT'L LLC,www.shopaads.com,https://linkedin.com/company/aads-office-solutions
M6JPCMP3LNA6,MAGNA STEYR FAHRZEUGTECHNIK GMBH & CO KG,,
M6JVSYRQRYM9,LUNA LABS USA LLC,https://lunalabs.us/,https://linkedin.com/company/luna-labs-us
M6KCXTSLGRM9,KITCO LLC,https://www.wencor.com/kitco-defense/,https://linkedin.com/company/wencor
M6KJFKJUYZK4,"STELLAR INDUSTRIAL SUPPLY, INC.",www.stellarindustrial.com,https://linkedin.com/company/stellar-industrial-supply
M6LGD89GLRB6,COLLIER GEOPHYSICS LLC,https://colliergeophysics.com/,
M6MUQYQAETC4,AERONET INC,www.aeronet.com,https://linkedin.com/company/aeronet
M6N8EM57NLL3,PARKER-HANNIFIN CORPORATION,http://www.parker.com/,https://linkedin.com/company/parker-hannifin
M6PJVWXGQGM3,"PREFERRED CONSTRUCTION SERVICES, INC.",,
M6PUQJ9ARQE5,FRONIUS USA LLC,www.fronius-usa.com,https://linkedin.com/company/fronius-usa
M6QXLD9AVAL8,PARKER TIDE LLC,http://www.ParkerTide.com,https://linkedin.com/company/parker-tide-corp
M6R5GTYXL8A1,"LEARNING AS LEADERSHIP, INC.",http://www.learnaslead.com,https://linkedin.com/company/learning-as-leadership
M6RAC9BAJ2K6,"CONNINGTONSNOW, LLC",,
M6S5K45ACG78,"ANTENNA TECHNOLOGY COMMUNICATIONS, INC.",www.atci.com,https://linkedin.com/company/atci
M6U4K8S3KMK3,CRUZ CONSTRUCTION INC,,
M6XZN7ZPGD17,"BLUE FORCE TECHNOLOGIES, LLC",www.anduril.com,https://linkedin.com/company/anduril
M6ZTA4NZGLQ5,ANDERSON METAL INDUSTRIES INC,http://www.andermet.com,https://linkedin.com/company/anderson-metal-industries-inc.
M72PKJMTLE25,"ATLANTIC DIGITAL, INC.",http://adiit.com,https://linkedin.com/company/atlantic-digital_1095565
M733AMAJG9B1,EM KEY SOLUTIONS INC,https://emkeysolutions.com,
M735AE1NHTP5,LEGACY PLATFORM,,
M73YRKYDXMC7,"TOEROEK ASSOCIATES, INC.",https://www.toeroek.com,https://linkedin.com/company/toeroek-associates
M746VC6XMNH9,THE RESEARCH FOUNDATION FOR THE STATE UNIVERSITY OF NEW YORK,https://www.rfsuny.org/,https://linkedin.com/company/rfsuny
M75DG5FWCDD1,"RCIS ENTERPRISES, LLC",www.rcisenterprises.com,https://linkedin.com/company/rcisenterprises-llc
M75NDN3F6DN8,"ACCURATE PERFORATING CO., INC.",www.accurateperforating.com,https://linkedin.com/company/accurate-perforating
M774VBEGJTM5,EUROFINS LANCASTER LABORATORIES LLC,https://www.eurofinsus.com/lancaster-labs/,
M77ELX31H8W5,HEX - RAYS SA,http://www.hex-rays.com,https://linkedin.com/company/hex-rays-sa
M77XCKWHLU68,CLADDAGH PAVING CORPORATION,http://www.claddaghpaving.com,https://linkedin.com/company/claddagh-paving-corp
M7ANM2M6BKS7,STELLANT SYSTEMS INC,http://www.stellantsystems.com,https://linkedin.com/company/stellantsystems
M7BYXEM48H85,GLOBAL COMMS EXCHANGE LLC,www.volitionrf.com,https://linkedin.com/company/volitionrf
M7CGMNS4L1L8,"CENTURYLINK COMMUNICATIONS, LLC",,
M7EATTRV2YT3,"ALLIANCE SPACESYSTEMS, LLC",www.appliedcomposites.com,https://linkedin.com/company/appliedcomposites1
M7F5YW9AN1E5,"POINT MACHINE, LLC",,
M7FFU98CBUV7,AK BUILT CONSTRUCTION & DESIGN LLC,,
M7G8ZHLVEFQ8,"SPARX TECHNOLOGIES, LLC",https://sparxeng.com,
M7HSW8MLEZF5,"CREAN & ASSOCIATES, INC.",https://creaninc.com/,https://linkedin.com/company/creaninc
M7K5HXXLKH55,HEROUX-DEVTEK INC.,,
M7KCJ79FAVH5,LOUISIANA STATE UNIVERSITY HEALTH SCIENCES CENTER NEW ORLEANS,www.lsuhsc.edu,https://linkedin.com/company/lsu-health-sciences-center
M7KUEGMEKNV4,"INTEGRATION TECHNOLOGIES GROUP, INC.",https://www.itgonline.com,https://linkedin.com/company/integration-technologies-group-inc
M7L6QRM22UN4,NAVMAR APPLIED SCIENCES CORP,http://www.nasc.com,https://linkedin.com/company/navmar-applied-sciences
M7MKJAE99XA2,LINDE INC.,http://www.linde.com,https://linkedin.com/company/linde
M7NJRVZDGKR9,"STRATEGIC VENTURES CONSULTING GROUP, LLC",www.sv-cg.com,https://linkedin.com/company/strategic-ventures-consulting-group
M7PNRH24BBM8,WEST VIRGINIA UNIVERSITY RESEARCH CORPORATION,www.wvu.edu,https://linkedin.com/company/west-virginia-university
M7RVRKZ5J3F6,ELITE COMPUTER ENGINEERING SERVICES LLC,eliteces.com,https://linkedin.com/company/elite-computer-engineering-services
M7TATW5PKF14,"CEF INDUSTRIES, LLC",http://cefindustries.com,https://linkedin.com/company/cef-industries
M7U1VLXK2SM7,TESAT-SPACECOM GMBH & CO. KG,www.tesat.de,https://linkedin.com/company/tesat
M7UNAGUKYBM9,"MERRILL TECHNOLOGIES GROUP, LLC",www.keelusa.com,https://linkedin.com/company/keel-usa
M7V4YUC47GT9,"ARCCON ACCESS FLOORS, INC",,
M7V5ZLTNNCD4,MAGNUM AIR DYNAMICS INC,www.magnumairdynanmics.com,
M7X3M2FNEPM7,"KRATOS SPACE & MISSILE DEFENSE SYSTEMS, INC.",www.kratosdefense.com,https://linkedin.com/company/kratos-defense-and-security-solutions
M7XBFFKZWAS4,WOVETS LLC,,
M82PBCZG99E5,SQUARE ONE ARMORING SERVICES CO,www.sq1armor.com,https://linkedin.com/company/sq1armor
M82YUN9J5LR1,CLARKWESTERN DIETRICH BUILDING SYSTEMS LLC,,
M838MANREQZ3,GOMSPACE A/S,http://www.gomspace.com,https://linkedin.com/company/gomspace
M83NN2L4GAW9,BUDGET TRUCK RENTAL LLC,,
M84MAC8W2FN6,"K & M MACHINE-FABRICATING, INC.",http://www.k-mm.com,https://linkedin.com/company/k&m-machine---fabricating-inc.
M89VBCD2FX15,LA CUMBRE PLAZA LLC,,
M8DSLX9MXT51,"NEXSYS ELECTRONICS, INC.",http://www.medweb.com/,https://linkedin.com/company/medweb
M8JLMEHJADQ5,THE BOEING COMPANY,http://www.boeing.com,https://linkedin.com/company/boeing
M8K8R6CA8MP3,IMPULSE TECHNOLOGIES INC,http://www.impulse-tech.com/,https://linkedin.com/company/impulse-technologies-inc
M8KGYLHWFNE1,INTEGRATED POWER SERVICES LLC,www.ips.us,https://linkedin.com/company/integrated-power-services
M8LCUMSL3TQ7,"SUPREME INTEGRATED TECHNOLOGY, INC.",http://www.supremeintegratedtechnology.com,https://linkedin.com/company/supreme-integrated-technology-inc-
M8LMRPMLSAZ5,DSA DETECTION LLC,https://dsadetection.com/,https://linkedin.com/company/dsa-detection
M8MWWJWXH5W5,"ECO-PAN, INC.",,
M8NJDMKW9NB6,"GENERAL INFOMATICS-A SERVICE DISABLED OWNED VETERAN BUSINESS, INC.",http://www.generalinfomatics.com,https://linkedin.com/company/general-infomatics-inc.-gi-
M8PEAV8NV4F5,LORBEL INC.,http://www.lorbel.com,https://linkedin.com/company/lorbel-inc-
M8RFYHLVNWZ3,"TRINITY TECHNOLOGY PARTNERS, INC.",http://www.trinitytp.com,https://linkedin.com/company/trinity-technology-partners-inc.
M8VTRJXRJLY7,QUALITY SOLUTIONS USA LLC,,
M8XLNBKJ8XW6,"ANDERSON SHUMAKER COMPANY, LLC",,
M8YAZLQNNHJ3,COLSA SOLUTIONS INC,,
M8ZHL8ZXGQP5,CHROMALOX INC,www.chromalox.com,https://linkedin.com/company/chromalox
M927LANP2C14,AMERICAN BUSINESS FORMS INC,https://home.americanbus.com/,
M92RKNQ1QFP5,CARL AMBER BRIAN ISAIAH AND ASSOCIATES CO.,https://www.cbaia.com,https://linkedin.com/company/cbai-and-associates
M93AYD9NFRC8,"DUKE'S AEROSPACE, INC.",https://www.aerofluidproducts.com/,https://linkedin.com/company/aero-fluid-products
M97WU3TFY4C7,HONEYWELL INTERNATIONAL INC.,,
M986DGFLKBL5,"HEFFLER, RADETICH & SAITTA L.L.P.",https://heffler.cpa,
M9ALV9LKVDC3,RAFT LLC,https://teamraft.com,https://linkedin.com/company/raft-tech
M9APHD19U9M4,"LANSDALE SEMICONDUCTOR, INC.",www.lansdale.com,https://linkedin.com/company/lansdale-semiconductor-inc.
M9C1NX4CBSB6,BLUEBIRD AVIATION LIMITED,,
M9EUUX4966S5,"TEXTRON, INC",https://ezgo.txtsv.com/,
M9FGNDJTGNL1,JAS & ASSOCIATES LLC,,
M9FRKEA171L6,BLUEFORS CRYOCOOLER TECHNOLOGIES INC.,,
M9GJPS5SUT94,GSE INC,HTTP://WWW.GSEINC.COM,https://linkedin.com/company/gseinc
M9H5T58WHYD7,THE ESAB GROUP INC,,
M9HCQ718RE63,ARDIGENT CONSULTING INC,www.ardigent.com,
M9J1JR3LAAW1,DESERT MOORING LLC,,
M9JWH5AB8T55,CRANE RENTAL SERVICE INC,cranerentalserviceaz.com,https://linkedin.com/company/crane-rental-service-inc
M9KFW1KDHVS4,ISOTEC SECURITY INC,www.isotecsecurity.com,https://linkedin.com/company/isotec-security
M9N3CA9VJTD5,"BERTRAND PRODUCTS, INC.",www.bertrandproducts.com,https://linkedin.com/company/bertrand-products
M9R5YH5GY4G7,"COASTLINE STEEL AND CONSTRUCTION, INC",,
M9REEVXNYPH8,"INTERNATIONAL RECTIFIER HIREL PRODUCTS, INC.",www.infineon.com,https://linkedin.com/company/infineon-technologies
M9RXNQNWM174,CONVISO INC.,http://www.convisoinc.com,https://linkedin.com/company/convisoinc
M9T9CLY7Z9C8,TRADEX INTERNATIONAL TRADING LLC,tradexintltrading.org,
M9TYH75D2MM5,"GLACIER STATE CONTRACTORS, INC",,
M9VZKEFFRGK6,M9 SOLUTIONS LLC,http://www.m9solutions.com,https://linkedin.com/company/m9-solutions
M9WDC4KT38X4,ATKINSREALIS USA INC,https://www.atkinsrealis.com/,https://linkedin.com/company/atkinsrealis
M9WRGRQ68C48,NDT XL LLC,NDTXL.com,
M9XRJJKC8DS4,"RED CEDAR TG-MTE, LLC",www.redcedartg.com,https://linkedin.com/company/redcedar-tg-mte
M9Z9HZY8MG29,"NTS LABS, LLC",www.element.com,https://linkedin.com/company/element-materials-technology
M9ZKYLPKGC49,"DJS FINANCIAL SERVICES, LLC",https://www.djs-cg.com,https://linkedin.com/company/djs-cg
MA1HECNFNLW5,GLOBAL COMMERCE SYSTEMS INCORPORATED,usgcs.com,https://linkedin.com/company/global-commerce-systems-inc.
MA1LQKDG4JJ5,TWILIGHT EYES SECURITY SERVICES LLC,,
MA25XFZ8AKX3,MOXIE ENDEAVORS INC,,
MA3JSEJ8X544,"LOCKWOOD INDUSTRIES, LLC",www.fralock.com,https://linkedin.com/company/fralock
MA3NZ6KSKWK3,GOAL GROUP LLC,http://www.tgfederal.com,
MA5RQD9GKT48,"BECKRICH CONSTRUCTION, LLC.",Beckrichconst.com,https://linkedin.com/company/beckrich-construction
MA6GAT1JWN63,CAMP SYSTEMS INTERNATIONAL INC.,www.campsystems.com,https://linkedin.com/company/camp-systems-international
MA6NGUYK9VM1,"SAUER COMPRESSORS USA, INC.",https://www.sauerusa.com,https://linkedin.com/company/sauer-compressors-usa
MA7TQQB7BEM8,RBC SPECLINE INC,https://www.rbcbearings.com/,https://linkedin.com/company/rbc-bearings
MA9JW2726797,"APPLIED COMPOSITE TECHNOLOGY AEROSPACE, INC.",www.actaero.com,https://linkedin.com/company/act-aerospace
MAA3SBSDQVM1,KPMG LLP,,
MAAXJPE445L7,DAKOTA FIRE PROTECTION INC,dakotafire.com,https://linkedin.com/company/dakota-fire-protection-inc
MAF8XKRQB7F6,TAVIS CORP,https://www.taviscorp.com,https://linkedin.com/company/taviscorp
MAGXEZNB8LN1,JACOBS GOVERNMENT SERVICES COMPANY,,
MAJ6EZVQFWD9,TIMBERLAND HELICOPTERS INC,www.timberlandhelicopters.com,https://linkedin.com/company/timberlandhelicopters
MAKMLAL2WKS8,BUOY SOLUTIONS LLC,https://buoys.co/,https://linkedin.com/company/buoysolutions
MAKYNVTMNZX1,"TRAC REGULATOR CO., INC.",,
MALLFKLB8TQ3,PENCO PRODUCTS INC,www.pencoproducts.com,https://linkedin.com/company/pencoproducts
MALNER61JJQ6,ISOLATION DYNAMICS CORPORATION,http://www.isolator.com,https://linkedin.com/company/isolation-dynamics-corporation
MANPX61ABKX3,HR MECHANICAL CORP,www.hr-plumbing.com,
MAS3JT1VNXS4,MILLIKEN & COMPANY,http://www.milliken.com,https://linkedin.com/company/milliken-&-company
MASMNFMUFRV3,"OMNI BUSINESS SYSTEMS, INC",http://www.omnibsi.com,https://linkedin.com/company/omni-business-systems-faxplus-inc-
MATQGR2MJP93,"WORKPLACE SERVICES, INC.",WWW.WORKPLACESERVICES.COM,https://linkedin.com/company/workplace-services-inc-kuske-interiors
MAUFX81NVFL3,MACALLISTER MACHINERY CO INC,,
MAUSLF6KFMJ4,"ISYS, INCORPORATED",http://www.i2xisys.com,https://linkedin.com/company/isys-technologies
MAVQYE6GKFD9,"BISHOP & COMPANY, INC.",http://www.bishopco.net,https://linkedin.com/company/bishop-&-company-inc-
MAWSGVJ216X9,LUDLUM MEASUREMENTS INC,https://aditelectrontubes.com/,https://linkedin.com/company/adit-electron-tubes
MB22KP33EBM7,OUTLIER DATA CORP,www.outlierdatacorp.com,
MB2KUC9KA6C7,KAMBRIAN CORPORATION,http://www.kambrian.com,https://linkedin.com/company/kambrian-corporation
MB2VF489CAL7,CAPITOL FPE LLC,http://www.capitolfpe.com,https://linkedin.com/company/capitol-fpe
MB8GD7959G27,I.M.P GROUP LIMITED,,
MB8NLVGY7P11,THALES DIS USA INC.,http://www.thalesgroup.com,https://linkedin.com/company/thales
MB9LXJDD5MH7,ADVANCED EQUIPMENT CORPORATION,www.advancedequipment.com,https://linkedin.com/company/advanced-equipment-corporation
MBBCTHKGCGD7,CALIFORNIA BAPTIST UNIVERSITY,,
MBBKMVW4UQN7,CELLEBRITE INC,http://www.cellebrite.com,https://linkedin.com/company/cellebrite
MBBMCM3H8N85,MEDIA CYBERNETICS INC.,http://www.mediacy.com/,https://linkedin.com/company/imageanalysis
MBC4EHPQZ379,PARAGON CORPORATION,,
MBDYK1F21AF1,OPINION RESEARCH BUSINESS INTERNATIONAL LLC,http://www.orb-international.com,https://linkedin.com/company/orb
MBFKGDAC4AP6,"CAPACITY BUILDING INTERNATIONAL, LLC",www.capacitybuildingint.com,
MBFLU1MSEDC1,"SUBJECT7, LLC",www.subject7.com,
MBG5C1KT2KR7,"SCIENCELOGIC, INC.",http://www.sciencelogic.com,https://linkedin.com/company/sciencelogic
MBGFA39URM24,AUTOCLEAR LLC,http://www.autoclear.com,https://linkedin.com/company/autoclear
MBGHGMAM9N55,ADVANCED TEST EQUIPMENT CORPORATION,http://www.atecorp.com,https://linkedin.com/company/advanced-test-equipment-rentals
MBGLVLAC9MX5,"HANAN AND LERNER FINE WOODWORKING, INC",www.hlwood.com,https://linkedin.com/company/hanan-&-lerner-fine-woodworking-inc-
MBGSDM84VLE7,"HEARTLAND VIDEO SYSTEMS, INC.",http://www.hvs-inc.com,https://linkedin.com/company/heartland-video-systems-inc
MBHMGA91QC19,SOFTACT SOLUTIONS LLC,www.softactsolutions.com,https://linkedin.com/company/softact-solutions-llc
MBHYSK9DL4D7,"GLASS SOLUTIONS, INC.",glasssolutionsms.com,https://linkedin.com/company/glasssolutionsms
MBJEMHJXDMA1,NC DYNAMICS LLC,www.ncdynamics.com,https://linkedin.com/company/nc-dynamics-llc
MBJHZJSM2G63,"EMPYREAN SERVICES HOLDINGS, LLC",empyreanonline.com,https://linkedin.com/company/empyrean-services-llc
MBJLNYC1EBN3,"SHADOKA, LLC",www.shadoka.com,https://linkedin.com/company/shadoka
MBJSTNXEUDR5,PARKER HANNIFIN CORP,http://www.parker.com/,https://linkedin.com/company/parker-hannifin
MBK3ARMR1QH1,THE CHAMBER OF COMMERCE OF HAWAII,https://www.cochawaii.org/,https://linkedin.com/company/the-chamber-of-commerce-of-hawaii
MBKQQPTHULK8,"PENINSULA ROOFING COMPANY, INC.",http://www.peninsularoofing.com,https://linkedin.com/company/peninsula-roofing-co
MBKZZ42CQGJ3,"BEACON ENVIRONMENTAL SERVICES, INC.",http://www.beacon-usa.com,https://linkedin.com/company/beacon-environmental-services-inc.
MBL4RJJSTH45,"PERSONALITY PROFILE SOLUTIONS, LLC",https://www.discprofile.com/,https://linkedin.com/company/personality-profile-solutions-inc.
MBM7L7YJRBY7,PRISONERS LEGAL SERVICES,,
MBM8EXYNRED5,CYNTEL TECHNOLOGIES LLC,www.cynteltechnologies.com,
MBMCF42D4CF7,CLEAN HARBORS ENVIRONMENTAL SERVICES INC,http://www.cleanharbors.com,https://linkedin.com/company/clean-harbors
MBPHTU7Y9S65,BOOZ ALLEN HAMILTON HOLDING CORPORATION,HTTPS://BOOZALLEN.COM,https://linkedin.com/company/booz-allen-hamilton
MBRLDUMPE621,"TMR CONCEPTS, LLC",https://tmrconcepts.com/,
MBRTHBJVFQD7,"SUFFOLK CONSTRUCTION COMPANY, INC.",www.suffolk.com,https://linkedin.com/company/suffolk-construction
MBSKB4QN71M1,AEROJET ROCKETDYNE INC,,
MBSRAWAQ9559,PERATON ENTERPRISE SOLUTIONS LLC,www.peraton.com,https://linkedin.com/company/peraton
MBT9RXJJ7428,LOVELACE BIOMEDICAL RESEARCH INSTITUTE,www.lovelacebiomedical.org,
MBVQB8J6MED1,AGILE PRACTITIONERS LLC,https://apfederal.com/,https://linkedin.com/company/ap-federal
MBWYUNWCFJ58,MESO SCALE DIAGNOSTICS LLC,http://www.mesoscale.com/,https://linkedin.com/company/meso-scale-diagnostics
MBXALG6HFK18,"INSTITUTE OF CONFIGURATION MANAGEMENT, INC",http://www.ipxhq.com,https://linkedin.com/company/instituteforprocessexcellence
MBXKZXXNCE96,"MBA ENERGY & INDUSTRIAL, LLC",,
MBYUPBEQYDS7,PROCSTEP INC,https://www.watersuite.com,https://linkedin.com/company/watersuite
MBZ8E2DEZTM9,"EAGLE TG, LLC",www.eagletg.com,https://linkedin.com/company/eagletechnologygroup
MBZJSX11TNU5,"EXPEDITED WORLD CARGO, INC.",http://www.ewcnow.com,
MBZNVF856C81,"APPLIED TECHNICAL SYSTEMS, INC.",https://www.atsid.com,https://linkedin.com/company/applied-technical-systems
MC14E2K22EY4,"IT PARTNERS, INC.",http://www.itpfed.com,https://linkedin.com/company/itpinc
MC1GL7GNUC18,GOLDEN STAR TECHNOLOGY INC,http://www.gstinc.com,https://linkedin.com/company/golden-star-technology-gst
MC27B7LGBL34,DRS NETWORK & IMAGING SYSTEMS LLC,www.leonardodrs.com,https://linkedin.com/company/leonardodrs
MC2NN921E1K8,"ADR PACKAGING, LC",,
MC31QQEKNM76,"PACIFIC COAST GLAZING, INC.",www.pacificcoastglazing.com,https://linkedin.com/company/pacific-coast-glazing
MC3GBXGTS195,"BISCO INDUSTRIES, INC.",WWW.BISCOIND.COM,https://linkedin.com/company/bisco-industries
MC59TD7UK9G8,"COX SUBSCRIPTIONS, INC.",http://www.wtcox.com,https://linkedin.com/company/wt-cox-information-services
MC5HF1LR16H1,THE CNA CORPORATION,https://www.cna.org/,https://linkedin.com/company/cnacorporation
MC5HQM6XUHR7,"VPT, INC.",,
MC69YXYCCQU7,"ENTEST, INC.",www.testforce.com,https://linkedin.com/company/testforce-systems
MC6PD8NVFBN6,WILSON ELECTRIC SERVICES CORP.,http://www.wilsonelectric.net,https://linkedin.com/company/wilson-electric
MC83KECQ9EL3,BOGDAN COMPUTER SERVICES INC,www.bogdan.net,https://linkedin.com/company/bogdan-computer-services-inc
MC9ELRERFFK3,MADINA ALQIBAB FOR GENERAL TRADING AND CONTRACTING,http://www.madinaalqibab.com,
MC9KZKMUD8F8,"AGGREKO, LLC",https://www.aggreko.com/en-us,https://linkedin.com/company/aggreko
MC9MJ8UWBFK6,"CRYSTAL MANAGEMENT, LLC",http://www.cmit.com,https://linkedin.com/company/cmitconnect
MC9UJKRSWHM3,"THE PHASED ARRAY COMPANY, LLC",,
MCC6GMHXW4C1,"O.T. TRANS, INC.",http://www.ottrans.com,https://linkedin.com/company/o.t.-trans-inc.
MCCNGRDG5431,INNOVATE! INC,http://www.innovateteam.com,https://linkedin.com/company/innovate-inc-
MCDWNBFRML18,ANTIBODY SOLUTIONS,http://www.antibody.com,https://linkedin.com/company/antibody-solutions
MCEDCKDJ4188,"ASTUTE ELECTRONICS, INC.",www.astutegroup.com,
MCG7QK7EXH93,ROC SEARCH INC,www.roc-search.com,
MCJ4LBSSN469,"ATLANTA INDUSTRIAL PACKAGING, INC",https://www.reidpkg.com,https://linkedin.com/company/reid-packaging
MCJJMNPELXM4,"MEDIUM VOLTAGE ACCESSORY SUPPLY, INC.",,
MCJZENZGEJF3,"MAURICE ELECTRIC SUPPLY, LLC",,
MCL6ACCMBCE6,"Q C GRAPHICS, INC.",https://www.qcg.com/,https://linkedin.com/company/qc-graphics
MCLCAYU7FB38,RACKNER INC,https://rackner.com,https://linkedin.com/company/rackner-solutions
MCLCRJNB82D9,PROPERTY IMAGE LLC,,
MCLKHED4JJX5,DAS FEDERAL LLC,https://www.dasfederal.com,https://linkedin.com/company/das-federal-llc
MCN6J5L6M3T4,AMERICAN INSTITUTES FOR RESEARCH IN THE BEHAVIORAL SCIENCES,https://www.air.org,https://linkedin.com/company/american-institutes-for-research
MCNJL7NZMEQ5,"STRAUGHAN ENVIRONMENTAL, INC.",HTTP://WWW.STRAUGHANENVIRONMENTAL.COM,https://linkedin.com/company/straughan-environmental
MCQGBSKRQ9C3,HIGH Q INC,www.highqinc.com,https://linkedin.com/company/high-q-inc.
MCQSMNWYJBL9,"INTEGRATED FINANCE AND ACCOUNTING SOLUTIONS, LLC.",http://www.ifas-llc.com,https://linkedin.com/company/integrated-finance-accounting-solutions-ifas
MCQUYM6GHNJ5,"TECHNICAL COMMUNITIES, INC.",http://www.technicalcommunities.com,https://linkedin.com/company/technical-communities
MCSDSWN3XQL7,"BUTLER MACHINE, LLC",www.kc-machine.com,https://linkedin.com/company/kc-machine
MCSUQBQ8J2F9,"GETINGE USA SALES, LLC",www.getinge.com,https://linkedin.com/company/getinge
MCTPRFQGMDH9,GEOSYNC MICROWAVE INC,www.geosyncmicrowave.com,https://linkedin.com/company/geosync-microwave
MCX5Y6ZH9JV6,OPTREL INC,https://optrel.us/,https://linkedin.com/company/optrelinc
MCXMTA8F1N51,"PICARRO, INC",http://www.picarro.com,https://linkedin.com/company/picarro-inc-
MCXPJK1YBHE9,CENTER FOR THE STUDY OF SERVICES,www.centerforthestudyofservices.org,
MCXXVZQM7MK4,LEVIATHAN CORP,https://otrusa.com/,https://linkedin.com/company/otrusa-com
MCY7E2FSTFY8,KELLY HVAC INC,www.kellyhvac.com,https://linkedin.com/company/kelly-hvac
MCYEG8SVSKA7,"TELEDYNE DEFENSE ELECTRONICS, LLC",https://www.teledynedefenseelectronics.com/e2vhrel/Pages/About%20Us.aspx,https://linkedin.com/company/teledyne-defense-electronics
MD3GFWQRRLJ8,"ANAVATION, LLC",www.AnaVationLLC.com,https://linkedin.com/company/anavation-llc
MD4ZYLQJJC24,LEMBAGA PENGEMBANGAN HUKUM LINGKUNGAN INDONESIA (LPHLI),www.icel.or.id,https://linkedin.com/company/indonesian-center-for-environmental-law
MD59JF9UJM48,RING POWER CORP,https://www.ringpower.com,https://linkedin.com/company/ringpowercat
MD76AJXHCMQ5,X-BOW LAUNCH SYSTEMS INC,www.xbowsystems.com,https://linkedin.com/company/xbowsystems
MD7EQN3VHTM1,"PRESIDENTIAL AVIATION, INC.",http://www.presidential-aviation.com,https://linkedin.com/company/flypresidential
MD85RF447HK1,XA SYSTEMS LLC,http://www.xasystems.com,https://linkedin.com/company/xasystems-corporation
MD8HZ8KV42U8,PEAKWIFI LLC,peakwifi.com,https://linkedin.com/company/peak-wifi
MDC5LDZKQAM4,BLUE TECH INC.,http://www.bluetech.com,https://linkedin.com/company/blue-tech
MDD5BN6DTRN3,YOGYA CONSULTING INC,,
MDE4PSWL5XZ6,SOIL MEASUREMENT SYSTEMS LLC,http://www.soilmeasurement.com,https://linkedin.com/company/soil-measurement-systems
MDJNVKE2KQV5,AEIS LLC,www.aeis.com,https://linkedin.com/company/aeis-llc
MDKBGAER9KN8,DM TOOL & FAB INC,,
MDKEJLATXQP3,HAWKSTON LLC,www.hawkston.com,https://linkedin.com/company/hawkston
MDKLUUUFNGV4,INTERNATIONAL BUSINESS MACHINES CORPORATION,www.ibm.com,https://linkedin.com/company/ibm
MDLAHYTELW58,"TOOMEY AND ASSOCIATES, LLC",http://www.toomeyassoc.com/,
MDLQY25NH6T8,"FLEXFAB HORIZONS INTERNATIONAL, INC.",,
MDN3CC1ZQH98,MADISON TECHNOLOGY SVCS INC,,
MDSEM3AKB1K3,AUSTIN BROCKENBROUGH & ASSOCIATES LLC,www.brockenbrough.com,https://linkedin.com/company/austin-brockenbrough-&-associates
MDSWM6MB1BH7,"LEIDOS, INC.",https://www.leidos.com/,https://linkedin.com/company/leidos
MDSXJ7HLBA98,RUBICON 5 LLC,https://rubicon5.com/,https://linkedin.com/company/rubicon5
MDUHCLAXK589,TEKSOUTH CORPORATION,http://www.teksouth.com,https://linkedin.com/company/teksouth-corporation
MDV5GXPDGCX9,UNIFIRST CORP,,
MDXDZC3699L3,CONTENTFUL INC,,
MDXRMPTV2F55,LEARNING TECHNOLOGIES GROUP INC.,www.peoplefluent.com,https://linkedin.com/company/peoplefluent
MDXXKSCDN3W7,APPLIED INDUSTRIAL SYSTEMS LLC,www.appliedindsystems.com,https://linkedin.com/company/applied-industrial-systems
MDYMRNJZ36U3,KLA CORPORATION,www.kla.com,https://linkedin.com/company/klacorp
MDZ2JCBZ6BK8,"GENERAL DYNAMICS INFORMATION TECHNOLOGY, INC.",www.gdit.com,https://linkedin.com/company/gdit
ME1NKSLXV5T7,"BRIGHT LIGHTS USA, INC",HTTP://WWW.BLUSADEFENSEMFG.COM,
ME2BVJ4KGAM1,SYSTIMA TECHNOLOGIES INC,,
ME5CCSYRHNC9,SITA INFORMATION NETWORKING COMPUTING USA INC,http://www.sita.aero,https://linkedin.com/company/sita
ME75WYX8QHK7,E-TECHNOLOGIES GROUP LLC,https://etechgroup.com/,https://linkedin.com/company/etechgroup
ME8EKW8YD345,LAW OFFICE OF DANIELA HERNANDEZ CHONG CUY A PC,https://lawoffice-dhchongcuy.com/,
MEAFATYYQLH4,FMH AEROSPACE CORP.,www.ametek.com,https://linkedin.com/company/ametek
MEAXHEKS4NN7,"ALLOY COMPUTING, LLC",http://www.alloycomputing.com,
MEAZHN11NQ23,AMERICAN PRODUCTS CO INC,www.amerprod.com,
MEB3LAJV3G33,"ALLUXIO, INC.",,
MEBXZY3MWM65,FLOORING FOUNDATION CORP,www.flooringfoundation.com,https://linkedin.com/company/flooring-foundation
MECEHTM8DB17,UNIVERSITY OF ARKANSAS,https://www.uark.edu,https://linkedin.com/company/university-of-arkansas
MECEU84BZKH8,STROS NORTH AMERICA LLC,https://www.stroselevators.com/industrial-elevators,
MED1TGUCGLH3,"STEPHANIE JACKMAN LCSW, PLLC",www.stephaniejackmanpllc.com,https://linkedin.com/company/stephanie-jackman-llc
MEFDHHQBTBR8,"PCX AEROSYSTEMS ENFIELD, LLC",pcxaero.com,https://linkedin.com/company/pcx-aerostructures
MEFXDXZMC233,BRANDWOOD WIRELESS INC,www.brandwoodwireless.com,https://linkedin.com/company/brandwood-wireless-inc
MEG9U58WPJ97,"DOUBLE H CONTRACTING, LLC",,
MEGXKNNAW5G1,PRO AUDIO VIDEO INC,WWW.PROAVI.COM,
MEHEGZLJUWH1,MGA RESEARCH CORPORATION,www.mgaresearch.com,https://linkedin.com/company/mgaresearchcorp
MEHHH8HCNVB3,MELIOLABS INC.,https://melio.tech/,https://linkedin.com/company/melio-labs
MEHKFS2PMM16,"NUMARK ASSOCIATES, INC",http://www.numarkassoc.com,https://linkedin.com/company/numark-associates-inc
MEHNDWCSBKD5,ANALYTIC SERVICES INC.,http://www.anser.org,https://linkedin.com/company/analytic-services-inc-
MEJ9MNNCK4C1,OUTSIDE ANALYTICS INC,www.outsideanalytics.com,https://linkedin.com/company/outside-analytics
MEJHXEA4ENX5,KRIAANET INC,http://www.kriaanet.com/,https://linkedin.com/company/kriaanet-inc
MELBMJCZCG45,"ASMPT SMT USA, LLC",,
MELKSJTJEMH4,TITANIUM PROCESSING CENTER INC.,WWW.TITANIUMPROCESSINGCENTER.COM,https://linkedin.com/company/titanium-processing-center
MEQJXWL362N5,ENRX CORPORATION,,
MERDSBLLP5K5,"INSIGHTS, LC",,
MEUKRP9H25X1,"NATIVE STRATEGIES, LLC",www.native-strategies.com,https://linkedin.com/company/native-strategies-pllc
MEUXC25TGDD8,CAES MISSION SYSTEMS LLC,https://www.honeywell.us,
MEV3MMNAK836,"INTERNATIONAL ENGINEERING SERVICES, INC.",,
MEWDWBHNMEC8,"AMERICAN PIPE & SUPPLY CO, INC",http://www.americanpipe.com,https://linkedin.com/company/american-pipe-&-supply
MEWHM5VW9269,"MWS PRECISION WIRE INDUSTRIES, INC.",http://www.mwswire.com,https://linkedin.com/company/mws-wire-industries
MEY6AMQLBCF7,"MOREDIRECT, INC.",http://www.connection.com,
MF2CCMS39K73,"BIRMINGHAM RESTAURANT SUPPLY, INC.",https://www.brescoinc.com/,https://linkedin.com/company/bresco---birmingham-restaurant-supply-inc-
MF2FNN9FF7B3,"OCCU-MED, LTD.",http://www.occu-med.com,https://linkedin.com/company/occumedltd
MF2PBCFSYNL2,"HIGH STREET CONSULTING, LLC",www.hscllc.net,https://linkedin.com/company/highstreetconsultingllc
MF3EAMLEUZ93,"CREATIVE MECHANICAL & WELDING SERVICES, INC.",,
MF3YKSXTSJ75,PALOMAR TECHNOLOGIES INC,http://www.palomartechnologies.com,https://linkedin.com/company/palomar-technologies
MF46EHTMKJJ5,"WRIGHT TOOL COMPANY, LLC",,
MF57ENCBSB57,"RIGAKU AMERICAS HOLDING, INC.",http://www.rigaku.com,
MF61REDU8N57,LOYOLA ENTERPRISES INCORPORATED,https://www.loyola.com,
MF74GAKADKA7,"FIFTH GAIT TECHNOLOGIES, INC.",www.5thgait.com,https://linkedin.com/company/fifth-gait-technologies-inc-
MFA2CSSMMA35,"UNIVERSAL PROTECTION SERVICE, LIMITED PARTNERSHIP",http://www.aus.com,https://linkedin.com/company/allied-universal
MFBYM7RQNR36,SOFTEK SERVICES INC,http://www.softekdc.com,https://linkedin.com/company/softek-services-inc-
MFC6PK9WG2M4,PFC FLEXIBLE CIRCUITS LIMITED,https://pfcflex.com/,https://linkedin.com/company/pfc-flexible-circuits-ltd
MFCYZS28UV74,JCTEB LLC,,
MFD1M8EGV4Y9,"PHYSICAL ELECTRONICS USA, INC.",www.phi.com,https://linkedin.com/company/physical-electronics
MFDRDB43HBG6,APOGEE RESEARCH LLC,http://www.apogee-research.com,https://linkedin.com/company/apogee-research-llc
MFDXZFBHVWC7,HINDUSTAN AERONAUTICS LIMITED,https://hal-india.co.in,https://linkedin.com/company/hindustan-aeronautics-limited
MFGMH9R7GMG3,SIRIUS FEDERAL LLC,www.siriusfederal.com,https://linkedin.com/company/sirius-federal
MFJ5GKLRX4E3,BROOKS APPLIED LABS LLC,http://www.brooksapplied.com,https://linkedin.com/company/brooks-applied-labs
MFJWF44MWBG9,"ACCUDATA SYSTEMS, LLC",http://www.accudatasystems.com,https://linkedin.com/company/accudata-systems
MFK3KR2GNCA9,"AKA TOOL, INC.",akatool.com,https://linkedin.com/company/aka-tool-inc.
MFKPLLLXJ9M7,IMPERIAL PAINTS LLC,,
MFM4GC5KEFN9,"ANGELO SASSI & SON PLUMBING & HEATING, INC.",,
MFM7RK1MELM2,"SF&B, INC.",sfbllc.com,https://linkedin.com/company/sf&b-llc
MFPBYDTKRD36,"REDVECTOR.COM, LLC",http://www.vectorsolutions.com/,https://linkedin.com/company/vectorsolutions
MFQRBJX1D8B9,INTEGRATED CONSULTANTS INC,https://www.integratedconsultants.com,https://linkedin.com/company/integrated-consultants-inc-
MFR9M4SZD387,APEX LABORATORIES LLC,,
MFSZG8ZCXD98,"ADVANCED FOAM & PACKAGING, INC",http://www.afpincorp.com,
MFUMMJLS2DX1,STREET LEGAL INDUSTRIES LLC,http://www.slind.net,https://linkedin.com/company/street-legal-industries-inc.
MFUYNL4XGW38,"VIGILANTE DESIGN, LLC",,
MFXTAPX8MFU5,SURREY SATELLITE TECHNOLOGY LIMITED,www.sstl.co.uk,https://linkedin.com/company/sstl
MFY1N4QFGFM4,EXCELCO/NEWBROOK INC,https://www.excelco.net/,https://linkedin.com/company/excelco-newbrook-inc
MFYYV3E76LL6,SOIL & MATERIALS ENGINEERS INC,http://www.sme-usa.com,https://linkedin.com/company/soil-and-materials-engineers-inc
MG15GZJ9BES5,"TERRACON CONSULTANTS, INC.",http://www.terracon.com,https://linkedin.com/company/terracon
MG1EQ5WSLMQ3,CSM PRODUCTS AND SERVICES LLC,https://consultcsm.com/,
MG21NC8X6UR5,"ALASKA TESTLAB, LLC",www.alaskatestlab.com,https://linkedin.com/company/alaska-testlab
MG2JF771VWU5,BRUKER SCIENTIFIC LLC,https://www.bruker.com/en.html,https://linkedin.com/company/bruker-corporation
MG3VKJVUVP75,"TKH CONSTRUCTION, LLC",,
MG46LMYEABB3,IEC INFRARED SYSTEMS LLC,https://iecinfrared.com/,https://linkedin.com/company/iecinfrared
MG52JKKDHLZ3,LYNX WIRE & CABLE CORP,lynxwc.com,https://linkedin.com/company/lynx-wire-cable
MG59RE2SFGM6,"A-1 ELECTRIC, INC",,
MG5ZQ5YAVCC4,"DIAKONT ADVANCED TECHNOLOGIES, INC.",https://www.diakont.com/,https://linkedin.com/company/diakont
MG6QHVYNGKU8,"D3 SYSTEMS, INC",http://www.d3systems.com,https://linkedin.com/company/d3-designsdatadecisions
MG7EBWL9USH7,CALDERONE CONSULTING LLC,www.calderoneconsulting.net,https://linkedin.com/company/calderoneconsulting
MGBJDCQQTCL9,STONE SECURITY LLC,www.stonesecurity.net,https://linkedin.com/company/stone-security
MGCMC2QCWMC6,LYNCO GRINDING COMPANY INC,lyncogrinding.com,
MGCZNCNTQPE9,APPLIED INFORMATION SCIENCES INC,https://www.ais.com/,https://linkedin.com/company/appliedis
MGD3MPUT1BJ3,"GBX CONSULTANTS, INC.",www.gbxconsultants.com,https://linkedin.com/company/gbx-consultants-inc-
MGEJKYKHJY95,"OMAHA ELECTRIC SERVICE, INC",http://www.omahaelectric.com,https://linkedin.com/company/omaha-electric-service-inc
MGEQUEX8G455,V TECHNICAL TEXTILES INC,http://www.vtechtextiles.com,https://linkedin.com/company/v-technical-textiles-inc-
MGEXGC2NYQP3,AMADA WELD TECH INC,www.amadaweldtech.com,https://linkedin.com/company/amada-weld-tech
MGF1TDQWSTU1,KK&J CONSULTING LLC,,
MGFMMBAMFPE1,ERGOGENESIS WORKPLACE SOLUTIONS LLC,http://www.bodybilt.com,https://linkedin.com/company/bodybilt-an-ergogenesis-workplace-solutions-llc-company
MGFTKTMGSJQ5,KEYSIGHT TECHNOLOGIES INC,https://www.keysight.com,https://linkedin.com/company/keysight-technologies
MGG9YSNFBTK1,INHERITANCE GOV CO.,,
MGHCMKTF6NJ6,OTHRAM INC,othram.com,https://linkedin.com/company/othram
MGHYCNC3F7J5,"GLOBAL PRECISION IMAGING, LLC",,
MGJRANUKG9L9,"ALPHA 2, LLC",www.aurexdefense.com,https://linkedin.com/company/aurexdefense
MGKAB33LAQ36,AXIAD IDS INC,https://www.axiad.com/,https://linkedin.com/company/axiad-inc
MGM3GWAFL1L5,"TRIUMPH ACTUATION SYSTEMS - CONNECTICUT, LLC",,
MGMNKNA614E8,"GENESIS CONSULTING PARTNERS, LLC",http://www.genesisconsulting.com,https://linkedin.com/company/genesis-consulting-partners-llc
MGN3CNYPMH76,IRON TRIANGLE DEFENSE LLC,www.irontriangledefense.com,https://linkedin.com/company/iron-triangle-defense
MGNZBVB5ZYM7,EAGLE ENVIRONMENTAL INC,http://www.eagleenvironmentalinc.com,https://linkedin.com/company/eagle-environmental-inc-
MGQLZJMKE3M7,KJMK MANAGEMENT INC,http://www.RealStreet.com,https://linkedin.com/company/realstreet-staffing
MGRBGEK12ND1,"EXPEDITE PRECISION WORKS, INC.",https://www.expediteprecision.com,https://linkedin.com/company/expedite-precision-works
MGRSH23GB3C1,KATERINA KERMELI SUSTAINABILITY CONSULTING,,
MGSQNMG294V4,"G2IT, LLC",www.G2-IT.com,https://linkedin.com/company/g2it
MGSVN6W7DB27,MARTEL TOOL CORP,http://www.marteltool.com,https://linkedin.com/company/martel-tool-corporation
MGWHGT7P3AN5,AT&T CORP.,www.att.com,https://linkedin.com/company/att
MGXNSKCJHRY1,GULF SUPPLIES & COMMERCIAL SERVICES CO.,http://www.gscsgulf.com,https://linkedin.com/company/gulf-supplies-&-commerical-services
MGYCT21RA2S6,"CAPE FEAR ANALYTICAL, LLC",https://www.gel.com/cape-fear-analytical,https://linkedin.com/company/gel-laboratories-llc
MGYLVDGSE6J5,GULF COPPER MFG CORP,,
MGZMWV3AFPY5,LEGAL SERVICES OF NEW JERSEY,http://www.lsnj.org,https://linkedin.com/company/legal-services-of-new-jersey
MH1EVNB3MC87,PLEASANT HILLS CLEANING CENTER INC,,
MH2YE643AMD7,"PIFINITY, INC.",http://www.storagehawk.com,https://linkedin.com/company/storagehawk
MH3ACGZA6B63,ENGINEERING ECONOMICS INC,http://www.eeibuildingperformance.com,
MH3BUL13NLA8,"WINKELMANN FLOWFORM TECHNOLOGY, LP",www.winkelmann-flowforming.com,https://linkedin.com/company/winkelmann-msr-technology
MH3HRN41EA66,SMALL BUSINESS CONSULTING CORPORATION,https://www.smallbcc.com,https://linkedin.com/company/smallbcc
MH3KVHJN8KG9,RIGHT TO CARE,www.righttocare.org,https://linkedin.com/company/right-to-care
MH3LQSMM5JJ9,STEVENS AEROSPACE AND DEFENSE SYSTEMS LLC,,
MH56YTCRXRR7,APEX DESIGN TECHNOLOGY OF ALABAMA LLC,,
MH6YDLAF5PZ7,"BROADWAY VENTURES, LLC",,
MH73K3SV59R5,"PSIQUANTUM, CORP.",,
MH81M72DE735,"WESCO DISTRIBUTION, INC.",www.wesco.com,https://linkedin.com/company/wesco.corp
MH8DKH4168M8,CANYON COMPOSITES INC,https://www.canyoncomposites.com,https://linkedin.com/company/canyon-composites-inc
MH8KPDP9CE14,M2 SYSTEMS CORPORATION,www.m2-corp.com,https://linkedin.com/company/m2-systems-corporation
MHATFRNMSFA1,"GERMFREE LABORATORIES, LLC",http://www.germfree.com,https://linkedin.com/company/germfree-mobile-laboratories-inc-
MHC9XXM9R3V9,RIVAS ROOFING LLC,rivasroofingep.com,
MHDJHQQWEL91,A3 CONSULTING LLC,www.a3consultingllc.com,https://linkedin.com/company/a3-consulting-llc
MHF7GZ5EYMJ1,"SHADCO, LLC.",,
MHGCLKMKJLW5,NAV AIDS LTD,WWW.NAVAIDSLTD.NET,https://linkedin.com/company/nav-aids-ltd-
MHGNV7CX52K6,"TTM TECHNOLOGIES, INC",www.ttm.com,https://linkedin.com/company/ttmtechnologies
MHKJQWWNECC5,GALVANIZE INC.,www.galvanize.com,https://linkedin.com/company/galvanize-it
MHKSZC69V2Q3,THIRDPACKET TECHNOLOGIES LLC,www.thirdpacket.com,https://linkedin.com/company/thirdpacket-technologies
MHL3KSK4QML1,FORD AUDIO-VIDEO SYSTEMS LLC,http://www.fordav.com,https://linkedin.com/company/fordaudio-video
MHLAMDCKXNG5,"ENTERPRISE VISION, LLC",http://evproav.com/,https://linkedin.com/company/enterprise-vision-llc
MHM6MGJFANE7,UNIVERSITY OF NORTH FLORIDA,http://www.unf.edu/research,https://linkedin.com/company/university-of-north-florida
MHM8DS4SP6B9,MARK TOOL & DIE INC,,
MHMPN3F73NX3,ENVIRONMENTAL RESTORATION LLC,www.erllc.com,https://linkedin.com/company/environmental-restoration-llc
MHN3BXJNQ8M5,HAIVISION MCS LLC,http://www.haivisionmcs.com/,https://linkedin.com/company/cinemassive
MHNFNJ1J5RF5,"ODDBALL, INC.",www.oddball.io,https://linkedin.com/company/oddball.io
MHRLYU9BNNZ4,"RESPONSE DYNAMICS VIBRATION ENGINEERING, INC.",http://www.responsedynamics.com,https://linkedin.com/company/response-dynamics-vibration-engineering-inc
MHTGJKBW5YD4,MIDDLETOWN COMPOSITES INC,http://www.middletowncomposites.com,https://linkedin.com/company/middletown-composites
MHTSBYL1KG79,SHERWOOD-LOGAN & ASSOCIATES INC,www.sherwoodlogan.com,https://linkedin.com/company/sherwoodlogan
MHU6DMYMLNG9,MIN-MAX MACHINE LTD.,http://WWW.MINMAXMACHINE.COM,https://linkedin.com/company/min-max-machine-ltd-
MHUKGXRBHDS9,PALADIN & ARCHER COMPANY,http://paladinarcher.com/,https://linkedin.com/company/paladinarcher
MHUZV73KDK73,PROP SHAFT SUPPLY INC,www.pssupply.com,https://linkedin.com/company/prop-shaft-supply-inc
MHVMENJEN1B3,IVERTIX INCORPORATED,www.ivertix.com,https://linkedin.com/company/ivertix
MHVYRT6L29J5,"CUSTOM CONTROL SENSORS, LLC",http://www.ccsdualsnap.com,https://linkedin.com/company/custom-control-sensors
MHXKCFGNKH91,"SHIVA INFORMATION TECHNOLOGY SERVICES, INC.",http://www.shiva-inc.com,
MJ1MDNUENC97,"FALCON ELECTRONICS, LLC",http://www.falconelec.com,https://linkedin.com/company/falcon-electronics-llc
MJ31G2MDY5K1,"S2 ENTERPRISE SOLUTIONS, LLC",www.s2enterprisesolutions.com,
MJ3JH8CRJBZ7,TRUSTEES OF BOSTON COLLEGE,WWW.BC.EDU,https://linkedin.com/company/boston-college
MJ4HSGL5NQW5,CONSTRUCTION TESTING LABORATORIES INC,http://www.ctlwa.com,https://linkedin.com/company/construction-testing-laboratories-inc-
MJ67XKDL96T9,CONCRETE TECHNOLOGY CORPORATION,,
MJ6CLNTGP1P5,"SRI FIRE SPRINKLER, LLC",www.srifiresprinkler.com,https://linkedin.com/company/sri-fire-security
MJ6RZPC8LPH1,AFFILIATED ENGINEERS INC,,
MJ79NJN9V419,ATHENA TECHNOLOGIES INC,http://www.athenatechnologies.com,https://linkedin.com/company/athena-technologies-inc.
MJ85WFWLCBF5,DRYTECH INC,http://www.drytechinc.com,https://linkedin.com/company/drytech-incorporated
MJ8LJ5AMURG9,"APTO SOLUTIONS, INC.",http://www.aptosolutions.com,https://linkedin.com/company/apto-solutions
MJA1H81E8NQ8,"NVIS, INC.",http://www.kopin.com,https://linkedin.com/company/kopin-corporation
MJAJDJMHNJR5,"MIDWEST ENGINEERED SYSTEMS, INC.",https://www.mwes.com/,https://linkedin.com/company/midwest-engineered-systems-group
MJAMJG6JB687,"ESKIMOS, INC.",,
MJB4W8P2HDP5,HYDRA SYSTEMS INC,https://hydra-systems.com/,https://linkedin.com/company/rf-hydra
MJB6VNX135R7,"NIKON SLM SOLUTIONS NA, INC.",https://nikon-slm-solutions.com/,https://linkedin.com/company/nikonslmsolutions
MJC5FCYQTPE6,UNIVERSITY OF CALIFORNIA IRVINE,http://www.uci.edu,
MJDGBENYNLB1,FIBERGLASS TANK SOLUTIONS LLC,,
MJDNAS47MHP6,"BAE SYSTEMS, INC.",http://www.baesystems.com/,https://linkedin.com/company/bae-systems
MJFAMKLE6Z23,"RDS MACHINE, LLC",https://rdsmachine.com,https://linkedin.com/company/rds-machine-inc.
MJFBSN29DRD1,STEPHEN PAUL MANGUM,https://www.majorinnovations.com,
MJFQFA5HK449,ADEPT FASTENERS INC,http://www.adeptfasteners.com,https://linkedin.com/company/adept-fasteners-inc-
MJGFRKACFZB3,MEMKOR INC,http://www.memkor.com,https://linkedin.com/company/memkor-inc
MJJUNNW1FKT4,AVNIK DEFENSE SOLUTIONS INC,http://www.avnikdefense.com/,https://linkedin.com/company/avnik-defense-solutions-inc.
MJLDA4ZEJGT5,GROSS-WEN TECHNOLOGIES INC,https://algae.com,https://linkedin.com/company/gross-wen-technologies-inc
MJM2WUDGUH51,TACTICAL COMMUNICATIONS CORPORATION,www.TacticalCommunications.com,https://linkedin.com/company/tactical-communications
MJM4QLK11NG5,MANTRAC KENYA LIMITED,https://www.mantracgroup.com/en-ke,https://linkedin.com/company/mantrac-group
MJM7MZGN5J75,"RIVER BEND TRANSFER SYSTEMS, L.L.C.",http://riverbendtransfer.com,https://linkedin.com/company/river-bend-hose-transfer-llc
MJMHD2KKJ474,"AFFILIATED ENGINEERS NW, INC",,
MJMHL4XVFH74,"CROFTON CONSTRUCTION SERVICES, INCORPORATED",www.crofton.com,https://linkedin.com/company/crofton1949
MJNHBGRCJN25,"BLACK RIVER SYSTEMS COMPANY, INC",www.brsc.com,
MJPVMDZTP4H5,259 HOLDINGS LTD LLC,http://www.microscopeworld.com,https://linkedin.com/company/microscope-world
MJRZL6E12A85,"ADVANCED MACHINE & TOOLING, INC.",www.advanced-machine.com,https://linkedin.com/company/advanced-machine-shop
MJSJBC3LYVQ5,TRC ENGINEERS INC,http://www.trccompanies.com,https://linkedin.com/company/trc-companies-inc
MJTQGUTA5NX5,QUALITY VISION INTERNATIONAL INC.,www.qvii.com,https://linkedin.com/company/qviinc
MJULHCAW5GL5,EATON CORPORATION,,
MJV6CBAU3N98,ISOTECH NORTH AMERICA INC,http://www.isotechna.com,https://linkedin.com/company/isotech-north-america
MJVGCQ7JLL77,LIMBACH COMPANY LLC,http://limbachinc.com,https://linkedin.com/company/limbach-company
MJVSGVHNDYF6,IN-PHASE TECHNOLOGIES INCORPORATED,http://WWW.IN-PHASETECH.COM,https://linkedin.com/company/in-phase-technologies
MJWZAEWNCKQ8,"APPLIED MEMBRANES, INC",https://www.appliedmembranes.com,https://linkedin.com/company/applied-membranes-inc
MJX6E9J86ZC8,KIRINTEC LIMITED,,
MJYJNX31J8Z7,VINITECH INC.,,
MJZ7QA7QTSE1,SYNCOM SPECIALTY INC,,
MK16V6YKGJG7,"CURTISS-WRIGHT FLOW CONTROL SERVICE, LLC",,
MK17X7GNNY89,VIEWPOINT SYSTEMS LLC,http://www.viewpointproducts.com,https://linkedin.com/company/viewpoint-systems-llc
MK1KAT7L3RH8,ACE SOLUTIONS LLC,acesolutionsus.com,https://linkedin.com/company/acesolutionsus
MK26EZ8LXG63,DUCT FABRICATORS INC,,
MK51N1T5S2X3,BUILDING TRANSPARENCY,https://www.buildingtransparency.org/,https://linkedin.com/company/buildingtransparency
MK5ANJVWVZK7,"TDA RESEARCH, INC.",https://www.tda.com/,https://linkedin.com/company/tda-research
MK6BNLYUJKW3,SIERRA PEAKS CORPORATION,WWW.SIERRA-PEAKS.COM,https://linkedin.com/company/sierra-peaks-corporation
MK78ZU61LGJ3,"SR PRECISION HOLDINGS, LLC",,
MK9SR2K87JN5,"LANDSTAR INWAY, INC.",,
MK9TM7DHF499,SOTI INC,http://www.soti.net,https://linkedin.com/company/soti
MKAGLD59JRL1,UNIVERSITY OF PITTSBURGH - OF THE COMMONWEALTH SYSTEM OF HIGHER EDUCATION,www.pitt.edu,https://linkedin.com/company/university-of-pittsburgh
MKAQAB8ECG69,"DNI EMERGING TECHNOLOGIES, LLC",www.dnishines.com,https://linkedin.com/company/delawarenationinvestments
MKATF2X8D3X8,"OWT GLOBAL, LIMITED LIABILITY COMPANY",http://www.owtglobal.com,https://linkedin.com/company/owt-global-llc
MKBUEM9469F1,ANDERSON ENVIRONMENTAL CONTRACTING LLC,http://www.aecllc.net,https://linkedin.com/company/anderson-environmental-contracting-llc
MKCAUUG2K7H6,JACOBS ENGINEERING GROUP INC,,
MKEBN41BNKH3,"BUSHMAN EQUIPMENT, INC.",,
MKEDCRA2PB43,"AVON AERO SUPPLY, INC.",,
MKF6VA9NZLR8,"EXECUTIVE INFORMATION SYSTEMS, L.L.C.",,
MKFEDE7Y8UC3,"SRA OFFICE SOLUTIONS, LLC",http://sraofficesolutions.com/,https://linkedin.com/company/sra-office-solutions
MKGQAN5V4F34,EPC-USA INC,http://www.epcusa.net,https://linkedin.com/company/epc-usa-inc.
MKH7LGXXFTZ1,TIMKEN CO,http://www.timken.com,https://linkedin.com/company/the-timken-company
MKHECYCJ9RS4,FINGER LAKES ENVIROTECH LLC,,
MKHXFEF9KV13,B UND T MARKETING GMBH,www.bandtmarketing.com,https://linkedin.com/company/b-and-t-marketing
MKJGM9NAET38,"DTC COMMUNICATIONS, INC.",https://www.dtccodan.com/,https://linkedin.com/company/dtc-a-codan-company
MKJHARADTB61,KYMETA GOVERNMENT SOLUTIONS INC,www.kymetacorp.com,https://linkedin.com/company/kymeta-corporation
MKJQJ6EN5LC9,"CASETECH, INC.",WWW.4CASETECH.COM,https://linkedin.com/company/casetech
MKL9YGKSK2F1,"KEYSTONE TURBINE SERVICES, LLC",www.kts-aero.com,
MKLHANWP1HQ8,CREST CONTRACTING & MANAGEMENT LLC,,
MKM4DJZVXJP3,PHOENIX TEXTILE CORPORATION,http://www.phoenixtextile.com,https://linkedin.com/company/phoenix-textile-corporation
MKNLMJXM6B95,THE CONSORTIUM INC,http://www.consortiuminc.com,https://linkedin.com/company/the-consortium_4
MKP1FKGBRMC1,"MARCOM SERVICES, LLC",www.marcomserv.com,https://linkedin.com/company/marcom-services-llc
MKP2NWX2NX64,POLSKIE ZAKLADY LOTNICZE SP Z O O,https://pzlmielec.pl/en,https://linkedin.com/company/pzl-mielec
MKP6CNT32MC5,"DATA DIMENSIONS, LLC",www.datadimensions.com,https://linkedin.com/company/data-dimensions
MKQPJJKHDG89,"PERCEPTRONICS SOLUTIONS, INC",https://www.percsolutions.com,https://linkedin.com/company/perceptronics-solutions-inc
MKSNGYM66CX9,JOHNSON MURPHY & ASSOCIATES LLC,www.johnsonmurphyllc.com,https://linkedin.com/company/johnson-murphy-associates-llc
MKT2FKYNS9Z8,"COASTAL ENVIRONMENTS, INC.",http://www.coastalenv.com,https://linkedin.com/company/coastal-environments-inc-
MKTEN9W6B3J5,11TH HOUR SEARCH LLC,http://www.11thhourservice.com,https://linkedin.com/company/11th-hour-service
MKTEQCVLWPQ5,"LYTEN, INC.",https://lyten.com/.,https://linkedin.com/company/lyten-inc
MKVJLXA9AJA5,MILLER SHEETMETAL INC,www.millersheetmetal.com,
MKXMUFJJYLY5,WARD LEONARD CT LLC,https://www.fairbanksmorsedefense.com/solutions/motors//,
MKXRKZ9NWBX1,"MET ONE INSTRUMENTS, INC.",http://www.metone.com,https://linkedin.com/company/met-one-instruments-inc.
ML1EGL92NK13,"HERMAN GOLDNER CO, INC.",www.goldner.com,https://linkedin.com/company/hermangoldner
ML29RZUMUL94,CUSTOM ENGINEERING CO,http://customeng.com,https://linkedin.com/company/custom-engineering-co
ML2QVL6L32J1,CONSUMER FUELS INC,www.cfi-solutions.com,https://linkedin.com/company/consumer-fuels-inc
ML3NGPZG8PS3,CENITH INNOVATIONS LLC,https://www.cenithinnovations.com,https://linkedin.com/company/cenith-innovations
ML4CH3P2RMJ6,MCT INC,WWW.MCTINDUSTRIES.COM,https://linkedin.com/company/mct-manufacturing
ML4LUWB239D4,AXIAS INC,www.axiasinc.com,https://linkedin.com/company/axiasinc
ML5FTWJYF5V5,"ALLCLEAR AEROSPACE & DEFENSE, INC.",http://goallclear.com,https://linkedin.com/company/goallclear
ML5PH3AK5UA6,"MCCOMAS-LACINA CONSTRUCTION, L.C.",,
ML6FLUMXTMR7,"ACCURATE CIRCUIT ENGINEERING, INC",https://www.ace-pcb.com,https://linkedin.com/company/accurate-circuit-engineering
ML6NZ95T8L26,"EXACT AEROSPACE, INC",https://www.exactaerospace.com,https://linkedin.com/company/exact-aerospace-inc
ML7GKKS1Y2Q8,OCP CONTRACTORS INC,,
ML82BEG1N8S3,ROTUNDA SCIENTIFIC TECHNOLOGIES LLC,http://www.RotundaSciTech.com,https://linkedin.com/company/rotunda-scientific-technologies-llc
ML89NTLEC2D5,"STRONGHOLD ENGINEERING, INC.",,
ML8DSMWSCQF8,"WHITAKER BROTHERS BUSINESS MACHINES, INC.",https://www.whitakerbrothers.com,https://linkedin.com/company/whitaker-brothers
ML92NM8Z1Y84,KEARFOTT CORPORATION,www.kearfott.com,https://linkedin.com/company/kearfott-corporation
ML95JLXJJLF7,STRATA INC,http://www.stratageotech.com,https://linkedin.com/company/stratainc
MLCEWFN6PHL3,CLARITY INNOVATIONS LLC,www.clarityinnovates.com,https://linkedin.com/company/clarityinnovations
MLDFXKWLWME8,FAIRBANKS SCALES INC.,http://www.fairbanks.com,https://linkedin.com/company/fairbanks-scales
MLDLZL23M2M6,"TECH WIZARDS, INC",www.tech-wizards.com,https://linkedin.com/company/tech-wizards-inc.
MLDNZLLXGY91,P1 GROUP INC,WWW.p1group.com,https://linkedin.com/company/p1-group-inc-
MLDSLCUM12M5,"EUROFINS FOOD CHEMISTRY TESTING MADISON, INC",,
MLDUZ77MJWE3,HYPERBARIC MODULAR SYSTEMS INC.,,
MLEGPSN3M936,DISTILLERSR INC.,www.distillersr.com,https://linkedin.com/company/evidence-partners
MLGJND18ZLD4,ROAD BUILDERS CORP,https://roadbldr.com,
MLGSZVLBB2Z3,LIGHTS VISIONS COMPANY,www.lightsvisions.com,
MLKJPME9AEK6,"INDUSTRIES FIBROBEC INC, LES",www.fibrobec.com,https://linkedin.com/company/fibrobec
MLKQAL88JPA5,"RNE CONSULTING, LLC",,
MLKVFBCLB9L7,"ATLAS CASE, INC",http://www.atlascases.com,https://linkedin.com/company/atlas-case-corp
MLL2QGESQFP5,PRECISION MECHANICAL INC,http://www.precgroup.com/pmi/,https://linkedin.com/company/precision-companies
MLLPDTMU9VF9,"SHAWMUT EQUIPMENT COMPANY, INCORPORATED",,
MLMFESD3EKW4,"BUSINESS INTERIORS OF IDAHO, INC.",www.freeformspaces.com,https://linkedin.com/company/business-interiors-of-idaho
MLMGXJV8KZH3,DELOITTE CONSULTING LLP,,
MLN2G4JM5J26,EMOTEQ CORPORATION,http://www.allient.com,https://linkedin.com/company/allient-inc
MLNJUA8KC2C5,ADAMS AIR & HYDRAULICS INC,http://www.adamscorp.com,https://linkedin.com/company/adamscorp
MLQAM3WNCHJ1,"BARR TECHNICAL SERVICES, LLC",www.barrtechnical.com,https://linkedin.com/company/barr-technical-services-llc
MLRJXNLB4LL3,LIGHTING SOLUTIONS LLC,,
MLU4SWCP5NK5,DOONWOOD ENGINEERING INC,,
MLU5PYN4P9A7,"MARATHON TS, INC.",http://www.marathonts.com,https://linkedin.com/company/marathon-ts
MLUNCVKSLDS1,"SIGNAL HOUND, LLC",http://www.signalhound.com,https://linkedin.com/company/signal-hound
MLV5S99RJLE7,"BLD SERVICES, LLC",www.bldllc.net,https://linkedin.com/company/bld-services-llc
MLVDWS3RYMX7,PACIFIC CONSOLIDATED INDUSTRIES LLC,http://www.pcigases.com,https://linkedin.com/company/pcigases
MLVXNUSM2HE3,"ROBINSON INDUSTRIES, INC.",http://www.robinsonind.com,https://linkedin.com/company/robinson-industries
MLW8N8U6T8R3,"PZI INTERNATIONAL CONSULTING, INC.",www.pzigroup.com,
MLWNMJV6U559,S.R. AEROSPACE LLC,,
MLX8H8NN5HN1,WHEELHOUSE GROUP LLC,http://www.wheelhousegroup.com,
MLXEWY77DM47,"SIERRA INSTRUMENTS, INC.",http://www.sierrainstruments.com,https://linkedin.com/company/sierra-instruments
MLZTB7CBMPA4,LTG FEDERAL INC.,https://www.ltgfederal.com/,https://linkedin.com/company/ltg-federal
MLZUA1ANB399,"CHICKASAW BUSINESS SOLUTIONS, LLC",www.chickasaw.com,https://linkedin.com/company/chickasaw-nations-industries
MLZVG5VVEMQ9,ACTALL CORPORATION,http://www.actall.com,
MM1HBCDSV7F8,"REPROGRAPHIC PRODUCTS GROUP, INC.",http://www.rpg.com,https://linkedin.com/company/rpgsfs
MM1KA2UN7L95,"CNI SALES, INC.",http://www.cnisalesinc.com/,https://linkedin.com/company/cni-sales-inc
MM1VR1M7JZF6,"ECKEL INDUSTRIES, INC.",www.eckelusa.com,https://linkedin.com/company/eckel-noise-control-technologies
MM25LLEWHH53,"WALDEN CONSULTING, LLC",https://turbovacuum.com/,
MM35BJYB2P63,"BAKER RIGGING, LLC",www.bakerrigging.com,https://linkedin.com/company/baker-rigging
MM4LE4EB7CU5,"RBC AIRCRAFT PRODUCTS, INC.",https://www.rbcbearings.com/,https://linkedin.com/company/rbc-bearings
MM54AEA35EU1,"ENGINEERED STRUCTURES, INC.",www.esiconstruction.com,https://linkedin.com/company/engineered-structures-inc-
MM5GSXJUKDJ7,"SCAFFCO SCAFFOLDING AND SUPPLY CO., INC.",https://www.scaffco.net,https://linkedin.com/company/scaffco-scaffolding
MM5GYEVJ3M93,UNIVAR SOLUTIONS USA LLC,https://www.univarsolutions.com/,https://linkedin.com/company/univarsolutions
MM5ZHL8SRFY5,"BECTON, DICKINSON AND COMPANY",,
MM7DQCS8H1N5,"MGM ELECTRICAL SYSTEMS, INC.",,
MM9CY2WE6XQ1,JABIL DEFENSE & AEROSPACE SERVICES LLC,http://www.jabil.com,https://linkedin.com/company/jabil
MM9JH4822J91,FATHOM FINANCIAL CONSULTING LIMITED,www.fathom-consulting.com,https://linkedin.com/company/fathom-financial-consulting
MM9LQ3WBY5V7,MERIDIAN KNOWLEDGE SOLUTIONS LLC,www.meridianks.com,https://linkedin.com/company/meridian-knowledge-solutions
MMA4JSE35553,TEKFIVE INC,http://www.tekfive.com/,https://linkedin.com/company/tekfive
MMA7H4NEMCT9,CAES SYSTEMS LLC,https://caes.com/,https://linkedin.com/company/cobham-advanced-electronic-solutions
MMANJHRVKLM5,"TUTCO, LLC",WWW.TUTCO.COM,https://linkedin.com/company/tutco
MMC9F7QGEJ76,"SHANNON & WILSON, INC.",http://www.shannonwilson.com,https://linkedin.com/company/shannon-&-wilson-inc-
MMCKJNNMSG23,"ADVANCE MFG.CO., INC.",https://advancemfg.com/,https://linkedin.com/company/advance-mfg-co-inc-
MMDDC53ABYE5,MARINE SURVEYS & ASSESSMENTS COOPERATIVE,www.msaenvironmental.com,https://linkedin.com/company/marine-surveys-assessments
MME9X24LUXP1,"ACROMAG, INCORPORATED",http://www.acromag.com/,https://linkedin.com/company/acromag
MMELJEDBVJK5,BALDWIN HACKETT & MEEKS INC,http://www.bhmi.com,https://linkedin.com/company/bhmi-software
MMERGS8TBBY7,WITMER PUBLIC SAFETY GROUP INC,http://www.thefirestore.com/,
MMF7MF8CFBB3,"BEACON HILL SOLUTIONS GROUP, LLC",http://www.beaconhillsg.com,
MMFFFXPUVJN5,CENTRE FIREARMS CO INC,www.centresupport.com,https://linkedin.com/company/centre-firearms-co
MMG2R19S2J14,VERTICAL TECHNOLOGY SERVICES LLC,www.verticalts.com,https://linkedin.com/company/vertical-technology-services-llc
MMGPEKB7HS33,CLUTCH INC,http://www.clutch-inc.com,https://linkedin.com/company/clutch-inc-
MMJNUTGT56K4,WILLIAMS AEROSPACE & MANUFACTURING INC,,
MMJRCSJ13GH5,"THE GUND COMPANY, INC.",www.thegundcompany.com,https://linkedin.com/company/the-gund-company
MMLCD89NGC25,WOODARD & CURRAN INC,http://www.woodardcurran.com,https://linkedin.com/company/woodard-&-curran
MMLKHMM35UR8,VARCONS INC.,www.varcons.com,https://linkedin.com/company/varcons-inc.
MMLKPW9JLX64,SCIENCE APPLICATIONS INTERNATIONAL CORPORATION,,
MMLYTN8LSET7,"SMART, LLC",,
MMM1BMXJ8GJ5,ORION SYSTEMS INC,,
MMNLXEEA2TH8,"ARROW ELECTRONICS, INC.",https://www.arrow.com/,https://linkedin.com/company/arrow-electronics
MMNMLCK4KTJ4,"TKC GLOBAL SOLUTIONS, LLC",http://www.tkcglobal.com,https://linkedin.com/company/akima-global-technology
MMP3XJCCJHR8,D-J ENGINEERING INC,http://www.djgrp.com,https://linkedin.com/company/dj-engineering
MMPHKJPXREB6,DELTA CONSULTING GROUP INC,http://www.delta-cgi.com,https://linkedin.com/company/delta-consulting-group
MMQUAK1M15P1,"ANDERSON PERRY & ASSOCIATES, INCORPORATED",http://andersonperry.com,https://linkedin.com/company/andersonperry
MMR9GUVEN3B8,PARKSON CORPORATION,http://www.parkson.com/,https://linkedin.com/company/parkson-corporation
MMRDL2MJAFM8,BEHRENS SOLUTIONS INC,,
MMRXXSLJJ581,LEAAF ENVIRONMENTAL LLC,www.leaaf.com,https://linkedin.com/company/leaaf-environmental-llc
MMU8RZF8HMH9,AMERICAN BUREAU OF SHIPPING,http://www.eagle.org,https://linkedin.com/company/american-bureau-of-shipping
MMUSALYZMDX1,EASTERN COAST CONSTRUCTION LLC,http://www.easterncoastconstruction.com,https://linkedin.com/company/eastern-coast-construction
MMWQE517KBM5,ATSC IES INC,www.atscva.com,https://linkedin.com/company/advanced-technology-systems-company
MMX5H86D12A6,"ARISGLOBAL, LLC",https://www.arisglobal.com,https://linkedin.com/company/aris-global
MMYHATRYTNS5,"MJM ELECTRIC, INC",https://www.mjmelect.com,https://linkedin.com/company/mjm-electric-inc.
MN1HP3LWFJB1,"AMEREN TRANSMISSION COMPANY, LLC",https://www.ameren.com,https://linkedin.com/company/ameren
MN1TPWSXAAU1,K&R TECHNOLOGIES LLC,https://www.800ezmicro.com,https://linkedin.com/company/microbiology-international
MN5ENSRLDVK5,AKAMAI TECHNOLOGIES INC,http://WWW.AKAMAI.COM,https://linkedin.com/company/akamai-technologies
MN5LYLMWBGK8,"SIMULATION AND CONTROL TECHNOLOGIES, INC.",www.sctcontrols.com,https://linkedin.com/company/simulation-and-control-technologies-inc.
MN6GE1JYH9J5,"JTAG TECHNOLOGIES, INC",http://www.jtag.com,https://linkedin.com/company/jtag-technologies
MN8NJ6ZD3XL6,WCA WASTE CORPORATION,www.gflenv.com,https://linkedin.com/company/gflenvironmental
MN8YRBAL4MK7,KR3 INFORMATION SYSTEMS INC,http://kr3infosys.com,https://linkedin.com/company/kr3infosys
MN9GEVYMGLK9,MENTIS SCIENCES INC,mentissciences.com,https://linkedin.com/company/mentis-sciences-inc-
MN9UDDSSN3U3,QUEST SPECIALTY PRODUCTS INC,www.questspecialtyproducts.com,
MNA3A21WVHW8,UTAH FOAM PRODUCTS CO INC,www.utahfoam.com,https://linkedin.com/company/utah-foam-products-inc
MNALR8D818N7,"AT&T ENTERPRISES, LLC",www.att.com,https://linkedin.com/company/att
MNAPEE9YN8E5,"GLOBALPUNDITS TECHNOLOGY CONSULTANCY, INC.",http://www.globalpundits.com,https://linkedin.com/company/globalpundits
MNCCMR58CY55,"LINDAHL REED, INC.",www.lindahlreed.com,https://linkedin.com/company/lindahlreedinc
MNCXYT2J9JA3,KEN'S CARPET & DECORATING CO.,,
MND9UJ1AG4F6,TECH4IMAGING LLC,http://www.tech4imaging.com,https://linkedin.com/company/tech4imaging
MNDRXKA6DTB4,SLP ECONOMICS LLC,,
MNDZTHHBYND4,KEE SAFETY INC,http://www.keesafety.com,https://linkedin.com/company/keesafetyinc
MNFYJJM8SL31,STEVEN GAFFNEY COMPANY,http://www.stevengaffney.com,https://linkedin.com/company/steven-gaffney
MNG1DTKJ1LZ3,"ARCADIS U.S., INC.",http://www.ARCADIS.COM,https://linkedin.com/company/arcadis
MNGJSJRSAX25,"FEDERAL STRATEGIES, LLC",www.fed-strat.com,
MNH6QNE7S3U3,MENTORCLIQ INC,www.mentorcliq.com,https://linkedin.com/company/mentorcliq-llc
MNH8G4LJRFT6,"STS TECHNICAL SERVICES, LLC",www.sts-ts.com,https://linkedin.com/company/sts-technical-group
MNKDMK9JLBP4,"M & N ELECTRONIC, INC.",www.mnelectronic.com,https://linkedin.com/company/m-&-n-electronic-inc.
MNLSVF39W2B4,CROFT ASSOCIATES LIMITED,,
MNMMZXMQT873,"SOUTHEASTERN ARCHAEOLOGICAL RESEARCH, LLC",http://www.searchinc.com,https://linkedin.com/company/search-archaeology
MNNEE724DNL8,NOVA PROBST A JOINT VENTURE,,
MNPNZE1FEW54,"CANVAS II, LLC",http://www.canvas-inc.com,https://linkedin.com/company/canvas-inc
MNR4WL66A4V7,SOLVET LLC,,
MNRPRAEG5895,"DIVERSE DISASTER RECOVERY SPECIALIST, LLC",,
MNS7B9CVKDN7,GEORGIA STATE UNIVERSITY RESEARCH FOUNDATION INC,https://research.gsu.edu/georgia-state-university-research-foundation/,
MNS7TJ9KVTJ1,HDT EXPEDITIONARY SYSTEMS INC,www.hdtglobal.com,https://linkedin.com/company/hdt-global
MNT6HLDT9MM4,"BUSCH, LLC",www.buschvacuum.com,https://linkedin.com/company/busch-vacuum-solutions
MNU9US37VZG7,"MISTRAS GROUP, INC.",https://www.mistrasgroup.com/company/branches/jacksonville-fl-usa/,https://linkedin.com/company/mistras-group.
MNV3AT24RFG5,"HAMPTON HYDRAULICS, LLC",,
MNYZMMCK4NP5,MJS DESIGNS INC,WWW.MJSDESIGNS.COM,https://linkedin.com/company/mjs-designs-inc-
MNZGEAM8WG31,"MAZZELLA LIFTING TECHNOLOGIES, INC.",http://www.mazzellacompanies.com,https://linkedin.com/company/mazzella-companies
MNZNHHAEH6G9,LILONGWE UNIVERSITY OF AGRICULTURE AND NATURAL RESOURCES,www.luanar.ac.mw,https://linkedin.com/company/luanar-lilongwe-university-of-agriculture-and-natural-resources
MNZXHDEYSBN1,MARDO MASONRY INC,,
MP2RC33EK9K4,GREEN ZONE OASIS,,
MP3KWHC144T4,"ONVISOURCE, INC.",,
MP5MX8RNNJ98,E.P.S.D. INC.,http://www.elpasodoor.com,https://linkedin.com/company/el-paso-door
MP61WQEEW4H5,SABER TECHNOLOGIES LLC,sabertechnw.com,https://linkedin.com/company/sabertechnw
MP6FL3AJ9NE3,"BBP SALES, LLC",http://www.bbpsales.com,https://linkedin.com/company/bbp-sales
MP6NNKFBFN29,SMALLEY STEEL RING CO.,http://www.smalley.com,https://linkedin.com/company/smalley-steel-ring-co
MPAKA6U7FBJ3,OMNISOLVE INC,http://www.omnisolve.com,https://linkedin.com/company/omnisolve
MPDXLY8ZWWL8,BUILDING EFFICIENCY RESOURCES LLC,www.theber.com,https://linkedin.com/company/ber-building-efficiency-resources-llc
MPEGMTMJ24J8,"DATASKILL, INC",http://www.dataskill.com,
MPFEXEADKDA5,"BARKLEY ENTERPRISES, INC.",www.barkleyfluidpower.com,https://linkedin.com/company/barkley-playman-fluid-power
MPG5DBJYXRY3,SPI BORESCOPES LLC,SPIBORESCOPES.COM,https://linkedin.com/company/spi-borescopes
MPJRVM78BA49,AVTRON POWER SOLUTIONS LLC,,
MPLCA3TT6AY7,CAMBER CONSULTING,http://www.camberconsult.com,
MPMKJLLE2AT6,KESSLER-ELLIS PRODUCTS CO.,http://www.kep.com,https://linkedin.com/company/kessler-ellis-products-kep-
MPPUC2JZXND3,"INTEGRATED SOLUTIONS FOR SYSTEMS, INC.",http://www.is4s.com,https://linkedin.com/company/integrated-solutions-for-systems
MPPVQSK6TGK8,WORLD DINING LLC,http://www.worlddining.com/,
MPR4NJHKSJB8,"RANGER DEFENSE, INCORPORATED",https://ranger-defense.com/,https://linkedin.com/company/ranger-defense
MPT7GXA6E2R7,INDUSTRIAL INSPECTION & ANALYSIS INC,,
MPVYFLBR7C74,FIRE PROTECTION SERVICE CORP,mountainalarm.com,https://linkedin.com/company/mountain-alarm
MPVYTNWDZX95,"LUCAS ENGINEERING & MANAGEMENT SERVICES, INC.",www.lucasinc.com,https://linkedin.com/company/lucas-engineering-and-management-services-inc
MPXDWBJXLLQ6,"CLINT PRECISION MANUFACTURING, INC",https://www.clintprecision.com/,https://linkedin.com/company/clint-precision-mfg
MPYFY5UMSDP4,NATIONAL OPINION RESEARCH CENTER,http://www.norc.org/,https://linkedin.com/company/norc
MPYKY19SM8H6,"GLEDHILL/LYONS, INC.",accuratetechnology.net,
MQ13HU27EKN1,"ARMY, UNITED STATES DEPARTMENT OF THE",,
MQ1LKK5MD596,"WINMILL SOFTWARE, INC.",www.winmill.com,https://linkedin.com/company/winmill-software
MQ1PG6HWBCQ4,"GEM TECHNOLOGIES, INC.",,
MQ1TKVG8MN89,ULTIMATE KNOWLEDGE CORPORATION,https://theuki.com,
MQ59JNYV3G86,ACME PRODUCTS & ENGINEERING INC,,
MQ5RALZU8HX5,"SIDDONS MARTIN EMERGENCY GROUP, LLC",,
MQ73HLBK91J9,"TRIANGLE ASSOCIATES, INC.",http://www.triangleassociates.com,https://linkedin.com/company/triangle-associates_2
MQ81EK6LDBC3,EXCEL MECHANICAL CONTRACTORS LLC,www.excel-mechanical.com,https://linkedin.com/company/excel-mechanical-contractors
MQ8NHFF4X6E5,"BILLY METHOT LANDSCAPING, INC",,
MQ9VUDJ7F2X1,"OXLEY ENTERPRISES, INC.",HTTPS://WWW.OXLEYENTERPRISES.COM,https://linkedin.com/company/oxley-enterprises速-inc-
MQA4TXG59DM7,"FINAL WORD, THE",,
MQADM24LRA26,ARRANTA BIO MA LLC,www.recibiopharm.com,
MQCLH2N45EY8,"NORTHWEST MACHINING & MFG., INC.",http://www.nwmachandmfg.com,https://linkedin.com/company/northwest-machining-&-mfg-inc
MQCPNWJU8NW5,"AFFORDABLE INTERIOR SYSTEMS, INC.",,
MQDWT2K6SJB6,"SUDDEN SERVICE, INC",,
MQE2JHHJW9Q8,UNIVERSITY OF MASSACHUSETTS MEDICAL SCHOOL,http://www.umassmed.edu,https://linkedin.com/company/umass-medical-school
MQE3T5HKGCW1,"WEATHERLY CONSULTING, LLC",,
MQE8MFLKDE73,"MISSION FIRST CYBER, LLC",www.missionfirstcyber.com,https://linkedin.com/company/mission-first-cyber
MQEASEHCLLS8,"MOONEY INDUSTRIES PRECISION MACHINING, INC.",,
MQKTUX15LLU5,AI SIGNAL RESEARCH INC,http://www.aisignal.com,https://linkedin.com/company/ai-signal-research-inc-
MQMVYJFVXRQ3,"FERRIC, INC.",www.ferric.com,https://linkedin.com/company/ferric
MQNQAN58X1X5,"ENVIRONMENTAL WASTE MINIMIZATION, INC.",https://www.ewmi.com,https://linkedin.com/company/environmental-waste-minimization-inc-rapid-response-inc
MQNWAFMHS5Y9,ETEZAZI INDUSTRIES INC,http://etezazi-industries.com/,https://linkedin.com/company/etezazi-industries-inc-
MQQKNSTA1E21,INFORMATICA,,
MQRAURD7WEL7,"CORRTECH, INC.",www.corrtech-inc.com,https://linkedin.com/company/corrtech-inc-
MQSAT9X7MNN7,ARC ASPICIO LLC,https://www.arcaspicio.com,https://linkedin.com/company/arc-aspicio
MQT6UATE7WN4,ASTIC SIGNALS DEFENSES L.L.C.,http://www.signalsdefense.com,https://linkedin.com/company/signalsdefense
MQVVM3WL61Y9,INTERNETWORK CONSULTING SERVICES LLC,http://www.icsnets.com,https://linkedin.com/company/internetwork-consulting-services-llc
MQWUZRWEK4F8,SHOSHIN WORKS LLC,,
MR2LBJ1DTK93,THE UNITED TOOL & DIE COMPANY,,
MR4FCKSNGRC1,EDWARDS LIFESCIENCES LLC,www.edwards.com,https://linkedin.com/company/edwards-lifesciences
MR5QC5FCAVH5,REGENTS OF THE UNIVERSITY OF CALIFORNIA AT RIVERSIDE,ucr.edu,https://linkedin.com/company/university-of-california-riverside
MR5QG5YR1WM7,TRI-LIFT INC,www.triliftinc.com,https://linkedin.com/company/tri-lift-inc-
MR5TF7XCBN45,DISC-O-BED LP,http://www.discobed.com,https://linkedin.com/company/disc-o-bed-lp
MR7ZQXJSQKA5,U.S. CIVILIAN RESEARCH AND DEVELOPMENT FOUNDATION,https://www.crdfglobal.org/,https://linkedin.com/company/crdf-global
MRANBR8LT6D5,"REYNOLDS POLYMER TECHNOLOGY, INC.",https://www.reynoldspolymer.com/,https://linkedin.com/company/reynolds-polymer-technology
MRBPG7M9NFZ6,"CENTRAL ENGINEERING, INC.",,
MRGNG4T1DM35,"AXELLIANT, LLC",https://www.axelliant.com,https://linkedin.com/company/axelliant
MRJMENKQKLR7,"WALSH ENGINEERING SERVICES, PC",http://www.walshengr.com,https://linkedin.com/company/walsh-engineering-services
MRKEGVXBHDT7,CUSTOM CALIBRATION SOLUTIONS LLC,www.custom-cal.com,https://linkedin.com/company/custom-cal
MRL5THCF63V5,TRAILER TECHNOLOGIES HOLDINGS LLC,HTTP://WWW.KTSV.com,https://linkedin.com/company/kentucky-trailer-specialty-vehicles-ktsv
MRLBQKJDHB19,"THE KNOWLEDGE PARTNERS, LLC",theknowledgepartners.com,https://linkedin.com/company/knowledgepartners
MRLDLTCGVBX7,JONAS COLLECTIONS & RECOVERY INC,www.crsoftware.com,https://linkedin.com/company/candrsoftware
MRM7B3XBZL65,NEUFED LLC,,
MRM8BMKFE5C5,"IMPLICIT SOLUTIONS, LLC",www.implicitsolutionsllc.com,https://linkedin.com/company/implicit-solutions-llc
MRMNUW9N8K56,"MARSH CONSTRUCTION SERVICES, INC",http://www.marshconstructionservices.com,https://linkedin.com/company/marsh-construction-services
MRMUKMUTZHZ4,ACT1 FEDERAL LLC,http://www.ACT1Federal.com,https://linkedin.com/company/act1federal
MRQFSPGPZCY3,SUSTAINABLE CONTRACTORS,,
MRQUEXW725H9,EMERGENCY POWER SERVICES INC,https://www.epsi.us,
MRSUTG4XKDL4,APROOVE TECHNOLOGIES INC,www.aproove.com,https://linkedin.com/company/aproove
MRVHXU2T33E8,PLUNKETTS PEST CONTROL INC,,
MRVTS9K92HN7,ASSAY TECHNOLOGY INC,http://www.assaytech.com,https://linkedin.com/company/assay-technology
MRWWEJXN8YR4,MNJ TECHNOLOGIES DIRECT INC,https://www.mnjtech.com,https://linkedin.com/company/mnj-technologies-direct
MRXQGPAYK4D5,"PREFERRED MACHINE WORKS, INC.",www.prefmach.com,https://linkedin.com/company/preferred-machine-works-inc-
MRYMD9821DD3,"CS9 TECHNOLOGIES, LLC",https://www.cs9tech.com,https://linkedin.com/company/cs9-technologies-llc
MRZSFKHNN2N5,"ADARGA GOVERNMENT, INC.",,
MS2BA5KNGMF1,"JMB CONSULTING GROUP, THE LLC",ConsultJMBgroup.com,https://linkedin.com/company/jmb-consulting-group-llc
MS3AB45A3W83,"BAY ASSOCIATES, LLC",http://bayfuel.com,https://linkedin.com/company/bay-associates
MS3YSNT1JNP7,"PROJEX PLUS SOLUTIONS, INC.",www.projexplussolutions.com,https://linkedin.com/company/projex-plus-solutions-inc.
MS4VFB9L9YB5,OJEDA'S TECHNICAL SOLUTIONS LLC,www.otechnicalsolutions.com,https://linkedin.com/company/o-technical-solutions-llc
MS6AHD4EF8D7,LIQUID INSTRUMENTS INC,www.liquidinstruments.com,https://linkedin.com/company/liquidinstruments
MS6ZJJTGG1J1,"PERRY WEATHER, INC.",www.perryweather.com,https://linkedin.com/company/perry-weather-consulting-inc
MS9NC4RZDK19,T-REX SOLUTIONS LLC,http://www.trexsolutionsllc.com,https://linkedin.com/company/trex-solutions
MSBFMPU7XCK9,"DUNYA GROUP FOR GENERAL TRADING AND GENERAL CONTRACTING, AND CAR RENTAL/LIMITED",www.dunyagr.com,
MSBZSMSSNA74,"TTTECH NORTH AMERICA, INC.",http://www.tttech.com,https://linkedin.com/company/tttech
MSCWA8DRYNG8,PATRIOT SHOTCRETE LLC,www.patriotshotcrete.com,https://linkedin.com/company/patriot-shotcrete-llc
MSCYHA353VM8,THORNHILL RESEARCH INC,https://thornhillmedical.com/,https://linkedin.com/company/thornhillmedical
MSD3LBY65ZT1,TLINKED LLC,www.tlinked.com,https://linkedin.com/company/tlinked-llc
MSH7ZEHMG531,RAVE COMPUTER ASSOCIATION INC,http://www.rave.com,https://linkedin.com/company/rave-computer
MSHDLR472NH1,GUARDIAN ELECTRIC MANUFACTURING CO,www.kelcoind.com,https://linkedin.com/company/kelcoind
MSJ9F7PLJHX4,"TIMES MICROWAVE SYSTEMS, INC",http://www.timesmicrowave.com,https://linkedin.com/company/times-microwave-systems
MSJULSP882J3,FTG AEROSPACE INC.,www.ftgcorp.com,https://linkedin.com/company/ftg-aerospace
MSL5KMEHMR28,PACER DIGITAL SYSTEMS INC,pacerdigital.com,https://linkedin.com/company/pacer-digital-systems
MSLNBKTGNCB8,METAFUSE INC,,
MSM1F6ZE3H47,"PCP TACTICAL, LLC",,
MSN2MFL81DG3,ASTROSEC LLC,https://www.astrosec.com,https://linkedin.com/company/astrosec
MSNBZFQHHPD5,MALCOLM W DINNING,,
MSNCDK5B3F44,ALLIANCE PROPANE INC,,
MSNGJKZFC7Y9,"ENVIRONMENTAL RESOURCE ASSOCIATES, INC.",https://www.eraqc.com/,https://linkedin.com/company/era_68344
MSPRB8SXX5L4,HERMETIC SEAL CORPORATION,www.ametek.com,https://linkedin.com/company/ametek
MSPWVMXXMN76,UNIVERSITY OF TEXAS MEDICAL BRANCH AT GALVESTON,http://www.utmb.edu/,https://linkedin.com/company/utmb
MSSFSJL9FJM6,"ALTERISTIC, INC.",https://www.alteristic.org,https://linkedin.com/company/alteristic
MSSQQ551LG41,"IMPRES TECHNOLOGY SOLUTIONS, INC",https://www.imprestechnology.com,https://linkedin.com/company/impres-technology-solutions-inc-
MST2Z1EG1HV7,"OASIS SYSTEMS, LLC",http://www.astrion.us/,https://linkedin.com/company/astrion
MSYFSPW9KMD3,ARBOR E & T LLC,https://equusworks.com/,https://linkedin.com/company/equus-workforce-solutions
MSYWUDGYPKF5,"CP INDUSTRIES HOLDINGS, INC",https://cp-industries.com/,https://linkedin.com/company/cp-industries-a-division-of-cp-industries-holdings-inc-
MSZRMH8JWHA4,HT MACHINE SHOP LLC,,
MT4JGBN9XJE8,SAMVIT SOLUTIONS LLC,https://www.samvit-solutions.com/,https://linkedin.com/company/samvit-solutions-llc
MT5KYVKM2HT5,"DIGITAL ALERT SYSTEMS, INC.",http://www.digitalalertsystems.com,https://linkedin.com/company/digital-alert-systems
MT6DZPQUP663,ADOLF WURTH GMBH & CO KG,http://www.wuerth.de,https://linkedin.com/company/wuerth-germany
MT9AATHS7ZB5,TUTOR PERINI CORPORATION,http://www.tutorperini.com/,https://linkedin.com/company/tutor-perini-corporation
MT9NMNBYXTY6,UNIVERSITAT ZU KOLN,,
MTKJCAQNEES6,HAY ROBERT,,
MTKZKM9K9HM6,OPTIV FEDERAL INC,www.optivclearshark.com,https://linkedin.com/company/clearshark
MTLLH15GHED7,YOLE INC.,yolegroup.com,https://linkedin.com/company/yole-group
MTLSA45ZF8W4,SRM CONSULTANTS LLC,,
MTMPCAFM4T63,ELEMENT MATERIALS TECHNOLOGY CLEVELAND INC.,https://www.element.com/,https://linkedin.com/company/element-materials-technology
MTPSQ7DC8CC4,DEEPWATER BUOYANCY INC,https://deepwaterbuoyancy.com/,https://linkedin.com/company/deepwater-buoyancy-inc-
MTSKP9SNH6J1,MAC PANEL CO,,
MTU7S89PDB17,"DCX-CHOL ENTERPRISES, INC.",http://www.dcxchol.com,https://linkedin.com/company/dcx-chol-enterprises-inc
MTV7NA68ZA11,"HAZMAT RESOURCE, INC.",https://hazmatresource.com,https://linkedin.com/company/hazmatresource
MTXSJEVQZ8W8,EXCELITAS TECHNOLOGIES CORP,,
MTY5FLUHV3T5,UNITED TRANS KAZAKHSTAN,,
MTYHK74LWLB7,GABRIEL ROEDER SMITH & CO,www.grsconsulting.com,https://linkedin.com/company/gabriel-roeder-smith-&-company
MU1QGBWPNE51,CINCH CONNECTORS DE MEXICO SA DE CV,http://www.cinch.com,https://linkedin.com/company/cinch-connectors
MU28B2N8P658,GRACO HIGH PRESSURE EQUIPMENT INC.,http://www.highpressure.com,https://linkedin.com/company/high-pressure-equipment-company
MU3YENB8DAK6,"ENVIRONMENTAL MAINTENANCE ENGINEERS, INC",http://www.teameme.com,https://linkedin.com/company/environmental-maintenance-engineers-inc-
MU3ZCV244MC8,STV INCORPORATED,http://www.stvinc.com,https://linkedin.com/company/stv
MU5BJR4UM2V3,"CSSI, LLC",www.cssiinc.com,https://linkedin.com/company/cssi-inc
MU5EDC6LV775,"STANEK TOOL, LLC",http://www.stanektool.com,https://linkedin.com/company/stanek-tool-corporation
MU5HW8PXRZW7,ERNCO ENVIRONMENTAL DRILLING,,
MU7RWNWRNLK5,PARAB CONSULTING GROUP INC,www.pcgisystems.com,https://linkedin.com/company/pcgi
MU8VTWFS9QP8,"IGNITE FUELING INNOVATION, INC",http://www.igniteimpossible.com,https://linkedin.com/company/igniteimpossible
MUBMGXNMWBY6,FORMSPRAG LLC,http://www.formsprag.com,https://linkedin.com/company/formsprag-clutch
MUBRTAR5JG27,CAMBRIDGE INTELLIGENCE INC,https://cambridge-intelligence.com/,https://linkedin.com/company/cambridge-intelligence
MUDFJNZ3C9U3,GRAHAM RESEARCH INC,https://grahamresearch.com/,https://linkedin.com/company/graham-research-inc
MUEDP1SEZXC3,ALEMNIS AG,www.alemnis.com,https://linkedin.com/company/alemnis
MUENBJGTQAY8,"MENEDZHMENT SISTEMS END BIZNES KONSALTANTS, TOO",,
MUF4EU3ZANJ5,ALSHUAA ESTABLISHMENT,,
MUG1MN939RM7,"ALTEC AIR, LLC",http://www.altecair.com,https://linkedin.com/company/altec-air
MUG7XFWE1JB8,"BAIRSTOW LIFTING PRODUCTS, LLC",http://www.bairstow.com,https://linkedin.com/company/bairstow-lifting-products-co-inc-
MUGFN52A5NJ1,HARVARD BIOSCIENCE INC,http://www.datasci.com,https://linkedin.com/company/data-sciences-international
MUGRMJ4RQ9L9,ROVJOK OY,,
MUKYMSCWEAC7,"REYNOLDS TECH FABRICATORS, INC",http://www.reynoldstech.com,https://linkedin.com/company/reynolds-tech-fabricators-inc-
MULGSNHQWKG1,JEROME REITER,,
MUP4J21AB815,"PENDLECO, LLC",,
MUQ8KA17JTP8,DEMCON CONCRETE CONTRACTORS INC,http://www.demconconcrete.com/site/,
MURSDWH7LZH6,10K ADVISORS LLC,,
MUS8Q5MCNM17,"CONSOLIDATED CONTRACTING & ENGINEERING, LLC",,
MUTXVE5USCZ8,"NORTHWEST INSTRUMENTS AND CONTROLS, INC.",www.nwinstruments.com,https://linkedin.com/company/northwest-instruments-and-controls
MUW4UUKWD4E1,FISHER SCIENTIFIC COMPANY LLC,,
MUZFCHQ1AK55,"BRYANT'S PRECISION, M F G, CORP.",http://www.bryantprecision.net,
MV16RAZPXBA1,XENTITY CORPORATION,http://www.xentity.com,https://linkedin.com/company/xentity-corporation
MV1JFXA4S621,NEVADA SYSTEM OF HIGHER EDUCATION,http://www.dri.edu/,https://linkedin.com/company/desert-research-institute
MV27FB6N99Z3,ELOOP LLC,http://www.eloopllc.com,https://linkedin.com/company/eloopllc
MV28L5KHZ3N4,"WALTER DORWIN TEAGUE ASSOCIATES, INC.",,
MV2FTFU6ELL8,BLUE AEROSPACE LLC,www.blueaero.com,https://linkedin.com/company/blue-aerospace-llc
MV49QD8N4299,AIGSA NPC,,
MV7AWHPZGLG5,JKNOWLES CONSULTING LLC,,
MVAMN2NWA3N8,SEDONA TECHNOLOGIES GOVERNMENT SERVICES LLC,www.stgs.us,
MVANNDVVUQQ4,RUSSELL PLASTICS TECHNOLOGY CO INC,www.vaupell.com,https://linkedin.com/company/vaupell
MVBQJL4JQ6G1,"LAFAYETTE INSTRUMENT COMPANY, LLC",www.lafayetteinstrument.com,https://linkedin.com/company/lafayetteinstrument
MVBZVYUSK4Z3,SNOWY OWL SECURITY LLC,https://www.snowyowlsecurity.com/,https://linkedin.com/company/snowy-owl-security
MVD7JMKUWZG1,"ENTERPRISE FLEET MANAGEMENT, INC.",http://www.efleets.com/fleets,https://linkedin.com/company/enterprise-fleet-management
MVGHMZGSKNH1,TEAMWORKS TACTICAL SOLUTIONS INC,www.teamworkstactical.com,
MVHNVL3JKN78,JAYTECH CORPORATION,www.jaytechcorp.com,https://linkedin.com/company/jaytech-corporation
MVJ8B69F5CL6,"RIGGINS COMPANY, L.C.",http://www.rigginscompany.com,https://linkedin.com/company/riggins-company
MVJGFD5V1GF9,"PHASE2 TECHNOLOGY, LLC",http://www.phase2.io,
MVJZTPQNV113,"LAMSCO WEST, INC",https://avantusaerospace.com/,https://linkedin.com/company/avantus-aerospace
MVKWB3HB5KX5,HONEYWELL INTERNATIONAL INC.,,
MVLLRG4QJHR8,HEPACO LLC,http://www.hepaco.com,https://linkedin.com/company/hepaco-inc.
MVLULVFYF9R6,MARAND PRECISION ENGINEERING PTY. LTD.,www.marand.com.au,https://linkedin.com/company/marand-precision-engineering
MVMDQCBUKEP4,GOLDBELT SECURITY LLC,www.goldbeltsecurity.com,https://linkedin.com/company/goldbelt-security-llc
MVMPPKP7NNM9,ACUMEN SCIENTIFIC,www.acumenscientific.com,https://linkedin.com/company/acumen-scientific
MVN2BYZKL4H8,BRADFORD SYSTEMS CORPORATION,http://www.bradfordsystems.com,https://linkedin.com/company/bradford-systems-corporation
MVNNSLH5FRG3,"AMI INDUSTRIES, INC",http://www.utc.com/Home,
MVNTJPAA9XZ6,MACK COMPANY FOR GENERAL TRADING TRANSPORTATION LTD,,
MVPME58M7V71,"EVENTIDE, INC",http://www.eventide.com,https://linkedin.com/company/eventide
MVV3M1LWTKF5,TEKNATIO INC,,
MVZ7JK1BDQM1,MANNCORP INC,http://www.manncorp.com,https://linkedin.com/company/manncorp
MW6FSKC3LH75,PONTIFICIA UNIVERSIDAD CATOLICA DE CHILE,www.uc.cl,https://linkedin.com/company/vicerrectoría-académica-uc
MW8JHK6ZYEX8,THE REGENTS OF THE UNIVERSITY OF COLORADO,,
MWA4TK81JB45,MDF TECHNOLOGIES INC,http://www.mdfinternational.com,https://linkedin.com/company/mdf-technologies-inc
MWBLS4LKYNP9,LIMMATECH BIOLOGICS AG,lmtbio.com,https://linkedin.com/company/limmatech-biologics-ag
MWCVNKNHLF53,ATI LADISH LLC,www.atimaterials.com,https://linkedin.com/company/atimaterials
MWD8VJEJRAH9,SPACE ENGINEERING AND ACQUISITION SYSTEMS INC.,http://www.spaceea.com,https://linkedin.com/company/space-engineering-and-acquisition-systems-inc
MWDRZJ2ZVPV7,"GENERAL DYNAMICS MISSION SYSTEMS, INC.",http://gdmissionsystems.com,https://linkedin.com/company/gdms
MWESH12ATJ47,"LEECH HOLDINGS, LLC",www.leechind.com,https://linkedin.com/company/leech-industries-inc-
MWEUZ5KTUEC4,HITACHI HIGH-TECH ANALYTICAL SCIENCE AMERICA INC.,,
MWFADQH8YWH7,TAYLOR & FRANCIS GROUP LLC,http://www.taylorandfrancis.com,https://linkedin.com/company/taylor-&-francis-group
MWGGEJCASAC5,COMMUNICATIONS & POWER INDUSTRIES CANADA INC.,www.cpii.com,https://linkedin.com/company/cpi
MWJNK4XJE737,NUCRYPT LLC,www.nucrypt.net,https://linkedin.com/company/nucrypt-net
MWJZAAYJLWF6,TRUELOVE & MACLEAN INC,https://www.trueloveandmaclean.com,https://linkedin.com/company/truelove-and-maclean
MWKWXVSSC518,"AEROVIRONMENT, INC",www.avinc.com,https://linkedin.com/company/aerovironment
MWM4N9L4S5X4,PROMEGA CORPORATION,www.promega.com,https://linkedin.com/company/promega
MWMKKLFMK8B4,"KNOWLEDGEBANK, INC.",http://www.knowledgebank.us.com,https://linkedin.com/company/knowledgebankus
MWVLVB3QGFN8,BATTLEFIELD INTERNATIONAL INC,https://www.battlefield.biz/,https://linkedin.com/company/battlefield-international
MWYBWXU9ZGB9,"RED CEDAR CONSULTANCY, LLC",www.redcedarconsultancy.com,https://linkedin.com/company/red-cedar-consultancy-llc
MWYVQTQ32ME5,PENNINGTON BIOMEDICAL RESEARCH CENTER,http://www.pbrc.edu,
MX4JXKMAQ4J8,"STRATOS AEROSPACE, INC.",www.stratosaerospace.com,https://linkedin.com/company/stratos-aerospace-inc
MX4RJGQQBGD6,"COST ATELIER, LLC",https://www.costatelier.com/,https://linkedin.com/company/costatelier
MX5FLJ621JJ3,"AVION SOLUTIONS, INC.",http://www.avionsolutions.com,https://linkedin.com/company/avion-solutions-inc
MX5VS2T9WN95,RED CROW ACADEMY LLC,http://www.redcrowlab.com,https://linkedin.com/company/red-crow-academy
MX8NDC2GKWU1,"MAGNETIC COMPONENT ENGINEERING, LLC",https://www.mceproducts.com/,https://linkedin.com/company/mce-magnetic-component-engineering
MXACAUQAMCN5,HONEYWELL INTERNATIONAL INC.,,
MXALQCAPGHJ8,"AMET, INC.",www.ametinc.com,https://linkedin.com/company/amet-inc.
MXAYK8PM3D99,"TERADYNE, INC.",,
MXCNBCPZM7Z4,"SOLUTIONS BY DESIGN II, LLC",http://www.sbd.com/,https://linkedin.com/company/solutions-by-design
MXGGVL84WKU8,ADVANSYS INC,,
MXHAS3AKPRN1,NORTHERN ARIZONA UNIVERSITY,,
MXHFJK5EPFT4,"SAGE ENGINEERING ASSOCIATES, LLP",https://www.sagellp.com,https://linkedin.com/company/sage-engineering-associates-llp
MXHWUGFD4LL7,MAYNARD INC,http://www.maynardinc.us/,https://linkedin.com/company/maynard-inc
MXM7BV29X8D5,ZLC SOLUTIONS LLC,www.zlcsolutions.com,https://linkedin.com/company/zlcsolutions
MXMTZJJKRG65,"BALANCED MECHANICAL SERVICES, LLC",,
MXQBJMJ2J4L8,"NONLETHAL TECHNOLOGIES, INC.",http://www.nonlethaltechnologies.com,https://linkedin.com/company/nonlethal-technologies-inc
MXR3MJ5ZKHQ3,"CCS INTERNATIONAL, INC.",https://www.ccsdifference.com,https://linkedin.com/company/construction-cost-systems-inc.
MXS1XLT41J47,"A.E. WOOD & ASSOCIATES, L.L.C.",www.aewood.com,https://linkedin.com/company/a.e.-wood-&-associates-l.l.c.
MXT5BGZX32S3,"SCIENTIFIC APPLICATIONS & RESEARCH ASSOCIATES, INC.",http://www.sara.com,https://linkedin.com/company/sarainc
MXT8BK33NVN5,SECURITY SAFETY & CONSULTING LLC,,
MXTJBDD1L4T4,TAYLOR DEVICES INC,http://www.taylordevices.com,https://linkedin.com/company/taylor-devices
MXTJKYDAEDQ9,"CYBERMEDIA TECHNOLOGIES, LLC",http://www.ctec-corp.com,https://linkedin.com/company/ctec
MXVTTDXE7MS7,ADVOKATO,https://www.advokato.org,https://linkedin.com/company/advokato
MXWGP7E3TFM8,"PARABON NANOLABS, INC.",http://www.parabon.com,https://linkedin.com/company/parabon-computation
MY2CU5T3WSL8,"PRILLAMAN'S CRANE & RIGGING, INC.",www.prillamanscraneandrigginginc.com,
MY2ERHGDV956,"TUFTS MEDICAL CENTER PARENT, INC.",www.tuftsmedicine.org,https://linkedin.com/company/tuftsmedicine
MY2LF58EE3B9,"ENVIRONOVA, LLC.",http://www.environova.com,https://linkedin.com/company/environova-llc
MY3JZZEBM856,ENVIROTECH DRILLING SERVICES,,
MY4DNWXWL7M1,"C J W CONSTRUCTION, INC.",,
MY4DZMBEA311,TOURS DES PAYS DES GRANDS LACS (T.P.G.LA) LTD,,
MYA6K3V3JHX8,LUDLUM MEASUREMENTS INC,http://www.ludlums.com,https://linkedin.com/company/ludlum-measurements-inc
MYD5GHXHKGM9,"ZENITEL USA, INC.",www.zenitel.com,https://linkedin.com/company/zenitel
MYE2B6B13JJ1,"EZ RIG CRANES, INC.",https://ezrigcrane.com/,https://linkedin.com/company/ezrig-crane
MYEACAS9JBL6,"PRAIRIE QUEST, INC.",http://www.PQCWorks.com,https://linkedin.com/company/prairie-quest
MYGYLK5M44Y1,"KMI, INC",,
MYHKJZNUQRQ7,GURLEY PRECISION INSTRUMENTS INC,http://www.gurley.com,https://linkedin.com/company/gurley-precision-instruments
MYHSMYECPCR1,"TECNOVA ADVANCED SYSTEMS, INC.",http://www.tecnadyne.com/,https://linkedin.com/company/tecnadyne
MYJHF1S2HGV5,"EPSILON SYSTEMS SOLUTIONS, INC.",WWW.EPSILONSYSTEMS.COM,https://linkedin.com/company/epsilon-systems-solutions-inc.
MYJTHJWMWHY7,KAPPLER INC,http://www.kappler.com,https://linkedin.com/company/kappler-inc.
MYKAHLTLLF65,PAPE MATERIAL HANDLING INC,,
MYL4PKKDDDJ6,"ELECTRON BEAM WELDING, LLC",http://www.electronbeamweldinginc.com,https://linkedin.com/company/electron-beam-welding-llc
MYLBMN8EH9K9,ROSEMOUNT AEROSPACE INC,,
MYLZB6JV3EP9,"SDV SOLUTIONS, LLC",,
MYMEV3EL5LJ5,ATC GROUP SERVICES LLC,http://oneatlas.com,https://linkedin.com/company/atlastechnicalconsultants
MYMWLKM5DCB4,"MAGNUM PAVING, INC.",magnumpaving.com,https://linkedin.com/company/magnum-paving
MYQNMGVH1FW8,THERESA OKWUMABUA,,
MYQNQPFBMLG7,PELICAN ROPE WORKS,https://www.pelicanrope.com,https://linkedin.com/company/pelican-rope-works
MYS9ZCJUSZ25,"ELEVATED TECHNOLOGIES SERVICES, LLC",https://www.elevatedinc.com,https://linkedin.com/company/elevator-service-inc.
MYSMQ6UGT419,DANIELS MANUFACTURING CORPORATION,,
MYSXL3TMFL93,TALON ANALYTICS LLC,,
MYT4LLAUJ1L1,RG LOEWENGUTH CO INC,www.rglgage.com,https://linkedin.com/company/r-g-loewenguth-co-inc
MYUXCAJADDH3,"ATHENIX SPECIAL MISSIONS, LLC",http://www.athenixsolutions.com,https://linkedin.com/company/athenix-solutions-group
MYUZM9J4GZ49,ENERMAX LLC,www.enermaxllc.com,https://linkedin.com/company/enermax-llc
MYVMBBB34F88,KMA ARCHITECTURE & ENGINEERING,www.kma-ae.com,https://linkedin.com/company/kma
MYVVXEGFN6E5,GEC AVIATION INC,,
MYWNRL6NTF28,"ECHOMAV TECHNOLOGIES, INC.",https://echomav.com/,https://linkedin.com/company/echo-mav-llc
MYXWMLPKNL74,"CONSULTING FOR HEALTH, AIR, NATURE & A GREENER ENVIRONMENT, LLC",https://www.changeenvironmental.com/,https://linkedin.com/company/change-environmental
MZ22J7VY3RM6,LOGISYS TECHNICAL SERVICES INC,https://logisys-tsi.com/,https://linkedin.com/company/logisys-technical-services
MZ2KY7NBQ6N1,"NORTH ROCK CONSULTING, LLC",https://www.northrockconsulting.com/,https://linkedin.com/company/northrockconsulting
MZ3XSS1B6UT6,"SEMICONDUCTOR COMPONENTS INDUSTRIES, LLC",http://www.onsemi.com,https://linkedin.com/company/on-semiconductor
MZ4DYXE1SL98,OREGON STATE UNIVERSITY,,
MZ4NXWPAAYE5,IOP PUBLISHING LIMITED,,
MZ5QV6SB3Y95,GLOBAL BROADBAND SOLUTIONS LLC,https://www.gbs1.com,https://linkedin.com/company/global-broadband-solutions-llc
MZ5UMEDRFM95,C2 DEFENSE INC.,https://c2-defense.com/,https://linkedin.com/company/c2-defense
MZ6DK3NUEJ73,CLOUD SECURITY ALLIANCE,WWW.CLOUDSECURITYALLIANCE.ORG,https://linkedin.com/company/cloud-security-alliance
MZ7LBEX6QAM5,"HERITAGE SYSTEMS ENGINEERING, LLC",https://www.heritagesystemsengineering.com/,
MZB2KDYKHYT1,MOOG MILITARY AIRCRAFT LLC,,
MZFAGG7UKN79,FLIR UNMANNED AERIAL SYSTEMS ULC,www.flir.com,https://linkedin.com/company/flir-systems
MZFHJKDZWSJ8,"RUBBERCRAFT CORPORATION OF CALIFORNIA, LTD.",,
MZFTVMLKHXS8,ETS-LINDGREN INC,http://www.ets-lindgren.com,https://linkedin.com/company/ets-lindgren
MZGNC7QAMPA7,"JOHNSON CONTROLS FEDERAL SYSTEMS, LLC",https://johnsoncontrols.com,https://linkedin.com/company/johnson-controls
MZHQBE219BK5,"ELECTRICO, INC.",,
MZK8TCNF24G2,RAYTHEON COMPANY,https://www.rtx.com/,https://linkedin.com/company/raytheontechnologies
MZM4YNNA7JA4,SUPERLOGICS INCORPORATED,http://www.superlogics.com,https://linkedin.com/company/superlogics-inc.
MZMXAEXDWWK7,AADIL RHAZI,,
MZP3LMF2ULL1,"REYCON CONSTRUCTION SOLUTIONS, L.P",,
MZQ8YJKMLQ94,WSP USA ENVIRONMENT & INFRASTRUCTURE INC.,www.wsp.com,https://linkedin.com/company/wsp
MZRRAPUNMDG3,PCM SERVICES INC,http://www.pcmservices.com,https://linkedin.com/company/pcm-services
MZRVEHZK1DL5,"MKGCS, LLC",HTTP://WWW.MKGCS.COM,https://linkedin.com/company/mkgcs
MZSTRD695FA7,MANAGENET INC.,http://www.managenetinc.com,https://linkedin.com/company/managenet-inc
MZUJKX7M3139,ROGERSON AIRCRAFT EQUIPMENT GROUP,www.rogersonaircraftequipmentgroup.com,
MZV3C9MDKXN9,"CADENCE GROUP ASSOCIATES, INC.",http://www.cadence-group.com,https://linkedin.com/company/cadence-group
MZVDK1UCRK87,FED ELECTRIC LLC,,
MZVJZQNF4QE5,"BENNETT BROTHERS MECHANICAL, INC",,
MZWESG768D91,"ALABAMA CONTROLS, INC.",albireoenergy.com,https://linkedin.com/company/albireo-energy
MZZMGKBE4DV9,MDC PRECISION LLC,http://www.mdcprecision.com,https://linkedin.com/company/mdcprecision
N111LGYXDUM7,"ZOOM COMMUNICATIONS, INC.",https://zoomgov.com/,
N113T5PHPMC1,CALVERT WIRE AND CABLE CORPORATION,http://www.calvertwire.com/,
N11KQ6CTQUK9,T GROUP INTERNATIONAL LLC,,
N13DJ3WGJNN3,MORZINE MEDICAL LLC,www.morzinemed.com,https://linkedin.com/company/morzine-medical
N14VYH5LJJB7,DIE-CUT PRODUCTS CO.,http://www.diecut.com,https://linkedin.com/company/die-cut-products
N16QRJRHSKJ8,"EBERHARD EQUIPMENT NO. 3, INC",,
N18WEFYJGMR3,MEADOR PAINTING LLC,,
N193Z8C6CWF6,RIVER PARTNERS,www.RiverPartners.org,https://linkedin.com/company/river-partners
N19BZQQSEUV4,KONIAG DATA SOLUTIONS LLC,,
N19CK3XX7HT5,SCHWAB INDUSTRIES INC,www.schwabind.com,https://linkedin.com/company/schwab-industries-inc
N19LXG4FGNR8,"MOTT MACDONALD, LLC",http://www.mottmac.com,https://linkedin.com/company/mott-macdonald
N1ACHB9PNN93,PRESIDENT AND FELLOWS OF MIDDLEBURY COLLEGE,www.middlebury.edu,https://linkedin.com/company/middlebury-college
N1AZWJBBFLQ6,"SPARES PLUS, LLC",sparesplusllc.com,
N1BLU9ZK5H54,EPIQ DESIGN SOLUTIONS LLC,http://www.epiqsolutions.com,https://linkedin.com/company/epiq-solutions
N1C5QLNPJLS4,DELL FEDERAL SYSTEMS L.P,www.dell.com,
N1CVZBXWLSD7,"NORTHERN WINGS REPAIR, INC.",https://www.northernwings.com,https://linkedin.com/company/northern-wings
N1ECEJL9LMM7,INTELLIGENT EPITAXY TECHNOLOGY INC,http://www.intelliepi.com,https://linkedin.com/company/intelligent-epitaxy-technology
N1FJC2W3EVP4,"ROCK ELECTRIC, INC.",,
N1G2S61FTUQ9,VERMILLION INCORPORATED,www.vermillioninc.com,https://linkedin.com/company/vermillion-inc-
N1JKYGJEZ7T1,"MARTIN MARIETTA MATERIALS, INC.",,
N1JNFKTD8UN5,"ADVANCED LASER MATERIALS, LLC",https://www.advancedlasermaterials.com,
N1K1BHREQNJ1,"CARL ZEISS INDUSTRIAL METROLOGY, LLC",,
N1M7HLLHNSU9,NEXTGEN FEDERAL SYSTEMS LLC,http://www.nextgenfed.com/,https://linkedin.com/company/nextgenfed
N1MERRTEK5H8,"MITSUI CHEMICALS CROP & LIFE SOLUTIONS, INC.",,
N1MGGJXH3DX7,NTOPOLOGY INC,www.ntop.com,https://linkedin.com/company/ntopology
N1NLKX42JKN5,WESTINGHOUSE GOVERNMENT SERVICES LLC,,
N1NSUJ4KDK43,MOONSHOT RESEARCH LLC,www.moonshotresearch.com,
N1PJDANWUJ61,SCOT FORGE COMPANY,www.scotforge.com,https://linkedin.com/company/scot-forge
N1QGHKMLSYF8,ACTIVU CORPORATION,http://www.activu.com,https://linkedin.com/company/activu
N1XNMKANHG61,CHECKPOINT TECHNOLOGIES LLC,https://www.checkpointtechnologies.com,https://linkedin.com/company/checkpoint-technologies-llc
N1Z8YZN8UUL5,"RAIDEN CO., LTD.",,
N21YMVAVKN25,TEXAS FLANGE & FITTING SUPPLY INC,http://www.texasflange.com,https://linkedin.com/company/texas-flange
N232MKP3LLS5,WUNDERMAN WCJ FZ-LLC,www.vml.com,https://linkedin.com/company/vmlyr
N252F8S7XMH8,CONTECH ENGINEERED SOLUTIONS INC.,,
N26SQNZK4AX6,"AMBITIONS TECHNOLOGY GROUP, LLC",www.ambitionsgroup.com,https://linkedin.com/company/ambitions-consulting-group
N275HH82HAR1,"REXNORD INDUSTRIES, LLC",www.regalrexnord.com,https://linkedin.com/company/regal-rexnord
N28CANF7FTV1,"FIVE OCEANS FLORIDA, INC",www.flrst.com,https://linkedin.com/company/florida-rs-technology
N2A3BCSQKNL3,RMUS LLC,www.rmus.com,https://linkedin.com/company/rmus
N2B1V533CKK3,"G.H. TOOL & MOLD, LLC",,
N2B9NKL5J9N5,FIVECAST PTY LTD,https://www.fivecast.com/,https://linkedin.com/company/fivecast
N2BWFWL9SV15,SUSTAINABLE TECHNOLOGIES,,
N2CPZNTEDDB3,"TRINITY ENTERPRISE SERVICES, LLC",www.trinityesllc.com,https://linkedin.com/company/trinity-enterprise-services-llc
N2D4L65472N5,"CORASCLOUD, INC.",http://www.coras.ai,
N2DZT6BEWLJ6,ATKINSON CONSULTING LLC,https://atkinsonconsult.com/,https://linkedin.com/company/atkinson-consult
N2FFGJKWWGM9,"ATLANTIC GRAPHIC SYSTEMS, INC.",,
N2J4QQBTZ983,"CRYPTIC VECTOR, LLC",https://crypticvector.com,https://linkedin.com/company/cryptic-vector
N2JEL5PPUW21,PERATON CORP.,www.peraton.com,https://linkedin.com/company/peraton
N2JRSLWD1BC5,"TTM TECHNOLOGIES, INC.",http://www.ttm.com,https://linkedin.com/company/ttmtechnologies
N2KZT34Y2LH6,BAR NONE TECHNOLOGIES LLC,www.barnonetech.com,https://linkedin.com/company/bar-none-technologies
N2L8QZT89L97,"NV5 GEOSPATIAL SOLUTIONS, INC.",https://www.nv5.com,https://linkedin.com/company/nv5
N2MDZDU5AVB3,"KELLEY ENGINEERING, LLC",www.kelley-eng.com,https://linkedin.com/company/kelley-engineering-llc
N2MHDJKBQPP1,AV3 INC,https://av3inc.com/,https://linkedin.com/company/av3-inc-
N2R6ZUKXCHH3,NINYO & MOORE GEOTECHNICAL & ENVIRONMENTAL SCIENCES CONSULTANTS,http://www.ninyoandmoore.com,https://linkedin.com/company/ninyo-&-moore
N2SNHMPLTJS9,"SARGENT & LUNDY ENGINEERING SERVICES, INC.",,
N2TKCKTA3MH3,"BMC SOFTWARE, INC.",www.bmc.com,https://linkedin.com/company/bmc-software
N2VNYTX7JCH6,T K LYDEN ELECTRIC & GENERATOR INC,www.tklydenelectric.com,https://linkedin.com/company/t-k-lyden-electric
N2VQE4MD3UE3,VISUAL TELECOMMUNICATION NETWORK LLC,http://www.vitelnet.com,https://linkedin.com/company/vitel-net
N2WBBSAXA1H7,HARTZELL ENGINE TECHNOLOGIES LLC,,
N2XEFMDHBT14,EMPIRE CONTRACT GLAZING INC,,
N2YPWCT59G78,"5TH WIND DIGITAL SERVICES, INC.",https://digitalwind5.com/,
N2ZPU3SLQFT6,"TTI, INC.",,
N31RT5EZGK87,"GLOOKO, INC.",www.glooko.com,https://linkedin.com/company/glooko
N32AY8XDVYE5,"SENSAPHONICS, INC",,
N335MH7NNLA9,"INTEROPERABILITY BIDCO, INC.",www.rhapsody.health,https://linkedin.com/company/lyniate
N33XH2APDNJ4,"J.A.R. CAPITAL GROUP, INC.",https://www.qualityvans.com/,https://linkedin.com/company/quality-vans-and-specialty-vehicles
N34CXJCDNDU1,CLAREMONT GRADUATE UNIVERSITY,http://www.cgu.edu,https://linkedin.com/company/claremont-graduate-university
N34DGEPC1N57,RUGGED SYSTEMS INC.,http://www.core-systems.com,https://linkedin.com/company/coresystems
N35SHNLCJEL5,GAIANALYTICS LLC,,
N35TMLJK6RV7,"GORDON CONTRACTORS, INC.",www.gordoncontractors.com,https://linkedin.com/company/gordoncontractors
N36KBDHE4D23,MESA LABORATORIES INC,www.mesalabs.com,https://linkedin.com/company/mesa-laboratories-inc
N37JST95C3S5,"VIDOORI, INC.",https://www.vidoori.com/,https://linkedin.com/company/vidoori-inc
N37XNXRLCL74,"MICHAEL SURFACE SOLUTIONS, INC.",www.michaelsurfacesolutions.com,
N392R3PXLKJ1,PROJETECH INC,https://www.projetech.com/,https://linkedin.com/company/projetech
N39SUHB1HYQ9,HIGH PERFORMANCE SOLUTIONS L.L.C.,thehpsfactor.com/,
N3BMUFDCYAB5,QUALITY STEEL INC,https://www.qualitysteelinc.com/,https://linkedin.com/company/qsiidaho
N3DCJRAKMTC3,HDL RESEARCH LAB INC,http://www.hdlpower.com,
N3EFNMFAD8R8,TK ELEVATOR CORPORATION,,
N3F4YHGEMD54,"BRIGHT PLUM, INC.",brightplum.com,https://linkedin.com/company/bright-plum-inc
N3FKP2UJ5C21,"COMSOL, INC.",http://www.comsol.com,
N3GDEB78RNF8,GALAPAGOS FEDERAL SYSTEMS LLC,www.galapagosllc.com,https://linkedin.com/company/galapagos-federal-systems
N3JTAHBLTND5,REALISTIC COMPUTING INC,http://www.realistic-computing.com,https://linkedin.com/company/realistic-computing-inc.
N3K7U4MKPSE4,J & R TOOL INC,www.jrtoolinc.com,https://linkedin.com/company/j-and-r-tool-inc
N3KLYMYAJGJ3,"BARNHART NORTHEAST, INC",https://www.barnhartcrane.com/philadelphia-pennsylvania/,https://linkedin.com/company/barnhart-crane-&-rigging
N3KMM6N962X3,TOM SAWYER SOFTWARE CORP,https://www.tomsawyer.com,https://linkedin.com/company/tom-sawyer-software
N3KSX9M87N15,EMSL ANALYTICAL INC,www.emsl.com,https://linkedin.com/company/emsl-analytical-inc.
N3LDJMUN36N1,"IRON MOUNTAIN DATA CENTERS, LLC",https://www.ironmountain.com/data-centers,https://linkedin.com/company/iron-mountain
N3LDVZ6VWBS8,SAGITTAE SOLUTIONS LIMITED LIABILITY COMPANY,,
N3NCCRTFC8D1,"WASTE MANAGEMENT, INC.",www.wm.com,https://linkedin.com/company/waste-management
N3NULR7A1A88,"CARBON CARBON ADVANCED TECHNOLOGIES, INC.",http://www.c-cat.net,https://linkedin.com/company/carbon-carbon-advanced-technologies
N3PBJAVNKF61,"CACI, INC. - FEDERAL",http://WWW.CACI.COM,https://linkedin.com/company/caci-international-inc
N3PNJGKDX4L3,"DEXIAN, LLC",http://www.dexian.com,https://linkedin.com/company/dexiansolutions
N3PQK3N91RM4,JCM ENGINEERING CORP,,
N3RSDM1LXKK9,PERATON INC.,www.peraton.com,https://linkedin.com/company/peraton
N3S9R2JW2YM1,TE CONNECTIVITY CORPORATION,http://www.te.com,https://linkedin.com/company/te-connectivity
N3SLB1KDDRB5,J FOSTER & ASSOCIATES LLC,www.jfaidaho.com,https://linkedin.com/company/jfa-jfoster-associates
N3W1XB8JE793,"ACCELIGENT, LLC",,
N3XJH4ZQBUL4,"SIDEPATH, INC.",www.sidepath.com,https://linkedin.com/company/sidepath
N3YHMCRKEJ78,"RICHMOND PRIMOID, INCORPORATED",,
N426ELWGC159,AWARE INC,www.aware-inc.org,https://linkedin.com/company/a-w-a-r-e-inc
N42NYR8JJXL7,NEW HORIZON LIMITED,,
N436ESMD8BG9,ROSSELL TECHSYS LIMITED,www.rosselltechsys.com,https://linkedin.com/company/rossell-techsys
N44NB5AG2AM1,LANDWORX CONSTRUCTION CONTRACTORS LLC,,
N45NMN1XLR55,WALTER P MOORE & ASSOCIATES INC,http://www.walterpmoore.com,https://linkedin.com/company/walter-p-moore
N46MJE3H5D26,"JOLIET METALLURGICAL LABORATORIES, INCORPORATED",www.jolietmetlab.com,https://linkedin.com/company/joliet-metallurgical-laboratories
N47ZJLBJRMJ3,WALKER LAWN CARE LLC,,
N4BHD3MTMXK3,PLATCORE LLC,https://www.platcore.com,https://linkedin.com/company/platcore
N4CBDJEFNK87,"LARKE BUSINESS SOLUTIONS, INC",,
N4CBNT17N3V7,VOLTERA INC.,https://www.voltera.io/,https://linkedin.com/company/voltera
N4DQZQUF7K76,LAWYER MECHANICAL SERVICES INC,www.lmses.com,https://linkedin.com/company/lmsbuildingsystems
N4JNZ6V7NJK1,"SOCAL PACIFIC CONSTRUCTION, CORP.",https://www.nc-lc.com,https://linkedin.com/company/national-coating-&-lining-company
N4JXQYTK2YX6,CEDAR INTERNATIONAL SERVICES LLC,https://www.huihuliau.com/cedar-international-services,https://linkedin.com/company/hui-huliau
N4LLJP3VYN48,"RESEARCH ELECTRONICS INTERNATIONAL, L.L.C.",http://www.reiusa.net,https://linkedin.com/company/research-electronics-international
N4NVBCBAMVQ8,QUANTECH SERVICES INC.,http://www.quantechserv.com,https://linkedin.com/company/quantech-services-inc.
N4SWSB8FVYF6,"DIGITAL LOUDOUN II, LLC",,
N4VMYQADDKP5,NATIONAL INSTITUTE OF STANDARDS AND TECHNOLOGY,,
N4ZEN5LK6PS7,ELSA JAPAN INC,https://www.elsa-jp.co.jp/,https://linkedin.com/company/株式会社エルザジャパン
N51XBSVYAJZ4,BETATRON ELECTRONICS INC,www.betatronelectronics.com,https://linkedin.com/company/betatronelectronics
N53NQ8HY6P54,SOLUTIONS THROUGH INNOVATIVE TECHNOLOGIES INC,http://www.sti-tec.com,https://linkedin.com/company/sti-technologies
N54FGJLUE1N4,"AIRTEK ENVIRONMENTAL, LLC",www.airtekenv.com,https://linkedin.com/company/airtek-environmental-corp.
N55YM718RTK3,DIAMEDICAL USA EQUIPMENT LLC,http://diamedicalusa.com/,https://linkedin.com/company/diamedical-usa
N59ARPXL4G66,"ENDURANCE DEFENSE, LLC",,
N5BRT4MDU4M9,GZA GEOENVIRONMENTAL INC,http://www.gza.com,https://linkedin.com/company/gza-geoenvironmental
N5FAKJH4DHA4,"ENTERPRISE RESOURCE PERFORMANCE, LLC",http://www.erpi.net,
N5FGWMP1ZW89,"WORD WIZARDS, INC",http://www.wordwizardsinc.com,https://linkedin.com/company/word-wizards-inc-
N5FQGCCEKY64,"WILLIAMS INDUSTRIAL & MARINE, INCORPORATED",www.williamsgcs.com,
N5G1N4BML1M5,"MCPEAK CO., INC.",,
N5HGL94UC1D6,"PIERCE ALUMINUM COMPANY, INC.",http://www.piercealuminum.com,https://linkedin.com/company/pierce-aluminum
N5LFXU9JEBN8,COMPUTER PRODUCTS CORP,http://www.cpc-i.com,https://linkedin.com/company/computer-products
N5MDKHXE6ZJ8,"G2 OPS, INC.",http://www.g2-ops.com,https://linkedin.com/company/g2-ops-inc-
N5MNJ94WPZ21,"ACOUSTIC RESEARCH SYSTEMS, INC.",https://www.acousticrs.com/,https://linkedin.com/company/acoustic-research-systems
N5MSJ5SY82L9,"SUMITOMO CHEMICAL COMPANY, LIMITED",,
N5NUJNBQHMH6,BUTLER UNIVERSITY,http://www.butler.edu,https://linkedin.com/company/butler-university
N5PQL77RME27,"GHEMM COMPANY, LLC",www.ghemm.com,
N5QHL2GLHJ35,POLYGON US CORPORATION,www.polygongroup.us,https://linkedin.com/company/polygon-us-corporation
N5QJTE856ND8,"A & G MACHINE, INC.",WWW.AGMACH.COM,https://linkedin.com/company/agmach
N5QUZAYGPKM3,BELL TEXTRON INC,,
N5S3FHFGGJJ5,ARNOLD MACHINERY CO,www.arnoldmachinery.com,https://linkedin.com/company/arnold-machinery-company
N5S6QK42XJN1,ASTOR & SANDERS CORPORATION,http://www.astor-sanders.com,https://linkedin.com/company/astor-&-sanders
N5T6YLFNNZ96,JENLYN LLC,https://jenlynsolutions.com,https://linkedin.com/company/jenlyn-solutions
N5T7MXRVLCY7,ENVIRONMENTAL SYSTEMS RESEARCH INSTITUTE INC,http://www.esri.com,https://linkedin.com/company/esri
N5TRWNK6ZGH6,"OPTUMINSIGHT, INC.",www.optum.com,https://linkedin.com/company/optum
N5V8KHJFTKJ7,MISSION SYSTEMS WIMBORNE LIMITED,https://www.eaton.com/us/en-us/services/aerospace-repair-centers/wimborne.html,https://linkedin.com/company/eaton
N5YJEJGNLBC3,ZEPHYR COLLABORATION LLC,www.zephyrcollaboration.com,https://linkedin.com/company/zephyr-collaboration-llc
N5Z7H1G2LD19,PECO INC,www.astronics.com,https://linkedin.com/company/astronics
N5ZCL283KJP7,"WYATT TECHNOLOGY, LLC",http://www.wyatt.com,https://linkedin.com/company/wyatt-technology
N61JEZXYKXN5,ESPEC NORTH AMERICA INC,https://www.espec.com,https://linkedin.com/company/espec-north-america
N621LTH6KLS4,PUBLIC SAFETY PSYCHOLOGY GROUP LLC,www.pspg-nm.com,https://linkedin.com/company/public-safety-psychology-group
N66KPAPJKNU3,BLUE ARC LLC,www.bluearc-llc.com,https://linkedin.com/company/blue-arc-llc
N672N7MEP4J5,POWER MECHANICAL INC,www.powermechanical.com,https://linkedin.com/company/power-mechanical-inc-
N676EEAG2HE3,"CHARLES E. JARRELL CONTRACTING COMPANY, INC.",jarrellcontracting.com,https://linkedin.com/company/jarrellcontracting
N69MTSWBLK77,"J.F. TAYLOR, INC.",https://www.jfti.com/,https://linkedin.com/company/j.f.-taylor-inc
N6BAAYHLH8G7,TTM PRINTED CIRCUIT GROUP LLC,www.ttm.com,https://linkedin.com/company/ttmtechnologies
N6CHEPD34G29,DETECTACHEM INC.,http://www.detectachem.com,https://linkedin.com/company/detectachem
N6E7BGNJELX6,"QUALITY EQUIPMENT DISTRIBUTORS, INC.",www.qeddirect.com,https://linkedin.com/company/quality-equipment-distributors
N6E8RR43VYH8,SANGSTER WARNER CONSULTING GROUP LLC,,
N6EJTK1EVMT8,"CALMFORCE FEDERAL SERVICES, LLC",https://www.calmforce.com/,https://linkedin.com/company/calmforce-com
N6HFGKCDKDQ6,"SYSTEMS ELECTRONICS, INC.",http://www.systemselectronicsinc.com/,https://linkedin.com/company/systems-electronics-inc.
N6HLN4H7TJF9,RRDS INC,www.rrds.com,https://linkedin.com/company/rrds-inc-
N6JSC6GKKF64,PENHALL CO,http://www.penhall.com,https://linkedin.com/company/penhall-company
N6JZARL64EW5,"MCKINSEY & COMPANY, INC. WASHINGTON D.C.",www.mckinsey.com,https://linkedin.com/company/mckinsey
N6K5XZP1EGG6,"PRECISION DATA HOLDINGS, LLC",http://www.precision.com,
N6MATAY6X1L3,BLUEPATH LABS LLC,www.bluepathlabs.com,https://linkedin.com/company/bluepath-labs
N6N2QM3B5GJ3,VEGA ARCHITECTURE LLC,www.vegaarchitecture.com,https://linkedin.com/company/vega-architecture
N6R4CFKV6SU7,RPM INNOVATIONS INC,www.rpm-innovations.com,https://linkedin.com/company/rpm-innovations-inc.
N6RLVF2ECFK5,TUCKER SNO-CAT CORPORATION,,
N6SDNMWSHTM9,READYTECH CORPORATION,http://www.readytech.com,https://linkedin.com/company/readytech
N6VYAJXTUAH7,SAPIENS DECISION NA INC,,
N6WHWB55KMR1,TRAKKA USA LLC,www.trakkasystems.com,https://linkedin.com/company/trakka
N6WMEJV9DS34,CARLOS E ALVAREZ,,
N6WZWNZG5EJ5,"AT&T ENTERPRISES, LLC",,
N6X7NRVA3E43,"DON GORMAN ELECTRIC, LLC",www.Gormanlightning.com,
N6X9X7U16JN5,TAB TECHNOLOGIES LLC,http://www.tab-tech.com,https://linkedin.com/company/tab-technologies
N6XBCVCLETQ7,"OMITRON, INC.",www.omitron.com,https://linkedin.com/company/omitron-inc-
N6XLKKANGG67,METCUT RESEARCH ASSOCIATES INC,www.metcut.com,https://linkedin.com/company/metcut-research-inc
N72CRAMXLH33,ELEMENT MATERIALS TECHNOLOGY HUNTINGTON BEACH LLC,www.element.com,https://linkedin.com/company/element-materials-technology
N74FCX6AGAZ5,"VRC METAL SYSTEMS, LLC",www.vrcmetalsystems.com,https://linkedin.com/company/vrc-metal-systems
N74HK2DV6LN5,"WHELAN MACHINE & TOOL, LLC",https://www.whelanmachine.com/,https://linkedin.com/company/whelan-machine-&-tool-llc
N75JQRD4XUY3,FOUNTAINHEAD DEVELOPMENT INC.,,
N77BPJK25ZM4,MPC PRODUCTS CORPORATION,http://www.woodward-mpc.com,
N7AGGKPNXMH3,TESTAMERICA LABORATORIES INC,http://www.testamericainc.com,https://linkedin.com/company/testamerica
N7BKHV5DDQV3,VENTURE RESEARCH LABS LLC,https://www.ventureresearchlabs.com/,
N7CUY7C5YNB3,LUCIX CORP,http://www.lucix.com,https://linkedin.com/company/lucix-corporation
N7EPX71U4CY3,"RELIABLE PLANT MAINTENANCE, INC.",www.rpmaint.net,https://linkedin.com/company/reliable-plant-maintenance-inc.
N7EUYTH6M9H3,CORE ELECTRIC SERVICES LLC,https://coreelectric.us/,https://linkedin.com/company/core-electric-corp
N7FAXMB1YBU2,LAULIMA SYSTEMS LLC,laulimasystems.com,https://linkedin.com/company/laulima-systems
N7FHFGNP4JN5,"FLATIRON PANEL PRODUCTS, LLC",http://www.flatironpanelproducts.com,https://linkedin.com/company/flatiron-panel-products-llc
N7GBGFJV66J6,WEMS INC,www.wems.com,https://linkedin.com/company/wems-inc
N7GQU5UK2QC4,"MILLENNIUM PATRIOT SERVICES, LLC.",https://mpsllc.carrd.co,
N7HVX6SBXGP9,GOULD SOUTHERN INC,http://www.gouldsouthern.com/,https://linkedin.com/company/gould-southern-inc
N7JJKTHUKGM6,PARKER-HANNIFIN CORPORATION,http://www.parker.com/,https://linkedin.com/company/parker-hannifin
N7K2XKYJVJE5,TES POWER LTD,,
N7MVGG7FB5X6,CGTECH,www.vericut.com,
N7NUHPAKNME8,"CUBIC DEFENSE APPLICATIONS, INC.",corp.cubic.com,
N7QBHJN4ANJ4,SATSYIL CORP,http://www.satsyil.com/,https://linkedin.com/company/satsyil
N7SBBRLAUVJ3,TENNESSEE TOOL WORKS LLC,https://tntoolworks.com/,https://linkedin.com/company/tennessee-tool-works-llc
N7SFZMRQUPH9,ACCESS INFORMATION MANAGEMENT CORPORATION,www.accesscorp.com,https://linkedin.com/company/access-information-management
N7TFC2XMF6V9,LAKE & PENINSULA AIRLINES INC,,
N7UHGCDEFAM1,WYOLECTRIC INC,,
N7VGVFKH7LB8,NEW LINE SERVICES INC,,
N7WVHAYHWX97,"AOR LOGISTICS, LLC",www.aorlogistics.com,
N816FGLL9HD5,ADAPTAVIST INC.,,
N822CYDL2MX6,"VISHAY PRECISION FOIL, INC.",www.vpgfoilresistors.com,
N86NMKLWQ988,"MALIK CONSULTING, INC.",www.metric5.com,https://linkedin.com/company/malik-consulting-inc-
N876TLXYGCG4,RHODE ISLAND HOSPITAL,http://www.rhodeislandhospital.org/,https://linkedin.com/company/rhode-island-hospital
N88VHXESBD88,QUASAR POWER & TECHNOLOGIES INC.,https://milpower.com/,https://linkedin.com/company/milpowersource
N8AECYVSLHN1,"AGILE COMMUNICATIONS, INC.",,
N8AUE9XET9K6,"ARCHIBUS SOLUTION CENTERS-RESEARCH TRIANGLE, LTD",asc-rt.com,https://linkedin.com/company/archibus-solution-centers---rt
N8CCMQ19MMM5,WERRES CORPORATION,https://www.werres.com/,https://linkedin.com/company/werres-corporation
N8CQNLSSAZY4,"SPECTRAL SCIENCES, INC",http://www.spectral.com,https://linkedin.com/company/spectral-sciences-inc-
N8D4GQU74UE5,CENTER LINE ELECTRIC INC,centerline-elec.com,https://linkedin.com/company/center-line-electric-inc.
N8DXG12KNKF6,DAISY DATA DISPLAYS INC,www.daisydata.com,https://linkedin.com/company/daisydata
N8EPKVK39713,EDGES ELECTRICAL GROUP LLC,,
N8FPY1QNSGJ6,COMMONWEALTH CATHOLIC CHARITIES,www.cccofva.org,https://linkedin.com/company/commonwealth-catholic-charities
N8GJRU4KYWD7,"WILFRE COMPANY, INC.",,
N8GTL7WLTRH5,CORNELL UNIVERSITY,cceschuyler.org,https://linkedin.com/company/cornell-cooperative-extension-of-schuyler-county
N8HTATHCQ4K5,"AEROANTENNA TECHNOLOGY, INC",WWW.AEROANTENNA.COM,https://linkedin.com/company/aeroantenna-technology-inc.
N8J8ECKA3NG9,DDB ULIMITED INC,http://www.ddbunlimited.com,https://linkedin.com/company/ddb-unlimited-inc
N8JDP1S6URN3,PARKER-HANNIFIN CORPORATION,http://www.parker.com/,https://linkedin.com/company/parker-hannifin
N8L6MKYGZM24,AVX AIRCRAFT COMPANY,www.avxaircraft.com,https://linkedin.com/company/avx-aircraft-company
N8MXEQYM6H84,"CONSTANT AND ASSOCIATES, INC.",http://www.constantassociates.com,https://linkedin.com/company/constantassociates
N8S3XN3ABJZ8,ENERMAX FOR TRADING AND GENERAL CONTRACTING LLC,www.enermaxllc.com,https://linkedin.com/company/enermax-llc
N8TWGCH1GKU8,COCHRAN & MANN INC,http://www.cochranandmann.com,https://linkedin.com/company/cochran-&-mann-inc-
N8U8J5ZEMGJ5,PHOENIX HORIZONS LLC,,
N8XSM9HJA5Y1,DEMERS PROTOTYPE INC.,,
N8XXK5CK6VD9,PRESIDIO HOLDINGS INC,,
N8XXNTTKKU55,"ARROW ELECTRONICS, INC.",,
N8YHYEFSB7Z8,CORSCIENCE GMBH & CO. KG,https://www.corscience.com/,
N8YPPEHV2VB3,"LEVEL 3 COMMUNICATIONS, LLC",http://www.level3.com,https://linkedin.com/company/level-3-communications
N8Z8R835MZ73,BENCHMARK CLOTHING CO,www.benchmarkfr.com,https://linkedin.com/company/benchmark-fr
N8ZRMWX85NZ6,ULTRAMET,https://www.ultramet.com,https://linkedin.com/company/ultramet-inc-
N8ZXND4DY7Z1,CORVUS CO. FOR GEN. TRADING LTD,,
N91ELRGVC1B7,HOUSTON ENGINEERING INC,www.houstoneng.com,https://linkedin.com/company/houston-engineering-inc.
N91TELG3HNB6,"L3HARRIS TECHNOLOGIES, INC",www.L3Harris.com,https://linkedin.com/company/l3harris-technologies
N96SVL5EK8R7,EPIC SYSTEMS INC.,https://www.epicinfotech.com,https://linkedin.com/company/epic-info-tech
N97CM6A1C2M7,"WESTMORELAND MECHANICAL TESTING & RESEARCH, INC.",WWW.WMTR.COM,https://linkedin.com/company/westmoreland-mechanical-testing-&-research-inc
N97EPFVASUS3,"SPEKTREWORKS, INC.",www.spektreworks.com,
N98BTFDAHA94,VALIANT INTEGRATED SERVICES LLC,www.onevaliant.com,https://linkedin.com/company/valiant-integrated-services
N98GUKW7X7U4,INTEGRITY MANUFACTURING CO,https://integritymanufacturingcompany.com,
N991KJJPE143,EXFO AMERICA INC,www.EXFO.com,https://linkedin.com/company/exfo
N9CGVFYJM1B5,"PEARL DIAGNOSTICS, INC.",PEARLDX.com,https://linkedin.com/company/pearl-diagnostics
N9D3Y2SNVL23,WBK ENGINEERING LLC,www.wbkengineering.com,https://linkedin.com/company/wbkengineering
N9EGG4RDKM71,BISWAS INFORMATION TECHNOLOGY SOLUTIONS INC,https://www.b-itsinc.com,https://linkedin.com/company/biswas-information-technology-solutions-inc-
N9FKSNHGHMM9,QUANTUM IMAGING INC.,WWW.QUANTUMIMAGING.COM,https://linkedin.com/company/quantum-imaging-inc
N9GDF8Q6RLE5,ALTAIR ENGINEERING INC.,http://www.altair.com,https://linkedin.com/company/altair-engineering
N9HABLYNBFQ5,SPECTRUM SOLUTIONS INC,http://www.spectrumsi.com,https://linkedin.com/company/spectrum-solutions-inc
N9HNXESEJPB3,HOTDOCS CORP,,
N9J6DWZ4NFW7,INTERSTATE POWER SYSTEMS INC,https://www.istate.com,https://linkedin.com/company/interstate-companies-inc
N9LJEJLKJ2J8,"RAMCO INNOVATIONS, INC.",www.ramcoi.com,https://linkedin.com/company/ramcoinnovations
N9MKMSBPZQ55,MAINE MACHINE PRODUCTS COMPANY,,
N9NJK877QJK9,GUIDEHOUSE INC.,guidehouse.com,https://linkedin.com/company/guidehouse
N9P2JJCAH443,"SURVEYING AND MAPPING, LLC",http://www.sam.biz,https://linkedin.com/company/sam-companies
N9Q5F7TD9FQ9,"ACROAMATICS, INC.",http://www.acroamatics.com,https://linkedin.com/company/acroamatics-telemetry-systems
N9Q8GMQM7NS8,"PATRIOT ENVIRONMENTAL SERVICES, INC.",http://www.patriotenvironmental.com,https://linkedin.com/company/patriot-environmental-services
N9RBMY6ADG64,STEWARD MACHINE CO INC,,
N9TGLJQYCNF3,NEXUSXPLORE PTY LTD,,
N9THA6HNRN17,"NDP, LLC",http://www.ndpgroup.com/,https://linkedin.com/company/ndp
N9XPWPUFT4L9,"RER SOLUTIONS, INC.",http://www.rer-solutions.com,https://linkedin.com/company/rer-solutions-inc.
N9YVSVWNDKR7,"NORTHWEST DATA SOLUTIONS, LLC",http://www.nwds-ak.com,https://linkedin.com/company/northwest-data-solutions
NA37S3SKQW65,"THE ESCAL INSTITUTE OF ADVANCED TECHNOLOGIES, INC.",http://www.sans.org,https://linkedin.com/company/sans-institute
NA46S1ZJGEN1,MAYER TEXTILE MACHINE CORP,karlmayer.com,https://linkedin.com/company/karl-mayer
NA7GHBGBJA61,"KMZ, INC.",kmzinc.com,https://linkedin.com/company/kmz-inc
NA7JT1HCQ9L1,BRISTAL METAL PRODUCTS INC,http://www.bristalmetal.com,https://linkedin.com/company/bristal-metal-products
NA7JXAKFKMC5,ALPINE WATER RESOURCES LLC,https://alpinewaterresources.com,https://linkedin.com/company/alpine-water-resources
NA8DN89KAXY8,VEOLIA ES TECHNICAL SOLUTIONS LLC,http://www.veolianorthamerica.com,https://linkedin.com/company/veolianorthamerica
NA99JKMW1KM4,STANDEX INTERNATIONAL CORPORATION,HTTP://WWW.STANDEXETG.COM,https://linkedin.com/company/standexetg
NACDPKBQABS1,"NORSE TECHNOLOGIES, INC",http://www.norseinc.com,
NACFQLGK8JH9,TRESKY CORP,www.tresky.com,
NACNDU85S2Q2,"JBS INTERNATIONAL, INC.",www.jbsinternational.com,https://linkedin.com/company/jbs-international-inc.
NACNFSZD87F6,AECOM,https://www.aecom.com,https://linkedin.com/company/aecom
NAF6XZQNU4T3,"PRODUCTION PRODUCTS, INC",productionproducts.net,https://linkedin.com/company/production-products-inc
NAH3H9RUFXA1,KELVIN HUGHES LLC,http://www.hensoldt-na.com,https://linkedin.com/company/hensoldt-na
NAHMJALJJEJ5,"WAFERNET, INC.",,
NAJKL26ADJL4,CHELTON LIMITED,www.chelton.com,https://linkedin.com/company/cobham-aerospace-connectivity
NAJPCRL7MNS2,MAME CAR HIRE,www.mamecarhire.com,
NAK9CLM7S457,"SIGNMEDIA, INC.",http://signmediainc.com,https://linkedin.com/company/signmedia-inc-
NALDQ27M4578,PC HAITI S.A.,,
NALHM1FFEN69,"ATI LADISH MACHINING, INC.",www.atimetals.com,
NANGEK67S7N5,AMATRIOT GROUP LLC,www.amatriot.com,https://linkedin.com/company/the-amatriot-group
NANGRGYXFUB3,ISMAIL GHEEWALA GENERAL TRADIING (L.L.C),www.iggtglobal.com,https://linkedin.com/company/iggtglobal-com
NAPSK1UAMAE5,"CHARLES RIVER LABORATORIES, INC.",www.criver.com,https://linkedin.com/company/charles-river-laboratories
NAQUNHC61KN9,TECHSUR SOLUTIONS LLC,,
NASVL9K12GT3,ROSS PRECISION MANUFACTURING INC,https://rossprecisionmfg.com/,https://linkedin.com/company/ross-precision-manufacturing
NATMPTFXJ3E6,LUMENIER HOLDCO LLC,www.Lumenier.com,https://linkedin.com/company/lumenier
NAUTMDMRNAY3,PERRYMAN CO,http://www.perrymanco.com,https://linkedin.com/company/the-perryman-company
NAX6BAMAUNG9,ND DEFENSE LLC,http://www.nddefense.com,
NAYVNM7CGR55,"VIKING SATCOM, LLC",http://www.vikingsatcom.com/,https://linkedin.com/company/viking-satcom-inc.
NB17YVML64N7,DOWN RIVER PRESERVATION LLC,,
NB1XNHB7UN83,WELDSTAR CO,https://www.weldstar.com,https://linkedin.com/company/weldstar
NB31NPVJHRZ5,SIGMA SCIENCE INC,www.rsienv.com,https://linkedin.com/company/rsi-entech-llc
NB44QDCXVRK7,"APAU, LLC",https://mechanicode.io,https://linkedin.com/company/mechanicode-io
NB4CDEEWJFC5,"EUROFINS ENVIRONMENT TESTING SOUTHWEST, LLC",www.EurofinsUS.com/Env,
NB5ZBWCN6W65,KARMA STAFFING SERVICES LLC,http://karmastaffing.com,https://linkedin.com/company/karma-executive-staffing
NB6DNPN49S95,PACIFIC MARITIME INDUSTRIES CORP.,https://www.pacmaritime.com,https://linkedin.com/company/pacific-maritime-industries
NB9SHGB24LQ3,"JUST NEIGHBORS MINISTRY, INCORPORATED",https://www.justneighbors.org/,https://linkedin.com/company/justneighbors
NBCNQA1ZDPM3,INTELEX TECHNOLOGIES ULC,www.intelex.com,https://linkedin.com/company/intelex-technologies-ulc
NBEGHMFPMN24,STEEL TOOL & ENGINEERING CO,,
NBEKMWYJ9NB9,FUSIONPOINT SECURITY LLC,,
NBELUNT3NMG3,"BUSINESS INTEGRA TECHNOLOGY SOLUTIONS, INC.",http://www.businessintegra.com,https://linkedin.com/company/business-integra-inc
NBFUNLKZANN3,"GUICE ASSOCIATES, INC.",http://www.guiceassociates.com,https://linkedin.com/company/guice-associates-inc
NBG2QDK68UJ6,"GREAT MILLS TRADING POST CO., INC.",https://gmtp.net,https://linkedin.com/company/great-mills-trading-post
NBHPDJ9MJJF6,"CAD MANUFACTURING, INC",,
NBJ9FNDQLJ89,WILSON COMPANY,http://www.wilson-company.com,https://linkedin.com/company/wilson-company
NBK7JCLS1MY9,HOJ INNOVATIONS LLC,http://www.hoj.net,https://linkedin.com/company/hoj-innovations
NBKKZHMJ51V6,BIZARCH SOLUTIONS INC.,https://www.bizarchsolutions.com,https://linkedin.com/company/bizarch-solutions-inc
NBKTH6SMK381,GALT GROUP INC.,www.galtgroup.net,https://linkedin.com/company/galt-group-inc
NBLLT8K2SA48,INFO-TECH RESEARCH GROUP INC,www.infotech.com,https://linkedin.com/company/info-tech-research-group
NBLNUEMUXZ36,LOVELAND TECHNOLOGIES LLC,www.regrid.com,https://linkedin.com/company/loveland-technologies
NBMDBMMXJLR5,"KEYSIGHT TECHNOLOGIES, INC.",https://www.keysight.com,https://linkedin.com/company/keysight-technologies
NBMSSFM3HP56,THE GOVERNING COUNCIL OF THE UNIVERSITY OF TORONTO,http://www.utoronto.ca,https://linkedin.com/company/university-of-toronto
NBNNQH1UJJN4,GRT TRANSPORT INC,,
NBNRSEG8RYJ3,RATED ENGINEERING PLLC,www.ratedengineering.com,https://linkedin.com/company/rated-engineering
NBQCBJ6FXBU4,"THE EMMES COMPANY, LLC",www.emmes.com,https://linkedin.com/company/emmes
NBRQM49QF4F5,"THE LAYER 8 GROUP, INC.",https://www.layer8group.com,https://linkedin.com/company/layer-8-group
NBSLHP77ZJQ1,RAYTHEON COMPANY,https://www.rtx.com/,https://linkedin.com/company/raytheontechnologies
NBSPDCRRMSZ3,EATON AEROSPACE LLC,http://www.Eaton.com/,https://linkedin.com/company/eaton
NBT3JFQ6E6D3,OHARA PROJECT SOLUTIONS PTE. LTD.,,
NBW7QE82VP87,WELKINLUMINOUS LLC,http://www.welkinluminous.com/,https://linkedin.com/company/diaatec-inc
NBY8G3KGHG45,"R. W. WARNER, INC.",rwwarner.com,https://linkedin.com/company/rwwarnerinc
NC1CMQ8HPD89,"BREWER TECHNOLOGY SOLUTIONS, INC.",,
NC1VVZ3DJ3K4,CADENCE DESIGN SYSTEMS INC,www.cadence.com,https://linkedin.com/company/cadence-design-systems
NC2SZ5VXHA76,WATSON FURNITURE GROUP INC,http://www.watsonfurniture.com,https://linkedin.com/company/watson-furniture
NC3GFD5U6PL4,"BUILDING INFRASTRUCTURE GROUP, INC.",http://www.biggp.com,https://linkedin.com/company/building-infrastructure-group
NC4DLCJHEHS4,THE INTERNATIONAL INSTITUTE FOR STRATEGIC STUDIES,http://www.iiss.org,https://linkedin.com/company/international-institute-for-strategic-studies
NC51HBU9N6L9,"MICROWAY, INC.",HTTP://WWW.MICROWAY.COM,https://linkedin.com/company/microway-inc
NC5AQ2NQ5597,"INSEQUENCE, INC.",http://www.insequenceinc.com,https://linkedin.com/company/insequence-inc-
NC5JRSL252H6,TOTAL RESOURCE MANAGEMENT INC,http://www.trmnet.com,https://linkedin.com/company/total-resource-management
NC7RRLNLU5T7,DUNMORE INTERNATIONAL CORP,www.dunmore.com,https://linkedin.com/company/dunmore
NC8CWJNZXMU5,"HAMILTON PRODUCTS GROUP, INC.",http://www.hamiltonproductsgroup.com/,https://linkedin.com/company/hamilton-products-group
NC9EFC1CMG67,DA VINCI TREE INC,,
NC9VGUPBUK47,"SYSTEM ONE HOLDINGS, LLC",www.systemone.com,
NCAEMPGN1PS1,TSYMMETRY INC,https://www.tsymmetry.com/,https://linkedin.com/company/tsymmetry
NCD6RRD228C7,FASAMO CONSTRUCTION AND LOGISTICS COMPANY,,
NCF3ZV79NTS9,"REGULATORY COMPLIANCE SERVICES, CORP",,
NCF8DKLWMKL9,"GEOPHYSICAL SURVEY, LLC",http://www.geophysurvey.com,https://linkedin.com/company/geophysical-survey-llc
NCG7W2K7P7R6,DB CONTROL,http://www.dBControl.com,https://linkedin.com/company/db-control
NCK2HNY8RP75,SIGNALCORE INC.,http://www.signalcore.com,https://linkedin.com/company/signalcore-inc
NCKKGMNPX4W3,"REGULUS GROUP, LLC",http://www.regulus-group.com,https://linkedin.com/company/regulus-group
NCLKRB7NGKA5,RCS SYSTEMS LLC,,
NCMUC823CDJ3,"ALL STAR SIGNS, INC",http://www.allstarsignsinc.com,https://linkedin.com/company/allstarsignsinc
NCNRBCLK6AT9,"BTC ELECTRONIC COMPONENTS, LLC",http://www.btcelectronics.com,https://linkedin.com/company/btc-electronic-components-inc-
NCPCHBWGBBK9,"CUTTING EDGE COMMUNICATIONS, LLC",cuttingedge.expert,https://linkedin.com/company/cutting-edge-communications-llc
NCRKL9YLY2X4,REES SCIENTIFIC CORPORATION,,
NCTAKTNAFX69,QUALITY VISION SERVICES INC,,
NCWCPYF7J5W9,"RTL NETWORKS, INC.",http://www.RTL-Networks.com/,https://linkedin.com/company/rtl-networks
ND1DSMJ54BD3,KAROLINSKA INSTITUTET,,
ND1ERK3L6BN7,SQUARE PEG TECHNOLOGIES LLC,www.squarepegtech.com,https://linkedin.com/company/scib
ND1GUNV84BE6,"I-40 COMPUTERS, INC.",www.i40computers.com,https://linkedin.com/company/i-40-computers-inc
ND1JNN7PHJX7,"GAHAGAN & BRYANT ASSOCIATES, INC.",http://www.gba-inc.com,https://linkedin.com/company/gahagan-and-bryant-associates-inc.
ND1VWZCF2NE1,ENERSYS ENERGY PRODUCTS INC.,http://www.enersys.com,https://linkedin.com/company/enersys
ND36KUJSMC68,BETA TRANSFORMER TECHNOLOGY LLC,https://www.ddc-web.com/en/beta-transformers--home,https://linkedin.com/company/data-device-corporation
ND3JM5BPLG78,"JPG PLUMBING AND MECHANICAL, INC.",https://jpgservicesinc.com/,https://linkedin.com/company/jpg-plumbing-services-inc-
ND5GHDLVE938,OCTAVE TECHNOLOGIES CORP,https://www.octaveinc.com/,https://linkedin.com/company/octave-technologies-corporation
ND8GFE7KJ9N5,"MAINLINE INFORMATION SYSTEMS, LLC",http://www.pellera.com,https://linkedin.com/company/pellera-technologies
NDAAQH7N2298,THE WILL-BURT COMPANY,http://WWW.WILLBURT.COM,https://linkedin.com/company/thewillburtcompany
NDAQE32FMQM5,"IPARAMETRICS, LLC",http://www.iparametrics.com,https://linkedin.com/company/iparametrics
NDBLQYKHG1C1,"SAFRAN ELECTRICAL COMPONENTS USA, INC",www.safran-group.com,https://linkedin.com/company/safran
NDCGYA49NKR9,"HYDROJET SERVICES, INC",www.hydrojet.com,https://linkedin.com/company/hydrojet
NDCKP527ZCK8,ELLSWORTH CORP,http://www.ellsworth.com,https://linkedin.com/company/ellsworth-adhesives
NDDYAPJ1ZQN8,ELAVON FINANCIAL SERVICES DESIGNATED ACTIVITY COMPANY,,
NDE2SJ1NJND7,NORTHEAST COUNSELING SERVICES,,
NDFKZ42NGD33,MID-ATLANTIC CONTROLS CORPORATION,WWW.MIDATLANTICCONTROLS.COM,https://linkedin.com/company/mid-atlantic-controls-corporation
NDG2Q7BVHGK4,EMI SOLUTIONS LLC,http://www.4emi.com,https://linkedin.com/company/emi-solutions-inc
NDGFE3258G91,"ADVANCED SYSTEMS ENGINEERING, INC",ase2000.com,https://linkedin.com/company/advanced-systems-engineering-inc-florida
NDJAQBTH2WU6,"IDEUM, INC.",http://www.ideum.com,https://linkedin.com/company/ideum
NDJCNLNQSDP7,SUPERIOR GUNITE,,
NDLQA4M7WGW9,"COBALT DIGITAL, INC",http://www.cobaltdigital.com/,https://linkedin.com/company/cobalt-digital
NDMAYLSYB8V3,TE CONNECTIVITY CORPORATION,TE.COM,https://linkedin.com/company/te-connectivity
NDRRWA5MXM31,BODY EVOLUTION LLC,,
NDUDBERKL9F9,MONTE SANO RESEARCH CORPORATION,www.msrc.com,https://linkedin.com/company/montesanoresearch
NDY4LFYT88D6,BENDIX COMMERCIAL VEHICLE SYSTEMS LLC,WWW.B2BENDIX.COM,
NDYNH8RJT3G8,WWC GLOBAL LLC,https://commandholdingspqt.com/,
NDYRZ4GLUSN7,"AUKUA SYSTEMS, INC.",https://www.aukua.com,https://linkedin.com/company/aukua
NE33YLGJVQR5,PEREGRINE SOLUTIONS INC,https://www.peregrineva.com,https://linkedin.com/company/peregrine-solutions-inc
NE4LCFKM1T44,"QUIET PROFESSIONALS, LLC",www.quietprofessionalsllc.com,https://linkedin.com/company/quiet-professionals-llc
NE6NM3MTCMA5,AURORA ENERGY INC,http://www.aurora-energy.com,https://linkedin.com/company/aurora-energy-inc.
NE7QYC385ZV6,PA ROOFERS LLC,paroofers.com,
NEAEKD7G9TM5,"COHERENT THERMAL SOLUTIONS, INC.",https://coherent.com,https://linkedin.com/company/ii-vi-incorporated
NEC4G48DNG15,NEW BEGINNINGS CAPITAL PARTNERSHIP LLC,http://www.nbcpcommunications.com,
NECUC7NJ1UZ5,"AJ'S POWER SOURCE, INC.",http://www.ajpowersupply.com,https://linkedin.com/company/aj's-power-source
NEDVBAJM68R6,GOMEZ RESEARCH ASSOCIATES INC,,
NEE3HMTVJGN7,"CENTRE LAW AND CONSULTING, LLC",www.centrelawgroup.com,https://linkedin.com/company/centrelawandconsulting
NEE5A28RMYH1,"DIGISAT INTERNATIONAL, INC",http://www.digisat.org,
NEFTP9KYE9S3,E. D. BULLARD COMPANY,http://www.bullard.com,https://linkedin.com/company/bullard
NEHGMNZDL1R5,COLLIER RESEARCH & DEVELOPMENT CORP,www.collieraerospace.com,https://linkedin.com/company/collier-research-corporation---hypersizer-software
NEKSUF388F83,TELEPHONICS CORP,http://www.telephonics.com,https://linkedin.com/company/telephonics-corporation
NEKWPBM5VT33,MAVERIS LLC,https://maveris.com,https://linkedin.com/company/maveris
NEP8XV9R57B7,ARTHUR GRAND TECHNOLOGIES INC,www.arthurgrand.com,https://linkedin.com/company/arthur-grand-technologies-inc
NEPLG9CMF6V1,"DESCO COATINGS, LLC",www.descocoatings.com,
NER3BJL1MBP7,"DAICO INDUSTRIES, INC.",http://www.daico.com/,https://linkedin.com/company/daico-industries-inc-
NESFG3DNM613,"IT CONSULTING PARTNERS, LLC",www.itc-data.com,
NEWKMAB4J614,TABER ACQUISITION CORP.,http://www.TaberIndustries.com,https://linkedin.com/company/taber-industries
NEWSLWDMB1B1,FINISH LINE CONSTRUCTION INC,www.flcva.com,
NEWVNU8HRLF7,"THE TOOLROOM, INC.",https://www.thetoolroom.com,https://linkedin.com/company/the-toolroom-inc.
NEXBSWDG9MF1,TANTARA ASSOCIATES CORP,http://www.tantaracorp.com,https://linkedin.com/company/tantara-corporation
NEY3R7G1D9R4,"THE MCCONNELL GROUP, INC.",http://www.themccgroup.com,https://linkedin.com/company/the-mcconnell-group-inc
NF1MEJ4FKAU6,"BUILDING & EARTH SCIENCES, INC",www.buildingandearth.com,
NF34JCA2PME3,ALPHA OMEGA INTEGRATION LLC,https://alphaomega.com/,
NF37QMURPXE9,REGENESIS BIOREMEDIATION PRODUCTS,www.regenesis.com,https://linkedin.com/company/regenesis
NF4UG67CGGF1,"BRISTOL VALLEY ASSOCIATES, LLC",,
NF4UKCBFNHJ1,WESTERN STATES EQUIPMENT COMPANY,HTTP://www.westernstatescat.com,https://linkedin.com/company/western-states-equipment
NF56B3QREND7,XMS SOLUTIONS INC,http://www.xmssolutions.com,https://linkedin.com/company/xms-solutions-inc.
NF6NH2RJWQM8,"SPINNEYBECK ENTERPRISES, INC.",http://www.spinneybeck.com,https://linkedin.com/company/spinneybeck
NF7FFEQJKZ75,ENCONNEX LLC,,
NF82FGTN5A64,SCOPE TECH FOR TRADING AND DISTRIBUTING SPARE PARTS AND WORKSHOP EQUIPMENT,,
NF89A59NM645,"LOCKHEED MARTIN OVERSEAS, LLC",http://www.lockheedmartin.com,https://linkedin.com/company/lockheed-martin
NF8GTCCKQSR8,GREEN MOUNTAIN POWER CORP,www.greenmountainpower.com,https://linkedin.com/company/green-mountain-power
NF8LZ4M8SN93,AVIAWAY LLC,www.aviaway.com,https://linkedin.com/company/aviaway
NFAJMLR82Q17,"5 K ENTERPRISES, LLC",,
NFAKNB8FA7J3,SENER AEROESPACIAL SOCIEDAD ANONIMA.,www.aeroespacial.sener,https://linkedin.com/company/sener-aerospace
NFBNGHJ9LQ44,"MONA ELECTRIC GROUP, INC.",www.archkey.com,https://linkedin.com/company/archkey-solutions
NFCDTTZM5JL3,DUREX INTERNATIONAL CORP.,www.durexindustries.com,https://linkedin.com/company/durex-industries
NFEDFL5LKRN4,AMERICAN TOOLING CENTER INC,,
NFF9P8AUCTU3,"PERERS ENTERPRISES, INC",,
NFFFR55KQUE3,"FEDRESULTS, INC.",http://www.fedresults.com,https://linkedin.com/company/fedresults
NFGPLKJ5B4L9,ALASKA ENERGY ENGINEERING LLC,,
NFJEPW1XJQH9,NORTHERN OFFICE PRODUCTS & OFFICE FURNITURE INC,http://www.360-bp.com/,
NFJMDNM8YQN9,"SITEIMPROVE, INC",https://siteimprove.com/en-us/,https://linkedin.com/company/siteimprove
NFJMSM8NAMW1,"RIZZA ENGINEERING, INC.",http://www.rizzaengineering.com,https://linkedin.com/company/rizzaengineering
NFJVWXV8ZEX4,"THE M&P LAB, INC.",www.lucideon.com,https://linkedin.com/company/lucideongroup
NFKMZDTFLPB8,CYBERSPACE SOLUTIONS LLC,www.crimsonphoenix.com,https://linkedin.com/company/crimsonphoenix
NFL3K269BN21,"A.C.I. CONTROLS, INC.",,
NFL5H42JK3F6,GREAN TECHNOLOGIES LLC,http://www.greantechnologies.com,https://linkedin.com/company/grean-technologies-llc
NFLNYM6D14S6,AMERICAN AEROSPACE CONTROLS INC,http://www.a-a-c.com,https://linkedin.com/company/american-aerospace-controls
NFN4PNMJHH31,AEC EMERSION JOINT VENTURE,,
NFNNYVGN1PG9,GLOBAL REACH CONSULTING LLC,,
NFPUWS8SF1J5,SUBSYSTEM TECHNOLOGIES INC.,WWW.SUBSYSTEM.COM,https://linkedin.com/company/subsystemsinc
NFRUVS3694Y1,"FLASHOVER FIRE APPARATUS, LLC",www.flashoverfire.com,https://linkedin.com/company/flashover-fire-apparatus-llc
NFS9RNJVPMC7,UNIVERSITY OF RHODE ISLAND,http://www.uri.edu,https://linkedin.com/company/university-of-rhode-island
NFTMKA5GEBZ9,IMAGINE BELIEVE REALIZE LLC,http://teamibr.com,https://linkedin.com/company/imagine-believe-realize-llc
NFTPR9G6EBN3,EASTERN BEARINGS INC,,
NFULHNFJ5L11,"PREMIER TRUCK SALES & RENTAL, INC.",www.premiertrucksales.com,https://linkedin.com/company/premiertrucksalesandrental
NFW6KUMY97X8,"WALASHEK INDUSTRIAL & MARINE, INC.",http://www.walashek.com,https://linkedin.com/company/walashek
NFWAMVZ7Z8F2,"FLORIDA CONCRETE UNLIMITED, INC",,
NFXNXEJECNZ5,"BAI INFORMATION SECURITY, INC.",,
NFY9UPGNGK45,BLUE BAY INC,http://www.bluebayconsultants.com,https://linkedin.com/company/blue-bay-inc.
NFYQVS3GF7S4,"JFH DISTRIBUTING, INC.",http://www.jfhprocess.com,https://linkedin.com/company/jfh-process-company
NFZTKCLHXAB7,HAMILTON SUNDSTRAND CORPORATION,http://www.hamiltonsundstrand.com,https://linkedin.com/company/hamilton-sundstrand
NG14MP8USKN8,PACIFIC LEGACY INC,www.pacificlegacy.com,https://linkedin.com/company/pacific-legacy
NG1UKBSMN7K8,OBOYLE ENTERPRISES INC,www.customcncmachine.com,https://linkedin.com/company/custom-machine-inc-
NG2PHJXUGM19,"MCCALLUM-TURNER MARYLAND, INC.",https://mccallumturner.com/,https://linkedin.com/company/mccallum-turner-inc
NG3UMV5WKSN5,US ENGINEERING SERVICE LLC,www.usengineering.com,https://linkedin.com/company/usengineering
NG47MYYCKNL4,"INFLUENCE APPS, INC.",StartInfluence.com,https://linkedin.com/company/influence-apps-inc.
NG4UKK7G27N8,SK SONDERMASCHINEN KAUSCHKA GMBH,,
NG5DSM9C8EE7,SAFE BOATS INTERNATIONAL LLC,http://www.safeboats.com,https://linkedin.com/company/safe-boats-international-llc
NG5SD2BGMUQ3,IMMIGRATION SERVICES & LEGAL ADVOCACY,,
NG64T21WRLN4,TOMARCO CONTRACTOR SPECIALTIES LLP,,
NG6TKNHRJSB3,"TERRY CONTRACTING & MATERIALS, INC.",,
NG8JWBJ25TX3,MULTIQUIP INC.,http://www.multiquip.com,https://linkedin.com/company/multiquip-inc.
NG9VVXKNTK33,"SYCAMORE CAPITAL, LLC",https://luciferfurnaces.com/,https://linkedin.com/company/lucifer-furnaces-inc-
NGABP44KQF33,GULFSTREAM AEROSPACE CORPORATION,http://www.gulfstream.com/,https://linkedin.com/company/gulfstream-aerospace
NGAEL282VYA7,"YEAROUT MECHANICAL, LLC / DBA: WELCH'S BOILER SERVICE, LLC",http://www.yearout.com,https://linkedin.com/company/yearout-mechanical-llc
NGBLWLN6HJU7,"SENSOR SYSTEMS, INC.",http://www.sensorantennas.com,https://linkedin.com/company/sensor-systems-inc
NGCRJLYY3NX8,"RACKSPACE GOVERNMENT SOLUTIONS, INC",https://www.rackspace.com/industry/government,https://linkedin.com/company/rackspace-technology
NGDTCEYZ7FQ9,PECHTER POLLS LLC,http://www.pechterpolls.com,https://linkedin.com/company/pechter-polls-llc
NGE1AWPCDCS6,A. TRIVEDI LAW PLLC,,
NGGAW9WRW518,"OFFICE OF APPLIED KNOWLEDGE & SCIENCE, LLC",www.oaks-lab.net,
NGHWB3UFBDZ3,MU-DEL ELECTRONICS LLC,http://www.ironwavetech.com,
NGJ6MN14DHM5,"LIGERO TECHNICAL SERVICES, LLC",www.ligerotech.com,https://linkedin.com/company/ligero-technical-services-llc
NGJ7SDVFVN49,"JOTUN PAINTS, INC.",www.jotun.com/us,https://linkedin.com/company/jotun
NGJMSGZH3J93,AST ENVIRONMENTAL INC,,
NGMFDQ2S8P22,"RIGAKU INNOVATIVE TECHNOLOGIES, INC.",www.rigakuoptics.com,https://linkedin.com/company/rigakuinnovativetechnologies
NGNYLVC4Q9U5,"BABIN MACHINE, INC.",http://www.babinmachine.com,
NGQKHAVNSEK5,CANADA GOOSE US INC,,
NGQNBVSJ3WS5,ZACHARY PIPER LLC,http://www.zpgroup.com,https://linkedin.com/company/zp-group
NGUCM3KRDKW7,"AERODYN ENGINEERING, LLC",http://www.aerodyn-global.com,https://linkedin.com/company/aerodyn-engineering-inc-
NGWABXTKFBB9,RAYTHEON COMPANY,https://www.rtx.com/,https://linkedin.com/company/raytheontechnologies
NGWBPWVQ2ES3,FRONTIER DOOR & CABINET INC.,https://frontierdoor.com/,https://linkedin.com/company/frontier-door-and-cabinet
NGYSJ2L1LZX3,DUQUESNE UNIVERSITY OF THE HOLY SPIRIT,https://www.duq.edu,https://linkedin.com/company/duquesne-university
NGZPG1QV5E26,"MUNICIPAL TREATMENT EQUIPMENT, LLC",www.municipaltreatment.com,https://linkedin.com/company/municipal-treatment-equipment
NH37B2DVY6K3,"GEMINI TOOL & MFG., INC.",,
NH3HNLDKWHK1,GULF SOUTH RESEARCH CORP,www.gsrcorp.com,https://linkedin.com/company/gsrcorp
NH3LQKBA1SN3,"GENERAL DYNAMICS MISSION SYSTEMS, INC.",https://gdmissionsystems.com/,https://linkedin.com/company/gdms
NH4LSVC35EH7,"LAIRD R & F PRODUCTS, INC.",,
NH66W1D2GDT1,"A. MILLICAN CRANE SERVICE, INC",https://www.millicancrane.com,https://linkedin.com/company/a-millican-crane-service-inc-
NH6HKLPMSCA7,WHACKEM AND STACKEM LLC,,
NH7GVFTVH817,AEROJET ROCKETDYNE INC,https://www.l3harris.com/,https://linkedin.com/company/l3harris-technologies
NH8KRTQ36KF4,GOODWIN CONTRACTORS INC,,
NH9LHJ2LCE53,TTI INC,,
NHASHRDF91G5,GRM KONTRACTING LLC,www.grmcc.net,https://linkedin.com/company/grm-kontracting-llc
NHC8GHXSK8H6,DS TECHNOLOGIES LLC,www.dstllc.net,https://linkedin.com/company/dst-llc
NHCVWKCF5LM4,SUNBELT RENTALS INC,www.sunbeltrentals.com,https://linkedin.com/company/sunbelt-rentals
NHDAN9693TG8,LEONARDO ELECTRONICS US INC.,leonardo.us,
NHE4KGZ6UTQ6,CIDIS LLC,www.cidisconsulting.com,https://linkedin.com/company/cidis-llc
NHFHJEQC53H6,JBZIM PROPERTIES LLC,http://www.acceleratedpm.com,https://linkedin.com/company/acceleratedpm
NHFQVFLPUKX5,SCHWOEPPE MACHINE & TOOL INC,www.schwoeppemachine.com,https://linkedin.com/company/schwoeppemachine
NHGASCR4L1X5,FIVE STAR FENCE CO,,
NHH7W6NGCH97,"ENCODE, INC.",www.encodeinc.com,https://linkedin.com/company/encode
NHHYKK9THCN7,"ONLOCATION, INC",http://www.onlocationinc.com,https://linkedin.com/company/onlocation-inc.
NHL6QRJPQBC9,"T & C CONSTRUCTION STAKING, INC.",,
NHLABGL1UVJ3,"DAVIS-ULMER SPRINKLER COMPANY, INC.",,
NHMDGM122546,BIOFIRE DEFENSE LLC,http://www.biofiredefense.com,https://linkedin.com/company/biofire-defense
NHNCC6ALL817,HOPE IMMIGRATION LLC,www.hopeimmigration.com,https://linkedin.com/company/hope-immigration-llc
NHPFM5NRNLL4,"GLOBAL CONTRACTING, LLC",,
NHPUN8SNYVG2,BIG O POWERSPORTS LLC,www.houstonmotorsports.com,
NHQBMZY1VVU9,FLEXERA SOFTWARE LLC,http://www.flexerasoftware.com/,
NHQJPMYJEVJ9,"KAY AND ASSOCIATES, INC.",,
NHRAE3BDNHN4,HUMAN TECHNOLOGY INC,www.humtech.com,https://linkedin.com/company/human-technology-inc.
NHRJBRC4SX35,LEAD BUILDERS INC,www.leadbuildersinc.com,https://linkedin.com/company/lead-builders-inc
NHRLS1R7ESN5,SHORT HILL CORPORATION,,
NHS8C4X93VC6,OPEN SYSTEMS TECHNOLOGIES CORPORATION,,
NHVMV6LUT9H8,"ARMSTRONG MECHANICAL CO., INC.",,
NHW1ZNEYZ189,"EXUM INSTRUMENTS, INC.",https://www.exuminstruments.com,https://linkedin.com/company/exuminstruments
NHW4ZQ5NMMC8,DESARROLLO ORGANIZACION SERVICIOS Y ESTUDIOS SOCIOCULTURALES,doses.org.gt,
NHWGK2XBTU31,"D & R TECHNICAL SOLUTIONS, INC",https://www.dandr.com,https://linkedin.com/company/d-&-r-technical-solutions-inc-
NHWTCLA4K1M3,"STRATA EARTH SERVICES, LLC",www.strataearth.com,https://linkedin.com/company/strata-earth-services-llc
NHXNJALUN738,RTX CORPORATION,,
NJ1YPQXQG7U5,THE TRUSTEES OF PRINCETON UNIVERSITY,https://orpa.princeton.edu/,
NJ2XXKQ6M8K3,AMETEK INC,www.ametek.com,https://linkedin.com/company/ametek
NJ31U2L93VA9,TRIVIUM SOLUTIONS LLC,www.trivium-solutions.com,
NJ3FZRLVHRN8,CATHOLIC CHARITIES OF LOS ANGELES,http://www.catholiccharitiesla.org,https://linkedin.com/company/catholic-charities_4
NJ3PEQKTQQ77,SELECTIVE DEMOLITION LLC,www.seldemo.com,https://linkedin.com/company/selective-demolition-llc
NJ4WAV96EMW6,LENS R&D B.V.,,
NJ4ZYMHRS6G8,"O.H.E. PAINTING & WALLCOVERING, INC",,
NJ62NFYC2US3,NUZIRA LLC,www.nuzira.com,https://linkedin.com/company/nuzira
NJ6YD94N6NX1,FEDERAL EXPRESS CORPORATION,http://www.fedex.com,https://linkedin.com/company/fedex
NJ86W78CCQ15,COMPASS INSTRUMENTS INC,https://www.compass-instruments.com/,https://linkedin.com/company/compass-instruments-inc
NJAJLKZ8B2M6,MICROTEL LLC,http://www.microtel-llc.com,https://linkedin.com/company/microtel-llc
NJASN4TJRNU1,"MERCURY MISSION SYSTEMS, LLC",mrcy.com,https://linkedin.com/company/mercury-systems
NJB7FCHDNPL8,"DOWDY & ASSOCIATES, INC.",www.dowdyandassociatesinc.com,
NJCGNFB43XK1,COVIDIEN SALES LLC,www.medtronic.com,https://linkedin.com/company/medtronic
NJEHCGJECAH9,LOGAN MACHINE COMPANY,https://loganmachine.com,https://linkedin.com/company/logan-machine-company-inc
NJEHLGVK9DT6,HC STAFFING & TRAINING LLC,,
NJEMPZ6W5J29,"INTERNATIONAL VENTURES, INC",,
NJFNTR94N2F7,SAXON INFOTECH INC,http://www.saxoninfotech.com,https://linkedin.com/company/saxon-infotech-inc.
NJFYYKB9DHK8,ID NETWORKS INC,http://www.idnetworks.com,https://linkedin.com/company/id-networks
NJHRKWY4VGJ7,"WASTE MANAGEMENT OF MASSACHUSETTS, INC.",www.wm.com,https://linkedin.com/company/waste-management
NJJ2QWLBEZA6,AEXA AEROSPACE LLC,https://aexa.com/,https://linkedin.com/company/aexa-aerospace
NJKGA7MYHH13,SPECTRADYNAMICS INC,http://www.spectradynamics.com,https://linkedin.com/company/spectradynamics-inc.
NJLGXGH2LKW5,INTELEXUAL SOFTWARE LLC,www.intelexual.com,https://linkedin.com/company/intelexual-software-llc
NJLLXGYE3273,KARNA LLC,http://www.karna.com/,https://linkedin.com/company/karnallc
NJN8KAXVXSP4,AEROTECH HERMAN NELSON INTERNATIONAL INC,,
NJP5SFPC8DU9,NORTHWEST IMMIGRANT RIGHTS PROJECT,https://www.nwirp.org/,https://linkedin.com/company/northwest-immigrant-rights-project
NJPHJFKSX915,"CORRU-SEALS, INC.",http://www.nicholsons.co.uk/,https://linkedin.com/company/nicholsons
NJPTXRE6J1K4,"CAYUSE NATIVE HAWAIIAN VETERANS, LLC",www.cayusegov.com,
NJSAW2V6CLD4,LATITUDE LEGAL ALLIANCE INC,latitude.legal,https://linkedin.com/company/latitude-legal-alliance
NJSYD8JB55J9,CEVA INTERFREIGHT UGANDA LIMITED,,
NJU9KQTPECM7,"PIVOT MANUFACTURING, INC.",http://www.pivotmfg.com,https://linkedin.com/company/pivot-manufacturing-inc-
NJVLN7DN17Q4,INDUSTRIAL SUPPLY INC,http://www.industrialsupplyinc.com,https://linkedin.com/company/industrial-supply-incorporated
NJWEMKXGJUK3,SNS ONE INC,http://www.snsone.com,https://linkedin.com/company/sns-one-inc
NJXHAU7BUFJ5,US KOEI TECHNOLOGIES INC,http://www.uskoei.com,https://linkedin.com/company/u-s-koei-technologies-inc
NJXWELMM3UX9,BREEZE RIDGE ENTERPRISES,,
NJYVRLNKC3B1,"KIKO, INCORPORATED",http://www.kikoinc.com,
NJYXLLZC4ZT5,"3C ENGINEERING, INC.",www.3ceng.com,https://linkedin.com/company/3c-engineering-inc-
NJZSJMHF9EP6,"CHILDCARE CAREERS, LLC",www.childcarecareers.com,
NK1QHA9N3W41,TD SUPPLY SPECIALISTS LLC,WWW.TDSUPPLYSPECIALISTS.COM,
NK23WY46ZZ65,GIS GRUPO CONSULTOR EIRL,www.grupogis.com,
NK24DGVNDFX9,I TECH AG LLC,http://www.itechag.com,https://linkedin.com/company/itechag
NK2JWH8LZJW9,"COMPUTER AND PERIPHERALS GROUP, INC.",http://www.sourcegraphics.com,https://linkedin.com/company/source-graphics-inc
NK2XC6X32AD6,WILCOX INDUSTRIES CORP.,www.wilcoxind.com,https://linkedin.com/company/wilcox-industries
NK3HZLWN9KH1,AXSIRA LLC,,
NK7NQNKWBN68,JUSTICE FOR OUR NEIGHBORS-NEBRASKA,www.ciraconnect.org,
NK89FULME2Z9,O & F MACHINE PRODUCTS COMPANY,http://www.ofmachine.com,https://linkedin.com/company/o&f-machine-products
NK8PLR12M4J8,"INTERWEST CONSTRUCTION, INC.",www.interwest.biz,https://linkedin.com/company/interwestconstructioninc
NKA7J4EY8VG2,LAB TECH SUPPLY COMPANY,www.labtechsupplyco.com,https://linkedin.com/company/labtech-supply-company-inc
NKARERRJ8DG3,EPIC SCIENTIFIC LLC,epicscillc.com,https://linkedin.com/company/epic-scientific
NKB1JDBA6SW4,"STRATEGIC DEFENSE SOLUTIONS, LLC",http://www.StrategicDefenseSolutions.com,https://linkedin.com/company/strategic-defense-solutions-llc-sds
NKBFT21NR4F5,"DUN & BRADSTREET, INC",http://www.dnb.com,https://linkedin.com/company/dun-&-bradstreet
NKBJGQH9Y225,"GRANICUS, LLC",http://www.granicus.com,https://linkedin.com/company/granicusinc
NKBLCCN9BEJ8,"AURORA CASTING & ENGINEERING, INC.",www.auroracasting.com,https://linkedin.com/company/aurora-casting-and-engineering-inc
NKC2AB3ESFP5,"DH TECHNOLOGIES, INC.",www.dhtech.com,https://linkedin.com/company/wearedhtech
NKCBT3KN6EF3,"BLUE WATER THINKING,LLC",www.bw-thinking.com,https://linkedin.com/company/blue-water-thinking
NKDGL87VMHM4,"SEVENTH SENSE, LLC",https://www.seventhsense.us/,
NKDTVK8MDRB3,"BACKERWORKS MANUFACTURING, LLC",,
NKF4GENK83K4,ACCENTURE LLP,http://www.accenture.com,https://linkedin.com/company/accenture
NKG5QEJGM291,B.I.G. ENTERPRISES,http://www.bigbooth.com,https://linkedin.com/company/b.i.g.-enterprises
NKH5W94PGNN5,"GRITTER - FRANCONA, INC",www.gritterfrancona.com,https://linkedin.com/company/gritter-francona
NKHCNNM3SLH7,DHANANJAYA ASSOCIATES LLC,,
NKHRJR5PMKL3,TROLL SYSTEMS CORPORATION,http://www.trollsystems.com,https://linkedin.com/company/troll-systems-corporation
NKJGJQYQJKR3,ARIZONA BOARD OF REGENTS,http://www.azregents.edu,https://linkedin.com/company/arizona-board-of-regents
NKJTYE4JS8G3,DULLESSYSTEMS INC,www.dullessystems.com,https://linkedin.com/company/dullessystems-inc
NKK8NM5KN826,PENN AIR CONTROL INC.,https://www.pennairgroup.com,https://linkedin.com/company/penn-air-control-inc
NKKQE6FG4C28,BY LIGHT PROFESSIONAL IT SERVICES LLC,http://www.bylight.com,https://linkedin.com/company/by-light-professional-it-services
NKL9CL1G6GR7,RESONANT SCIENCES LLC,http://resonantsciences.com/,https://linkedin.com/company/resonant-sciences-llc
NKM2BB4THHU3,GLOBAL SOLUTIONS AFRICA LLC,https://www.gsaworldwide.com/gsafrica,https://linkedin.com/company/global-solutions-africa-llc
NKN1CJEJNZW6,"I. MILLER PRECISION OPTICAL INSTRUMENTS, INC.",www.imillermicroscopes.com,https://linkedin.com/company/i-miller-precision-optical-inc
NKNLZEBJBM67,TRANSDIGM INC,www.adelwiggins.com,https://linkedin.com/company/adelwigginsgroup
NKNNFLYS6U94,"MEETING TOMORROW, LLC",,
NKQHLFA16KX4,"SCHNEIDER ELECTRIC BUILDINGS AMERICAS, INC.",www.se.com,
NKSNLH2RMHT3,INTEL CORPORATION,http://www.intel.com,https://linkedin.com/company/intel-corporation
NKTCLPTNULM8,"DELTA SIGMA, LLC",http://www.deltasigmacompany.com,https://linkedin.com/company/delta-sigma-company
NKU3P85ZH3H3,EMPIRE JUSTICE CENTER,http://www.empirejustice.org,https://linkedin.com/company/empire-justice-center
NKUFT4RGWYE3,ROMANA PROSPERITY CONSTRUCTION CORPORATION,https://www.romanaprosperity.com,https://linkedin.com/company/romana-prosperity
NKVZLJL93QT6,NORTHROP GRUMMAN CORPORATION,,
NKW4AVKQ5TS7,NORTHWEST SOIL STABILIZATION INC.,www.nwsoil.com,https://linkedin.com/company/nw-soil-stabilization
NKYKUW5FHK25,MACRO DESIGN INC,www.macrodg.com,
NKZYWXUAJE94,ASB AEROSPATIALE BATTERIES,,
NL1KMBSZ6UU4,CARTHAGE MILLS EROSION CONTROL COMPANY,http://www.carthagemills.com,https://linkedin.com/company/carthage-mills
NL2BQ2JDMKX8,UH STRUCTURES INC,www.ebtechindustrial.com,https://linkedin.com/company/ebtech-industrial
NL2ZPHGJHBC5,"VALI, INC.",HTTP://WWW.valicorp.com,https://linkedin.com/company/vali-in-corporation
NL36FPFBNZ73,RED DRUM LABS LLC,,
NL3TE1C26171,CITY ELECTRIC SUPPLY COMPANY,,
NL54KKZTJ9C8,ATLAS LABS LLC,,
NL6CLRS8AEJ4,"JOHN S. BASCOM, INC.",precisionplumbingmechanical.com,https://linkedin.com/company/precision-plumbing-mechanical
NL78LKR8XA33,"VALKYRIE ENTERPRISES, LLC",http://www.act-corp.com,https://linkedin.com/company/act-corp
NL7SZSQGJB77,RMANTRA SOLUTIONS INC,,
NL8AHNE5HL88,"MOTION INDUSTRIES, INC.",http://www.motionindustries.com.,
NL98PLC2QJ34,"5010 TECH, LLC",https://5010tech.com,https://linkedin.com/company/5010-tech
NLBFYCZ55DA6,"NYLA TECHNOLOGY SOLUTIONS, INC.",www.nyla.io,
NLBJSEFM33Z1,"FLEXAGON, LLC",www.flexagon.com,https://linkedin.com/company/flexagon
NLBLXR5KUKN9,RELIABLE CLOUD SERVICES LLC,https://reliablecloudllc.com,https://linkedin.com/company/reliable-cloud-services
NLBXBVMXMUP8,"AV INDUSTRIES, INC.",,
NLCFMA2PC1T8,PUEBLO ELECTRIC INC,,
NLDMWSTYELZ6,ATKINSREALIS ENERGY FEDERAL EPC INC.,http://www.atkinsrealis.com/nuclear,https://linkedin.com/company/atkinsrealis
NLEHNLK8UQJ3,"OHIO VALLEY INDUSTRIAL SERVICES, INC",www.ovisinc.com,https://linkedin.com/company/ovisinc
NLEVNRPHWNG9,TECHTRANS INTERNATIONAL INC,www.tti-corp.com,https://linkedin.com/company/techtrans-international-inc.
NLF6QY4T5N44,"ASAP SEMICONDUCTOR, LLC",www.asapsemi.com,https://linkedin.com/company/asap-semiconductor
NLFCX7C4JJG4,ADERAS INC,http://www.aderas.com,https://linkedin.com/company/aderas-inc
NLH4EKN6JW44,TRIPLEX INDUSTRIES INC,www.triplextool.com,
NLHDNRJ3WNC6,WET TECHNOLOGIES INC,http://www.wettechnologies.com,https://linkedin.com/company/wettechnologies-inc
NLJ8YKE1Q1W8,"GRAYBAR ELECTRIC COMPANY, INC",http://www.graybar.com,https://linkedin.com/company/graybar
NLJTFXR64KH8,"ORTERY TECHNOLOGIES, INC",http://www.ortery.com,https://linkedin.com/company/ortery-technologies
NLKNLDSG6J98,"POLYTEC, INC.",http://www.polytec.com,https://linkedin.com/company/polytec
NLLKU27CHGB1,INDUSTRIAL FLOW NORTH AMERICA LLC,www.lewa-inc.com,
NLP8HM2FLNZ2,ABTECH INCORPORATED,,
NLQ7V416L3N7,U.S. ENVIRONMENTAL RENTAL CORP.,www.usenvironmental.com,https://linkedin.com/company/u-s-environmental-rental-corporation
NLQBEFWTR5C1,COASTAL CONSTRUCTION PRODUCTS LLC,,
NLRCR12R4ZT6,"GUNNAR USA, INC",http://www.gunnar-usa.com,https://linkedin.com/company/gunnar-usa-inc-
NLRELJRCJCK8,"O. T. NEIGHOFF & SONS, INC",www.otneighoff.com,https://linkedin.com/company/o.t.-neighoff-&-sons-inc.
NLRMA64NJGJ7,DIAGNOSTIC SOLUTIONS INTERNATIONAL LLC,http://www.dsi-hums.com,https://linkedin.com/company/diagnostic-solutions-international-llc
NLS7G1EYAV33,"BLAINE TECH SERVICES, INC.",http://www.blainetech.com,https://linkedin.com/company/blaine-tech-services
NLSBAKHB8VD9,AVANTGARDE LLC,,
NLSKXJSPP1S6,"NOVACIS DIGITAL, LLC",www.novacisdigital.com,https://linkedin.com/company/novacis-digital
NLTPT1KJARJ7,ARUP LABORATORIES INC,www.aruplab.com,https://linkedin.com/company/arup-laboratories
NLTWAL76QYK9,"KLDISCOVERY ONTRACK, LLC",https://www.kldiscovery.com/,https://linkedin.com/company/kldiscovery
NLTZS2JL4JB8,TBR ADJUSTING LLC,https://tbradjusting.com/,https://linkedin.com/company/tbr-adjusting
NLUXFLSPGZE8,FUTURE SKYS INC.,http://www.future-skies.com,https://linkedin.com/company/future-skies
NLVRERXYJ1A9,ORCA DATABASE SYSTEMS INC,,
NLWCLKHYHPV3,GLEASON RESEARCH ASSOCIATES INC,www.grainc.net,https://linkedin.com/company/gleason-research-associates-inc.
NLXHVL2Z2967,"HIGHPOINT DIGITAL, INC.",http://www.highpointdigital.com,https://linkedin.com/company/highpoint-global-llc
NLXJF2VX2TN3,MNEMONICS INC,http://www.mnemonics-inc.com,https://linkedin.com/company/mnemonics-inc
NLZ1BL5VMFA3,"KST DATA, INC.",http://www.kstdata.com/,https://linkedin.com/company/kst-data
NLZADCTVC7X3,"DOCUSOURCE OF NORTH CAROLINA, LLC",,
NM13FLEJH5A8,OSI FEDERAL TECHNOLOGIES INC,http://www.osifederal.com,https://linkedin.com/company/osi-federal-technologies-inc-
NM16JKTWNFJ4,R.M.R COMPANY FOR GENERAL TRADING AND MACHINERY RENTAL / LIMITED,https://www.reliablemr.com/,
NM1LNL2CV5P3,TE CONNECTIVITY CORPORATION,,
NM1MLG7N8577,BAYLOR COLLEGE OF MEDICINE CHILDRENS FOUNDATION MALAWI,baylor-malawi.org,
NM1TBY38KX47,"AEROWORX, INC.",www.aero-worx.com,https://linkedin.com/company/aeroworx
NM28F17E1ZY7,RAYTHEON COMPANY,https://www.rtx.com/,https://linkedin.com/company/raytheontechnologies
NM2LLLZ5PFL7,"BRYCE SPACE AND TECHNOLOGY, LLC",www.brycetech.com,https://linkedin.com/company/brycespaceandtechnology
NM3NBCXKTKR9,CARNEVALE ASSOCIATES LIMITED LIABILITY COMPANY,www.carnevaleassociates.com,https://linkedin.com/company/carnevale-associates
NM4KGF2MKK96,FISHER SCIENTIFIC COMPANY L.L.C.,,
NM6MRSMHJKX7,CONSOLIDATED PRECISION PRODUCTS CORP,www.cppcorp.com,https://linkedin.com/company/consolidated-precision-products-corp-
NM7YRVMDHD87,RSM ELECTRON POWER INC,http://www.sensitron.com,https://linkedin.com/company/sensitron-semiconductor
NM8HVXPHLEK7,"JENSEN HUGHES, INC.",http://www.jensenhughes.com,https://linkedin.com/company/jensen-hughes
NM98MF458Z57,"HAZEN RESEARCH, INC.",http://www.hazenresearch.com,https://linkedin.com/company/hazen-research-inc
NM9FK57NHH44,"FEI-ZYFER, INC.",http://www.fei-zyfer.com,https://linkedin.com/company/fei-zyfer-inc.
NM9KHWV7DG29,SURFACE MOUNT TECHNOLOGY CORPORATION,http://www.teamsmt.com,https://linkedin.com/company/surface-mount-technology-corporation
NM9PPAM8G746,ELECTRONIA COMPANY,http://www.electronia.com/,https://linkedin.com/company/electronia
NMA9FXKCRHL3,BUSHOVER BIOLOGICAL INC,,
NMADYD8ZUSU5,"TENSORX, INC.",https://www.tensor-x.com,
NMAKLKNC45E6,SMARTBEAR SOFTWARE INC,https://www.smartbear.com/,https://linkedin.com/company/smartbear
NMB2PK4C7274,COMMEND INC,http://www.commendusa.com,https://linkedin.com/company/commend-americas
NMB7TBK2GFK4,"NATOMA MANUFACTURING, LLC",www.natomamanufacturing.com,https://linkedin.com/company/natoma-corporation
NMBCAG1JBKL7,PARSONS GOVERNMENT SERVICES INC.,www.parsons.com,https://linkedin.com/company/parsons
NMBEYVL1Y3D5,"SYNERGY RENTS, LLC",https://www.synergyequip.com/,https://linkedin.com/company/synergy-equipment
NMBHDFPR8QW4,UNIQUE ELECTRONICS INC,https://www.uniqueelectronics.com,https://linkedin.com/company/unique-electronics
NMD7DMQSNMK5,CROWLEY FABRICATING AND MACHINING CO INC,https://www.crowleyfab.com,https://linkedin.com/company/crowley-fabricating
NMD9T3K46NY7,ICARE SOLUTIONS LLC,https://icaresolutionsconsulting.com/,https://linkedin.com/company/icare-solutions-consulting
NMDAH68JAMJ9,DENNIS MORCRETTE,,
NMDGNPWX6AL4,"INTERNATIONAL TACTICAL PRODUCTS, INC.",www.sallyscopshop.com,https://linkedin.com/company/sally's-cop-shop
NME7GCMWT297,"MICHAEL STAPLETON ASSOCIATES, LTD.",http://www.msasecurity.net,https://linkedin.com/company/msa-security
NMEWBXE8KS43,TRIANGLE EXPERIENCE GROUP INC,http://www.triangleexperience.com,https://linkedin.com/company/rjvisions-inc-
NMG2DLYXURW4,COLLABORATIVE COMPOSITE SOLUTIONS CORPORATION,www.iacmi.org,https://linkedin.com/company/iacmi
NMGKERJ2W1A9,"NATIONAL JET COMPANY, INC.",https://www.najet.com,https://linkedin.com/company/national-jet-company
NMGTZFR7D1V9,"DRACON CAD SERVICES, LLC",,
NMHDD7PUJMJ3,"COLLABORATIVE CONSULTING, INC.",www.collaborativeconsultinginc.com,
NMHFLDYJJ4C5,LOCKHEED MARTIN CORPORATION,http://www.lockheedmartin.com,https://linkedin.com/company/lockheed-martin
NMHZQT54EJT3,FOX VALVE DEVELOPMENT CORP,http://www.foxvalve.com,https://linkedin.com/company/fox-valve-development-corp
NMJHD63STRC5,"UNIVERSITY OF GEORGIA RESEARCH FOUNDATION, INC.",https://research.uga.edu/ugarf/,
NMJVKPX3VJ41,MHD-ROCKLAND INC.,http://www.mhdrockland.com,https://linkedin.com/company/mhdrockland
NMJYE2MAGGL5,"TELEDYNE FLIR MARITIME US, INC.",http://www.flir.com,https://linkedin.com/company/flir-systems
NMKHHGLRG6K3,POWER TESTING & ENERGIZATION INC,www.wsp.com,https://linkedin.com/company/wsp
NMKNHT4A2EE5,BRC INTERNATIONAL CORPORATION,http://brcicorp.com,https://linkedin.com/company/brci
NMLBC8HLKLN6,ELITE CONSTRUCTION & DEVELOPMENT LLC,HTTP://WWW.ELITECND.COM,https://linkedin.com/company/elitecnd
NMLCPRMN3NM7,"GO-GLASS JOY, LLC",www.go-glass.com,https://linkedin.com/company/mr-go-glass
NMLWPLFUJY48,MOSHMAN RESEARCH LLC,moshmanresearch.com,https://linkedin.com/company/moshmanresearch
NMM1DM7BZWC6,"GRIST MILL EXCHANGE, LLC",http://www.gristmillexchange.com,https://linkedin.com/company/grist-mill-exchange
NMNZKKCLSEB7,INTERIOR EXTERIOR BUILDING SUPPLY,www.interiorexterior.net,https://linkedin.com/company/interior-exterior-building-supply
NMS8PYJD62P8,"TOGETHER & FREE, INC",,
NMT9F4CY25Y5,NOR RAL INC,http://www.norral.com,https://linkedin.com/company/nor-ral-inc
NMTSJTG4Z233,"SHINE SYSTEMS, LLC",http://www.shinesystems.com,https://linkedin.com/company/shinesystech
NMURHMJA1ZH9,"REDEVELOPMENT RESOURCES, INC.",,
NMYYJ2A3MCA6,FUTURE ELECTRONICS CORP,www.futureelectronics.com,https://linkedin.com/company/future-electronics
NMZNN23F2XQ6,"ABSL POWER SOLUTIONS, INC.",www.enersys.com,https://linkedin.com/company/enersys
NMZQR5LXCT94,"ALASKA RESTAURANT SUPPLY, INC",https://www.alaskarestaurantsupply.com,https://linkedin.com/company/alaskarestaurantsupply
NN1CSVCCNNH7,MAYFAIR CONSULTANCY SERVICES AUST PTY LTD,,
NN1NHBAJK488,"GROEFIT, INC.",https://www.groefederalsolutions.com,
NN2YFJATUAQ7,"ENTERPRISE TECHNOLOGY SERVICES, LLC",http://www.etek-services.com,
NN2ZYE59EAK5,SNOWFLAKE INC.,snowflake.com,https://linkedin.com/company/snowflake-computing
NN3CF7EL4DC7,"SUPERIOR THREAD ROLLING CO, LLC",www.superiorthread.com,https://linkedin.com/company/superior-thread-rolling
NN4JHCN1G9G6,MODELON INC.,www.modelon.com,https://linkedin.com/company/modelon
NN5KR2JZADM1,"NANTENNA, LLC",www.NanTennaRF.com,https://linkedin.com/company/nantenna
NN5KSYE8MHG8,"LOTSPEICH CO OF FLORIDA, INC",https://lcfinc.com/,
NN5NML6VUCF9,UNIVERSITY OF CAPE TOWN,http://www.uct.ac.za,https://linkedin.com/company/university-of-cape-town
NN75TNQACFU5,EXPERIMENTAL MACHINE INC,www.expmachine.com,https://linkedin.com/company/experimental-machine-inc.
NN8TKLTBWVY1,"CALIFORNIA GRINDING SPECIALTIES, INC.",austin-enterprise.com,https://linkedin.com/company/austein-enterprises-inc
NN91SMN3VKY5,CATHOLIC CHARITIES OF THE ARCHDIOCESE OF WASHINGTON INC,,
NN98ZY281LK7,"RIGGSAFE SOLUTIONS, INC.",www.riggsafe.com,https://linkedin.com/company/riggsafe-solutions-inc
NN9JWG3S97C3,"TRULIFE, INC.",www.trulife.com,https://linkedin.com/company/trulife
NNAJMNQ31447,"A2 SYSTEMS ENGINEERING, INC.",www.a2sei.com,https://linkedin.com/company/a²-systems-engineering
NNB7LNYTJMN5,MIRLOGIC SOLUTIONS CORPORATION,http://www.mirlogic.com,https://linkedin.com/company/mirlogic-solutions-corp
NNBKLLXPY4L6,"CASEPOINT, LLC",www.casepoint.com,https://linkedin.com/company/casepoint-llc
NNC6GDWHCUL3,SERICORE LLC,https://www.sericore.com,https://linkedin.com/company/sericore-llc
NNC9E643SNN7,SPACES INC,,
NNCVSBYVYA17,"PAC FOUNDRIES, INC.",WWW.CPPCORP.COM,https://linkedin.com/company/consolidated-precision-products-corp-
NNF3VGJ3L2F5,REYNARD CORPORATION,http://www.reynardcorp.com,https://linkedin.com/company/reynard-corporation
NNF9UV599HN7,ECLARO INTERNATIONAL INC,http://www.eclaroit.com,
NNFDAD833MF1,"ADELA TECHNOLOGIES, INC.",https://www.adelatech.com,https://linkedin.com/company/adelatech
NNFQH1JAPEP3,UNIVERSITY OF FLORIDA,,
NNGENQ7VK3M7,DAVIDSON TECHNOLOGIES INC,www.davidson-tech.com,https://linkedin.com/company/davidson-technologies
NNHAZLAKVX59,"RBR-TECHNOLOGIES, INC.",http://www.rbr-technologies.com,https://linkedin.com/company/rbr-technologies
NNHYHBK3HD45,INTUITIVE INFORMATION SYSTEMS TECHNOLOGIES LLC,http://www.chainbridgetech.com,https://linkedin.com/company/chainbridge-technologies
NNKGJ5KX86N9,CONSEQTA TECHNOLOGY LLC,www.conseqta.com,https://linkedin.com/company/conseqta-technology
NNKPSNKD94D9,PTS - POWER TEMP SYSTEMS INC,www.powertemp.com,https://linkedin.com/company/power-temp-systems-inc
NNLSRLMZ7PM7,"BLUEPRINT CONSULTING, LLC",www.blueprintconsult.com,
NNLWFALDW9P3,"AMF OPTICAL SOLUTIONS, LLC",http://www.amfoptics.com,https://linkedin.com/company/amf-optical-solutions
NNMLTBU9E5H3,KEYSIGHT TECHNOLOGIES INC,www.keysight.com,https://linkedin.com/company/keysight-technologies
NNNAEYQXKJ35,P.J. DICK INCORPORATED,www.pjdick.com,https://linkedin.com/company/pj-dick---trumbull---lindy-paving
NNQ2HELKRMQ7,NORTHERN BIOMEDICAL RESEARCH INC,,
NNQFDF2RRFM9,IMPERIAL HEATING AND COOLING INC,,
NNQUYPRG4KD5,"RIPPLE EFFECT COMMUNICATIONS, INC.",http://www.rippleeffect.com,https://linkedin.com/company/therippleway
NNQZAS2TE6S5,"SOFT TECH CONSULTING, INC.",http://www.softtechconsulting.com,https://linkedin.com/company/soft-tech-consulting
NNRCNN4VW7S7,"LANDAUER, INC.",http://www.landauer.com,https://linkedin.com/company/landauer-inc-
NNSMP8RVG2R6,"RWE CLEAN ENERGY SOLUTIONS, INC.",www.rwe.com,
NNVXRLLPWPU4,C3 INNOVATIONS INC.,http://www.c3-innovations.com/,https://linkedin.com/company/c3-innovations-inc
NNXJNM7FLF59,"HUMAN RIGHTS INITIATIVE OF NORTH TEXAS, INC",,
NNYDFK5FTSX9,OKLAHOMA STATE UNIVERSITY,go.okstate.edu,
NNZEELKNDLD5,E.J. BROOKS COMPANY,,
NP1AMBAUJQ54,WALLENDER & ASSOCIATES,www.wallenderassociates.com,https://linkedin.com/company/wallender-associates
NP3NSFVMNUM3,EATON CORPORATION,www.eaton.com,https://linkedin.com/company/eaton
NP4TUKF8QCM5,"SIERRA7, INC.",http://www.sierra7.com,https://linkedin.com/company/sierra7inc
NP7BRVCLFN51,"NIKON METROLOGY, LLC",www.industry.nikon.com/en-us/,
NP8FEU4139J4,DIGITAL PLAZA LLC,http://www.digitalplazadirect.com,https://linkedin.com/company/digital-plaza-inc
NP9AYEQ3ERN8,"DECKTIGHT ROOFING SERVICES, INC",,
NPAJNNWFQ8J5,UNCOMN LLC,https://www.uncomn.com,
NPBJBKRZV9N9,CLEAR ASPECT SOLUTIONS LLC,casolns.com,https://linkedin.com/company/clear-aspect-solutions
NPBJMZN1BMC6,"THE FAIN GROUP, LLC",http://www.faingroup.com,https://linkedin.com/company/fain-group
NPBLW3F2DVM4,ATLAS SCIENTIFIC LLC,http://www.atlas-scientific.com,https://linkedin.com/company/atlas-scientific
NPD9YKMAMPD4,"FAST FORENSICS, LLC",https://www.getfastforensics.com,
NPJ9GV7K4CL1,"NOBLIS, INC.",http://www.noblis.org,https://linkedin.com/company/noblis
NPJTWLK75ZY1,PERSISTENT SYSTEMS LLC,http://www.PersistentSystems.com,https://linkedin.com/company/persistent-systems-llc
NPM2J7MSCF61,THE PENNSYLVANIA STATE UNIVERSITY,http://www.psu.edu,https://linkedin.com/company/penn-state-university
NPR8WL9QYNV3,"MCCANDLESS TRUCK CENTER, INC.",www.mctrux.com,https://linkedin.com/company/mccandless-truck-center
NPRJGLKR5663,ENTERPRISE BANK & TRUST,enterprisebank.com,https://linkedin.com/company/enterprise-bank-&-trust
NPSNT86JKN51,OREGON HEALTH & SCIENCE UNIVERSITY,http://www.ohsu.edu,https://linkedin.com/company/ohsu
NPTAUM371U34,"SMC SIGNS, INC.",http://www.fastsigns.com/114,https://linkedin.com/company/fastsigns
NPTLBTJNU315,STEVE C BONESO CONSTRUCTION INC,,
NPU8ULVAAS23,"UNIVERSITY OF MARYLAND, COLLEGE PARK",,
NPUACRBK7TV9,INFINITY BIOLOGIX LLC,www.sampled.com,https://linkedin.com/company/sampledlabs
NPV4LE4CX148,MICROQUEST,http://www.microquest.com,
NPVGWPDQN315,"TABER EXTRUSIONS, LLC",,
NPX5TZ4KHLM9,KEY SANITATION INC,www.keysanitation.com,
NPXSAC5DS9J7,WHITE INDUSTRIAL CORPORATION,,
NPXTA87WTVA7,"SUNSHINE AVIONICS, LLC",http://www.heico.com/about-us/subsidiaries/sunshine/,https://linkedin.com/company/heico-aerospace
NPYEJH7ZELM5,"TAKON TALENT, LLC",www.takontalent.com,https://linkedin.com/company/takon-talent
NPZJAGTH6PZ4,ATTAIN INC.,attaindefense.com,https://linkedin.com/company/attain-defense
NQ3GYV8BL3Z8,"JOAO AND BRADLEY CONSTRUCTION COMPANY, INC.",,
NQ3YMANGF4N6,KUCHAR ELECTRIC COMPANY,,
NQ4AGXZN5AC8,VARITEC CONTROLS & SERVICE SOLUTIONS LLC,,
NQ6NSS1KL2W6,"MOTORCYCLE SAFETY FOUNDATION, INC.",http://www.msf-usa.org,https://linkedin.com/company/motorcycle-safety-foundation
NQ8SQBPHG626,AIRGAS INC,http://www.airgas.com/,https://linkedin.com/company/airgas
NQ99KNSQMCM7,"ALL SAFE INDUSTRIES, INC",http://www.allsafeindustries.com,https://linkedin.com/company/all-safe-industries
NQ9SLLSCRMM6,"SOUTHEAST SERVICE COMPANY OF CENTRAL FLORIDA, LLC",https://seservicecompany.com/,https://linkedin.com/company/southeast-service-co
NQAHK9UFAFG6,"JRI, INC.",http://www.jri.com,https://linkedin.com/company/jri-inc-dba-j-r-industries
NQBXAZ7AMQZ9,"PUCK, LLC",https://puck.com/bulldog-hose-company/,https://linkedin.com/company/puck-custom-enterprises-inc
NQBXZNHPRML6,MARQUI LABS LLC,https://marquilabs.com/,https://linkedin.com/company/marqui-labs
NQC9WJNWQZJ3,"VISHAY DALE ELECTRONICS, LLC",www.yourthinfilmsource.com,
NQCCULJZFY29,VERTEX MODERNIZATION AND SUSTAINMENT LLC,www.goV2X.com,https://linkedin.com/company/v2x-inc
NQCUHZTGZE53,ROOFERS OF MINNESOTA COMPANY LLC,https://www.roofersofminnesota.com,https://linkedin.com/company/roofers-of-minnesota
NQECGC7LXKZ8,"MI CASA SOFTWARE, LLC",http://www.A2eTechnologies.com,https://linkedin.com/company/a2e-technologies
NQEWN6C1LSU5,"AMAZON WEB SERVICES, INC.",aws.amazon.com,https://linkedin.com/company/aws-user-group-france
NQFJGDLJDLN1,"HAMILTON ENTERPRISES, LLC",http://www.usfti.com,https://linkedin.com/company/franklin-&-turner
NQHMEBGKMH48,THE HENNE GROUP,http://www.thehennegroup.com,https://linkedin.com/company/the-henne-group
NQHRPH2VGN95,META TACTICAL LLC,,
NQJ3VPXCC8P5,KYNDRYL INC,https://www.kyndryl.com/us/en,https://linkedin.com/company/kyndryl
NQKWRHGLTD55,PERATON LABS INC,www.peratonlabs.com,
NQMWYEY9WQ86,"BENEKIVA, LLC",,
NQN9Q4TCBSS5,"ICERTIS, INC.",www.icertis.com,https://linkedin.com/company/icertis
NQSGBD9WKZH3,FOKKER AEROSTRUCTURES B.V.,,
NQU9FW7971B8,BLADEWERX LLC,http://www.bladewerx.com,https://linkedin.com/company/bladewerx
NQV3T7DDKNT6,GOOGLE LLC,,
NQW7E6A9G5K4,DAHROUGE GEOLOGICAL CONSULTING USA LTD,,
NQWXFGE9WLS3,BEEK CONSULTING LTD,,
NQX1NREGW488,PROFESSIONAL HEALTHCARE SOLUTIONS LLC,,
NR25KVDHE4D6,"SPACENAV, LLC",http://www.space-nav.com,https://linkedin.com/company/spacenav
NR5QYRLDJNY3,THALES DMS FRANCE SAS,,
NR6EKPK1LD25,COSTRUTTORI RIUNITI MECCANICI ITALIANI S.P.A. ENUNCIABILE ANCHE CO.RI.MEC. ITALIANA SPA,www.corimec.com,https://linkedin.com/company/corimec-italiana-s-p-a
NR6SGLXTKGK4,DBITPRO LLC,https://www.dbitpro.com,https://linkedin.com/company/dbitpro
NR7CPKGJP5Y1,TE CONNECTIVITY CORPORATION,http://te.com,https://linkedin.com/company/te-connectivity
NR99F22TJMZ1,ROCKWELL COLLINS SIMULATION & TRAINING SOLUTIONS LLC,https://www.collinsaerospace.com/,https://linkedin.com/company/collins-aerospace
NRB2YZFZJFL7,ONSITEITADVISORS LLC,http://www.onsiteitadvisors.com,https://linkedin.com/company/onsite-it-advisors
NRB6RDHNYCX7,"ENVIRONMENTAL DRILLING SERVICE, INC.",,
NRC4BD6SVRT5,HERRICK TECHNOLOGY LABORATORIES INC.,,
NRCBMLL9Z576,TUSEN CONSULTING LIMITED,,
NRE9G6S3CJM5,"PRODUCTIVITY, INC.",http://www.productivity.com,https://linkedin.com/company/productivity-inc
NRJWL1XY3MD7,EARTH NETWORKS INC,http://www.earthnetworks.com,
NRK3UVZUKND4,INTERACTIVE ELEMENTS INCORPORATED,www.ieitransit.com,https://linkedin.com/company/interactive-elements
NRKPRG331FB4,DAVID CLARK COMPANY INCORPORATED,http://www.davidclark.com,https://linkedin.com/company/david-clark-company-inc.
NRLCMTWNH2K5,MEDTHERM LABS LLC,,
NRLDHML776K5,"WECKWORTH MANUFACTURING, INC",http://www.weckworth.com,https://linkedin.com/company/weckworth-mfg-inc-
NRLEGBF55K19,"INTEGRATED DATA SERVICES, LLC",http://www.get-integrated.com,https://linkedin.com/company/integrated-data-services
NRLSMG9AJX87,ALEXANDER O'RIORDAN,,
NRLXS9YMBJN5,"BABEL STREET, INC.",www.babelstreet.com,https://linkedin.com/company/babelstreet
NRMMDZBK7XY7,MPC ENTERPRISES LLC,www.mpcenterprises.com,
NRNFRTXEFNF8,HAZ-TECH DRILLING INC,,
NRNJCMULCX65,AERO PRECISION PRODUCTS INC,www.appiusa.com,https://linkedin.com/company/aero-precision-products-inc-
NRQRBQQKQ3J5,"ISLAND HERITAGE BUILDERS, INC",,
NRR4B6KJQH89,ALCATEL SUBMARINE NETWORKS,,
NRT4TJVRD8K6,CAES SYSTEMS HOLDINGS LLC,,
NRU9BGDSJJY7,LABVANTAGE SOLUTIONS INC,,
NRVXPP2N3M23,CAPITAL STEEL & WIRE INC,http://www.capitalsteel.net,https://linkedin.com/company/capital-steel-&-wire
NRXDRVQFQEM8,"BEARDSLEY DESIGN ASSOCIATES ARCHITECTURE, ENGINEERING, LANDSCAPE ARCHITECTURE, D.P.C.",http://www.beardsley.com,https://linkedin.com/company/beardsleyae
NRYTM8KLSL57,"INSTITUTE FOR LOCAL INNOVATIONS, INC.",www.ili360.org,https://linkedin.com/company/institute-for-local-innovations
NRZ9CAT1V5W6,MADIM LLC,imagefirstuniforms.com,https://linkedin.com/company/imagefirstuniforms
NS1EXWYJMCN4,INTERCOASTAL FABRICATORS INC,,
NS24LMMQKMZ6,IMPACT FIRE SERVICES LLC,http://www.impactfireservices.com,https://linkedin.com/company/impact-fire-services
NS48J9RLXCF4,"SEL ENGINEERING SERVICES, INC.",www.selinc.com,https://linkedin.com/company/sel
NS7JCSG2Y4A7,TRI ELECTRONICS INC,http://www.tri-electronics.com,https://linkedin.com/company/tri-electronics
NS9JNDRMHM79,TEXAS INTERNATIONAL GROUP LLC,http://www.texasint.com,
NSABFGZAMR89,CARLSBAD AUTO SUPPLY CO,,
NSAKNB99M4J8,NETOPS SOLUTIONS INC.,http://www.nos-now.com,
NSBJAVDB5E91,"VGS AIRCRAFT SERVICES, INC.",http://www.versar.com,https://linkedin.com/company/versar
NSCHZABDJEJ3,MOREHOUSE INSTRUMENT COMPANY,www.mhforce.com,https://linkedin.com/company/morehouse-instrument-co
NSCKLFSSABF2,UNIVERSITY OF HAWAII,http://www.hawaii.edu,
NSDHS6ECR633,TESTEQUITY LLC,http://www.testequity.com,https://linkedin.com/company/testequity
NSGTRSBZE9J9,"TDHSERVICES, INC.",http://www.tdhsinc.com,https://linkedin.com/company/tdhservices
NSKNNK3MVLZ9,BLUEDROP TRAINING & SIMULATION INC,,
NSM9HXQMH5L3,NORCATEC LLC,www.norcatec.com,https://linkedin.com/company/norcatec-llc-aerospace-group
NSNPXEN813P7,QUICKSILVER ANALYTICS INC,www.qckslvr.com,https://linkedin.com/company/quicksilver-analytics-inc
NSRLALWFU2F5,NUCLEAR ALLOYS CORPORATION,https://www.nuclearalloys.com,https://linkedin.com/company/nuclear-alloys-corp
NSSKKV5YT4G5,INGERSOLL CONSULTING INFORMATION SOLUTIONS,http://www.ingersollconsulting.net,https://linkedin.com/company/ingersoll-consulting-inc
NSUESF38DS83,"SCHRODINGER, INC.",www.schrodinger.com,https://linkedin.com/company/schr-dinger
NSUNYJL54ZP5,HACK THE BOX LTD,https://www.hackthebox.com/,https://linkedin.com/company/hackthebox
NSVMMYFKEEB6,"ABHE & SVOBODA, INC.",www.abheonline.com,https://linkedin.com/company/abhe-&-svoboda-inc.
NSW6L6MM5GS5,"SECURITY ENGINEERED MACHINERY CO., INC.",,
NT18H85NAJP1,RACELOGIC USA CORP,racelogic.com,
NT2NKTNQ3SH9,QUALITY SWITCHGEAR,,
NT3DGLLY89E5,DELTA MECHANICAL CONTRACTORS LLC,www.deltamechllc.com,https://linkedin.com/company/delta-mechanical-contractors-llc
NT7FK8MJK4M5,MID-SOUTH LUMBER CO INC,,
NTACVMVCDCA6,"MIDCON CABLES CO., INC.",www.midconcables.com,https://linkedin.com/company/midcon-cables-company
NTDUQKFJ7W27,SEMCON GROUP LLC,http://www.sem-con.com,https://linkedin.com/company/the-semcon-group-llc
NTF5UMK5V5F9,"WAREHOUSE RACK & SHELF, L.L.C.",https://www.rackandshelf.com,https://linkedin.com/company/rack-and-shelf
NTGALU6XECJ5,YOKOGAWA CORP OF AMERICA,http://www.yokogawa.com,
NTGEJRVEFK99,BLUE CANYON TECHNOLOGIES LLC,http://www.bluecanyontech.com,https://linkedin.com/company/blue-canyon-technologies
NTHHMWJJJ7N8,HIGHRISE CONSULTING INC,http://www.highriseconsulting.com,https://linkedin.com/company/highrise-consulting-inc.
NTJJPEBAYN87,QUALITY REBAR INC,,
NTLEZKLFM3F3,SYSTEM & SOFTWARE DESIGNERS INC,http://www.SystemandSoftware.com,https://linkedin.com/company/system-&-software-designers-inc.
NTLHJXM55KZ6,ARIZONA STATE UNIVERSITY,http://researchadmin.asu.edu,https://linkedin.com/company/research-administration
NTLXVKK8PEG4,BROCK CONTRACT SERVICES INC,brockcontract.com,https://linkedin.com/company/brock-contract-services
NTP7NWDS9Y49,"MSC INDUSTRIAL DIRECT CO., INC.",http://www.mscdirect.com,https://linkedin.com/company/msc-industrial-supply
NTPML8VE2K11,LOBO VENTURES LTD,http://www.pmtgov.com,https://linkedin.com/company/precision-mold-&-tool-government-division
NTREK31GP8N3,KSARIA CORPORATION,http://www.ksaria.com,https://linkedin.com/company/ksaria
NTRFLXK2TSE5,ITI ENGINEERING LLC,itiengineering.com,https://linkedin.com/company/irvin-technologies-inc.
NTSHMATMUFH7,FORM FIT & FUNCTION LLC,www.f3engineering.com,https://linkedin.com/company/f3-engineering
NTSPUKMJZLM1,MANPOWER DEVELOPMENT AND ENVIRONMENTAL PROTECTION INITIATIVE,,
NTU8YWLMPFP4,"META PLATFORMS, INC.",,
NTUNPB3DUNK5,BLAZE METRICS LLC,www.blazemetrics.com,https://linkedin.com/company/blazemetrics
NTW5TQ1UJF57,"SCHNEIDER ELECTRIC FEDERAL, INC.",sefederal.com,https://linkedin.com/company/schneider-electric-federal
NTXJM52SHKS7,MISSISSIPPI STATE UNIVERSITY,,
NTZJA2M762C5,ALLEGHENY MACHINE TOOL SYSTEMS INC,http://www.allegmach.com,https://linkedin.com/company/allegheny-machine-tool
NTZUU5XAK5X1,PATZ MATERIALS AND TECHNOLOGIES LLC,www.patzmandt.com,https://linkedin.com/company/patz-materials-and-technologies
NU47PSLJHCW6,"DSS SUSTAINABLE SOLUTIONS USA, INC.",https://www.consultdss.com/,https://linkedin.com/company/consultdss
NU4JU3CJEB56,MILES RESOURCES LLC,https://www.milesresources.com,
NU4ZKHZNFF85,SATRA TECHNOLOGY CENTRE LIMITED,,
NU5UC1APK625,"SYSCO SYRACUSE, LLC",,
NU9THK1C1S85,CROWE LLP,http://www.CROWE.COM,https://linkedin.com/company/crowe
NUA1MAF1GP59,CHAMPION AEROSPACE LLC,https://www.championaerospace.com/,https://linkedin.com/company/champion-aerospace
NUAYTCL5HMH7,P17 SOLUTIONS LLC,p17solutions.com,https://linkedin.com/company/p17-solutions-llc
NUBZEKA2J789,PURETECH SYSTEMS INC,http://www.puretechsystems.com,https://linkedin.com/company/puretech-systems
NUCCSRMS3Z26,SMARTSAFETY SOFTWARE INC,www.trancite.com,https://linkedin.com/company/trancite-logic-systems
NUCGRLWJYR49,VINCENT FIRE PROTECTION LLC,,
NUDGYLBB4S99,STATE OF CALIFORNIA CONTROLLERS OFFICE,https://www.sco.ca.gov/,https://linkedin.com/company/california-state-controllers
NUETLUL5Z5M3,"GAMMATRON, INC.",www.gammatron.us,https://linkedin.com/company/gammatroninc
NUFGPBWG4ZK1,MAGEE TECHNOLOGIES LLC,www.mtech.aero,https://linkedin.com/company/mtechaero
NUFYNDSYKCL5,NEW ENGLAND WIRE TECHNOLOGIES CORP.,http://www.newenglandwire.com,https://linkedin.com/company/new-england-wire-technologies
NUHSB9JQL9Y8,DAIKIN APPLIED AMERICAS INC.,,
NUJJSCLKEF63,"INTEGRATED SURVEILLANCE AND DEFENSE, INC.",www.isr-def.com,https://linkedin.com/company/integrated-surveillance-and-defense
NUKGD8HRVP39,ANDECO INSTITUTE,,
NUKZNSL59GY3,"TRIUMPH THERMAL SYSTEMS, LLC",http://www.triumphgroup.com,https://linkedin.com/company/triumph-group
NUNVJJM2UYY1,"EMERGENT, LLC",http://www.emergent360.com,https://linkedin.com/company/emergent-360
NUQHKD3WLLH7,D & E SCREW MACHINE PRODUCTS INC,,
NUSAC9QAV8W8,GE VERNOVA OPERATIONS LLC,https://www.gevernova.com/research,https://linkedin.com/company/gevernova
NUUHSLMBF4E3,"AIRWAY AEROSPACE, LLC",www.airwayaerospace.com,https://linkedin.com/company/airway-aerospace-inc
NUWMC7S1FKK3,ELECTREQ LLC,www.electreq.com,https://linkedin.com/company/electreq
NV11PZ364JK4,"A. W. MILLER TECHNICAL SALES, INC.",,
NV1MK89XJ2J7,XOR SECURITY LLC,http://www.xorsecurity.com,https://linkedin.com/company/xor-security
NV46ALUKKSL5,"VISTRA COMMUNICATIONS, LLC",vistrafederal.com,
NV5NPEZHLEM8,"THE IQ BUSINESS GROUP, INC.",http://iqbginc.com/,https://linkedin.com/company/iqbg-inc
NV5WB9FDMNZ5,"USM, INC.",www.usminc.com,https://linkedin.com/company/usm-inc.
NV8BDSJ9BMA3,"HENSEL PHELPS CONSTRUCTION NEW MEXICO, L.L.C",,
NV9DM9RMAZS9,SECURE CONSULTING LLC,http://www.IntegratedSecure.com,https://linkedin.com/company/integrated-secure
NV9EM427WB15,"CURTISS-WRIGHT DS, INC.",www.curtisswright.com,https://linkedin.com/company/curtiss-wright-corporation
NVB6JHNZK666,"HITACHI HIGH TECHNOLOGIES AMERICA, INC",,
NVC1EFKKYB93,VERTEX AEROSPACE LLC,http://www.goV2X.com,https://linkedin.com/company/v2x-inc
NVD1LDF22BG1,"ITSC SECURE SOLUTIONS, LLC",www.itsc-ss.com,https://linkedin.com/company/itsc-ss
NVD5YJZ4HCL4,DATA COMPUTER CORPORATION OF AMERICA,http://www.dcca.com,https://linkedin.com/company/dcca
NVF1VA31LCG3,OCTARIS TECHNOLOGIES INC,www.octaristechnologies.com,https://linkedin.com/company/octaris
NVFTN9DJKTQ7,STANDEX INTERNATIONAL CORP,www.standexETG.com,https://linkedin.com/company/standexetg
NVKEFJY9N564,"MECHANICAL SPECIALISTS, INC",,
NVLJJY5BJ495,EVANS INCORPORATED,http://www.evansincorporated.com,
NVLTL4MUE6J4,"ENSEMBLE GOVERNMENT SERVICES, LLC",https://www.ensembleconsultancy.com/,https://linkedin.com/company/ensemble-consultancy
NVM1ADMKJ9E7,"CT LABORATORIES, LLC",www.ctlaboratories.com,https://linkedin.com/company/ct-laboratories-llc
NVMBPKXT6K83,CADICK CORP,http://www.cadickcorp.com,https://linkedin.com/company/cadick-corporation
NVN5XS9H2NN8,MOVE ONE FZE,www.moveoneinc.com,https://linkedin.com/company/moveone
NVQANXZ62MD5,CAPITAL AIR FILTER CORPORATION,,
NVQARFEUVPM6,FLX AI INC,www.flxai.com,https://linkedin.com/company/flx-ai-inc
NVR5ZXKLCBU8,"AMPTEK, INC",http://www.amptek.com,https://linkedin.com/company/amptek-inc-xrf
NVUWAFWQ57S5,"WESTAT, INC.",http://www.westat.com,https://linkedin.com/company/westat
NVY5YJVCRJQ4,ARC CONSTRUCTION CO INC,arc-construction.com,https://linkedin.com/company/arc-construction-co-inc-
NVZLJEJKYT77,OPTOMEC INC,http://www.optomec.com,https://linkedin.com/company/optomec
NW1KDNDGCLP5,"PACIFIC STEEL GROUP, LLC",www.pacificsteelgroup.com,https://linkedin.com/company/pacific-steel-group
NW5LPKWGKR17,DAVIS CONTROLS CORP,,
NW6MYLMS2K38,"METIS TECHNOLOGY SOLUTIONS, INC.",www.metis-tech.com,https://linkedin.com/company/metis-technology-solutions-inc.
NW91HTNRUK65,SCOTT TORRES,,
NWB3Q6X6JK67,ELECTRO SCIENTIFIC INDUSTRIES INC,www.esi.com,https://linkedin.com/company/electro-scientific-industries-inc-
NWF4T3BKLCT5,WENZLAU ENGINEERING INC,http://www.wenzlau.com,https://linkedin.com/company/wenzlau-engineering-inc.
NWJ1Z3M5EAE5,VENERGY GROUP LLC,https://venergygroup.com/,https://linkedin.com/company/venergy-group-llc
NWJXD3EE75U7,GOODRICH CORPORATION,http://www.collinsaerospace.com,https://linkedin.com/company/collins-aerospace
NWLDP5G7DEG4,"DITTEMORE INSULATION CONTRACTORS, INC.",,
NWLWJCC9RN73,MOORE INTEGRITY ENGINEERING LLC,www.mooreintegrity.com,https://linkedin.com/company/moore-integrity-engineering-llc
NWM8MTNSVS15,TURBO DYNAMICS LLC,,
NWPXRE6THD37,SPIRIT AEROSYSTEMS INC,,
NWQJNANLFBD1,WYVERN TECHNOLOGIES,www.wyverntechnologies.com,
NWQRMRKM1PM5,"WEBSTER ASSOCIATES, INC.",www.webster-associates.net,https://linkedin.com/company/webster-associates-filtration
NWSKGM6WLKR1,EXPANSIA GROUP LLC,www.expansiagroup.com,https://linkedin.com/company/expansia-group
NWU3J7MKYND3,J & R DOOR CO INC,http://www.overheaddooromaha.com,https://linkedin.com/company/j-&-r-door-co-inc
NWV2HGN5J7F8,SHUR AUTOMOTIVE INC,,
NWX8SNSYTE66,"APPLIED TECHNOLOGY SOLUTIONS, INC.",www.atsolutions-inc.com,https://linkedin.com/company/applied-tech-solutions
NWXLJD7NREN3,"ADVANCED SIMULATION TECHNOLOGY, INC.",http://www.asti-usa.com,https://linkedin.com/company/advanced-simulation-technology-inc-
NX1SDTAAFLE6,"STARGATE ELECTRONIC SYSTEMS, INC.",,
NX38TFMSFW11,CALUMET ELECTRONICS CORP,http://www.calumetelectronics.com,https://linkedin.com/company/calumet-electronics-corp-
NX3GXB1KCQG3,HECKMANN BAUBETREUUNG GMBH,https://www.heckmann-baubetreuung-gmbh.de,
NX4MM67DF955,"STANTON INDUSTRIAL ELECTRIC SUPPLY, INC",www.stantonelectricpa.com,https://linkedin.com/company/stanton-electric
NX5PKCJNS7A7,"MILLWORX PRECISION MACHINING, INC.",www.millworxprecision.com,https://linkedin.com/company/millworx-precision-machining
NX6WQABKURB8,CITOPIA,,
NX9PXMKW5KW8,NEW YORK UNIVERSITY,www.nyu.edu,https://linkedin.com/company/new-york-university
NXD5RW4SSAK8,KURTEK LLC,https://kurtek.io,https://linkedin.com/company/kurtek
NXGLEN3CK1N6,"DATACON, INC.",http://www.data-con.com,https://linkedin.com/company/datacon_2
NXH1K6AMJL55,"ENHANCED VETERANS SOLUTIONS, INC",http://www.enhancedvets.com,https://linkedin.com/company/enhanced-veterans-solutions-inc-
NXH4JMUCHZ25,MEVA FORMWORK SYSTEMS INC,http://www.mevaformwork.com,
NXHFXELSM667,"RIO GRANDE CONTRACT FURNISHINGS, INC.",www.riograndebpsi.com,https://linkedin.com/company/bpsifurniture
NXHHA1CT29V7,"CYBER ARMED SECURITY, LLC",https://www.cyberarmed.com,https://linkedin.com/company/cyberarmed
NXKDJKPKLRR6,GRAYBAR ELECTRIC CO INC,http://www.graybar.com,https://linkedin.com/company/graybar
NXKFKBFNBBC4,"DENNIS NEWTON ELECTRICAL, REFRIGERATION & AIR CONDITIONING,",https://newtonerac.com/,https://linkedin.com/company/dennis-newton
NXKLLN685LE5,FARADAY DEFENSE CORPORATION,https://shop.faradaydefense.com/,
NXNHJ15K41V4,"NTELIGEN, LLC",https://www.nteligen.com,https://linkedin.com/company/nteligen
NXNZGAX8MFY5,"FREEDOM INFORMATION SYSTEMS, INC.",www.freedomis.com,https://linkedin.com/company/freedom-information-systems
NXTBL1MCMY17,"INDIGO IT, LLC",http://www.indigoit.com,https://linkedin.com/company/indigo-it
NXUBHKXWVBL4,DIGITAL SCIENCE & RESEARCH SOLUTIONS INC,,
NXUUYEEANNN6,OKLAHOMA SAFETY EQUIPMENT CO INC,https://www.osecoelfab.com/,https://linkedin.com/company/oseco-elfab
NY2ZNN1JN199,SWVP RALEIGH LLC,,
NY43SUCE6Y57,"MOVEWORKS, INC.",,
NY5BPJTTHAF7,IGNITE IT LLC,www.igniteitservices.com,https://linkedin.com/company/ignite-govt-it
NY68Y1BTCXF9,"SOLUTECH, LLC",www.solutechconsultants.com,https://linkedin.com/company/solutech-llc
NY8MB9PN6JH6,"PROLINE PERFORMANCE, LLC",,
NY8WEASWCVC7,MIELKE MECHANICAL INC,https://www.mwmielke.com/,https://linkedin.com/company/m-w-mielke-inc-
NY98VECEW8H6,TECHNOLOGY SERVICE CORP,,
NY9DRLFFLJ73,POLAR INC,,
NY9FKASQLS74,TRITECH SOFTWARE SYSTEMS INC,http://www.tritech.com,https://linkedin.com/company/tritech-software-systems
NYAPEDKLW2A5,NORTHROP GRUMMAN SYSTEMS CORP,northropgrumman.com,https://linkedin.com/company/northrop-grumman-corporation
NYDKPLPJALE8,SYSTEMS SOURCE INC,https://www.systemsource.com,https://linkedin.com/company/systemsource
NYEMFJ7MMJB5,"INFINITE ELECTRONICS INTERNATIONAL, INC.",http://www.l-com.com,https://linkedin.com/company/l-com
NYETLNFEYA86,HELICAL DRILLING INC.,www.helicaldrilling.com,https://linkedin.com/company/helical-drilling
NYGLJTMSF3K4,DECISION LENS INC,http://www.decisionlens.com,https://linkedin.com/company/decision-lens
NYHVJ3ZCGKT7,DELL CONSULTING LLC,HTTP://DELLCONSULTINGLLC.COM,https://linkedin.com/company/dellconsulting
NYLJNBCXEFP5,"COYOTE AIR, LLC",www.flycoyote.com,https://linkedin.com/company/coyote-air-llc
NYNKT6ZS92N3,NEXAIR LLC,http://www.nexair.com,https://linkedin.com/company/nexairllc
NYPWZKS3R3L8,FAST SIGNS,,
NYUCLC7Y8AG1,NUVITEK LLC,www.nuvitek.com,https://linkedin.com/company/nuvitek
NYX6JGSZ4UJ4,"REVEAL TECHNOLOGY, INC.",,
NYZ3A8USQ3X9,SOLVENTUM US LLC,,
NZ1GFJRFNBD7,AEROLIANT MANUFACTURING INC,www.amratec.com,https://linkedin.com/company/aeroliant-manufacturing-inc-d.b.a.-amratec-engineering
NZ3ASN7YK8P5,FEDERAL NETWORK CONNECTIONS INC.,www.federalnetworks.us,
NZ6JXR3EQC64,LANCS INDUSTRIES OPERATING LLC,http://www.lancsindustries.com,https://linkedin.com/company/lancs-industries
NZ8TCHNLBYB3,DICOS GMBH KOMMUNIKATIONSSYSTEME,,
NZ9CUMF36PK1,FLUOR FEDERAL SERVICES INC,http://www.fluor.com,https://linkedin.com/company/fluor
NZA2TX9JEPJ7,SAI VISION INTERNATIONAL FZC,,
NZAJBE12ACR9,"NETAPP, INC.",http://www.netapp.com,https://linkedin.com/company/netapp
NZALBJQ4NLM1,TRISTAR INC,http://www.tristar.com,https://linkedin.com/company/tristar
NZCCXNGNTDR5,J. SMITH RENTALS LIMITED LIABILITY COMPANY,,
NZDLWAWMK1M1,MONTANA DOORWAYS PLUS INC.,,
NZEFKM96LVX4,"REAL-TIME LABORATORIES, LLC",,
NZEWK39WNM39,LIFECYCLE DEFENSE SOLUTIONS LLC,www.lds-llc.net,https://linkedin.com/company/lds-llc
NZG4NJT5QMF5,KASH CONSULTING SERVICES LLC,,
NZHCQ3M8BV63,"TALEN-X, INC.",https://www.safranfederalsystems.com/,https://linkedin.com/company/oroliads
NZJWN7GF54S3,ECAPS AKTIEBOLAG,http://www.ecaps.se,https://linkedin.com/company/ecaps-ab
NZKAZ5MZU9H7,DLS ENGINEERING ASSOCIATES INC,https://www.dlsengineering.com,https://linkedin.com/company/dls-engineering-associates-inc
NZLPJ3WBMDA8,"PNEU-DRAULICS, INCORPORATED",http://www.pneu-draulics.com,https://linkedin.com/company/alabama-seal-and-packing
NZNYK7RHGGN5,OCCU-TEC INC,http://www.occutec.com,https://linkedin.com/company/occu-tec-inc-
NZRGQ4T851T9,AMERICAN DATAPATH INC,http://www.americandatapath.com,https://linkedin.com/company/american-datapath-inc-
NZRHE1UAJQQ1,AMERICAN GFM CORP,www.agfm.com,https://linkedin.com/company/american-gfm
NZURD3WJR541,"ZADEN TECHNOLOGIES, INC.",https://zadentech.com,https://linkedin.com/company/zaden-technologies
NZXEENEPYHF3,"RYTEK SOLUTIONS, LLC",http://www.ryteksolutions.com,
NZXMNAFVCNL7,"XENTIT, LLC",http://www.xentit.com,https://linkedin.com/company/xentit
NZXWU2W7MF66,THE FREDERICK MOTOR COMPANY,https:www.frederickmotor.com,
P159MYHGYMX5,OLYMPUS AMERICA INC,,
P16DCFBH6FK5,"AIR METHODS, LLC",www.airmethods.com,https://linkedin.com/company/air-methods
P16NNPKN94H4,"SPECTRA-TECH, INC.",http://www.spectra-techgrinding.com,
P17UBF7C7DX7,BTRADE LLC,https://www.btrade.com,https://linkedin.com/company/btrade
P1C6WAPX4P77,"TORAY ADVANCED COMPOSITES ADS, LLC",www.toraytac.com,https://linkedin.com/company/torayadvancedcomposites
P1DDTW2EM313,"BLACK RIDGE CONSTRUCTION, LLC",www.brconst.com,https://linkedin.com/company/busboom-&-rauh-construction-company
P1GXPNTBMNC8,RATIONALSOFT INC,https://www.rationalsoft.com,https://linkedin.com/company/rationalsoft-inc
P1K2M71NE7S1,DUDEK,http://www.dudek.com,https://linkedin.com/company/dudek
P1KMVAK9A9X4,J3 CONSULTING LLC,https://www.j3llc.com,https://linkedin.com/company/j3-consulting-llc
P1LMDHFJSYH7,"CACI AZURE SUMMIT TECHNOLOGY, LLC",http://www.azuresummit.com,https://linkedin.com/company/azure-summit-technology
P1M4GKM5PKS9,ASSURANCE TECHNICAL SERVICES INC,http://www.ats-3me.com,https://linkedin.com/company/assurance-technical-services-inc.
P1MJEAKG9BF5,RESNICK INCORPORATED,www.drivingschool.net,https://linkedin.com/company/elite-driving-school
P1QLD2CQBPP5,NORTHSTAR ENVIRONMENTAL SERVICES LLC,,
P1RTMASB37B5,KAISER FOUNDATION HOSPITALS,,
P1SEQ5K7BRP4,PAMIR CONSULTING LLC,,
P1YHAJUA2G43,METACOMP TECHNOLOGIES INC,www.metacomptech.com,https://linkedin.com/company/metacomp-technologies-inc
P224XEQTK9N3,VALIDATEK INC,http://www.validatek.com,https://linkedin.com/company/validatek-inc-
P228MK5FDDD2,"FUTURE HARDWARE TECHNOLOGY, INC.",http://www.futureinc.com,
P22FX2MVJZL1,TEAL DRONES INC,https://tealdrones.com/,https://linkedin.com/company/teal
P23HPN5N6HA3,ABB INC.,abb.com,
P249ZJKVH411,"M & W DRILLING, LLC",http://mwdrillingllc.com,https://linkedin.com/company/m-w-drilling-llc
P27QMGFAJR13,CRITICAL SOLUTIONS LLC,https://www.criticalsolutionsit.com,https://linkedin.com/company/criticalsolutions
P294UT1TNKP2,INTERSYSTEMS PUBLIC SECTOR CORPORATION,http://www.intersystems.com,https://linkedin.com/company/intersystems
P2B3RYVKBKM1,"EUROFINS ENVIRONMENT TESTING SOUTHEAST, LLC",www.EurofinsUS.com/Env,
P2BADJKCYMK1,"UMB BANK, N.A.",umb.com,https://linkedin.com/company/umbbank
P2BGLMB7JN52,"VERIS GROUP, LLC",http://www.coalfirefederal.com,
P2GUGBWZMAW9,T6 LLC,https://t6electronics.com/,https://linkedin.com/company/t6-electronics
P2JNHCGJGNK1,RADIATION TEST SOLUTIONS INC,https://radiationtestsolutions.com,https://linkedin.com/company/radiation-test-solutions-inc.
P2KKUNNETC89,"ISLAND PUMP AND TANK, LLC",www.islandpumpandtank.com,https://linkedin.com/company/island-pump-and-tank
P2L5J5XEYCN3,INSIGHT DIRECT USA INC,http://WWW.INSIGHT.COM,https://linkedin.com/company/insight
P2LCCMCFB788,"ECOMASS TECHNOLOGIES, LP",http://www.ecomass.com,https://linkedin.com/company/ecomass-technologies
P2LNUS4QBSM6,"GREENPOINT TECHNOLOGIES, INC",,
P2MTLTXDTMJ5,LEVEL 9 SYSTEMS LLC,www.level9systems.com,
P2NVQ79L5QM5,"NORTHWIND ENGINEERING, LLC",http://www.northwindeng.com,https://linkedin.com/company/northwind-engineering-rvflimited
P2P3BKD7SEK6,VALKYRIE INTELLIGENCE LLC,www.valkyrie.ai,https://linkedin.com/company/valkyrieintelligence
P2P8S7JGUXF3,"GARRETT CONTAINER SYSTEMS, INC.",www.garrettcontainer.com,https://linkedin.com/company/garrett-container-systems-inc.
P2Q2AJY895U5,"REICHANADTER, MARK",,
P2R9AA2KB478,POTEET CONSTRUCTION INC,poteetconstruction.com,https://linkedin.com/company/poteet-construction-inc
P2RFJLVYFLF3,KNOWLEDGE MANAGEMENT INC,www.knowledgemanagement.com,https://linkedin.com/company/knowledge-management-inc.
P2UGFBPHSLM3,MCNAMARA METAL WORKS LLC,https://mcnamarametalworks.com/,
P2V1ZE27HD36,CPI SATCOM AND ANTENNA TECHNOLOGIES INC,http://www.cpii.com,https://linkedin.com/company/cpi
P2W8FVTYSJ43,TIKKIO VENTURES LLC,,
P2ZMZPFZWW59,AMERICAN AIR FILTER CO INC,WWW.AAFINTL.COM,https://linkedin.com/company/american-air-filter
P32JNMMYWDR4,APPRISE INC,www.appriseinc.org,https://linkedin.com/company/appriseinc
P32RCGAV3DM5,ROBERT HALF INTERNATIONAL INC.,http://www.rhi.com,
P32WUHC93138,DOVETAIL RESEARCH PTY. LTD.,https://dovetail.com,https://linkedin.com/company/heydovetail
P34QE58R2C55,"CLEARCOMPANY, LLC",www.clearcompany.com,https://linkedin.com/company/clearcompany-talent-management-software
P35CUAWMBQ19,"FREQUENTIS USA, INC",www.frequentis.com,https://linkedin.com/company/frequentis
P35GJ8N3CQE8,"PYRAMID FLOOR COVERING, INC",,
P364NF14HY57,HASKONINGDHV USA INC.,www.royalhaskoningdhv.com,https://linkedin.com/company/haskoning
P36CB6GDLFE4,"AIRCRAFT HINGE, INC.",http://www.aircrafthinge.com,https://linkedin.com/company/aircraft-hinge
P386LTC3QRC3,TARZANEGY LLC,,
P395P5Q3GMM5,"ILCO TUBE BENDING, INC.",www.ilcoind.com,https://linkedin.com/company/ilco-industries
P3CPCN9N1DA3,HAMILTON SUNDSTRAND SPACE SYSTEMS INTERNATIONAL INCORPORATED,,
P3DALCKMK168,"MY BROTHER'S KEEPER, INC.",http://www.mbk-inc.org,
P3JNF64CBLD7,SEALED AIR CORP,www.sealedair.com,https://linkedin.com/company/sealed-air-corporation
P3JNHHRH27X4,"CUMMINGS AEROSPACE, INC.",http://cummingsaerospace.com,https://linkedin.com/company/cummings-aerospace
P3JTNEVSA9Q4,IOI CONSTRUCTION CORP.,www.ioiconstructioncorp.com,https://linkedin.com/company/ioi-construction-corp
P3KJFJJR58R4,ENEPRET INCORPORATED,www.enepret.com,https://linkedin.com/company/enepret-inc
P3L6TZHG6EG3,WESCO AIRCRAFT HARDWARE CORP,www.incora.com,https://linkedin.com/company/incoraglobal
P3LMWYENMDY6,INITIATE GOVERNMENT SOLUTIONS LLC,http://www.initiatesolutions.com,https://linkedin.com/company/initiate-government-solutions
P3MPFZWCEB29,"PREMIER HEALTHCARE SOLUTIONS, INC",https://www.premierinc.com/,https://linkedin.com/company/premierinc
P3YGJHN93664,"GEORGE, MILES & BUHR, LLC",http://www.gmbnet.com,https://linkedin.com/company/george-miles-&-buhr-llc
P3ZLMN9E3D84,"DATASUNRISE, INC.",,
P41YWC4MY823,"TENCARVA MACHINERY COMPANY, LLC",http://www.tencarva.com,https://linkedin.com/company/tencarva-machinery
P43YLN7CDMH5,PROJECTS UNLIMITED INC,http://www.pui.com,https://linkedin.com/company/projectsunlimitedohio
P474HKE5TJA3,UBC I INC,http://www.getbatsout.com,https://linkedin.com/company/get-bats-out
P48UCJQUDD13,SANMINA CORPORATION,http://www.vikingtechnology.com,https://linkedin.com/company/vikingtechnology
P4AUGGGMHKR1,CALERO SOFTWARE LLC,www.calero.com,https://linkedin.com/company/calero
P4DDANDDMCC1,"STRAIGHT FLIGHT, LLC",https://www.straightflight.com,https://linkedin.com/company/straight-flight-inc-a-wholly-owned-subsidiary-of-sierra-nevada-corp.
P4EGSZ1KNMN9,"CURTISS-WRIGHT DS, INC.",http://www.pacstar.com,https://linkedin.com/company/pacific-star-communications
P4FGL9JCNRM9,STANTEC GS INC.,,
P4G8J619MNH1,"X3M SYSTEMS, LLC",www.x3msys.com,https://linkedin.com/company/x3m-systems
P4GAH6ZMRJ46,AIN KHUDAIRI FOR TRADING & CONTRACTING COMPANY,www.aktcc.com,
P4J3DKPBXFN8,TEMPLETON ENGINEERING INC.,templetonengineering.com,https://linkedin.com/company/templeton-engineering-inc
P4MHA8AB5RU5,TELEDYNE DIGITAL IMAGING US INC,https://www.teledynedalsa.com/en/home/,https://linkedin.com/company/teledyne-dalsa
P4NMA2SHLR53,"CORNET TECHNOLOGY, INC.",http://www.cornet.com/,https://linkedin.com/company/cornet-technology-inc-
P4NPJQY8B4N7,"LEWIS & ELLIS, LLC",http://www.lewisellis.com,https://linkedin.com/company/lewis-&-ellis
P4PKFCKAEHU5,NORTH AMERICAN SWITCHGEAR INC,http://WWW.NASWGR.COM,https://linkedin.com/company/north-american-switchgear
P4SXDADKLY61,SASMOS HET TECHNOLOGIES LIMITED,,
P4UGRKTW8NQ7,"EARTH ENGINEERS, INC",https://www.earthengineerspr.com/,
P4WHD6WAMMK3,"SAFRAN ELECTRONICS USA, INC.",,
P4X8JNU7TMQ7,SOFTRAMS LLC,http://www.softrams.com,https://linkedin.com/company/softrams-llc
P4XNSMKPNGM5,PRICE MODERN LLC,http://www.pricemodern.com,https://linkedin.com/company/price-modern
P4ZHAFDLJ616,STELLANT SYSTEMS INC,https://stellantsystems.com,https://linkedin.com/company/stellantsystems
P52BP1GM8LP5,"BOULDER ENVIRONMENTAL SCIENCES AND TECHNOLOGY, LLC",http://www.boulderest.com,https://linkedin.com/company/boulder-environmental-sciences-and-technology
P57MQJJUQVY7,"AURORA MACHINE, LLC",www.auroramachine.com,https://linkedin.com/company/aurora-machine
P59HN4KHNJG5,ARTISAN ANALYTIX LLC,http://www.artisananalytix.com,https://linkedin.com/company/artisan-analytix
P5HAV87RFNP1,BARNES GROUP INC.,,
P5JCT91NAKK3,"GENERAL PRODUCTS, AEROSPACE AND DEFENSE LLC",www.gp-llc.com,
P5JSPNNVJ4W4,TRUCKCORP LLC,www.truckcorpllc.com,https://linkedin.com/company/truckcorpllc
P5LESF5X9LL3,INTERTWINE ASSOCIATES LLC,www.intertwineassociates.com,https://linkedin.com/company/intertwine-associates
P5M2DHMWFKC5,"DAN W. HAUBEN, INC.",,
P5NJHZUPNCC3,SYNESIS PARTNERS LLC,www.synesis-partners.com,https://linkedin.com/company/synesis-partners-llc
P5Q6JKME3TK4,"MERCURY SYSTEMS, INC.",www.mrcy.com,https://linkedin.com/company/mercury-systems
P5SJY3GDP5N7,ZEN US SOURCING GROUP LLC,https://zengroup.us/,https://linkedin.com/company/zen-distributors-group-ii
P5TMDCKA4Q75,"ACC INTEGRATORS, LLC",accintegrators.com,https://linkedin.com/company/acc-integrators-llc
P62KM91K3NJ5,CINCH CONNECTIVITY SOLUTIONS INC,http://www.cinch.com,https://linkedin.com/company/cinch-connectors
P62PT7KDP437,HID GLOBAL CORP,hidglobal.com,https://linkedin.com/company/hidglobal
P637QRY1Z9Q1,FLORWILL CONSTRUCTION CONSULTING LLC,florwill.com,
P66RJ9N2BLN9,R & S MACHINING LLC,randsmachining.com,https://linkedin.com/company/randsmachining
P679ZCEZLD13,"IDIRECT GOVERNMENT, LLC",http://www.idirectgov.com/,https://linkedin.com/company/idirect-government-technologies
P68KCMUVQBB7,LABCONCO CORP,http://www.labconco.com,https://linkedin.com/company/labconco
P68ZE44TLNP9,LDC ENTERPRISES INC,,
P6C4HFH2RBB3,VISUAL CONNECTIONS LLC,http://www.visualconnections.net,https://linkedin.com/company/visual-connections-llc
P6D7KH2QPXH1,"UNITED CONTAMINATION CONTROL, INC.",http://www.uncc.com,https://linkedin.com/company/united-contamination-control
P6EAG7VVX3R3,"SOUTHERN MARYLAND CABLE, INC.",www.smcis.com,https://linkedin.com/company/smcisolutions
P6KEFNGJW2J1,"SUPERLATIVE TECHNOLOGIES, LLC",http://www.suprtek.com,https://linkedin.com/company/superlative-technologies
P6M6L6AKMZA7,GE AVIATION SYSTEMS LLC,,
P6RNXGUQ71W8,"AEROBOND COMPOSITES, LLC",www.aerobondcorp.com,https://linkedin.com/company/aero-bond-corp.
P6UMC77E2TB3,"CARDINAL COMPLIANCE CONSULTANTS, LLC",www.cardinalhs.net,https://linkedin.com/company/cardinalcompliance
P6V2L95LN4M5,MAGNUM PRECISION MACHINES INC,www.magnumabq.com,
P6ZLAK3JLGY3,BIOSURVEY GROUP LLC,https://biosurveygroup.com/,https://linkedin.com/company/biosurvey-group
P72HZHCLRKJ3,"LITHIFIED TECHNOLOGIES US, LLC",https://lithtec.com/,
P72JMM3AVV32,"GLOBAL DIVING & SALVAGE, INC.",http://www.gdiving.com,https://linkedin.com/company/global-diving-&-salvage-inc.
P76NMKSSH1E5,"SWANK CONSTRUCTION COMPANY, LLC",swankco.com,https://linkedin.com/company/swank-construction-company
P7F3L4X3CLA8,"ICE OF CENTRAL FLORIDA, INC",,
P7FDV9DW54G1,JOINT RESEARCH AND DEVELOPMENT LLC,http://www.jrad.us/,https://linkedin.com/company/jrad
P7J5HMAXT2W8,"YOKOHAMA AEROSPACE AMERICA, INC.",www.yokohama-aero.com,https://linkedin.com/company/yokohama-aerospace
P7K2FNTVMYB9,"BEIER RADIO, L.L.C.",www.beieris.com,https://linkedin.com/company/beier-integrated-systems
P7LMZV38LKW1,"OPUS GROUP, LLC",http://www.opusgroupllc.com/,https://linkedin.com/company/opus-group-llc
P7LNMQFZKQ24,CANNON BUILDERS INC,www.cannonbuildersinc.com,https://linkedin.com/company/cannon-builders-inc.
P7M5KKFG8S22,WALLACE TRUCK & EQUIPMENT SALES INC,wallaceequipmentsales.com,https://linkedin.com/company/wallace-truck-&-equipment-sales-inc.
P7NFK5N2JAM5,TRIANGLE PRECISION INDUSTRIES INC,http://www.triangleprecision.com/,https://linkedin.com/company/triangle-precision
P7NGYTJCJKE6,PANKL AEROSPACE SYSTEMS,www.panklaerospace.com,
P7SFAJZ6M9J6,FRONTIER TECHNOLOGY INC,www.ftidefense.com,https://linkedin.com/company/fti-defense-frontier-technology-inc
P7UKWWP1NKJ2,EXB SOLUTIONS INC,http://www.exbsolutions.com,https://linkedin.com/company/exbsolutions
P7XLJQ2H7KZ2,"V&G DYNAMIC MACHINE, LLC",vgdynamic.com,https://linkedin.com/company/v&g-dynamic-machine-and-tool-inc-
P7Z6EXT3R5M5,MACOM TECHNOLOGY SOLUTIONS INC.,http://www.macom.com,https://linkedin.com/company/m-a-com-technology-solutions
P821M3WKKB83,BLUECORD OPPS LLC,https://www.bluecordopps.com,
P897EJD5VVM9,LELANTOS INC,www.lelantostech.com,https://linkedin.com/company/lelantos-inc
P89KR8DNRFT5,MASTERS MECHANICAL CORPORATION,www.mastersmechanical.com,https://linkedin.com/company/masters-mechanical-corp-
P8B6DJSKSB67,"MEGLA MANUFACTURING, INC.",www.meglamfg.com,https://linkedin.com/company/megla-manufacturing
P8CVJMJZJ2L1,NEXT GEN SOFTWARE SOLUTIONS LLC,https://nxtgensoftwaresolutions.com/,
P8JCP2JCV759,FRAVERT SERVICES INC,www.fravert.com,https://linkedin.com/company/fravert
P8JJC89CWNK5,UNIVERSITY OF MELBOURNE,http://www.unimelb.edu.au,https://linkedin.com/company/wireless-innovation-lab
P8K5JRYT9344,ARTEK INSAAT TAAHHUT TURIZM TEKSTIL TARIM GIDA SANAYI VE TICARET LIMITED SIRKETI,www.artekcons.com,https://linkedin.com/company/artek-construction-co
P8LTQKK7KMT3,G & S GLASS & SUPPLY INC,,
P8LYCM6F55P9,R D RUBBER TECHNOLOGY CORPORATION,http://www.rdrubber.com,https://linkedin.com/company/rdrubber
P8M1K6FL63L9,"ARBOR CONTROLS & TESTING, INC",https://www.arborcontrols.com,https://linkedin.com/company/arbor-controls-&-testing-inc.
P8P7AWAKKN71,AVON ESTRATEGY LLC,,
P8R1FA69KEV3,"INSERV, INC.",inserv24-7.com,https://linkedin.com/company/inserv-invironmental-industrial-services
P8SUGZTJPYC9,"MOBILITY CONSULTING GROUP, LLC",www.mobilitycg.com,https://linkedin.com/company/mobilitycg
P8T9JZVLSXA3,"CULMEN INTERNATIONAL, LLC",www.culmen.com,https://linkedin.com/company/culmen-international
P8UJNH7WKE99,PRAECIPIO CONSULTING LLC,http://praecipio.com,https://linkedin.com/company/praecipio-consulting
P93JNYUE2GH4,MEERUTECH LLC,,
P97UEUFFHJE5,"FITZ-THORS ENGINEERING, INC.",http://www.fitz-thors.com,https://linkedin.com/company/fitz-thors-engineering
P98HKXYNA6M9,BOWMAN CONSULTING GROUP LTD,https://bowman.com/,https://linkedin.com/company/bowman-consulting
P99LM5HVARJ1,"AEROSPACE DRIVEN TECHNOLOGIES, INC",http://www.driven-technologies.com,https://linkedin.com/company/aerospace-driven-technologies-inc-
P9AYXJHNM185,"NEW EDITIONS, INC.",http://www.neweditions.net,https://linkedin.com/company/new-editions-consulting-inc-
P9B1W8THXLD3,"F. H. GASKINS COMPANY, INCORPORATED",http://www.safetyvalve.com,https://linkedin.com/company/f-h-gaskins-co-inc
P9CCD2KGWKE9,MILLRITE MACHINE INC.,https://www.millrite.com,https://linkedin.com/company/millrite-machine-co
P9CKMHBH2MN8,"SPARTRONICS BROOKSVILLE, LLC",www.spartronics.com,https://linkedin.com/company/spartronics
P9DTD9UEDFP2,AVION ENGINEERING SERVICES CORP,http://www.avionpartners.com,https://linkedin.com/company/avion-partners
P9FVCFKXUPM3,KX SOLUTIONS LLC,www.kxsolutions.com,https://linkedin.com/company/kx-solutions-llc
P9HAALQBATK6,CARRIER CORPORATION,http://www.corporate.carrier.com/,
P9HXXBFD1B31,ERNST & YOUNG LLP,www.ey.com,https://linkedin.com/company/ernstandyoung
P9J6VWJXD755,"JFL SOLUTIONS, LLC",https://www.jflsln.com/,
P9JFXX7C2M85,NEW MEXICO MANUFACTURING EXTENSION PARTNERSHIP,,
P9JQGZYMUQ69,"BELLA CONSTRUCTION OF KEY WEST, INC.",www.concretebella.com,https://linkedin.com/company/bella-construction
P9KRLACLJA36,"INTELLIBOARD, INC",IntelliBoard.net,https://linkedin.com/company/intelliboard-net
P9KVKB9TNFS4,G2MH HOLDINGS INC.,www.kingtekedm.com,https://linkedin.com/company/king-tek-edm-and-precision-machining
P9LFEG3T3MW1,"AERO PRODUCTS COMPONENT SERVICES, INC.",www.aeroproducts.com,https://linkedin.com/company/aeroproducts
P9MEZM9KQFN3,GOLDEN RELIEF RESOURCES LTD,https://www.grrgl.com,https://linkedin.com/company/grrgl
P9MKD5AGNF67,CHEMICAL CLEANING SPECIALISTS INC.,www.ChemCleanSpec.com,https://linkedin.com/company/chemical-cleaning-specialists-inc
P9MNH689GH31,"FREEDOM TECHNOLOGY SOLUTIONS GROUP, LLC",http://www.goftsg.com,https://linkedin.com/company/freedom-consulting-group-inc-
P9PANZALL3J2,BVB TECH LLC,www.bvbtech.com,https://linkedin.com/company/bvb-technology
PA3NHYMTPU22,CIENA GOVERNMENT SOLUTIONS INC,http://www.ciena.com,https://linkedin.com/company/ciena
PA4DHJ582XJ2,CAE USA INC.,http://www.caeusa.com,https://linkedin.com/company/cae-usa-inc.
PA5AQJLCP751,MEC INC,mec-inc.com,https://linkedin.com/company/midwest-environmental-control
PA7HHDGQ2VL8,"PITECH, INC",,
PA7KG7TFE8F9,"SPYDERCRANE.COM, LLC",http://www.spydercrane.com,https://linkedin.com/company/spydercrane-com-l-l-c-
PAD5VLPNF5R7,"ATTACKIQ, INC",https://www.attackiq.com/,https://linkedin.com/company/attackiq
PAEPU3Z1QU57,"THE JMOR GROUP, LLC",,
PAG9B5KEA4J3,SOFTWARE ASSOCIATES INC,software-associates.com,
PAGNWTUQGKJ4,ABB INC,,
PAH8M4BJACA5,TELEDYNE INSTRUMENTS INC,https://www.dgo.com,https://linkedin.com/company/teledyne-d.g.o’brien-inc.
PALBRNCJJBK8,"OFFENSIVE SECURITY SERVICES, LLC",www.offsec.com,https://linkedin.com/company/offsec-training
PAM9VCWT6G43,KEMP MILL CONSULTING LLC,www.kempmillconsulting.com,https://linkedin.com/company/kemp-mill-consulting-llc
PANRN1MZZLQ4,"PHOENIX HEAT TREATING, INC.",,
PANTMN33ACJ8,"INDIGEN, LLC",www.indigenco.com,
PARUBMJ4GJQ7,FRACCARO INDUSTRIES INC,http://www.fraccaro-industries.com,https://linkedin.com/company/fraccaro-industries-inc
PATVHD8157H6,TEUFELBERGER FIBER ROPE CORPORATION,http://www.teufelberger.com,https://linkedin.com/company/teufelberger-group
PAVATRLQQCQ3,"PARATEC NORTH AMERICA, INC",,
PAWSXNL2Y6L2,MAKEIT INC.,www.makeit-3d.com,
PAXYHJ9ADDQ4,"VALIANT TECHNOLOGIES, LLC",,
PAY1AQSN56K6,LITUS GLOBAL SOLUTIONS,www.litus.com,https://linkedin.com/company/litus-properties
PAZHQEMYTSD8,"KRUEGER INTERNATIONAL, INC.",www.ki.com,https://linkedin.com/company/ki
PB11V1KH3KV4,SOUTHWEST RESEARCH INSTITUTE,http://www.swri.org,https://linkedin.com/company/southwest-research-institute
PB3AJE5ZEJ59,UNIVERSITY OF MAINE SYSTEM,www.umaine.edu,https://linkedin.com/company/university-of-maine
PB4GKN91WQN8,RIDGECREST PROPERTIES LLC,,
PB6XYGLYTP53,ANOMALY 6 LLC,www.anomalysix.com,https://linkedin.com/company/anomaly-six
PBCNEVB6QG19,L3HARRIS CINCINNATI ELECTRONICS CORPORATION,http://www.L3Harris.com,https://linkedin.com/company/l3harris-technologies
PBFDHY1MHJM7,"OPERATIONAL POSTURED SECURITY ALLIANCE, LLC",www.opsalliance.com,https://linkedin.com/company/ops-alliance
PBGNFLNFRWB9,LINDE GAS & EQUIPMENT INC.,http://www.lindeus.com,
PBGVXDCDK4B6,"UPDRAFT AEROSPACE, LLC",,
PBJUF7S43Q22,GOVSTAR LLC,www.govstar.us,https://linkedin.com/company/govstar
PBK1J5QBTXB1,SNR SYSTEMS LLC,www.snr-system.com,
PBK8T6RE7C63,SUPPORTIVE SOLUTIONS ADMINISTRATIVE CONSULTANCIES,www.ssac-uae.com,https://linkedin.com/company/supportive-solutions-administrative-consultancies
PBMNK2T1MDN5,"WESTERN SAFETY PRODUCTS, INC.",http://www.westernsafety.com,https://linkedin.com/company/western-safety-products
PBNMTGRC4LE8,IT FEDERAL SALES LLC,http://www.itfedsales.com/,https://linkedin.com/company/it-federal-sales
PBXYMJUW3DB8,PATRICK M TALLARICO,,
PBY1GE2QR686,"VOLKERT, INC",www.volkert.com,https://linkedin.com/company/volkert-inc.
PC2MNC91AZN9,BREAKWATER DEFENSE LLC,www.breakwaterdefense.com,https://linkedin.com/company/breakwater-defense
PC43KDDD7R78,"INTERCLYPSE, INC.",https://www.interclypse.com,https://linkedin.com/company/interclypse
PC4LFJDLXB11,TIMOTHY GATES,www.gatesacoustics.com,
PC4QZGEDNFW5,M CARLIN SYSTEMS INC.,,
PC84PC6H2WX5,PARKER-HANNIFIN CORP,http://www.parker.com/,https://linkedin.com/company/parker-hannifin
PC97XSNJ2H48,PERQUE CARPET & DRAPERY,,
PCANLVG5U967,ROOF SPEC INC,,
PCC6AJJQ3T36,"MARIPOSA LEGAL, INC",,
PCHTLKMLNBN1,SUNSTATE EQUIPMENT CO LLC,http://www.sunstateequip.com/,https://linkedin.com/company/sunstate-equipment
PCK1YEBC1KZ9,TIERNEY HOLDINGS LLC,www.subxgeo.com,
PCMDC2FQCDV1,SUBURBAN ELECTRIC SERVICES INC,www.suburbanelectricobx.com,
PCTFG8CWPMJ5,ASOCIACION CIVIL PRIVADA NO LUCRATIVA ACCION CIUDADANA,https://accionciudadanagt.org/,
PCXAD5EVPCG8,LA SENEGALAISE DES SYSTEMES MEDICAUX SAU,www.ssmsenegal.com,https://linkedin.com/company/ssm-senegal
PD3UQQ22NQW1,VALIANT GLOBAL DEFENSE SERVICES INC.,http://www.onevaliant.com,https://linkedin.com/company/valiant-integrated-services
PD3VNAABZJL7,PATH,http://www.path.org,https://linkedin.com/company/path
PD6DVCA9NQD9,"PACIFIC COAST CABLING, INC.",http://www.pccinc.com,https://linkedin.com/company/pcc-network-solutions
PDB6DBJK3M44,"MRV ARCHITECTS, PC",https://www.mrvarchitects.com,https://linkedin.com/company/mrv-architects-p.c.
PDBACDRMCN74,GILBANE BUILDING CO,www.gilbaneco.com,https://linkedin.com/company/gilbane-building-company
PDDJCUFVB5C4,VECTOR RESOURCES INC,http://www.vectorusa.com,https://linkedin.com/company/vector-resources
PDH7BCUNKM67,"LUCIDUS SOLUTIONS, LLC",www.lucidus.com,https://linkedin.com/company/lucidus-solutions
PDKPCBMK4NU5,ARABIAN ENTERPRISE INCUBATORS COMAPNY,,
PDKYLQGRXG68,"TRUSTEDQA, INC.",http://www.trustedqa.com,
PDMXQZ9A8DM3,"RHYTHMIC TECHNOLOGIES, INC.",www.rhythmictech.com,https://linkedin.com/company/rhythmic-technologies-inc.
PDPLNN5LJ2S5,CODIFYIQ LLC,codifyiq.com,https://linkedin.com/company/codifyiq
PDPYV3GWR4K5,SOLVUS GLOBAL LLC,www.solvusglobal.com,https://linkedin.com/company/solvus-global
PDQ4G6LXS661,SIEMENS INDUSTRY SOFTWARE INC.,https://www.sw.siemens.com/en-US/,https://linkedin.com/company/siemenssoftware
PDR2UNSAP2C9,"HYDRADYNE, LLC",www.hydradynellc.com,https://linkedin.com/company/hydradyne
PDVWTKLEANT3,PALYDIN LLC,,
PDZHG3GHMJH1,"SWITCHBOARD LABS, LLC",,
PDZMFR9BBDA8,H2O INSIGHTS LLC,www.h2opticinsights.com,https://linkedin.com/company/h2optic-insights
PDZVDAD2EKU6,BRANDSAFWAY LLC,,
PEGRG88NN3T8,"EAGLE HILL CONSULTING, LLC",http://www.eaglehillconsulting.com,https://linkedin.com/company/eagle-hill-consulting
PEHCK242XFM4,CITADEL COMPLETIONS LLC,,
PEK5K6KMDYV1,"LABORATORY DATA CONSULTANTS, INC.",http://www.lab-data.com,https://linkedin.com/company/laboratory-data-consultants-inc.
PEKVEFZZQBM9,SKILLSOFT (US) LLC,www.skillsoft.com,https://linkedin.com/company/skillsoft
PELQTKSNJC75,BUFFALO NICKEL INDUSTRIES LLC,http://www.buffalonickelcreative.com,https://linkedin.com/company/buffalo-nickel-creative
PEMNKFQQ1MK7,"SPEIRE HEALTHCARE STRATEGIES, LLC",speirehcs.com,https://linkedin.com/company/speire-healthcare-strategies
PENFM7L8H559,RUSH IT LLC,https://rushitllc.com,https://linkedin.com/company/rushitllc
PEPBCBSN2AH3,"DUCOMMUN LABARGE TECHNOLOGIES, INC.",http://www.ducommun.com,https://linkedin.com/company/ducommun-incorporated
PEQ1T6PHC8R7,PAVATI SOLUTIONS LLC,https://www.pavatisolutions.com/,https://linkedin.com/company/pavatisolutions
PF38B84BUHD9,"DIVERSIFIED DISTRIBUTORS INTERNATIONAL, INC.",WWW.DIVERSIFIED-DISTRIB.COM,https://linkedin.com/company/diversified-distributors-international-inc.
PF5CW1L8Y8U8,"INFORMATION TECHNOLOGIES SERVICES, INC.",www.itscorp.net,https://linkedin.com/company/information-technologies-services-corp
PF6VQFU96CG1,UNIFY INC.,www.mitel.com,https://linkedin.com/company/mitel
PF78EDF5YLA7,SIMPLER NORTH AMERICA LLC,www.simpler.com,https://linkedin.com/company/simpler-consulting
PF85EA9UJGT3,"THOUGHTWORKS FEDERAL, LLC",,
PF94T99QN4X9,SENTIEN ROBOTICS INC,www.sentienrobotics.com,https://linkedin.com/company/sentien-robotics
PFCMEKRR5149,FERREIRA CONSTRUCTION CO INC,www.ferreiraconstruction.com,https://linkedin.com/company/ferreira_construction
PFFKV8K5B1E8,ACTIONET INC,www.actionet.com,https://linkedin.com/company/actionet-inc-
PFGVR4NPLNB2,BAE SYSTEMS ORDNANCE SYSTEMS INC,http://www.baesystems.com,https://linkedin.com/company/bae-systems
PFHVDEJJENB5,DIMIOURGIKI S.A.,https://www.dimiourgiki.gr/,
PFJDPQBZTT92,NORTH EAST MECHANICAL INC,westlandhvac.com,https://linkedin.com/company/northeast-mechanical-inc-dba-westland-heating-air-conditioning
PFRDE9KJN483,LOKAHI LLC,https://www.lokahi-llc.com/,
PFRFYQF92EE7,"MATERIALS DESIGN, INC.",www.materialsdesign.com,https://linkedin.com/company/materials-design
PFRSFST9SSL1,RANTEC POWER SYSTEMS INC.,rantec.com,https://linkedin.com/company/rantecpowersystemsinc.
PFS4NR92B577,OWEN WALSTEAD LLC,usdoorinc.com,https://linkedin.com/company/us-door-inc
PFSXDMNJBKS8,BRPH ARCHITECTS ENGINEERS INC,,
PG22HN3Q3JM6,"TESTFORCE USA, INC.",www.testforce.com,https://linkedin.com/company/testforce-systems
PG33H7ULGNT3,"VOSS INDUSTRIES, LLC",,
PG4AHPP8MDN6,CMA TECHNOLOGY INC,http://www.cmai.com,https://linkedin.com/company/cma-technology-inc
PG4VNJ8A4G48,ONYX AEROSPACE INC,https://onyxaero.com/,https://linkedin.com/company/onyx-aerospace-inc.
PG4WWPKBCCZ7,TERA CONSULTING INC.,http://www.teraconsultinginc.com,https://linkedin.com/company/teraconsultinginc
PG4ZXRKD6D58,STORM CONTRACTING LLC,www.stormconco.com,https://linkedin.com/company/storm-contracting
PG8THHW362N5,VICTOR E MUNCY INC,,
PGAJBMKJVFX3,ADG CREATIVE LLC,www.adgcreative.net,https://linkedin.com/company/adg-creative
PGGGRPN3DDC7,"DIGITAL TECHNOLOGIES, INC.",http://www.digitaltechnologies-inc.com,
PGHSYJR2N3K3,SKYWATER TECHNOLOGY FOUNDRY INC,http://www.skywatertechnology.com/,https://linkedin.com/company/skywater-technology-foundry
PGJWE887TDM9,"MODALAI, INC.",www.modalai.com,https://linkedin.com/company/modal-ai
PGKHPRB5AJS5,TINDALL CORP,,
PGMLGMQTLN38,NORTH SHORE SUPPLY CO INC,www.nssco.com,https://linkedin.com/company/northshoresteel
PGNTKH2XZAN5,"DEFENSE TECHNOLOGIES, INC.",http://www.dtivets.com,https://linkedin.com/company/defense-technologies-inc.
PGQYE2EBDMT9,ATK SPACE SYSTEMS LLC,,
PGSCTLDREU56,"PERRY ROOFING, INC.",http://www.perryroofing.com,https://linkedin.com/company/perry-roofing-contractors
PGT3J9DBD913,JOHNNIE CUMMINGS III MD,,
PGTWR8QBCNC1,PACE COMPUTER SOLUTIONS INC,www.pace-solutionsinc.com,https://linkedin.com/company/pacecomputersolutionsinc
PGWNKJF89FV5,ELMA ELECTRONIC INCORPORATED,http://www.elma.com,https://linkedin.com/company/elma-electronic
PH1CTZVNDYM3,BOULDER MANUFACTURING AND RESEARCH,,
PH1ZZAKTYKR4,"LUMINESCENT SYSTEMS, INC",www.astronics.com,https://linkedin.com/company/astronics
PH6DGRL6EW34,GCYBER LLC,www.gcyber.com,https://linkedin.com/company/gcyber
PH7KN8N7Q1G5,"SYMETRICORE, LLC",www.symetricore.com,https://linkedin.com/company/symetricore-llc
PH8NDN5PW7R8,"CCJ & ASSOCIATES, LLC",,
PH8YYJ7J8GC4,MWH GEO SURVEYS INTERNATIONAL INC,,
PHBNENN6GV46,"BENNETT MOTOR EXPRESS, LLC",http://www.bennettig.com,https://linkedin.com/company/bennettfamilyco
PHDNZNW33R13,FK INSTRUMENT CO LLC,fk-instrument.com,https://linkedin.com/company/fkinstrument
PHGATASCJZN8,"RAINBOW RESEARCH OPTICS, LLC",http://www.rr-optics.com,https://linkedin.com/company/rroi
PHHWWNN1TRT5,"UPPER MOHAWK, INC.",http://www.uppermohawkinc.com,
PHKLYPK2MMK5,GCC & ASSOCIATES LLC,www.gcc-llc.com,https://linkedin.com/company/gcc-llc
PHNFEA6GMP89,"KITTY HAWK TECHNOLOGIES, LLC",www.kittyhawktech.com,https://linkedin.com/company/kitty-hawk-technologies
PHNMJJYNBR14,TETON ENVIRONMENTAL HEALTH LLC,http://www.tetonenvironmental.net,
PHRFBVMXCJD4,GREENE STREET COMMUNICATIONS LLC,www.gstreetgroup.com,https://linkedin.com/company/greene-street-communications-llc
PHSGSZSWGH94,"CONTINENTAL LINEN SERVICES, INC.",,
PHVNEE2KFGK8,GREAT LAKES AUTOMATION SERVICES INC,http://www.glasi.us,https://linkedin.com/company/great-lakes-automation-services-inc.-ami
PHZDZ8SJ5CM1,CDW GOVERNMENT LLC,http://www.cdwg.com,https://linkedin.com/company/cdw-g
PHZJFZ32NKH4,SCRIPPS RESEARCH INSTITUTE,www.scripps.edu,https://linkedin.com/company/the-scripps-research-institute
PJ2BS3KYWKS5,REGAN TECHNOLOGIES CORP,http://www.regantech.com,https://linkedin.com/company/regantech
PJ2SP76D3HJ3,"SCIENCE SYSTEMS AND APPLICATIONS, INC.",http://www.ssaihq.com,https://linkedin.com/company/ssai
PJ36AHHFKCC4,CASTALIA LLC,http://www.castalia-advisors.com,https://linkedin.com/company/castalia
PJ3PTBPF13W2,MAPSO MARINE PROPULSION & SUPPLY (S.A.E),,
PJ3XL8E5K7G7,"X-RAY ASSOCIATES OF NEW MEXICO, P.C.",www.xranm.com,https://linkedin.com/company/x-ray-associates-of-new-mexico
PJ5CEW8695Y1,"SEABROOK SOLUTIONS, LLC",www.seabrook-solutions.com,https://linkedin.com/company/seabrook-solutions-llc
PJ5EDVKCXBW5,"PRIVATEER IT, LLC",www.privateerit.com,https://linkedin.com/company/privateer-it-llc
PJ5JSY5HTBE7,AVNET INC,,
PJ98Z147HTP1,"DATADIRECT NETWORKS FEDERAL, LLC",,
PJAEJ4C9X268,KENN BOREK AIR LTD,http://www.borekair.com,https://linkedin.com/company/kenn-borek-air
PJAFEJE55U64,NAUSET TECHNOLOGIES LLC,http://www.nausettech.com,https://linkedin.com/company/nauset-technologies
PJANMEJLEEN5,FRAMATOME INC,http://www.framatome.com,https://linkedin.com/company/framatome
PJC4QLA1HPJ8,"ATLANTA NETWORK SYSTEMS, INC",http://ans-sat.com/,https://linkedin.com/company/atlanta-network-systems
PJDFQEPQKAZ3,STRACON SERVICES GROUP LLC,,
PJDXEJK6ZVY3,"LEGACY CONSULTING SERVICES, LLC",lcsdefense.com,https://linkedin.com/company/lcs-defense
PJEBACLYT7L8,"ARGO SERVICES, LLC",,
PJEQMT3NEPK4,"EVOTECH, LLC",www.evotech.technology,https://linkedin.com/company/evotech-llc
PJF3H5DP5FF9,GKN AEROSPACE TRANSPARENCY SYSTEMS INC.,http://www.gknaerospace.com/,https://linkedin.com/company/gkn-aerospace
PJF4RY43B991,"ADVANCED MACHINING & SHEETMETAL DESIGN, L.L.C",AMSDNM.COM,
PJF5K7ZD8K78,RSG AVIATION INC,www.rotorcraftservices.com,https://linkedin.com/company/rsg-aerodesign-llc
PJFPD1JCVWV5,JANE'S GROUP UK LIMITED,www.janes.com,https://linkedin.com/company/janes-defence
PJHANNALLLW6,"TRYLENE, INC.",https://www.trylene.com,https://linkedin.com/company/trylene
PJJ2XLNF2EJ4,"D. REYNOLDS COMPANY, LLC",www.reynoldsonline.com,https://linkedin.com/company/the-reynolds-company
PJJPF3BKD7L4,HYDRAFLOW,http://www.hydraflow.com,https://linkedin.com/company/hydraflow
PJK9EKEJCWL4,Q-Q RESEARCH CONSULTANTS LIMITED LIABILITY COMPANY,www.qqresearchconsultants.com,https://linkedin.com/company/q-q-research-consultants-llc
PJKHNX9KNGG6,WARTECH ENGINEERING LLC,http://www.wartechengineering.com,https://linkedin.com/company/wartechengineering
PJLBKDX7L4L5,PERSISTENT TECHNOLOGY INC.,https://perstechinc.com/,https://linkedin.com/company/persistent-technology
PJPZM9K77T97,"CHRIS-HILL CONSTRUCTION COMPANY, LLC",chrishillconstruction.com,https://linkedin.com/company/chris-hill-construction
PJQFWJPMV9R7,LOS ALAMOS PUBLIC SCHOOLS,,
PJRNY51J2NN8,"AM PIERCE & ASSOCIATES, INC.",http://www.ampierce.com,https://linkedin.com/company/am-pierce-&-associates-inc-
PJVGR12UU9A3,PACIFIC NORTHWEST STREET SWEEPING INC,,
PJX3K4KAVBD4,"BOSTON CYBERNETICS INSTITUTE, PBC",www.BostonCybernetics.org,
PK1CB3L39XX8,TOYON RESEARCH CORPORATION,,
PK1NVTJKL5J1,"KANE, THOMAS J",http://kaneoe.com/,
PK29BHT5S9C5,"CHICKASAW HEALTH CONSULTING, LLC",www.chickasaw.com,https://linkedin.com/company/chickasaw-nations-industries
PK35MEQEASD5,"HEXAGON US FEDERAL, INC",www.hexagonusfederal.com,https://linkedin.com/company/hexagon-us-federal
PK6EUMZ25JD3,MIT HOLDINGS LLC,,
PKBMMMLS3344,"JMC WORLDWIDE, INC.",http://www.jmcserv.com,https://linkedin.com/company/jmc-worldwide
PKDLX3H68G21,"VERDON, L.L.C",,
PKFKEGHSZU18,"SAFRAN ELECTRONICS & DEFENSE, AVIONICS USA, LLC",https://www.safran-electronics-defense.com/company/safran-electronics-defense-avionics-usa,
PKM8TBQT5JJ5,GRACE TECHNOLOGY AND DEVELOPMENT INC.,,
PKMJNWK4V2U1,"CONCEPTS NREC, LLC",www.conceptsnrec.com,https://linkedin.com/company/concepts-nrec
PKNUEWLXJBT6,"WORKDAY, INC.",www.workday.com,https://linkedin.com/company/workday
PKPGDG9FMKS2,PRUDENTIAL OVERALL SUPPLY,www.prudentialuniforms.com,https://linkedin.com/company/prudential-overall-supply
PKRMUL8F8UJ3,EMCORE SPACE & NAVIGATION LLC,www.emcore.com,https://linkedin.com/company/emcore
PKSDGDZBGWM1,NALIN EPA RANASINGHE LLC,,
PKSSU1JL7FS5,"AMERICAN CONSTRUCTION SUPPLY & RENTAL, INC.",WWW.AmericanConstructionSupply.com,https://linkedin.com/company/american-construction-supply-rental
PKTNEWTAL566,GINN TECHNICAL SOLUTIONS INC,,
PKUJUFTZ3JM4,"VAREN TECHNOLOGIES, LLC",www.varentech.com,https://linkedin.com/company/varen-technologies
PKVLXFS92HM4,KUWAIT CAPITAL PROJECT MANAGEMANT CO.,,
PKVXLNL842E4,MURRIETTA CIRCUITS,http://www.murrietta.com,https://linkedin.com/company/murrietta-circuits
PKZDJC7X7QK8,SENTRILLION CORPORATION,http://www.sentrillion.com,https://linkedin.com/company/sentrillion
PKZNLMHPY2Q1,HIAB USA INC,www.hiab.com,https://linkedin.com/company/hiab
PL1GB2CMMCK5,XFINION INC.,https://www.xfinion.com/,
PL38R5BT93L3,8090 SOLUTIONS INC,,
PL4RMRZWTYQ5,TTA TECHNOLOGIES INC,,
PL59TAM89TN8,"WHIMBREL TECHNOLOGIES, INC",https://www.whimbreltech.com/,
PL64RLNY2NK5,TRI-SKY LINK SALES AND SERVICES INC.,,
PL64U1TYLNG5,WESS-DEL INCORPORATED,https://wessdel.com/,https://linkedin.com/company/wessdel
PL7MPKSNYBV6,TANTRA SYSTEMS INC,,
PL89EHJU9KE4,"KRATOS MICROWAVE, INC.",www.kratosdefense.com,https://linkedin.com/company/kratos-defense-and-security-solutions
PLDSQ5PLAQV4,RG INDUSTRIES INC,http://www.rg-group.com,https://linkedin.com/company/rg-group_2
PLHYMLFKCA79,"ATLANTIC DIVING SUPPLY, INC.",,
PLJ1ULYCH1J8,"AVIATION TRAINING CONSULTING, LLC",www.atc-hq.com,https://linkedin.com/company/aviation-training-consulting
PLJTJKUT7LL8,"SAIMA OF NORTH AMERICA, INC.",,
PLJUPL4E5QB1,T4 CONSULTANTS LLC,www.t4consultants.com,https://linkedin.com/company/t4-consultants-llc
PLNPG9BYEPF7,"THALER MACHINE COMPANY, LLC",http://WWW.THALERDEFENSE.COM,
PLS5F161PW65,"DFC, INC.",http://www.advancedhelicopterservices.com,https://linkedin.com/company/advancedhelicopterservices
PLTVKULEKJ52,DEWESOFT LLC,http://www.dewesoft.com/,https://linkedin.com/company/dewesoft-daq
PLV5ARL3LM33,CENTER FOR EUROPEAN POLICY ANALYSIS,www.cepa.org,https://linkedin.com/company/center-for-european-policy-analysis
PLX9FAY13SJ7,CIRCLE VALVE TECHNOLOGIES INC,www.circlevalve.com,https://linkedin.com/company/circle-valve-technologies-inc-
PM1PRDNFAGL5,"PALMER AND LAWRENCE, INC.",,
PM2MTRJBC2M4,PRESTOLITE ELECTRIC INC,www.prestolite.com,https://linkedin.com/company/prestolite-electric-north-america
PM52LCJH72T9,"LAWRENCE LIVERMORE NATIONAL SECURITY, LLC",https://www.llnl.gov/,https://linkedin.com/company/lawrence-livermore-national-laboratory
PM5FALKU4W27,"AV BAKER, INC",,
PM6KMNBLWEY6,"HALFF ASSOCIATES, INC.",http://www.halff.com,https://linkedin.com/company/halff
PM82PSVTKPM5,AARESS DISTRIBUTION DMCC,,
PM8GGCCVLJH6,CONTROL INFOTECH INC.,www.control-infotech.com,https://linkedin.com/company/controlinfotech-inc
PMDEB5ZPQQN3,CHILDREN'S HOSPITAL & RESEARCH CENTER AT OAKLAND,https://bchdean.ucsf.edu/research,
PMEEVBBB7418,DUCWORKS INC,http://www.ducworks.com,https://linkedin.com/company/ducworks
PMGLJ79ANLL8,ARIZONA OPTICAL METROLOGY LLC,https://aom.us,https://linkedin.com/company/arizona-optical-metrology-llc
PMGMNVL4WJG9,AG TECHNOLOGIES INC,www.microsilverinc.com,https://linkedin.com/company/microsilver-wear-inc
PMH3MAVQGE44,"L3HARRIS TECHNOLOGIES, INC.",L3Harris.com,https://linkedin.com/company/l3harris-technologies
PMH3TF23Q5E4,D & D PLUMBING INC,ddplumbingsparks.com,https://linkedin.com/company/dd-plumbing
PMK1EK7PNZK7,"CUTTER AVIATION PHOENIX, INC.",,
PMK7AJ83AJ43,VICTUS AUTOMATION LLC,,
PMKYJ3LJN5F6,"MANNIK & SMITH GROUP, INC.",www.manniksmithgroup.com,https://linkedin.com/company/the-mannik-&-smith-group-inc-
PMLZCBF9U569,MITCHELL CONSULTING SERVICES GROUP INC,http://www.mcsgtech.com,https://linkedin.com/company/mcsg
PMMHJ66MKVA6,SUPERIOR MOVING SERVICE INC,www.superiormoving.com,https://linkedin.com/company/superior-moving-services-inc-
PMMKCB8KX546,"ALTEC INDUSTRIES, INC.",www.altec.com,https://linkedin.com/company/altec
PMR5HFHUUF86,"PACIFIC OFFICE SOLUTIONS, LLC",,
PMV4LNEN45Z1,AEROJET ROCKETDYNE INC,,
PMW5K97W55P7,"SAFETY-KLEEN SYSTEMS, INC.",,
PMWECZBFUBE7,"CHILLCO, INC.",http://www.chillcoinc.com,https://linkedin.com/company/chillco-inc-
PMWUJJ6DM921,"WAGSTAFF CRANE AND RIGGING, LLC",wagstaffcrane.com,https://linkedin.com/company/wagstaff-crane-svc
PN66C5E7AN63,"GEOSYNTEC CONSULTANTS, INC.",https://www.geosyntec.com,https://linkedin.com/company/geosyntec-consultants
PN69XPUMA243,"AEROVIRONMENT, INC.",http://www.aerovironment.com,
PN8ADT5B5DZ3,"MULTI VENDOR PRODUCTS & PARTS, LLC",mvpparts.net,https://linkedin.com/company/mvp-parts
PN9BXMKXEX93,"RED POINT CONSTRUCTION, LLC",www.redpointteam.com,https://linkedin.com/company/red-point-construction-llc
PN9YZNZPJK53,AL-SHARQ COMPANY,https://alsharqcompany.com/,https://linkedin.com/company/alsharqco
PNALAM8LWKR7,CYONE INC,www.cyone.com,
PNHZHD8DBF73,"BLUEBEAM, INC.",http://www.bluebeam.com,https://linkedin.com/company/bluebeam-software
PNJRPL224Y13,"FAIRWAY PRINTING, INC.",,
PNKNAAMFYWW3,PAGNOTTA ENGINEERING INC,http://www.pageng.com,https://linkedin.com/company/pagnotta-engineering-inc.
PNL1LJQ5G8H6,DOBLE ENGINEERING COMPANY,http://www.doble.com/,https://linkedin.com/company/doble-engineering
PNL6RNGRC7D9,"IMAGENET, LLC",www.imagenetglobal.com,https://linkedin.com/company/imagenet-llc
PNLLMGK58978,"POWERWERX, INC.",https://powerwerx.com/,https://linkedin.com/company/powerwerx-inc.
PNRBQ3HNXLG9,CTC CONSULTING LLC,,
PNSBEFT9WMK6,PRECISION DYNAMICS CORPORATION,www.pdchealthcare.com,
PNWGNGE3KQD6,NU-CAST INC,http://www.Nu-Cast.com,https://linkedin.com/company/nu-cast
PNWHJ8PWHLH7,THREAT REDUCTION SOLUTIONS LLC,http://www.threatreduction.com,https://linkedin.com/company/threat-reduction-solutions-llc
PNYRVDW9VSM5,CLYNCHED MEDIA CO.,https://www.knowledgemgr.com,
PNZEUK9JC187,"ATA ENGINEERING, INC.",http://www.ata-e.com,https://linkedin.com/company/ata-engineering
PNZHP4CLEUV4,DBI SOLUTIONS LLC,,
PP13KEXCJK44,"QUANTUM MANAGEMENT, LLC",www.quantumresults.ai,https://linkedin.com/company/quantum-management-llc
PP1QMLLJNNW3,"CENTRAL STATES DIESEL GENERATORS, LLC",www.csdieselgenerators.com,https://linkedin.com/company/central-states-diesel-generators
PP5ENZSSB4Y9,ATAP INC,http://www.atap.com,https://linkedin.com/company/atap-inc.
PP9MLQ5V8RD5,"THE MCHENRY MANAGEMENT GROUP, LLC",https://www.tmmg.us.com/,https://linkedin.com/company/the-mchenry-management-group
PP9NWFTY2UR2,"ACES CONTROLS, LLC",https://www.aceshvac.com,https://linkedin.com/company/air-conditioning-equipment-sales
PPB3MH5K4FC3,"OBJECTIVE INTERFACE SYSTEMS, INC.",https://www.ois.com,https://linkedin.com/company/objective-interface-systems-inc.
PPBKM9ZD6RJ1,"ZITEC, INC",www.zitecusa.com,https://linkedin.com/company/zitec-inc.
PPC2C5PGVR99,GEEBEE GARMENTS FZE,WWW.GBGTC.NET,https://linkedin.com/company/geebee-gen-trad-div
PPD8ARVDUUA5,WORLDWIDE STRUCTURAL FABRICATION,,
PPEKTM9CTAJ3,"ASSURED INFORMATION SECURITY, INC.",http://www.ainfosec.com,https://linkedin.com/company/assured-information-security-inc.
PPH5UCBKTEQ1,TELOPHASE CORPORATION,http://www.telophase.com,https://linkedin.com/company/telophase-corporation
PPLZSUXJTUK7,"COLUMBIA TECHNOLOGY PARTNERS, INC.",http://www.ctp-web.com,https://linkedin.com/company/columbia-technology-partners
PPM3YL1WPGL5,CODDINGTON GROUP LLC,www.coddingtongroup.com,https://linkedin.com/company/coddington-group
PPMBFPRXNAJ9,"AUGUST SCHELL ENTERPRISES, INC.",https://augustschell.com,https://linkedin.com/company/august-schell-enterprises
PPMRCJ91QDD6,FORTE RONALD,,
PPNAMEN8EJU9,TTI,,
PPTNLKXX4664,"GLOBAL COMMERCE & INFORMATION, INC",http://www.globalci.com,https://linkedin.com/company/global-ci
PPUJDLJBD7J3,HANA ENGINEERS & CONSULTANTS LLC,www.hanaengineers.com,https://linkedin.com/company/hana-engineers-&-consultants-llc
PPUMZM55D876,"EPSILON3, INC.",https://www.epsilon3.io/,https://linkedin.com/company/epsilon3inc
PPZECEJMLNQ3,BLACK DIAMOND CONSULTING CORPORATION,http://bdcng.com,https://linkedin.com/company/black-diamond-consulting-llc
PQ2DF16FQHA3,ECHODYNE CORP,http://www.echodyne.com,https://linkedin.com/company/echodyne
PQ32WUH41MG6,BIO-STUDIES INC,bio-studies.com,https://linkedin.com/company/bio-studies
PQ39YM9HD727,TRITECH APPLIED SCIENCES INC,,
PQ3DK68Q2BJ3,TOM BARROW CO,,
PQ5GNPVQEJK5,PROMAC NORTHEAST,,
PQ98UGXGHKK4,FOCUSED SUPPORT LLC,www.focusedsupport.com,https://linkedin.com/company/focused-support-llc
PQ9HJ7R7GK56,SRI CONSULTING INC,http://www.srifederal.com,
PQDFDEKV4LH9,"AMERICAN POWER SYSTEMS, LLC",http://www.ampowersys.com,https://linkedin.com/company/american-power-systems-llc
PQGNNTHSD213,FOMOV CONSULTING INC,https://www.vfisolutions.com,https://linkedin.com/company/vfisolutions
PQLNSSBMJQC6,CARDINAL METAL WORKS LLC,http://www.cardinalmetalworks.com,https://linkedin.com/company/cardinal-metalworks-llc
PQM8C4M64GE8,HONEYWELL INTERNATIONAL INC.,,
PQMMUN86GNM5,ACCURATE PRECISION FASTENER CORP.,www.accurateprecisionfasteners.com,
PQNNHF72NNM6,"CHEROKEE NATION STRATEGIC PROGRAMS, L.L.C.",cherokee-federal.com,https://linkedin.com/company/cherokee-federal
PQPTMU134HT5,HURLEN CORPORATION,http://www.kenigaero.com,https://linkedin.com/company/kenig-aerospace
PQTMKNMMJFW3,"MASTERCONTROL SOLUTIONS, INC.",http://www.mastercontrol.com,https://linkedin.com/company/mastercontrol
PQTMR4QKL5F2,FUSION TECHNOLOGY LLC,www.fusion-es.com,https://linkedin.com/company/fusion-enterprise-solutions
PQVNSJMA2FU3,SAVA WORKFORCE SOLUTIONS LLC,http://www.savasolutions.com,https://linkedin.com/company/sava-llc
PQXWA9BB6UJ6,"PULSCO, INC.",WWW.PULSCO.COM,https://linkedin.com/company/pulsco-inc
PR37LGJCLAL7,"AVIATION PERFORMANCE SOLUTIONS, LLC",http://www.apstraining.com,https://linkedin.com/company/aviation-performance-solutions-llc
PR5JEZ1K24F6,RGB SPECTRUM,rgb.com,https://linkedin.com/company/rgb-spectrum
PRAUGBDLBEQ3,"HOLMAN FLEET LEASING, LLC",,
PRDBBZ21S313,"SNOWBIRD AGILITY, INC.",https://snowbirdagility.com,https://linkedin.com/company/snowbirdagility
PRENBLKC3J23,"LUPINI CONSTRUCTION, LLC",www.lupiniconstruction.com,https://linkedin.com/company/lupini-construction-inc
PRFXN756DU23,"DCX-CHOL ENTERPRISES, INC.",WWW.DCXCHOL.COM,https://linkedin.com/company/dcx-chol-enterprises-inc
PRHKUT3QTGY5,"HEARD CONSTRUCTION, INC.",www.heardconstruction.com,https://linkedin.com/company/heard-construction
PRJWL2ML7364,"CRAVENS SOLUTIONS, LLC",www.cravenssolutions.com,https://linkedin.com/company/cravens-solutions-llc
PRKWM2NEPH23,QUALITY SYSTEMS APPLICATIONS INC,,
PRNBZEJJ89F3,GOODMANS INC,http://www.goodmans.com,https://linkedin.com/company/goodmans-interior-structures
PRTNBWCLHXM8,"THE JOLLY AGENCY, LLC",https://www.thejollyagency.com/,https://linkedin.com/company/the-jolly-agency
PRVNHJ2F2VE6,"WORKPLACE OPTIONS, LLC",www.workplaceoptions.com,https://linkedin.com/company/workplace-options
PRYKQJ9UAAS7,IBC RECON SERVICES,,
PS39EKC82UU5,DIT-MCO INTERNATIONAL LLC,http://WWW.DITMCO.COM,https://linkedin.com/company/dit-mco-international
PS4EBQSK84N7,"AVESHKA, INC.",www.softtekgov.com,
PS4TN96DLT53,AUTONOCOMM LLC,,
PS6XY5CCQ2W7,FIVES MACHINING SYSTEMS INC,http://www.FIVESGROUP.COM,https://linkedin.com/company/fives
PS8NEAKW1MM4,JEFFERSON CONSULTING GROUP LLC,www.jeffersonsg.com,https://linkedin.com/company/jefferson-consulting-group
PSB4M2BMMBK1,"TSI PLASTICS, INC.",www.tsiplastics.com,https://linkedin.com/company/tsi-plastics-inc
PSE2NS5HAF94,GLOBAL TUNNELS LTD CO,http://www.globaltunnels.com/,https://linkedin.com/company/global-tunnels-limited-company
PSELUFK4WJK6,"PANAKEIA, LLC",http://www.panakeiaUSA.com,https://linkedin.com/company/panakeia-llc
PSG3ZJC5JDG7,DALTON CONSULTING LLC,,
PSH8C4JYKM56,"BENDPAK, INC.",http://www.bendpak.com,https://linkedin.com/company/bendpak
PSL1CNDCN9E7,INTROBA INC,www.introba.com,
PSMABF4M7FD3,IONEX RESEARCH CORPORATION,www.ionex.us,https://linkedin.com/company/ionex-research-corporation
PSSVUDLWBN61,HOYA OPTICAL LABS OF AMERICA INC,,
PSWMWJYLRGV5,GABRIELA M LOPEZ,,
PSYMAPZLJWH8,"OLBN, INC.",http://www.olbn.com,https://linkedin.com/company/olbn-architectural-service
PT2JJ2ENT5A7,SCIENTIFIC COMPONENTS CORP,www.minicircuits.com,https://linkedin.com/company/mini-circuits
PT65J6LH1TA3,GERS U.S.A. LLC,http://www.gers.com,https://linkedin.com/company/gers-consulting-engineers
PT6KRDRYNC87,"THE GRIDWISE ALLIANCE, INC.",https://gridwise.org/,https://linkedin.com/company/gridwise-alliance
PT7UPT1XGWM4,CLAN MURRAY CORPORATION,,
PT82EFQ7AL94,AMERICAN FOUNDATION FOR BIOLOGICAL RESEARCH,www.afbr-bri.org,https://linkedin.com/company/biomedical-research-institute
PTBWQ3A6MK51,FOKKER AEROSTRUCTURES B.V.,,
PTDHWKJ5ZMB1,"LAND REMEDIATION, INC.",www.land-remediation.com,https://linkedin.com/company/land-remediation-inc
PTF3M18JJEX3,DEFINE DESIGN DEPLOY CORP.,www.d3embedded.com,
PTFYTET7U6W9,INTERMAT,www.fibermaterialsinc.com,https://linkedin.com/company/fiber-materials-inc
PTH7UJKVMMZ3,"INDUSTRIAL WATER ENGINEERING, INC.",http://www.industrialwaterengineering.com,
PTJSNK24LWR1,GUSTAVE A. LARSON COMPANY,HTTP://WWW.GALARSON.COM,https://linkedin.com/company/gustave-a--larson-co-
PTKSSCB9V873,DEDRONE DEFENSE LLC,www.dedrone.com,https://linkedin.com/company/dedrone
PTM5NLKSQXW8,SUPPLY CHAIN VISTAS INC,http://www.scvistas.com,
PTMFLMD2CUB4,"L3 TECHNOLOGIES, INC.",,
PTMRDGJPKHD5,"1901 GROUP, LLC",,
PTWMQHSDZ6B3,THERMOELECTRIC COOLING AMERICA CORPORATION,http://www.thermoelectric.com,https://linkedin.com/company/thermoelectric-cooling-america
PTX5GNDLGRV7,DECTRIS USA INC,,
PU52SV5YLA15,KAREN A. WILLIAMS,,
PU67MNPNHL93,ALKANNA CONSULTING LLC,https://www.alkannaconsulting.com,https://linkedin.com/company/alkanna-consulting-llc
PU7FZK8HH113,"FIRST AMERICAN INDUSTRIES, INC.",,
PUBPUEE9DNS5,AVA TECHNOLOGIES GLOBAL CORP,https://avatech-global.com/,https://linkedin.com/company/ava-technologies-global-corp
PUHZF1SW5WB3,ECKART AMERICA CORP,,
PULJE8NLDV91,"PHOENIX NATIONAL LABORATORIES, LLC",http://www.pnltest.com,https://linkedin.com/company/phoenix-national-laboratories
PURMTB3GAFR8,CORTEX INNOVATIONS CORPORATION,,
PURZV1M1GW85,YESUF TADESSE HAILE,,
PUSJWLLL1HR3,"DSE & ASSOCIATES, INC.",,
PUT4KUNBLDS5,"SRCTEC, LLC",http://srcinc.com/srctec/,https://linkedin.com/company/srcdefense
PUZ1NCWDC719,"SURE POWER, INC",,
PUZ4TAWZLMS1,"P E SYSTEMS, INC.",http://www.pesystems.com,https://linkedin.com/company/pesystems-inc.
PV2YULK4GLF3,ARTEMIS ELECTRONICS LLC,http://www.artemiselectronics.com,https://linkedin.com/company/artemis-electronics
PVBPHNN1LFT3,"WOODRUFF SCIENTIFIC, INC",http://www.woodruffscientific.com,https://linkedin.com/company/woodruff-scientific-ltd
PVFSUAKCCRK8,TECHINT SOLUTIONS GROUP LLC,http://www.techintsolutionsgroup.com,https://linkedin.com/company/techint-solutions-group-llc
PVHCRQBYJUH3,"ALL.SPACE NETWORKS, INC.",https://www.all.space,https://linkedin.com/company/allspaceltd
PVL6V4ZAE4Z9,ENGINEERING FOR INDUSTRIES COMPANY,www.inde-egypt.com,
PVLZNFNTWZ62,"BANNOR MENSAH GLOBAL CONSULTING, LLC",https://bmgconsults.com,
PVMFSLG6GFF7,MTS SYSTEMS CORPORATION,http://www.mts.com,https://linkedin.com/company/mtssystemscorporation
PVQBNRS3N6J4,"HITACHI HIGH-TECH AMERICA, INC.",http://www.hitachi-hightech.com/us/,https://linkedin.com/company/hitachi-hightech
PVUVDZLM5NA5,"INTEGRATED SYSTEMS, LLC",http://www.global-isi.com,https://linkedin.com/company/integrated-systems-inc-isi-
PWAJN13ZBDA3,TOWER OPTICAL CORP,http://www.TowerOptical.com,https://linkedin.com/company/tower-optical
PWALXZF9WTE5,"AECOM TECHNICAL SERVICES, INC.",,
PWB2XRM1R2P9,EXPLORATION INSTRUMENTS LLC,www.exiusa.com,https://linkedin.com/company/exploration-instruments
PWCERJPD2MC4,MICRO INSTRUMENT CORP.,http://www.microinst.com,https://linkedin.com/company/micro-instrument-corp
PWECB82YNJT9,"MATTRACKS, INC.",http://www.mattracks.com,https://linkedin.com/company/mattracks-inc
PWFSCCPG13F6,DJ COMPOSITES INC,www.djgrp.com,https://linkedin.com/company/dj-engineering
PWK4GDMMEAQ8,AMETEK SCP INC,http://www.ametekscp.com,https://linkedin.com/company/ametek-scp
PWLWM5LM95G4,"ONEIDA RESEARCH SERVICES, INC.",http://www.orslabs.com,https://linkedin.com/company/oneida-research-services-inc-
PWMGCDWFU525,WATER MAPPING LLC,www.watermapping.com,
PWQVM9KYQ3T9,"AMPHENOL BORISCH TECHNOLOGIES, INC.",www.borisch.com,https://linkedin.com/company/borisch-manufacturing
PWVXFQCM4844,CONSOLIDATED INDUSTRIES ACQUISITION CORPORATION,www.forgemetal.com,
PX1CCEKX2KK5,ELLWOOD TEXAS FORGE NAVASOTA LLC,https://ellwoodcloseddiegroup.com/,https://linkedin.com/company/ellwood-texas-forge-navasota-llc
PX7XVJDX7TZ7,VICOR CORP,www.vicorpower.com,https://linkedin.com/company/vicor-corporation
PXB2X38X4V11,CONVERGINT TECHNOLOGIES LLC,http://www.convergint.com,https://linkedin.com/company/convergint
PXCQY2WLFRQ3,"KINGFISHER CO., INC.",www.kfci.com,https://linkedin.com/company/king-fisher-company-inc.
PXD8G1ZUMUQ6,NATIONAL AERONAUTICS-SPACE,,
PXE2YYCLUNH6,"ICT MONDIAL, INC.",www.ictmondial.com,https://linkedin.com/company/ict-mondial-inc
PXKDNKCFK9P6,GLASSMAN OF LOUISIANA LLC,glassmanofla.com,https://linkedin.com/company/glassman-of-louisiana
PXM7NKMEJN71,"BIT BY BIT COMPUTER CONSULTANTS, INC.",www.bitxbit.com,https://linkedin.com/company/bit-by-bit
PXPQAL6RMJ68,"CONTROL RISKS GROUP, L.L.C.",http://www.controlrisks.com,https://linkedin.com/company/control-risks
PXRUJEMMLYY5,SIEMENS INDUSTRY INC,www.siemens.com,https://linkedin.com/company/siemens
PXVJNBW3ZPN7,NORTHEASTERN INTERIOR SERVICES LLC,www.northeasterninterior.com,
PXWRHVZ4LQF5,KONGSBERG GALLIUM CORPORATION,www.kongsberg.com,https://linkedin.com/company/kongsberg-maritime
PXWSHT1XD691,"INSPECTION EXPERTS, INC.",www.ieinc.net,https://linkedin.com/company/inspexpertsinc
PY1MF23KR5E8,RAILCO LLC,www.railcollc.com,https://linkedin.com/company/railco-llc
PY1XR94VNFS5,MWVA LLC,https://mwva.tech/,
PY6NUJFHKFZ7,POWERS ENGINEERING AND INSPECTION INCORPORATED,www.powersei.com,https://linkedin.com/company/powers-engineering-and-inspection-inc.
PY7ELZZ2PQX6,LUMINAR CONSULTING INC.,,
PYC7QF9S3RV8,TRINITY CONSULTANTS INC,http://www.trinityconsultants.com,https://linkedin.com/company/trinity-consultants
PYDPN2M4LM63,"ISPACE, INC.",https://www.ispace-inc.com/,https://linkedin.com/company/ispace-inc
PYDVS8X2AXN6,JOHN A MARSHALL CO,www.jamarshall.com,https://linkedin.com/company/johnamarshallco
PYJTDDEXEDH3,FLIGHTSAFETY INTERNATIONAL INC,www.flightsafety.com,https://linkedin.com/company/flightsafety-international
PYK3HTK1S3L6,4 CONSULTING INC,www.fourci.com,https://linkedin.com/company/fourci
PYKHEQ52JPP3,"ALBA ENTERPRISES, LLC",www.itls.com,https://linkedin.com/company/industrial-testing-laboratory-sevices
PYLESXWK2SS8,CONCRETE ANALYSIS AND TESTING OF THE FLORIDA KEYS INC,,
PYMEW12MFFH7,"DEXTERITECH SOLUTIONS, LLC",,
PYN5VPJKVZA5,HYDRO X USA LLC,,
PYQMJSDJ2VT3,CARPENTER ADDITIVE U.S. LLC,http://www.cartech.com,
PYVGNTJ2LET4,"CHANDLER INDUSTRIES, INC.",www.chandlerindustries.com,https://linkedin.com/company/chandler-industries
PYYLDTERBZN5,"SYNEGEN, INC",www.synegen.com,https://linkedin.com/company/synegen-inc
PYYNFH7L35F6,BREWER CRANE LLC,www.brewercrane.com,https://linkedin.com/company/brewer-crane-&-rigging
PYZ7KYWDP159,ADVANCED AUTOMATION CORPORATION,http://www.aac-usa.com,https://linkedin.com/company/advanced-automation-corporation
PZ1JT1PUCT46,EMMY GIOVANNI LLC,,
PZ9LL22JJNM2,"COLD JET, LLC",http://www.coldjet.com,https://linkedin.com/company/cold-jet
PZ9SRJHAJ6M1,"RELADYNE WEST, LLC",,
PZCKK1GKZ5S2,"BFPE INTERNATIONAL, INC.",www.BFPE.com,https://linkedin.com/company/bfpe-international
PZEKH4FNSGZ2,"THE PRAEVIUS GROUP, INC",http://www.praevius.com/,https://linkedin.com/company/praevius-group
PZJ5L7HCKEM4,ZETIER INC,www.zetier.com,https://linkedin.com/company/zetier
PZK1KSXFFNX9,"FREEDOM POWER SYSTEMS, INC.",http://www.freedompower.com,
PZK6CW3A4VS5,EDISON WELDING INSTITUTE INC,ewi.org,https://linkedin.com/company/ewi
PZMZX6CJNM81,ROCKSTAR FLOORS LLC,,
PZNAWFAXMV74,ITZ LLC,https://itz.org,https://linkedin.com/company/itz-llc
PZS5Y1KNTGJ3,STELR LLC,,
PZV7JADJHQA1,ALLIANCE TECHNICAL GROUP LLC,www.alliancetg.com,https://linkedin.com/company/alliance-technical-group
PZV9BPLPJWF1,"NUPHOTON TECHNOLOGIES, INC.",http://www.nuphoton.com,https://linkedin.com/company/nuphoton-technologies
PZWDNJUFT2P7,ULTRA INC,http://www.connectingpoint.biz,https://linkedin.com/company/connectingpointregion
PZYWPUGGJMU6,ON SITE GAS SYSTEMS INC,http://www.onsitegas.com,https://linkedin.com/company/on-site-gas-systems-inc-
Q11ZHUFBW741,NORTHROP GRUMMAN SYSTEMS CORPORATION,,
Q19FDM1MFKZ4,VETERAN CORPS OF AMERICA,http://www.veterancorps.com,https://linkedin.com/company/interfuze
Q1B3NG6LP9B5,"EXAIL DEFENSE SYSTEMS, INC.",http://www.exail.com,https://linkedin.com/company/exail
Q1E7H1UB2S55,CAL VET INTEGRATED CONSULTING SERVICES INC.,www.cvicsconsulting.com,https://linkedin.com/company/cvics
Q1ETR8L35EL7,ALMUSAIRIE CONTRACTING CO. W.L.L,,
Q1JAVNMRNJM1,"WISS, JANNEY, ELSTNER ASSOCIATES, INC",http://www.wje.com,https://linkedin.com/company/wiss-janney-elstner-associates-inc-
Q1JJLM9KPRD5,PANAMERICAN AVIATION SALES CORP.,,
Q1PLZ5VHLCJ7,"SAEDACCO, LLC",https://www.saedacco.com,https://linkedin.com/company/saedacco-inc
Q1RFVFX4QFN5,"GARMIN INTERNATIONAL, INC.",WWW.Garmin.com,https://linkedin.com/company/garmin
Q1V1JV6GJW77,MATTEK CORPORATION,,
Q1XBSUDEWU79,BAJA TECHNOLOGY LLC,,
Q21TPXX7LCF7,"TRIDENT TECHNOLOGIES, LLC",www.smxtech.com,https://linkedin.com/company/smartronix
Q22QFB1HNMD3,"PACE ANALYTICAL SERVICES, LLC",http://www.pacelabs.com,https://linkedin.com/company/paceanalytical
Q23EU57GREM7,"STARBURST DATA, INC.",,
Q23TWK3MF5B3,"EFFYIS, INC.",www.socialgist.ai,
Q266L2NDAVP1,FLORIDA ATLANTIC UNIVERSITY,http://www.fau.edu,https://linkedin.com/company/florida-atlantic-university
Q2CLCDZNCV36,"CONTENDER SOLUTIONS, LLC",www.contendersolutions.com,https://linkedin.com/company/contender-solutions-llc
Q2CNNHE1WUK9,"HSI SERVICES, INC",www.aquabarrier.com,https://linkedin.com/company/hydrological-solutions
Q2D6YAN4XBB5,CALVIN ELECTRIC LLC,www.calvinelectricllc.com,https://linkedin.com/company/calvin-electric-llc
Q2DNMKK9L5Y5,KC MACHINE LLC,http://www.kc-machine.com,https://linkedin.com/company/kc-machine
Q2E9AP9M7UF6,"TT DATA SYSTEMS ENGINEERING, INC",,
Q2F4ZLJFCED3,ILYANG LOGIS LTD,,
Q2FNLH8K2FJ3,CITIWORKS CORP,http://www.citiworks.com,https://linkedin.com/company/citiworks
Q2HDNLXJDCB5,REVEAL DATA CORP,,
Q2HLPHZ2HMU4,PROFESSIONALLY SPEAKING PROJECT MANAGEMENT CONSULTING LLC,,
Q2K3MSZ843D8,MILLERKNOLL INC,http://www.hermanmiller.com/government,https://linkedin.com/company/herman-miller
Q2KMM5S7JGK3,GREYTEK LLC,www.greytek.com,https://linkedin.com/company/greytek
Q2M4FYALZJ89,"IRON BOW TECHNOLOGIES, LLC",http://www.ironbow.com,https://linkedin.com/company/iron-bow-technologies
Q2RLW3SRR6D4,YUSERNET INCORPORATED,,
Q2VAXJLS6MK3,ARCCO COMPANY SERVICES INCORPORATED,http://www.arcco.com,https://linkedin.com/company/arcco-power-systems
Q2XLTLXE8CU7,"VERITE GROUP, INC.",,
Q2YMLRJMV1L8,F&B MFG LLC,www.fbmfg.com,https://linkedin.com/company/f-&-b-mfg-llc
Q33HAE1J42L8,C & C COMPUTER SERVICES INC,http://www.cccsnet.com,https://linkedin.com/company/cccs-c-&-c-computer-services-inc-
Q346SNCUVXK6,ALLIED TECHNICAL COMPANY FOR RECRUITMENT & MANAGEMENT SERVICES AND MARKETING / LLC,www.atgroup.iq,https://linkedin.com/company/the-at-group
Q34UKAD7ZCB4,"DOW JONES & COMPANY, INC.",,
Q35JL9GFCAK3,MAROTTA CONTROLS INC,www.marotta.com,https://linkedin.com/company/marotta-controls
Q365CKN56793,"OXFORD INSTRUMENTS ASYLUM RESEARCH, INC.",afm.oxinst.com,
Q36DRV8NNB51,GEBAL AL-SAADA COMPANY,,
Q36QM4XKKQN3,BUREAU VERITAS NORTH AMERICA INC,http://www.bvna.com,https://linkedin.com/company/maxxam-analytics
Q3D4M62JNY93,INCREDIBLE SUPPLY LLC,http://www.incrediblesupply.com,https://linkedin.com/company/incredible-supply-&-logistics-isl-
Q3DSBK6EC715,ERNST & YOUNG LLP,http://www.ey.com,https://linkedin.com/company/ernstandyoung
Q3JXN1JDKWR3,MECHANICAL DESIGN & SERVICE LLC,http://www.mdsut.com,
Q3KCVK5S9CP1,FLORIDA INTERNATIONAL UNIVERSITY,http://www.fiu.edu/index.htm,https://linkedin.com/company/florida-international-university
Q3MHK5TKXN59,S & S TOOL & MACHINE CO,https://www.sstool.com,https://linkedin.com/company/s&s-tool-and-machine-co-
Q3MZZE4YNBS9,"BROCKWELL TECHNOLOGIES, INC.",https://www.brocktec.com,https://linkedin.com/company/brockwell-technologies-inc.
Q3YDJ4AH21H6,"INFINITY SYSTEMS ENGINEERING, A LTD. LIABILITY CO.",http://www.infinity.aero,https://linkedin.com/company/infinity-systems-engineering
Q41MJTNZEBK5,BCC RESEARCH LLC,www.bccresearch.com,https://linkedin.com/company/bccresearch
Q43LC6HLYTF3,"DB FLOORING, LLC",https://www.regentsflooring.com,https://linkedin.com/company/regents-flooring-co.-inc.
Q47MMR9NU144,NAC INTERNATIONAL INC.,http://www.nacintl.com,https://linkedin.com/company/nac-international
Q49BJ4ZJKJ68,NEFC FZE,https://nefcgroup.com/,https://linkedin.com/company/nefc-group
Q4H4V498N4L6,"ROCKWELL AUTOMATION, INC.",,
Q4J5MACCLQR3,"MICRO-MODE PRODUCTS, INC.",,
Q4JURGX1VYK3,PHOENIX INTERNATIONAL SYSTEMS INC,http://www.phenxint.com,https://linkedin.com/company/phoenix-int-systems
Q4KFFTVRC858,"AVANTECH, LLC",https://www.avantechllc.com,https://linkedin.com/company/avantechllc
Q4KRG89MHJB3,BOONTON ELECTRONICS CORPORATION,www.maurymw.com,https://linkedin.com/company/maury-microwave
Q4LLTZ956H64,NEEVSYS INC.,https://www.neevsys.com,https://linkedin.com/company/neevsys-inc
Q4MLDTFGHDM7,"ABLE AEROSPACE SERVICES, INC.",http://www.ableaerospace.com,https://linkedin.com/company/ableaerospace
Q4NDMB357JN6,LA FUNDACION SALUD PARA EL TROPICO TROPICAL HEALTH FOUNDATION,www.saludparaeltropico.co,https://linkedin.com/company/fundación-salud-para-el-trópico
Q4NSCQ9BF275,STEM RESOURCE PROFESSIONALS INC,https://www.stemresourceprofessionals.com/,
Q4QNLFEB5MM3,COMPASS SOLUTIONS LLC,http://www.compasscentral.com,https://linkedin.com/company/compass-solutions
Q4RTWNQDZTP6,TRISTATE MATERIAL SERVICES LP,,
Q4UCFRMEJER3,CALEDONIA PIPEWORK LLC,www.lokring.com,https://linkedin.com/company/lokring-technology-llc
Q4ZVRMARNU19,"PREPAID TECHNOLOGIES CO, INC",,
Q51LZT4GL8A1,"CLEAN AMERICA, INC.",www.edmperformance.com,https://linkedin.com/company/edm-performance-accessories
Q56SJRTSJSE4,SECURIGENCE LLC,www.securigence.com,https://linkedin.com/company/securigence-llc
Q57NAUN7GDF3,THE ACS ENGINEERING CORPORATION,,
Q5CRCJW547Z6,"ZETEO TECH, INC.",www.zeteotech.com,https://linkedin.com/company/zeteo-tech-inc
Q5CUNC4CBP19,"INTREPID SOLUTIONS AND SERVICES, LLC",www.cissecure.com,https://linkedin.com/company/cis-secure-computing-inc-
Q5KQHA355945,HII MISSION TECHNOLOGIES CORP,https://www.hii.com,
Q5KSFMKXNDP6,"STRESS AEROSPACE AND DEFENSE, LLC",https://stress-ad.com/,
Q5L7LV24FTW3,ORBIS OPERATIONS LLC,https://www.orbisops.com,
Q5LJNF15T2R5,"SALIENT CRGT, INC.",www.govcio.com/,https://linkedin.com/company/governmentcio
Q5M2N4SBMDZ6,NATIONWIDE TRAILER & EQUIPMENT SALES,,
Q5N4L88431H5,SAI AMERICA CORP.,,
Q5QLXF39FWW3,"COSCO FIRE PROTECTION, INC.",www.coscofire.com,https://linkedin.com/company/cosco-fire-protection
Q5SWZYSBJVQ5,GRAVIOSITY TECH LLC,,
Q5XKW42Z6B44,"YARD BARBER, INC., THE",,
Q626GBBMUG75,BATES PAVING & SEALING INC,http://www.batespaving.com,https://linkedin.com/company/bates-paving-&-sealing-inc.
Q637N7X8AV14,ALL PRO ASPHALT & MAINTENANCE LLC,www.allproasphaltkc.com,
Q63NKXYFLFJ9,ZASIO ENTERPRISES INC,http://www.zasio.com,https://linkedin.com/company/zasio-enterprises-inc-
Q645L4YGFXH7,GRUPO DE APOYO MUTUO,www.grupodeapoyomutuo.org.gt,
Q64DLXGPTTW4,"VALKYRIE ENTERPRISES, LLC",,
Q64FL2ZFMKC2,INNOVATIVE CONSTRUCTION SOLUTIONS,http://www.icsinc.tv,https://linkedin.com/company/innovative-construction-solutions_2
Q69KK4TLPQH3,BREK MANUFACTURING CO.,http://www.brek.aero,https://linkedin.com/company/brek-manufacturing-company
Q6ADHZ2CUCN3,"J K MOVING & STORAGE, INC.",http://www.jkmoving.com,https://linkedin.com/company/jk-moving-services
Q6CJCXD9LR36,SERVICE & SALES INC,http://www.ssi-mfg.com,https://linkedin.com/company/service-&-sales-inc.
Q6K1QXN3LU65,CIRCOR AEROSPACE INC,,
Q6K8AADHKPB6,FEDSTRONG LLC,,
Q6L4L2GLQKP5,"MICROWAVE DEVELOPMENT LABORATORIES, INC.",,
Q6LAL94SMAG5,"COUNTRY LANE LAWN SERVICE, LLC",countrylanelawn.com,
Q6MAMWCH1U67,"GLOBAL POWER SUPPLY, LLC",http://www.globalpwr.com,https://linkedin.com/company/global-power-supply
Q6NDLV47NBT5,"RADIABEAM TECHNOLOGIES, LLC",http://www.radiabeam.com,https://linkedin.com/company/radiabeam-technologies
Q6QJBU216L36,DEMATI VENTURES LLC,https://www.demativentures.com/,
Q6S9MZTEFMS5,"JANUS RESEARCH GROUP, LLC",http://janusresearch.com,https://linkedin.com/company/janus-research-group
Q6VTJ4RJQGF4,COMPU-GEN TECHNOLOGIES INC,http://www.compu-gen.com,https://linkedin.com/company/compu-gen-tech
Q6X1UA1D3FM8,OPTIMUM TECHNOLOGIES LLC,www.optechspace.com,https://linkedin.com/company/optechspace
Q6XCR9F2DAJ1,TATA LOCKHEED MARTIN AEROSTRUCTURES LIMITED,https://www.tataadvancedsystems.com/,https://linkedin.com/company/tataadvanced
Q72ZM37PKKC1,"SEMCO INSTRUMENTS, INC.",http://www.harcosemco.com/,https://linkedin.com/company/harco
Q73LNLAZKQG2,TRABUCO PRECISION LLC,www.trabucoprecision.com,https://linkedin.com/company/trabuco-precision-llc
Q76FLNZDM992,"A-LIGN COMPLIANCE AND SECURITY, INC.",www.a-lign.com,https://linkedin.com/company/a-lign
Q772HDL3VKB3,"JX ADVANCED METALS USA, INC.",https://nmm-jx-group.com,https://linkedin.com/company/jx-nippon-mining-metals-usa-inc
Q78NRE48B2W9,"G2 CONSULTING GROUP, LLC",www.theg2group.com,https://linkedin.com/company/the-g2-consulting-group
Q7BPWPDL4VH9,"FCI CONSTRUCTORS, INC.",http://www.fciol.com,https://linkedin.com/company/fci-constructors-inc-
Q7BULJKS8699,"PERFORMANCE CONTRACTING, INC",www.pcg.com,
Q7CGW8NCRGJ6,"AEROCONTROLEX GROUP, INC.",,
Q7GGNHM96WL7,"PRECISION WATER RESOURCES ENGINEERING, INC.",http://www.precisionwre.com,https://linkedin.com/company/precision-water-resource-engineering
Q7JEYVMMQ158,THOMSON TECHNOLOGY POWER SYSTEMS ULC,www.thomsonps.com,https://linkedin.com/company/thomson-power-systems
Q7KKMKT2ANN7,PLANETARY SCIENCE INSTITUTE,http://www.psi.edu,https://linkedin.com/company/planetary-science-institute
Q7N8CH7NR418,SMITHSONIAN INSTITUTION,http://www.cfa.harvard.edu,https://linkedin.com/company/centerforastro
Q7NKKJEDKGP4,DOXIMITY INC,,
Q7P2MMQNBQA8,"GRAYBAR ELECTRIC COMPANY, INC.",http://www.graybar.com,https://linkedin.com/company/graybar
Q7UQH5711K99,"GENERAL DYNAMICS INFORMATION TECHNOLOGY, INC.",,
Q7ZSH5TD35G9,M & S CONSULTING LLC,http://www.MandSConsulting.com,https://linkedin.com/company/m&s-consulting
Q815GFUE6VD9,"EMC TECHNOLOGIES, INC.",http://www.emctechinc.com,https://linkedin.com/company/emc-technologies-inc
Q81TS68P8R99,"MATHESON TRI-GAS, INC.",www.continentalcarbonic.com,https://linkedin.com/company/continental-carbonic-products-inc.
Q82YVBFZMBM2,ALLIED MISSION GROUP LLC,https://www.alliedmission.com,https://linkedin.com/company/allied-mission-group
Q83ZWMELR189,TOTAL EQUIPMENT & RENTAL OF SALT LAKE CITY LLC,https://www.imbobcat.com/,https://linkedin.com/company/intermountainbobcat
Q852HNYGL3P3,ERUDIO CORP,https://erudiocorp.com/,https://linkedin.com/company/erudio-corp
Q899SBGB9MM1,MINUTEMAN SECURITY SOLUTIONS LLC,www.minutemansecuritysolutions.com,https://linkedin.com/company/minuteman-security-solutions-llc
Q89LFAMZ8TG6,"BECKLIN HOLDINGS, INC.",http://www.ecscomposites.com,https://linkedin.com/company/ecs-case
Q8DHRJNS1GL5,"OFFICE REMEDIES, INC.",http://www.oriresults.com,https://linkedin.com/company/ori-results
Q8F5SMKW4CL7,FIDELITY TECHNOLOGIES CORPORATION,www.fidelitytech.com,https://linkedin.com/company/fidelity-technologies
Q8F9PPABG9E8,AGS REMOTE SITE SERVICES W.L.L.,https://ags-gov.com,https://linkedin.com/company/agsint
Q8HFYMAZXCT6,SITOMNI LLC,https://www.sitomni.com,https://linkedin.com/company/sitomni
Q8HQG9RG9647,ARGUS SECURE TECHNOLOGY LLC,https://www.ArgusCyber.com,
Q8N5CPN3F3V3,TDG ACQUISITION CO LLC,https://www.six-15.com,https://linkedin.com/company/six15-technologies
Q8NLHZLYCJM2,DEL AEROSPACE INC,delaerospace.com,https://linkedin.com/company/del-aerospace-inc.
Q8NPRHBU8911,"OPTIMA CLOUD SOLUTIONS, INC.",,
Q8NTKZ5EGCK3,"AEROFIT, LLC",,
Q8P1NKN5ECY1,ETELLIGENT GROUP LLC,http://www.etelligent-group.com,https://linkedin.com/company/etelligent-group
Q8R1JWEJ7A93,PHENIX CONSTRUCTION COMPANY LLC,,
Q8UXRSAVFLA5,ROCHESTER COLONIAL MFG. CORP.,www.rochestercolonial.com,https://linkedin.com/company/rochester-colonial
Q8Y3MF65RJL4,SKY TECH SERVICES LLC,https://www.skytechconsultancy.com,https://linkedin.com/company/skytechservices
Q91NCX3JDQA1,"CATHOLIC CHARITIES LEGAL SERVICES, ARCHDIOCESE OF MIAMI, INC.",https://www.cclsmiami.org,https://linkedin.com/company/catholic-charities-legal-services-archdiocese-of-miami-inc-
Q938CKFQ7KH7,SIMS CRANE & EQUIPMENT CO,http://www.simscrane.com,https://linkedin.com/company/sims-crane-&-equipment-co
Q93HS4G3EG34,BETHEL ENVIRONMENTAL SOLUTIONS LLC,bethelenvironmentalsolutions.com,
Q97CLBLLLMA1,AVILA PRIME PROFESSIONAL SERVICES LLC,,
Q998KY8D83M5,"SYSTEMS 3, INC.",www.systems3.net,https://linkedin.com/company/systems-3-inc
Q9C8VWWK9DG2,TALANOA GROUP INC.,http://www.talanoagroup.com,https://linkedin.com/company/talanoagroup
Q9CEQFBF8PK8,BOTTOM LINE TECHNOLOGIES INC,http://www.bltinc.com,https://linkedin.com/company/blt-bottom-line-technologies
Q9D5JMR17TF1,ICC NTA LLC,www.icc-nta.org,https://linkedin.com/company/iccnta
Q9GJSBNQ8YU1,"COLONIAL SCIENTIFIC, INC.",www.colonialscientific.com,https://linkedin.com/company/colonial-scientific-ltd
Q9JSY1NGR298,WC MALONEY INC,,
Q9M8VNB2F4F2,"KONGSBERG DISCOVERY US, LLC",http://www.kongsberg.com,https://linkedin.com/company/kongsberg-maritime
Q9QAZNPBSFP5,OPTIX FAB GMBH,,
Q9QBMAMLNL53,STANTEC CONSULTING SERVICES INC,,
Q9SYM42913U3,BH2M,,
Q9XKWDCMEJZ9,F3EA INC,https://www.f3ea.com/,https://linkedin.com/company/f3ea
Q9Y4CPMN9LT4,ALPHAWINDS LLC,,
Q9YFSJSDG1C8,I3 ASSEMBLY LLC,www.i3assembly.com,
Q9ZVC4F6F492,ECHELON INTERNATIONAL LLC,www.echelonintl.com,https://linkedin.com/company/echelon-international-llc
QA5NCR3CUQA8,TAJ AL-FAHAD CO.,http://www.profile.taj-alfahad.com,
QA6AJF2TKNE9,"SCOTT - ROBERTS AND ASSOCIATES, LLC",srascreening.com,https://linkedin.com/company/scott-roberts-and-associates-llc
QA6NJL94TWR3,ADVANCED PRECISION ENGINEERING INCORPORATED,http://www.ape10.com,https://linkedin.com/company/advanced-precision-engineering
QA97E82C4GV9,"STRATEGIC TECHNOLOGIES ANALYTICS GROUP, LIMITED LIABILITY COMPANY",stag-tech.com,
QA9RTKC5Y368,DIRECT ACTION RESILIENCE LLC,http://www.directactionresilience.org/,https://linkedin.com/company/direct-action-resilience-llc
QADHCSKWG3C3,"AMERICAN AIR LIQUIDE, INC.",,
QADNEWHCY3Y3,TOMCO2 SYSTEMS COMPANY,http://www.tomcosystems.com,https://linkedin.com/company/tomcosystems
QAEWK8BVQ6M3,"COMMUNICATIONS CONSULTING, INC",http://www.cci-pgh.com,https://linkedin.com/company/communications-consulting-inc
QAGCFKJ7JSG6,RATSIMIHARA GASTON PATRICK,,
QAJ2QEG7VB28,"EMFEL CONSULTING SERVICES, LLC",,
QAJMPNSN4AV9,"MITSUI SEIKI (U.S.A.), INC.",www.mitsuiseiki.com,https://linkedin.com/company/mitsui-seiki-usa
QALNH53ZJXQ9,DECISIVE INTELLIGENCE INC,www.decisiveintel.com,https://linkedin.com/company/decisive-intel
QAQ7PEB18MJ2,E-9 CORPORATION,http://www.e-9corporation.com,https://linkedin.com/company/e-9-corporation
QAX4PS4VTD61,LEICA GEOSYSTEMS INC.,http://www.leica-geosystems.com,https://linkedin.com/company/leica-geosystems
QB9KK34YMH21,TRIUMPH ACTUATION SYSTEMS LLC,,
QB9ZMXLJ2QC8,"GENERAL DYNAMICS INFORMATION TECHNOLOGY, INC.",http://www.gdit.com,https://linkedin.com/company/gdit
QBCEMDAMRUL1,TECHNOVISION INC,http://www.etechnovision.com,https://linkedin.com/company/technovision
QBCNYJPK9A66,"TECHNICAL INTELLIGENCE SOLUTIONS, LLC",https://www.techintsolutions.com,https://linkedin.com/company/techintsolutions
QBCUM7E61D72,REDLATTICE INCORPORATED,https://redlattice.com,https://linkedin.com/company/redlattice
QBD5FDXHYYT3,PROCESSUSPRAGMA INC.,https://www.pragmaflow.com,https://linkedin.com/company/pragmaflow-inc
QBDJNTNZUFD5,"J & L UNDERGROUND, INC",,
QBLELXL8DYK8,PARKER-HANNIFIN CORPORATION,http://www.parker.com/,https://linkedin.com/company/parker-hannifin
QBLRZ9NFTT79,"MICRO LAMBDA WIRELESS, INC",https://www.microlambdawireless.com,https://linkedin.com/company/micro-lambda-wireless-inc
QBMUWLJ24TY4,"VERVE, LLC",www.vervellc.com,https://linkedin.com/company/verve-llc
QBQVGC4CCY23,HEADSTREAM INC,www.headstreaminc.com,
QBXYRAGMYG93,"TELEDYNE CONTROLS, LLC",www.teledynecontrols.com,https://linkedin.com/company/teledyne-controls
QBY7KHBKL6E7,INTELLIWARE SYSTEMS INC,http://www.intellibridge.us,https://linkedin.com/company/intellibridge
QBYKN4NQ6GQ9,INTERNATIONAL BUSINESS MACHINES CORPORATION,www.ibm.com,https://linkedin.com/company/ibm
QBZWNRNPELM6,"PACIFIC STATES PETROLEUM, INC.",www.pacstatespetro.com,https://linkedin.com/company/pacific-states-petroleum
QC22QJ6HWQD3,GEOSKOP SP. Z O.O.,,
QC28G2HWP4K1,"CONKLIN METAL INDUSTRIES, INC.",,
QC3NJ8D84PD6,L. E. WOOTEN & CO,http://www.thewootencompany.com,https://linkedin.com/company/the-wooten-company
QC48DJN27WZ3,OBJECTSECURITY LLC,objectsecurity.com,https://linkedin.com/company/objectsecurity
QCAKLCAJCQH1,KAKADU SOFTWARE PTY LTD,,
QCFDU4MA1444,A/Z CORPORATION,www.a-zcorp.com,https://linkedin.com/company/a-z-corporation
QCFLDS4WD6M5,"OMIKRON ENGINEERING, INC.",http://www.omikroneng.com,https://linkedin.com/company/omikron-engineering-inc
QCFRL3JNNX55,GHD SERVICES INC,,
QCGJTWEXDS58,TAYS INC,www.taysinc.com,https://linkedin.com/company/tays-inc
QCH8AZX8X564,"JEROME FIRE EQUIPMENT CO., INC.",,
QCHJL3BGYD45,"DECIBEL RESEARCH, INC.",www.deciBelResearch.com,https://linkedin.com/company/decibel-research-inc.
QCK5B38LAC18,GEOTECH ENVIRONMENTAL EQUIPMENT INC,http://www.geotechenv.com,https://linkedin.com/company/geotech-environmental-equipment-inc.
QCKAHGYGVCE4,BAY AREA ENVIRONMENTAL RESEARCH INSTITUTE,https://baeri.org,https://linkedin.com/company/bay-area-environmental-research-institute
QCKDAN7JMLH7,"JH KELLY, LLC",http://www.jhkelly.com,https://linkedin.com/company/jhkelly-llc
QCKZGKD5QGL4,BRASWELL PRECISION INC,http://www.braswellprecision.com,https://linkedin.com/company/braswell-precision-inc-
QCLRARCZUTW5,AMPLIFIER RESEARCH CORP,https://www.ametek-cts.com/,https://linkedin.com/company/ametek-cts
QCMRV9C87NZ9,NTT ADVANCED TECHNOLOGY CORPORATION,www.ntt-at.com,https://linkedin.com/company/ntt-advanced-technology-corp
QCN7R5QNQA81,CAPITAL TECHNOLOGIES INC.,,
QCNWNDJ3XQU1,"HORSLEY WITTEN GROUP, INC.",www.horsleywitten.com,https://linkedin.com/company/horsley-witten-group-inc
QCULUEL9G8E5,"DILLER DIGITAL, LLC",https://dillerdigital.com,https://linkedin.com/company/diller-digital
QCV1G7RNQUN5,"PEREGRINE TECHNICAL SOLUTIONS, LLC",http://www.gbpts.com,https://linkedin.com/company/peregrine-technical-solutions
QCW2QF3S8WN3,STADCO,www.stadco.com,https://linkedin.com/company/stadco---standard-tool-&-die-company
QCW9ND5TCEF8,"GHOSTWORKS MARINE, INC.",www.ghostworksmarine.com,https://linkedin.com/company/ghostworksmarine
QCXUREX4LCL3,HORIZON STRATEGIES LLC,www.Horizonstrategies.com,https://linkedin.com/company/horizonstrategies
QCYBSZKSAFV6,"AMENTUM TECHNOLOGY, INC.",www.amentum.com,https://linkedin.com/company/amentumcorp
QCYPLL5YV3N9,"MISSION DESIGN & AUTOMATION, LLC",www.missiondesignauto.com,https://linkedin.com/company/mission-design-automation
QCYUJEJK62Y3,"BRINKMANN INSTRUMENTS, INC.",http://www.metrohmusa.com,https://linkedin.com/company/metrohm-usa
QD1CFT6KNJH9,RIDGEWOOD TECHNOLOGY PARTNERS LLC,http://www.ridgewoodtech.com,https://linkedin.com/company/ridgewood-partners
QD1MX6N5YTN4,TEXAS A&M ENGINEERING EXPERIMENT STATION,http://tees.tamu.edu/,https://linkedin.com/company/texas-a&m-engineering-experiment-station
QD3LLESLMHD9,"PLATINUM MECHANICAL, LLC",,
QD3SB4FBX6E9,"TRIBALCO, LLC",http://www.tribalco.com,https://linkedin.com/company/tribalco
QD6NGR53MQ85,ZENGERLE CONSULTING INC,,
QD7KVAG9ZL85,TECMA INC,http://www.tecmacompany.com/,https://linkedin.com/company/tecma-inc
QDB6XG2EEMB5,"REMOTE OCEAN SYSTEMS, INC.",https://www.rosys.com,https://linkedin.com/company/remote-ocean-systems-ros-
QDC6G5B837C3,"BLUE RIDGE RESEARCH AND CONSULTING, LLC",http://www.blueridgeresearch.com,https://linkedin.com/company/blue-ridge-research-and-consulting
QDE5UHE5XD16,VIRGINIA POLYTECHNIC INSTITUTE & STATE UNIVERSITY,www.vt.edu,https://linkedin.com/company/vtinnovationandpartnerships
QDJLBA6PKKX3,RADIOMETRICS CORPORATION,www.radiometrics.com,https://linkedin.com/company/radiometrics-corporation
QDLKETQJDLV6,"MCL INDUSTRIES, INC.",https://www.mcl.bz/,https://linkedin.com/company/mcl-industries-inc
QDN9FURLZ8J3,ACLED ANALYSIS INC,www.acleddata.com,https://linkedin.com/company/acleddata
QDNAYNT2XLJ9,FUSE DIAGNOSTICS LIMITED,,
QDNVTAHPXL51,"PREMIER CONTRACTING & TECHNICAL SERVICES, INC.",https://www.premiercts.com,https://linkedin.com/company/premier-contracting-technical-services
QDNZY1MXQUK8,"GLOBAL DIMENSIONS, LLC",www.globaldllc.com,https://linkedin.com/company/global-dimensions-llc
QDRSXLRWRKB4,"FLORIDA IMMIGRATION LAW AND JUSTICE CENTER, INC",https://floridailj.org/,https://linkedin.com/company/florida-immigration-law-and-justice-center
QDS7DMF5G8J3,"STOA INTERNATIONAL/FLORIDA, INC.",http://www.stoaarchitects.com,https://linkedin.com/company/stoaarchitects
QDTBNAKYR8W3,LABREPCO LLC,www.labrepco.com,https://linkedin.com/company/labrepco
QDUEHQCZKRV5,DTW CONSTRUCTION INC,https://www.dtw-construction.com/,
QDWGXNU1NLY9,"REXNORD INDUSTRIES, LLC",www.regalrexnord.com,https://linkedin.com/company/regal-rexnord
QDXHY15EYST5,SILVER LINE TECH LLC,silverline.tech,
QDZNUXPPE4N5,A & A FABRICATION AND POLISHING CORPORATION,https://aafabpolishing.com/,https://linkedin.com/company/a-&-a-fabrication-and-polishing-corporation
QE1CVGBJJCB6,PAGE CHESTER LTD,http://www.coopind.com,https://linkedin.com/company/co-operative-industries-aerospace-defense
QE6EFN2TCV85,MY CNA NOW LLC,https://lnahealthcareers.com,https://linkedin.com/company/lna-health-careers
QEAYP7YMCXZ7,"PRECISE SOFTWARE SOLUTIONS, INC.",www.precise-soft.com,https://linkedin.com/company/precise-software-solutions-inc-
QEB9JN1BDGT5,AMRO FABRICATING CORP,https://karman-sd.com,https://linkedin.com/company/karman-space-defense
QECLBYN5D5A3,ATK SPACE SYSTEMS LLC,,
QED3BM9V6Z78,"EMOLBI, LLC",emolbi.com,https://linkedin.com/company/emolbi
QEHMNH93DYH6,"INNOVATIVE DEFENSE TECHNOLOGIES, LLC",www.idtus.com,https://linkedin.com/company/idtus
QEJENAS64KR3,VELOCITY SYSTEMS LLC,http://www.velsyst.com,https://linkedin.com/company/velocity-systems-llc
QEJGWWMDSMR5,LINELL BAYLIS MD,,
QEKCQJGJWLB5,"VETERAN'S MANAGEMENT & FACILITIES ASSOCIATES, INC.",https://vmfainc.com,
QEMGK4V3KDJ4,NAVCON ENGINEERING NETWORK,http://www.navcon.com/,https://linkedin.com/company/navcon-engineering-network
QEMLRQA7PLG4,"AMENTUM SERVICES, INC.",WWW.AMENTUM.COM,https://linkedin.com/company/amentumcorp
QEMMMVG1HWB9,AUTHENTISE INC,www.authentise.com,https://linkedin.com/company/authentise
QEN6G7L98476,BOLLORE AFRICA LOGISTICS KENY A LIMITED,,
QEN6HDA7BZK6,"TECHPRIDE, INC.",www.techpride.com,https://linkedin.com/company/techpride
QEPCCP7LLL46,MICRON GROUP,,
QERPUQLDG588,AC INC,www.ACINCORP.COM,https://linkedin.com/company/ac-services
QETGNTJMRXS5,MCI SOLUTIONS INC,http://www.mcisolutionsincgov.com/,
QEUXEBLVESR4,"PRECISION MAINTENANCE AND FABRICATING, INC",,
QEVFCM7LB3U6,LEOROSE CONSULTING INC,www.leorose.com,https://linkedin.com/company/leoroseconsulting
QEXAEJQKQTL5,ADVANCED CYBER ENGINEERING SOLUTIONS AND TECHNOLOGIES LLC,,
QEXGTHG5PJL5,MOONLINE TRAVEL AND TRADE LTD,www.moonlinetravel.com,https://linkedin.com/company/moonline-travel-&-tourism-company
QEXTGN3JY595,EXPENSEANYWHERE CORPORATION,www.expenseanywhere.com,https://linkedin.com/company/expenseanywhere
QEXYX622UPZ8,"C.E. PRECISION ASSEMBLIES, LLC",https://www.cepainc.com,https://linkedin.com/company/c-e-precision-assemblies-inc-
QEYBH9QVNP23,EGAN CO,www.eganco.com,https://linkedin.com/company/egan-company
QF1CVU4J8RK5,"KRATOS SERVICES, LLC",,
QF3MD1MU1651,"ECHELON SUPPLY AND SERVICE, INC.",http://www.echelonsupply.com,https://linkedin.com/company/echelon-supply-and-service
QF6NVLBB6DN3,PACIFIC OFFICE SOLUTIONS LLC,https://www.posolutions.com,https://linkedin.com/company/pacific-office-solutions-llc
QF7WL2B9K9F6,SIGNAL ANTENNA SYSTEMS INC,http://signalantenna.com,https://linkedin.com/company/signal-antenna-systems-inc
QF82VVEDYFC3,PUROLATOR FACET INC.,parker.com,https://linkedin.com/company/parker-hannifin
QFAKS4WUGES3,TCLAD INC,,
QFC6QLST89X3,IRELAND INC,www.core-rosion.com,
QFEQK2FEP5N6,RETECH SYSTEMS LLC,http://www.retechsystemsllc.com/,https://linkedin.com/company/retech-systems-llc
QFFTX25NBPN1,"ACTION ENGINEERING, LLC",https://www.action-engineering.com,https://linkedin.com/company/action-engineering-llc
QFG7EC12DQK4,"UNITED RENTALS (NORTH AMERICA), INC.",www.unitedrentals.com,https://linkedin.com/company/united-rentals
QFRGFDPNNPV5,PTI TECHNOLOGIES INC.,ptitechnologies.com,https://linkedin.com/company/pti-technologies
QFTMCUCD7NC6,"TERRA UNIVERSAL, INC.",http://www.terrauniversal.com,https://linkedin.com/company/terra-universal-inc-
QFWTDKYPYVM9,DUKE UNIVERSITY,,
QG13FYK3WBF3,"MCG HEALTH, LLC.",www.mcg.com,https://linkedin.com/company/mcg-part-of-the-hearst-health-network
QG3GZN2MRGF7,SOUTH PARK MOTOR LINES INC,,
QG59CLA9PMY7,"KADSCI, LLC",https://www.kadsci.com,https://linkedin.com/company/kadsci
QGAAEMCMJXQ7,"REDHAWK IT SOLUTIONS, LLC",http://www.redhawkit.com,https://linkedin.com/company/redhawk-it
QGASDYK1ZH51,"PCX AEROSYSTEMS-MANCHESTER, LLC",www.applied-aerospace.com,https://linkedin.com/company/applied-aerospace-defense
QGB4RDYJNJT9,ELLWOOD NATIONAL FORGE COMPANY,https://www.ellwoodnationalforge.com,https://linkedin.com/company/ellwood-national-forge
QGC7CHWHPT51,"JOHNSON, MIRMIRAN & THOMPSON, INC.",http://www.jmt.com,https://linkedin.com/company/johnson-mirmiran-&-thompson
QGCAXB73WF51,"SCIUMO, INC.",http://sciumo.com,
QGCLN5Q353R4,"ALQIMI TECHNOLOGY SOLUTIONS, INC.",http://www.ALQIMI.COM,https://linkedin.com/company/alqimi
QGE9LMEVS8A1,TURBINEONE INC,www.turbineone.com,https://linkedin.com/company/turbineone-llc
QGEYKEC8HHP5,"BRANDES ASSOCIATES, INC.",https://www.brandesassociates.com,https://linkedin.com/company/brandes-associates-inc.
QGGNCPFPJAY8,PREMIER COATINGS AND FLOORING L.L.C,,
QGHVBBAGV5Q7,WOOD EQUIPMENT SERVICE CO.,www.woodequip.com,https://linkedin.com/company/woodequipmentcompany
QGLKHDNEX3R5,"BELCAN GOVERNMENT SOLUTIONS, INC.",https://www.belcan.com/solutions/government-solutions/,https://linkedin.com/company/belcan-engineering
QGNAGC2ECZT8,JAWANA COMPANY,,
QGNJMBMXHJL7,COMMERCIAL FLOORING COMPANY,,
QGSTG1FELL18,"TRIO PRECISION, INC",trioprecisioninc.com,https://linkedin.com/company/trio-precision-inc.
QGT4L5DB5LL1,EGYPTIAN INTERNATIONAL MOTORS SAE,,
QGXUF3K6UB97,"SYSTEMS TECHNOLOGY FORUM, LTD.",http://www.stf-ltd.com,https://linkedin.com/company/systems-technology-forum-ltd-stf-
QGYXKJ7BLVL5,"PHOTONIC SYSTEMS, INC.",HTTP://WWW.PHOTONICSINC.COM,https://linkedin.com/company/photonic-systems-inc.
QH3DZGNHN7K3,RHINOCORPS LTD. CO.,www.rhinocorps.com,https://linkedin.com/company/rhinocorps
QH3TRKAQMND9,"GEOSPARK ANALYTICS, INC.",https://seerist.com/government/,https://linkedin.com/company/seeristinc
QH6HY3CNGN73,"VAST MANUFACTURING, INC",http://www.vastmfg.com,
QH94LX4GCJ54,"WILKS, KOMIYA",,
QHA3FXMLYAL6,NES COMPANY INC.,https://www.nescompany.com,https://linkedin.com/company/nes-company-inc
QHAVLBF73M57,WORLD SERVICES LLC,www.wsllc.com,https://linkedin.com/company/world-servicesllc
QHBLBNKKV4U3,"ICF INCORPORATED, L.L.C.",http://www.icf.com/,https://linkedin.com/company/icf-international
QHEAR451JMM3,"ELECTRICAL UTILITY DISASTER SPECIALISTS, INC.",,
QHEECXDESSL9,"DATA SECURITY, INC",http://www.datasecurityinc.com,https://linkedin.com/company/data-security-inc
QHF5ZZ114M72,THE TRUSTEES OF COLUMBIA UNIVERSITY IN THE CITY OF NEW YORK,http://www.cumc.columbia.edu,https://linkedin.com/company/cardiology-division
QHFQJ5FMSQS9,DYNASAFE US LLC,www.dynasafe.com,https://linkedin.com/company/dynasafe-com
QHJKQMADF4L1,"THE SOUNDCOAT COMPANY, INC.",https://soundcoat.com/resources/company-news,https://linkedin.com/company/the-soundcoat-company-inc
QHL3D738D7L4,APPIAN CORPORATION,https://appian.com/,https://linkedin.com/company/appian
QHL5DNL1NUK3,AMERICAN ORDNANCE LLC,www.aollc.biz,https://linkedin.com/company/american-ordinance
QHT5J3JRX5U5,PLAZA MARINE INC,,
QHUMDV3X4PA1,"CORNER POST, LLC",www.cornerpostmanagement.com,https://linkedin.com/company/corner-post-management-experts
QHW3H3LTFF11,"AMERICAN ELECTRIC, INC.",,
QHXSXK1K7SS6,SALUS WORLDWIDE SOLUTIONS LLC,,
QHYTZ1GVCMV6,MUJERES TRANSFORMANDO EL MUNDO,,
QHZ7ZZZS5KM8,MENLO SYSTEMS INC,www.menlosystems.com,https://linkedin.com/company/menlo-systems
QJ1EX9D8JRR6,"LEYDEN SOLUTIONS, INC.",https://www.leydensolutions.com/,https://linkedin.com/company/leydensolutions
QJ46UAAJVD66,"MAYDAY COMMUNICATIONS, INC.",,
QJ4FRBLBCKG3,"LAW OFFICES OF MARTINEZ, NGUYEN, AND MAGANA LLP",,
QJ4QKHCFLRN8,"CHICAGO PNEUMATIC TOOL COMPANY, LLC",,
QJ52M1XFY123,RED QUEEN MEDIA INC,,
QJ58YL55YKF3,"ROCKWELL COLLINS, INC.",https://www.collinsaerospace.com/,https://linkedin.com/company/collins-aerospace
QJ6XRDCXNUW1,THE PENNSYLVANIA STATE UNIVERSITY,,
QJ8GDNZ7RMC5,MCMASTER-CARR SUPPLY COMPANY,www.mcmaster.com,https://linkedin.com/company/mcmaster-carr
QJ8HMDK7MRM3,UNIVERSITY OF CALIFORNIA SAN DIEGO,http://sio.ucsd.edu/,
QJ8VM18ZNML4,"MINDBANK CONSULTING GROUP, L.L.C.",www.mindbank.com,https://linkedin.com/company/mindbank-consulting-group-llc
QJ9LK5SYKHF3,MOVEMENTFORWARD INC,https://www.movementforward.org,https://linkedin.com/company/movement-forward-inc
QJD7W4CUEN63,PARSONS GOVERNMENT SERVICES INC,www.parsons.com,https://linkedin.com/company/parsons
QJFJBF8ZBUM8,TRANE U.S. INC.,http://www.trane.com,https://linkedin.com/company/trane
QJJ2NJQ7WXS8,3SL INC,http://www.us-3sl.com,https://linkedin.com/company/3sl-inc
QJJKDBDFVEN3,MATERIALS RESEARCH FURNACES LLC,www.mrf-furnaces.com,https://linkedin.com/company/materials-research-furnaces
QJKEW7EBD3E8,STEWARTS FOREST PRODUCTS INC,www.sfp-inc.com,
QJMDMYEAWSF6,"ENVEIL, INC.",www.enveil.com,https://linkedin.com/company/enveil
QJMQR2EMLV26,"TEMARCO SALES, INC.",,
QJNQRG8FVSC5,PLASCORE INC,http://www.plascore.com,https://linkedin.com/company/plascore
QJPKU8SMJX55,"GENERAL DATATECH, L.P.",www.gdt.com,https://linkedin.com/company/general-datatech
QJS8NTDJKJE1,"SUNPOWER, INC",http://www.sunpowerinc.com,https://linkedin.com/company/sunpower-inc.
QJSTLNNNVAD7,"HEALTHMARK INDUSTRIES CO., INC.",http://www.hmark.com,https://linkedin.com/company/healthmark-industries
QJTATVFZ8DD1,"MELROSE MAC, INC.",https://melroseinc.com/,https://linkedin.com/company/melrose-inc-mac
QJU7P21F1QN4,"COSGROVE AIRCRAFT SERVICE, INC.",www.cosgroveaircraft.com,https://linkedin.com/company/cosgrove-aircraft-service-inc.
QJVAV831SAR6,MIDWEST PRECISION LLC,http://www.midwestllc.com,https://linkedin.com/company/midwest-precision-llc
QJW7KTT6MGN4,"JBK MANUFACTURING, LLC",,
QK1KJ768YMR6,DATA CLEAN LLC,http://www.dataclean.com,https://linkedin.com/company/dataclean
QK2SMKX89LE3,CAVOTEC DABICO US INC.,,
QK5BWEQHAD26,"TRUE NORTH ENTERPRISES, LLC",https://www.tne3pl.com,https://linkedin.com/company/tne-3pl
QK66A86PKE67,"OXFORD INSTRUMENTS AMERICA, INC.",https://www.oxinst.com/,https://linkedin.com/company/oxford-instruments
QK7ZR63LQAB4,ELITE RF LLC,www.eliterfllc.com,https://linkedin.com/company/elite-rf
QK9JCDA3MQY6,LITA OCEAN PTE. LTD.,,
QKA3Y52J3KS7,ABU RAGUEB GENERAL TRADING L.L.C,www.aburaguebgeneraltrading.com,
QKA6SNJC37L7,CAPY MACHINE SHOP INC.,http://capymachine.com/,https://linkedin.com/company/capy-machine-shop-inc
QKB5GNLTXLB5,EMAX LABORATORIES INC,http://www.emaxlabs.com,
QKCEA1Y21SG6,SORREL ASSOCIATES LLC,www.sorrelassociates.com,https://linkedin.com/company/sorrelassociates
QKCFMFL4MKT6,"MARYLAND ELEVATOR SERVICES, INC.",,
QKCUJK5VA4J2,AWARE EON LLC,http://www.awareon.com,https://linkedin.com/company/aware-eon-llc
QKHMGF3D79Z5,PRECISION CONTROL SYSTEMS INC,http://www.pcscontrols.com,
QKJHQNMUWJ37,"TQI SOLUTIONS, INC.",http://www.tqiinc.com,https://linkedin.com/company/tqi-solutions
QKJPZFNEJTM1,"KRAMER INDUSTRIES, INC",www.kramerindustriesonline.com,https://linkedin.com/company/kramerindustries
QKNTSJDQNVV8,DELHUR INDUSTRIES INC,www.delhur.com,https://linkedin.com/company/delhur-industries-inc.
QKQ4KXK29PT7,WACO INC,https://www.wacoinc.net,https://linkedin.com/company/waco-inc-
QKRCEWH6J3K3,"MINOAN INDUSTRIAL, LLC",minoanpainting.com,https://linkedin.com/company/minoan-inc
QKSUPXKMSYQ7,PENNSYLVANIA STATE UNIVERSITY,,
QKSWLJ25FKY3,HUMAN LINK DMCC,,
QKT2JAQ44AT8,"SEGURA ENTERPRISES, INC",http://www.segurasecurity.com,https://linkedin.com/company/segura-enterprises-inc-
QKT9RNH9KZ73,INTERACTIVE NORTHWEST INC,http://www.interactivenw.com,https://linkedin.com/company/interactive-northwest-inc.
QKVAUQ46LEE3,JANNAT TIKRIT COMPANY,,
QKVWLDNE82D4,SIKICH CPA LLC,www.sikich.com,https://linkedin.com/company/sikich
QKWEF8XLMTT3,UNIVERSITY OF HOUSTON SYSTEM,,
QKWJJT8KENH5,"BOLTON PARTNERS, INC.",https://www.boltonusa.com,https://linkedin.com/company/boltonusa
QKXCUBQF9NT9,"URS FEDERAL SERVICES INTERNATIONAL, INC",www.amentum.com,https://linkedin.com/company/amentumcorp
QKXVTWJFQKA9,ERASMUS UNIVERSITAIR MEDISCH CENTRUM ROTTERDAM (ERASMUS MC),,
QKY4AL7JR745,NEXTIS SOLUTIONS INC.,https://www.nextis3.com,https://linkedin.com/company/nextis-solutions-inc
QKZEKS7MWAS7,BRIX PAVING NORTHWEST INC,,
QKZVN37FKAN1,"REDBIRD FLIGHT SIMULATIONS, INC.",,
QL55K4X5N5P9,"IDFP ENTERPRISES, INC.",www.idfpconsulting.com,https://linkedin.com/company/idfp-enterprises
QL6NFCVMJKN5,UNORDINARY GROUP LLC,https://www.unordinarygroup.com/,https://linkedin.com/company/unordinary-group
QL9JKLSA7A41,"QUALITY CORNERS CO. FOR TRADING, CONTRACTING & GEN",,
QLCUHKMGFKE3,POTOMAC MANAGEMENT SOLUTIONS LLC,http://www.potomacmngmnt.com/,
QLDKWDGXGJL6,RAMTECH BUILDING SYSTEMS INC,https://www.ramtechmodular.com,https://linkedin.com/company/ramtech-building-systems-inc-
QLFMZLNA1MD7,"FLEXIBLE CIRCUITS, INC.",,
QLGYLD5KCVR4,PRECISION SURVEYS INC,https://www.precisionsurveysinc.com/,https://linkedin.com/company/precision-surveys-inc-
QLHLC91JHNJ7,JANKEL TACTICAL SYSTEMS LLC,,
QLHNZ89S1B37,"VENTURI, LLC",www.venturiaerospace.com,https://linkedin.com/company/venturi-inc-
QLKEE8K9C1C6,OAKLEA SECURITY SERVICES LLC,,
QLKQELNH5HX5,"ALIGN PRECISION - CEDAR CITY, LLC",https://alignprecision.com,https://linkedin.com/company/align-precision
QLKRQQYEHKW8,SUMIX CORPORATION,www.sumix.com,https://linkedin.com/company/sumix
QLLSET4H4JY5,"SOUTH AIR HELICOPTER, INC.",,
QLM1U1N3BT54,"WEBWORLD TECHNOLOGIES, INC.",http://www.wti-solutions.com,https://linkedin.com/company/webworld-technologies
QLNMVC12KWY3,"LEIDOS, INC.",http://www.leidos.com,https://linkedin.com/company/leidos
QLR1UQAG8L85,HAMPTON RUBBER COMPANY,https://hamptonrubber.com/,https://linkedin.com/company/hampton-rubber-company
QLTEQDZZCMD3,COLTCAM LLC,www.coltcam.com,https://linkedin.com/company/coltcam-llc
QLTXH525A671,"RAPID PREP, LLC",www.rapidprep.com,https://linkedin.com/company/rapid-prep-llc
QLUBHJHYBJ13,MOUNT AIREY GROUP LLC,http://www.mountaireygroup.com,https://linkedin.com/company/mount-airey-group-inc-
QLZ1KQ9ETZH3,"SABRE SYSTEMS, LLC",http://www.sabresystems.com,https://linkedin.com/company/sabre-systems-inc-
QLZ9LM9VLE73,TEC SOLUTIONS LLC,www.tecsolutionsva.com,https://linkedin.com/company/tecsolutionsva
QM3YYUBM2GF6,NATSOFT CORP,www.natsoft.us,https://linkedin.com/company/natsoft
QM4EZDV15JL8,"L3HARRIS TECHNOLOGIES, INC.",www.l3harris.com,https://linkedin.com/company/l3harris-technologies
QM4NNN95JLK4,PATRIOT BOLT LLC,www.patriotbolt.com,https://linkedin.com/company/patriot-bolt
QM5KQML3ZGQ7,"IMMIXGROUP, INC",https://www.arrow.com/globalecs/immixgroup/,https://linkedin.com/company/arrow-electronics
QM5LMVLJHKJ4,HASTINGS KATHERINE B,,
QM62PN79ERN3,"SAMUEL, SON & CO. (USA) INC.",https://www.samuel.com/,https://linkedin.com/company/samuel-son-&-co-limited
QM7WE2J94BZ4,"FRONTIER SUPPLY, INC",http://www.frontiersupply.com,https://linkedin.com/company/frontier-supply-company
QMALL67LLC74,UNIVERSITE LAVAL,http://www.ulaval.ca/,https://linkedin.com/company/universite-laval
QMDHMFXJXRP7,"STEEL ASSOCIATES, INC.",,
QMECBWJGBWN5,MALLORY METAL PRODUCTS INC,Mallory Metal Products,
QMHFNNA8AU95,SLS AVIATION LTD,,
QMJ9KYHKV3J5,AIRTECH LLC,https://aircompressors.com/,https://linkedin.com/company/air-technologies
QMK3QMV12U61,NRC ENVIRONMENTAL SERVICES INC.,,
QMKKQJFH5LG9,CAMBRIDGE SPECIALTY CO. INC.,https://www.cambridgespecialty.com/,https://linkedin.com/company/cambridge-specialty
QMKQMC6EYNK7,"KBL, INC",www.abadantc.com,https://linkedin.com/company/abadan_inc
QMKVMFMA3GQ9,EDGEBYTESOLUTIONS LLC,https://edgebytesolutions.com,
QML6G8VMLB66,DAVCON INC,,
QMLMMTBNMZM6,"LITEYE SYSTEMS, INC.",https://dzyne.com,
QMM4J1H1GU79,RC CLARK CONSULTING INC,https://rcclarkinc.com/,https://linkedin.com/company/rc-clark-consulting-inc
QMNKT65NJD83,"CENTER FOR DISEASE DETECTION, LLC",http://www.cddmedical.labcorp.com,
QMSNPG9CCUJ5,PRO-TYPE INDUSTRIES INC,http://www.pro-type.com,https://linkedin.com/company/pro-type-industries
QMSXDR2QE3J5,ECOTECHNICAL LLC,https://eco-technical.com/,
QMTTL6WERHE4,"VISION MANUFACTURING TECHNOLOGIES, INC.",www.visionmt.net,https://linkedin.com/company/vision-mt
QMUEPNSKN2Y5,NAC LPT LLC,www.naclpt.com,https://linkedin.com/company/nac-lpt-llc
QMUGV6HBNBB9,"JVC QUALITY SERVICES, INC.",www.jvgillcontractors.com,
QMXJSTYT4ES4,TECH TO TECH INC.,https://tec2tec.com,
QN1BCFY7JDJ5,RTX CORPORATION,,
QN5JDBPL4DR6,"DAIDONE ELECTRIC, INC.",www.daidoneelectric.com,https://linkedin.com/company/daidone-electric-inc-
QN6MS4VN7BD1,BRIGHAM & WOMENS HOSPITAL INC,,
QN7FEJE7BLM3,"APTIMA PUERTO RICO, LLC",https://www.aptima.com/aptimapr/,https://linkedin.com/company/aptima-inc.
QN8HX78F66V7,FORWARDWORKS CONSULTING LLC,www.forwardworks.net,https://linkedin.com/company/forwardworks
QN9KJUNEHU44,"ACTALENT SERVICES, LLC",,
QNBSZPKPXN83,"SPECTRUM CONTROL, INC.",www.spectrumcontrol.com,https://linkedin.com/company/api-technologies-corp-
QNDPAX7AMSB9,TEKCROP CORPORATION,,
QNF5KM7YJSN7,"SOUTHCOAST WELDING & MANUFACTURING, LLC.",www.southcoastwelding.net,https://linkedin.com/company/southcoast-welding-institute
QNF8NE7JQ2R9,"SPIDER STRATEGIES, INC.",http://www.spiderstrategies.com,https://linkedin.com/company/spider-strategies
QNFMA7TA1JN7,"SAVI, LLC",saviteam.com,https://linkedin.com/company/savi-llc
QNGYLQLLKLL1,"AGRICULTURE AND PRIORITY POLLUTANTS LABORATORIES, LLC",http://www.metirigroup.com,https://linkedin.com/company/metirianalyticalgroup
QNJWX1531ND3,"AMERGINT TECHNOLOGIES, INC.",http://www.arka.org,https://linkedin.com/company/arka-group-technologies
QNKQKSZ6KXW1,ALIMAK GROUP USA INC,http://www.alimakhek.com,https://linkedin.com/company/alimak-hek-limited
QNL5MC264HN8,"UNIFIED DOOR AND HARDWARE GROUP, LLC",www.udhgroup.com,https://linkedin.com/company/unified-door-and-hardware-group
QNLWNK9QBKN9,HC PECK & ASSOCIATES INC,http://www.hcpeck.com,
QNM3ENFUF561,"TROY 7, INC.",http://www.troy7.com,https://linkedin.com/company/troy-7-inc.
QNM9J87U6PW4,AEG GROUP INC,https://www.aeg-group.com/,https://linkedin.com/company/aeg-group-inc.
QNN8F7HZXGF4,"MCT INDUSTRIES, INC.",http://www.mct-ind.com,
QNNMZA4LDYN6,AL BURHAN GROUP,www.alburhangroup.com,https://linkedin.com/company/al-burhan-group
QNQKAMKRLGW3,"MORE LOVING CARE, LLC",,
QNRCYPEL6MA1,SANDEC GMBH,,
QNS1DN67KJ85,SAFE PASSAGE PROJECT CORP,www.safepassageproject.org,https://linkedin.com/company/safe-passage-project
QNSKK8D3J5A9,CREATION TECHNOLOGIES NEW YORK INC.,https://www.creationtech.com/,https://linkedin.com/company/creation-technologies
QNV1MYJFLAG1,MULTISOURCE MANUFACTURING LLC,WWW.MULTISOURCEMFG.COM,https://linkedin.com/company/multisourcemanufacturingllc
QNXRK3LEY5W8,LIBERTY ALLIANCE INC,https://www.libertyalliance.com/,https://linkedin.com/company/liberty-alliance
QP1HQPUGCKU8,"TRI-TECH PRECISION, INC.",www.tri-techprecision.com,https://linkedin.com/company/tri-tech-precision-inc.
QP32A82TA5G8,"ELBITAMERICA, INC.",,
QP4NKHYH6UG7,"DOCME360, LLC",www.docme360.com,https://linkedin.com/company/docme360
QP57CJTNKB53,RADIANT POWER CORP,http://www.rpcaero.com,
QP6JNG9NG627,RINGEN KNUT,,
QP7JBE6K5HL7,"MOTION INDUSTRIES, INC.",motion.com,https://linkedin.com/company/motionindustries
QPB2M919LQM5,MATERION BRUSH INC,http://www.MATERION.COM,https://linkedin.com/company/materion-corporation
QPDZHPXM37N3,"DADOES, INC.",rendered.ai,https://linkedin.com/company/rendered-ai
QPEDWWJLPNJ7,"ADVANCED TOWER SERVICES, LLC",http://www.advtower.com,https://linkedin.com/company/advanced-tower-services-inc.
QPFMBXNMQM85,"AEROTEK AFFILIATED SERVICES, INC.",www.aerotek.com,https://linkedin.com/company/aerotek
QPGUWMM49XG3,"PDI GROUND SUPPORT SYSTEMS, INC.",,
QPJ2BL657NN3,CYBERCORE TECHNOLOGIES LLC,http://cybercoretech.com/,https://linkedin.com/company/cybercore-technologies
QPJWEG27T3A9,"ALPHA SUPPLY, LLC",,
QPNFMRGKW1K6,EASTERN CO,https://www.easterncompany.com/,https://linkedin.com/company/the-eastern-company
QPPLFU93VLG6,"INDYNE, INC",,
QPYAKND4DQZ3,RYAN W. BORING P.E. LLC,,
QPZGAM8JPZY2,ELEVEN09 LLC,https://www.eleven-09.com,https://linkedin.com/company/eleven09-llc
QQ27VJH13BZ6,"OPDEC, INC",https://www.opdec.com,https://linkedin.com/company/opdec
QQ38DNMSUBF5,"PERIMETER SECURITY PARTNERS, LP",www.perimetersecuritypartners.com,https://linkedin.com/company/perimeter-security-partners
QQ7DAUGJ6MC7,CPI RADANT TECHNOLOGIES DIVISION INC.,http://www.cpii.com/division.cfm/12,https://linkedin.com/company/cpi
QQBMJX87JK59,SECHAY LLC,,
QQBSX6LMBE57,"BOBBY J'S SANTA FE MOTORSPORTS, LLC",,
QQG9V3DKCNS7,BUBBLE TECHNOLOGY INDUSTRIES INC,http://www.bubbletech.ca,https://linkedin.com/company/bubble-technology-industry-inc.
QQH3TVGM8N37,"HAMILTON INDUSTRIES, LLC",,
QQJRFBZ4X8D3,"FULLY LOADED ELECTRONICS, LLC",,
QQM1RU4EJYA6,"JERSEY MICROWAVE, LLC",https://www.jerseymicrowave.com,https://linkedin.com/company/jersey-microwave
QQMFAMV6DUP5,AANVICTA CONSULTING LLC,https://aanvicta.com/,https://linkedin.com/company/aanvicta-consulting-llc
QQNHKQM5N2W1,"EOS OF NORTH AMERICA, INC.",WWW.EOS.INFO,https://linkedin.com/company/eos
QQVBJS2KY283,EQUIFAX INFORMATION SERVICES LLC,http://www.equifax.com,https://linkedin.com/company/equifax
QR1CQH3TLLB6,REVOLV SPACE S.R.L.,www.revolvspace.com,https://linkedin.com/company/revolv-space
QR3JDQUSZTJ9,"ALLIED TECHNICAL SERVICES, LLC",http://www.alliedtechnicalservices.com,
QR4KQCXLYMR3,"HERMLE USA, INC",,
QR5KD5FMU9J7,"22 MILES, INC",http://www.22miles.com,https://linkedin.com/company/22miles-inc
QR71FTNJ6EH5,MOOG INC,www.protokraft.com,https://linkedin.com/company/moog-protokraft-inc.
QRCBC4P1JAB5,"AREA-I, LLC",,
QRDZBZEGLGW5,"LEED STAFFING LA BASIN, LLC",https://leadstaff.com/,https://linkedin.com/company/leadstaff
QRGVRBEDGER5,"JACK'S PLASTIC WELDING, INC",http://www.jpwinc.com,
QRK4XD4B2AW4,WEISS ACQUISITION LLC,www.weissindustrial.com,https://linkedin.com/company/weiss-industrial
QRKJGRVMZET3,VANDERVALK NEESON INSTRUMENTS LTD,www.vninstruments.com,https://linkedin.com/company/vn-instruments-ltd
QRLQMUFD87F3,"DEPLOYED GLOBAL SOLUTIONS, LLC",https://deployedglobalsolutions.com/,
QRM5TFUJ1735,"ASSOCIATION OF CERTIFIED ANTI-MONEY LAUNDERING SPECIALISTS, LLC",www.acams.org,https://linkedin.com/company/acams
QRMSF75ALDM2,FLORIDA INTERNATIONAL UNIVERSITY BOARD OF TRUSTEES,,
QRSWLGWF65E9,"FISICA APPLIED TECHNOLOGIES, INC.",https://www.fisica.com/,https://linkedin.com/company/fisica-inc
QS48M3NLKZ79,GUARDIAN IGNITION INTERLOCK MANUFACTURING INC,https://www.guardianmfg.com,https://linkedin.com/company/guardian-manufacturing
QS5XFLTJWL81,DOVE WING TECHNOLOGIES INC,,
QSDLXZRW42A9,"LAWSON PRODUCTS, INC.",www.lawsonproducts.com,https://linkedin.com/company/lawson-products
QSFANFHSM6L1,"THE KNOTTS COMPANY, INC.",http://www.knottsco.com,https://linkedin.com/company/the-knotts-company
QSGDZQ813VB7,INSACO INC,www.insaco.com,https://linkedin.com/company/insaco-inc
QSJNFALVA2P4,CONTAINER SALVAGE CO. INC.,,
QSJZXRE74N76,UP IN SMOKE WELDING APPAREL USA LLC,www.upinsmokewelding.com,https://linkedin.com/company/up-in-smoke-welding-apparel
QSKYG5LPGPJ6,"INTERPRETERS UNLIMITED, INC.",www.interpreters.com,https://linkedin.com/company/interpreters-unlimited-inc-
QSRPGMFF3V83,"LA GROUP - LANDSCAPE ARCHITECTURE AND ENGINEERING P.C., THE",http://www.thelagroup.com,https://linkedin.com/company/the-la-group
QSRTXLFKV857,CACI INTERNATIONAL INC,http://www.caci.com,https://linkedin.com/company/caci-international-inc
QSTAN1HJRXJ5,AMERICAN GEOPHYSICAL UNION,https://www.agu.org,https://linkedin.com/company/american-geophysical-union
QSXSDASP8FT6,MICROCHIP TECHNOLOGY INC,http://www.microchip.com,https://linkedin.com/company/microchip-technology
QSYWD21GKVA1,BIGELOW FAMILY HOLDINGS LLC,www.mettleops.com,https://linkedin.com/company/mettle-ops
QSZUW43TU2K9,WEBBYWELL INC,,
QT2LH3WGJ7D5,COOPER FIRE PROTECTION SERVICES INC,www.cooperfirepro.com,https://linkedin.com/company/cooper-fire-protection-services-inc-
QT2VZ9L1VPQ1,"22ND CENTURY TECHNOLOGIES, INC.",http://www.tscti.com,https://linkedin.com/company/22ndcenturytechnologies
QT35DL66DXR3,"FRAMEWORK NORTHWEST CONSULTING, LLC",frameworknw.com,
QT8MN8A81NB7,NGB CORP,www.stellartech.com,https://linkedin.com/company/stellartech
QTC6T5EKB8V7,5S COMPONENTS INC,,
QTEBHJGEUGA1,"HARTGEN ARCHEOLOGICAL ASSOCIATES, INC.",www.hartgen.com,https://linkedin.com/company/hartgen-archeological-associates-inc.
QTETSKQ98BL5,THE LILLY COMPANY,http://www.lillyco.com,
QTGBJMFN6DC3,MACRO-Z-TECHNOLOGY COMPANY,https://www.mztco.com,https://linkedin.com/company/macro-z-technology
QTJJGMLHN6A3,"TELEMETRY & COMMUNICATIONS SYSTEMS, INC.",http://www.tcs-la.com,
QTJZT9K41S61,"LAULIMA GOVERNMENT SOLUTIONS, LLC",www.laulimags.com,https://linkedin.com/company/laulima-government-solutions-llc
QTL4LAN6J3U5,PARADIGM PARACHUTE AND DEFENSE INC,https://paradigmparachute.com/,https://linkedin.com/company/paradigmparachute
QTM9WUQW8JL6,"JONES LANG LASALLE AMERICAS, INC.",http://www.jll.com,https://linkedin.com/company/jll
QTRFXSZSMXC7,LEVITEK LLC,https://www.levitek.com/,
QTWHA89JJNZ6,VERTILON CORPORATION,https://www.vertilon.com,https://linkedin.com/company/vertilon-corporation
QU41PVCZTTR5,"SHOPPAS MID AMERICA, LLC",http://www.Shoppas.com,https://linkedin.com/company/shoppas-com
QU4LMJCPF2B3,TCI FLOORS INC,http://www.tcifloors.com/,
QU4WB47L12P5,BELL ELECTRIC CORP,,
QU6CMJL2D6D7,"ATI, INC.",http://www.atiinc.com,https://linkedin.com/company/ati-inc
QUAANMU7ESY8,DANA INCORPORATED,,
QUANEQ75Y4M5,STAGWELL GOVERNMENT LLC,www.stagwellglobal.com,https://linkedin.com/company/stagwell
QUBKR6Z4KC21,TGS CABLES,,
QUJUF1N36PB9,ACCI ROOFING SERVICES,acciroofing.com,https://linkedin.com/company/acci-roofing-svc
QUL1VPLDMCF1,"PACE, INCORPORATED",www.paceworldwide.com,https://linkedin.com/company/pace-worldwide
QULRXKMBD576,PACIFIC STAR CORPORATION,http://www.pfstar.com,https://linkedin.com/company/pacific-star-corporation-psc
QUP4RNLD39E6,SLAC NATIONAL ACCELERATOR LABORATORY,,
QURMFJQHFCB9,DUPHAR,,
QV2ENZDKB4N6,"MERCURY SOLUTIONS, INC.",,
QV2NHBRB94Y3,MORLEY CONSTRUCTION COMPANY,,
QV2TVB11JJ63,CONTROLLED DEMOLITION INC,http://www.controlled-demolition.com,https://linkedin.com/company/controlled-demolition-inc
QV38GMJUBJQ3,L3HARRIS MARITIME SERVICES INC,https://www.l3harris.com/,https://linkedin.com/company/l3harris-technologies
QV5JQ9HCQSG4,"NUVISION ENGINEERING, INC",https://www.nuvisionengineering.com,https://linkedin.com/company/nuvisionengineering
QV6XZW5DSTA4,"GREENFIELD DIVERSIFIED, LLC",www.consulex.com,https://linkedin.com/company/consulex-corrosion-professionals
QV9LJX2T8WF6,"LIVE THE LIFE COMMERCIAL, LLC",www.LiveTheLife.org,https://linkedin.com/company/live-the-life
QVDMAW2TVBE7,"EUROFINS ELECTRICAL AND ELECTRONIC TESTING NA, LLC",http://www.metlabs.com/,https://linkedin.com/company/eurofins-ee-north-america
QVEKLLJUGHJ7,"LMI CONSULTING, LLC",www.lmisolutions.com,
QVHMVJGPJ4U3,F & P CONSULTANTS LLC,http://www.fpconsultants.net,https://linkedin.com/company/f-&-p-consultants-llc
QVJ2MX73AEA6,CENTER FOR STRATEGIC AND BUDGETARY ASSESSMENTS,http://www.csbaonline.org,https://linkedin.com/company/center-for-strategic-and-budgetary-assessments
QVMLD4U1NSH4,"ROBERT M. HADLEY COMPANY, INC.",https://www.rmhco.com/,https://linkedin.com/company/robert-m-hadley-company-inc
QVMNENYLACL6,FUNDACION UNIVERSIDAD DEL NORTE,http://www.uninorte.edu.co,https://linkedin.com/company/universidad-del-norte
QVNDSPRPANP8,"SWLOMELI, INC.",http://www.swlomeli.com,
QVNNKA96F1S8,"CMN, LLC",https://cmnllc.net/,https://linkedin.com/company/cmnllc
QVP8ZS6B3S74,"SENSOR SYSTEMS, L.L.C.",,
QVUUARET28N8,"VISTA INNOVATIVE SOLUTIONS, LLC",https://vis-anc.com/,https://linkedin.com/company/vista-innovative-solutions-llc
QVVDJMBZYNC2,"KALER GROUP, THE LLC",https://www.thekalergroup.com,https://linkedin.com/company/the-kaler-group
QVVVKBXLM7A1,PACIFIC ALLIANCE CAPITAL LLC,http://www.pacalliancecapital.com,
QVWQNA3EBND1,PPT GROUP CORP,https://www.pptgroup.com,https://linkedin.com/company/physical-properties-testers
QW12SATJLKM9,ALLIED SECURITY HOLDINGS LLC,,
QW2BEMRW81A3,KILLDEER MOUNTAIN MANUFACTURING INC,http://www.kmmnorthdakota.com,
QW45JEUG3XR6,CORPORATE ACCOUNTABILITY LAB,,
QW45QCC96H55,TAYLORS INTERNATIONAL SERVICES INC,http://www.taylors-international.com,https://linkedin.com/company/taylors-international-services-inc-
QW4KBRD5CM13,IDORSIA PHARMACEUTICALS LTD,http://www.idorsia.com,https://linkedin.com/company/idorsia
QW9FCN7585J5,"DUCOMMUN AEROSTRUCTURES MEXICO, LLC",www.ducommun.com,https://linkedin.com/company/ducommun-incorporated
QW9XQJVMY8J3,AVEPOINT PUBLIC SECTOR INC,www.avepointpublicsector.com,
QWAGZEE2W9E9,"CS BEATTY CONSTRUCTION, LLC",www.csbeatty.com,https://linkedin.com/company/c.s.-beatty-construction-inc.
QWB1CM7Z8HN1,HJM CONSULTING LLC,http://gohjm.com,https://linkedin.com/company/hjm-consulting-llc
QWEDFSEHGRE5,FERRO CERAMIC GRINDING INC,https://ferroceramic.com/,https://linkedin.com/company/ferro-ceramic-grinding-inc.
QWJZAFBTKKD1,"ANDREW REISE SERVICES, LLC",www.andrewreise.com,https://linkedin.com/company/andrewreise
QWM1XWLUFQM8,TRIDENT SYSTEMS LLC,http://www.tridsys.com/,https://linkedin.com/company/trident-systems
QWMTJGKDKUZ7,"IQE KC, LLC",www.iqep.com,https://linkedin.com/company/iqe
QWQYJDNHA561,"L3HARRIS TECHNOLOGIES, INC.",www.l3harris.com,https://linkedin.com/company/l3harris-technologies
QWTUELTHZLQ9,FORTINET FEDERAL INC,http://www.fortinetfederal.com,https://linkedin.com/company/fortinetfederal
QWZMY8XEWGD1,EMERGING TECHNOLOGY SUPPORT LLC,https://www.emtecsu.com,https://linkedin.com/company/emerging-technology-support-llc
QX77M3BKEZU5,BISCO INDUSTRIES INC,www.biscoind.com,https://linkedin.com/company/bisco-industries
QX7DZJVKEFF4,"POWERS, SEAN",,
QX7ZXGLD1KU3,"THE WINTER CONSTRUCTION COMPANY, LLC",http://www.wintercompanies.com,https://linkedin.com/company/winter-environmental
QX98PEMJ7AT5,"ORBIT ADVANCED TECHNOLOGIES, INC.",,
QX9EB7LHSNL3,"HAGE ELECTRIC & CONSTRUCTION SERVICES, INC",www.hageelectric.com,https://linkedin.com/company/hage-electric-&-construction-services-inc
QXBKEK5KA987,TELECOM ITALIA SPA O TIM S.P.A.,www.telecomitalia.com,
QXCJLSJ7NPC3,"EIC LABORATORIES, INC.",www.eiclabs.com,https://linkedin.com/company/eic-laboratories
QXD1ECBZAMK5,NATIONAL UNIVERSITY HOSPITAL (SINGAPORE) PTE LTD,https://www.nuh.com.sg/Pages/Home.aspx,https://linkedin.com/company/national-university-hospital
QXEBMAKXX2X8,"3D SYSTEMS, INC.",http://www.3dsystems.com,https://linkedin.com/company/3d-systems
QXJELJFTHN45,"BESST, INC",http://www.besst-inc.com,https://linkedin.com/company/besst-inc.
QXKWUPZ9NK29,WESTERN SALES & TESTING OF AMARILLO INC,http://www.western.group,
QXMJJ74REMM7,"IVAN WARE & SON, LLC",http://www.wareinc.com,https://linkedin.com/company/ware-inc
QXMNPGPXF2W6,"BIO-LOGIC USA, LLC",http://www.bio-logic.us,
QXRBEUNSH2W8,CERTARUS USA LTD,,
QXUKMLMHJJ34,TACFI CONSULTING LLC,https://tacfi.us,https://linkedin.com/company/tacfi
QXWKXRZFSYE4,"CLEAN SWEEP SERVICES, LLC",www.procleansweep.com,
QXYJWWM9BFF6,"ENERGY AND ENVIRONMENT, LLC",,
QY17GG1JQ138,ENRIGHT CONSULTING LLC,,
QY1HM8HAPF75,DUNNING SHAWN M,www.shawnmdunning.com,
QY1SDK7CNNK5,SPIRAL BINDING LLC,www.spiralbinding.com,https://linkedin.com/company/spiral-binding
QY3KZKRBCE77,DIESEL DIRECT MID-ATLANTIC LLC,,
QY6ZENEB34D9,"TRILOGY FEDERAL, LLC",www.trilogyfederal.com,https://linkedin.com/company/trilogy-federal
QY7GNM5WDLB3,FLORENCE IMMIGRANT & REFUGEE RIGHTS PROJECT INC,,
QY7SAYHLCTJ5,"TELEDYNE MICROPAC, INC.",http://www.micropac.com,https://linkedin.com/company/micropac-industries-inc
QY7WJHEZXVJ9,"EUROFINS ENVIRONMENT TESTING NORTHERN CALIFORNIA, LLC",www.EurofinsUS.com/Env,
QY9BR29WZH69,"PARTICULATE SOLID RESEARCH, INC.",www.psri.org,https://linkedin.com/company/particulate-solid-research-inc.-psri-
QYCKMUJW2KE9,AMARK ENVIRONMENTAL LLC,,
QYFMBSFYNFE9,"THE HILLER COMPANIES, LLC",hillerfire.com,https://linkedin.com/company/hiller-systems-inc
QYK1L9Z3F4B5,"EXTENDE, INC.",www.extende.com,https://linkedin.com/company/extende
QYKAR7MJJXL7,MEGGITT SAFETY SYSTEMS INC,http://www.meggittsafety.com,
QYKJVTJ4TS75,"FULKERSON PLUMBING & HEATING CO., INC.",www.fulkerson-services.com,https://linkedin.com/company/fulkerson-plumbing-&-heating-co.-inc.
QYKVLL2FQWG3,INCA DIGITAL FEDERAL LLC,https://inca.digital,https://linkedin.com/company/incadigital
QYLXERHDAQL4,MARY HITCHCOCK MEMORIAL HOSPITAL,http://www.dartmouth-hitchcock.org/,https://linkedin.com/company/dartmouth-hitchcock
QYNFN7BQMK63,ELASTICSEARCH FEDERAL INC,www.elastic.co,https://linkedin.com/company/elastic-co
QYQRKK9MFVK4,SPERIDIAN TECHNOLOGIES LLC,http://www.speridian.com,https://linkedin.com/company/speridian-technologies
QYRSRR4J8NS7,NORTHSTAR CONTRACTING GROUP INC,WWW.NORTHSTAR.COM,https://linkedin.com/company/ncm-demolition-remediation
QYU7HDLDQK16,"INOTIV, INC",https://www.basinc.com/,https://linkedin.com/company/basi
QYVSKQGN5FT9,BSN SANTA FE ENTERPRISES INC,www.bsnsantafe.com,https://linkedin.com/company/bsnsantafe
QZ53LKPWJMD3,INSTITUTE OF GAS TECHNOLOGY,,
QZ8JHPAH38J3,"TECHNICAL AND PROJECT ENGINEERING, LLC",http://www.tape-llc.com,https://linkedin.com/company/tape-llc
QZ99SK1M3JY8,"CANNON LOAD BANKS, INC.",WWW.CANNONLOADBANKS.COM,https://linkedin.com/company/cannon-load-banks
QZ9NQ1EM31T3,GENTEX CORPORATION,www.gentexcorp.com,https://linkedin.com/company/gentex
QZAFQM8DS251,"ACCUTEC SERVICES, INC.",www.atsiusa.com,https://linkedin.com/company/accutec-services-inc-
QZCNEGF7DV88,"WILLIS CONSTRUCTION CONSULTING, INC.",https://willisestimating.com/,https://linkedin.com/company/willisconstructionconsulting
QZD8LHTTPEZ4,THE NATIONAL BUREAU OF ASIAN RESEARCH,http://www.nbr.org,https://linkedin.com/company/nbrnews
QZDUKLLN3LC9,CTS CEMENT MANUFACTURING CORP,www.ctscement.com,https://linkedin.com/company/cts-cement-manufacturing-corporation
QZFPGHL1TBW2,AFORGE LLC,www.aforge.us,
QZGLUM3SKYK5,WISS JANNEY ELSTNER ASSOCIATES INC,http://www.wje.com,https://linkedin.com/company/wiss-janney-elstner-associates-inc-
QZHCCV9JG277,US COMMUNICATIONS & ELECTRIC INC,http://www.uscande.com/,https://linkedin.com/company/uscommunications
QZK5LLM68969,AVM GROUP LLC,www.avmgroup.com,https://linkedin.com/company/the-avm-group
QZQSQ5LM4NS9,TECHNICAL LLC,,
QZQVFD48CNK5,"WELLS FARGO BANK, NATIONAL ASSOCIATION",,
QZRNT8AE6BK9,WASHINGTON FEDERAL STRATEGIES LLC,https://www.conspecinternational.com/radio-spectrum/,
QZYSDGPJVKM1,"HUBER + SUHNER, INC",http://www.hubersuhner.com,https://linkedin.com/company/hubersuhner
QZZRMJMBJ5D5,"MIRION TECHNOLOGIES (GDS), INC.",http://www.mirion.com,https://linkedin.com/company/mirion
R12VE1F7GS65,ATTX LLC,,
R158UVZ2NZD5,"XP TECHNOLOGIES, INC.",,
R15MK4RSWRD3,"DISYS SOLUTIONS, INC.",http://www.DSITech.com,https://linkedin.com/company/itbydsi
R167MANB44H6,DYNAMOMETER SERVICES GROUP LIMITED,https://api-com.group/,https://linkedin.com/company/apicom-s-p-a-
R16SEZFYWML3,CPI SATCOM & ANTENNA TECHNOLOGIES INC,http://www.cpii.com,https://linkedin.com/company/cpi
R18DQHAQ5AF8,NUUCO ELECTRIC CO,www.Nuuco.com,https://linkedin.com/company/nuuco-electric
R1AFXDAFM2H9,"MOORE NANOTECHNOLOGY SYSTEMS, LLC",www.nanotechsys.com,https://linkedin.com/company/moore-nanotechnology-systems-llc
R1ERBCLGZHV1,BOOZ ALLEN HAMILTON INC.,https://www.boozallen.com/,https://linkedin.com/company/booz-allen-hamilton
R1JEN78AMQD5,ACROBIOSYSTEMS INC,www.acrobiosystems.com,https://linkedin.com/company/acrobiosystems-co-ltd
R1KJBDCA4J55,WALL COLMONOY CORP,http://www.wallcolmonoy.com/aerobraze,https://linkedin.com/company/wall-colmonoy
R1LSGE9JKAR8,"AJA INTERNATIONAL, INC.",https://www.ajaint.com,https://linkedin.com/company/aja-international
R1MAFZH3MLM9,JOHNSON LASCHOBER & ASSOCIATES PC,www.theJLAgroup.com,https://linkedin.com/company/johnson-laschober-&-associates-p.c.
R1N3FFLJRRP3,"JQ2FT, LLC.",,
R1N8N7BY1JX5,POWELL ELECTRONICS INC,,
R1NJGYKVXNX9,ROCKVILLE STEEL & MANUFACTURING CO,https://rockvillesteelco.com,https://linkedin.com/company/rockville-steel-&-manufacturing-co-
R1TLDGG6HS75,CENTER MASS GROUP INC,https://flylock.com/locations/worcester/,https://linkedin.com/company/the-flying-locksmiths-south-atlanta
R1V7DQ3VKQP5,ENLIGHTEN IT CONSULTING LLC,https://www.eitccorp.com/,https://linkedin.com/company/we-are-enlighten
R1X2DA1N4L45,SPUR INTELLIGENCE CORPORATION,https://spur.us/,https://linkedin.com/company/spur-intelligence-corporation
R1XUKGWGLBD7,AUDACIOUS INQUIRY LLC,http://www.ainq.com,https://linkedin.com/company/audacious-inquiry-llc
R1YNKRAKS1Q3,"POINT BLANK ENTERPRISES, INC.",www.pointblankenterprises.com,https://linkedin.com/company/point-blank-enterprises-inc
R1Z7GKLVCLB3,"VALOR ENGINEERING ADVISORS, LLC",,
R1ZKRS8FCEK8,WORLD HOUSING SOLUTION INC.,www.WorldHousingSolution.com,
R21CPZMDHPT8,ANAKIM CONSULTING INCORPORATED,https://www.anakimconsulting.com,
R28EKN92ZTZ9,MICHIGAN STATE UNIVERSITY,www.msu.edu,https://linkedin.com/company/msa-of-msu
R2CHB1R8TNW4,EXPANDED RUBBER & PLASTICS CORP.,https://www.expandedrubber.com,https://linkedin.com/company/expanded-rubber-and-plastics-corp-
R2CWUZB9A1Y9,"SEACOAST EMBROIDERY, INC.",http://www.seacoastuniforms.com,https://linkedin.com/company/seacoast-uniforms
R2DNE58QYFB9,TELERION GMBH,,
R2LLM8APBY33,"ADITTECH CONSULTANTS, L.L.C.",https://www.adittech.com,
R2M8NMCFGG15,"CALL2RECYCLE, INC.",https://www.call2recycle.org,https://linkedin.com/company/call2recycle
R2N2BXU18KK3,"MARTIEL GROUP, LLC",,
R2QEM7EMNAK7,"HEIR ASSOCIATES, INC.",,
R2TFK47PYK14,PETERSON DRILLING & TESTING INC,http://peterson-drilling.com/,https://linkedin.com/company/peterson-drilling-inc
R2UHG5GUK2D1,AVL TECHNOLOGIES INC,www.avltech.com,https://linkedin.com/company/avl-technologies
R2VGJTEMCNL5,SIEMENS GOVERNMENT TECHNOLOGIES INC,http://www.siemensgovt.com,https://linkedin.com/company/siemensgovt
R2VWFYDTA115,NORLANDAIR EHF.,,
R2YQVBNMT495,"PRECISE TIME & FREQUENCY, LLC",www.ptf-llc.com,https://linkedin.com/company/precise-time-&-frequency-inc.
R2YZSTRDXZB3,"R. INDIG, LLC LLC",,
R32JKAVKHEB5,"SHELDON MANUFACTURING, INC.",http://www.sheldonmanufacturing.com,
R32ZMLFJ4DY3,CAPITOL TECH SOLUTIONS,,
R393G7785KH5,LAURUS SYSTEMS INC,https://www.LaurusSystems.com,https://linkedin.com/company/laurus-systems-inc.
R3AWTK2RLKD3,FAILSAFE HOUSE LIFTING SYSTEMS INC,,
R3BFZ2VEZAT2,OBAN CORPORATION,www.oban-corp.com,https://linkedin.com/company/oban-corp
R3DPJ1ZZJAK8,"SYSTEMS TECHNOLOGY, INC",http://www.systemstech.com,https://linkedin.com/company/systemstechinc
R3ECCNKLREP3,"SME HOLDINGS, LLC",,
R3EEK8DBL5D7,"BART & ASSOCIATES, LLC",https://www.bna-inc.com,https://linkedin.com/company/bart-&-associates
R3ESF7Q3DSX9,RAID INC,http://www.raidinc.com,https://linkedin.com/company/raid-incorporated
R3G6PWHQRAY5,FAIRWINDS TECHNOLOGIES LLC,www.fairwinds-tech.com,https://linkedin.com/company/fairwinds-tech
R3QXGSVL8AJ4,TECO-WESTINGHOUSE MOTOR COMPANY,https://www.tecowestinghouse.com/,https://linkedin.com/company/teco-westinghouse-motor-company
R3RNFE3KS335,"PRECISION AIRPARTS SUPPORT SERVICES, INC.",www.passinc.com,https://linkedin.com/company/precision-airparts-support-services-inc
R3UUUKCY1YG6,ALS LIMITED,,
R3V3JMPUGH89,QUANTUM LEAP RESEARCH LLC,,
R3X2HJRRUDB9,RSL ELECTRIC LLC,www.rslelectric.com,https://linkedin.com/company/rslelectricllc
R3XCABD7U5H4,"WHIPPANY ACTUATION SYSTEMS, LLC",,
R3Z7AW3DU515,FORVIS MAZARS CHARTERED ACCOUNTANTS AND CONSULTANTS,www.forvismazars.com/,https://linkedin.com/company/forvis-mazars-group
R42KNXSMC7K1,ATLANTIC INERTIAL SYSTEMS INC,https://www.rtx.com/,https://linkedin.com/company/raytheontechnologies
R46LGLUJQHP3,"INFINI-D ALCHEMY, INC.",www.ajtuckco.com,https://linkedin.com/company/a-j-tuck-company
R494GGV1AEM8,APPLIED PHYSICAL SCIENCES CORP,,
R4G3B4GVMF79,SIMPLE TECHNOLOGY SOLUTIONS INC.,SimpleTechnology.io,https://linkedin.com/company/keepitsts
R4GNTTCSKYF9,HYDRA SYSTEMS INC,,
R4KDFY4SQNM6,NNDATA CORPORATION,https://www.nndata.com/,https://linkedin.com/company/closedforbusiness
R4MLPM9AASL9,"CORESITE DENVER, L.L.C.",www.CoreSite.com,https://linkedin.com/company/coresite
R4MZWD5LNJ63,HOLMANS USA CORPORATION,www.holmans.com,https://linkedin.com/company/holmans-usa
R4N4GRULEFB4,"MIDWESTERN EQUIPMENT, L.C.",,
R4P8Q3HX62J3,GKN AEROSPACE SERVICES LIMITED,http://www.gkn.com,https://linkedin.com/company/gkn
R4U7R31PHU93,SCRIPTBYTES TECHNOLOGY SERVICES PRIVATE LIMITED,,
R4UBNWA8J425,"TOUCHPOINT INTERNATIONAL DEVELOPMENT GROUP, INC",https://www.tpidg.us,https://linkedin.com/company/tpidg
R4WZBMXSA1K1,"JOINTMEDOPS, LLC",,
R4XERP9CJLQ9,DIGITAL TRANSITIONS INC.,http://www.digitaltransitions.com,https://linkedin.com/company/digital-transitions
R4YHHGLGMYA4,PHOTO COMMUNICATIONS CORP.,https://www.meridiaars.com,https://linkedin.com/company/meridia-vote
R57LMZ2KHYB5,NIPUN TECHNOLOGIES INC,,
R5ABZCKL9RQ5,"AXNES, INC",http://www.axnes.com,https://linkedin.com/company/axnes
R5AFQ2D1TY89,DENNIS W POWERS PHD,,
R5E8MKQN3BY3,"MODULAR BUILDING SYSTEMS INTERNATIONAL, LLC",www.mbsi.com,https://linkedin.com/company/modular-building-systems-international
R5JQK3BYDJ14,SHANNON & WILSON INC,,
R5KXGA7V9AL8,SIG SAUER INC.,WWW.SIGSAUER.COM,https://linkedin.com/company/sigsauer
R5LPP1JR54L8,"PEAK INDUSTRIES, INC.",http://www.peakindustriesinc.com,https://linkedin.com/company/peak-indutries-inc
R5N5T4PC5YU3,STEELGATE LLC,www.steelgatellc.com,https://linkedin.com/company/steelgate-llc
R5PBNJJYZE63,"CRUNCHY DATA SOLUTIONS, INC",,
R5U4EB2KFB89,"BMA TECHNICAL SERVICES, INC.",http://www.bmahq.com,https://linkedin.com/company/beshenich-muir-&-associates
R5WQAA6KMC73,"JSB HOLDINGS, INC.",www.rdmanco.com,https://linkedin.com/company/r-&-d-specialty-manco-inc-
R5Z2M14M83J3,INDUSTRIAL WELDING SUPPLY CO OF HARVEY INC,www.gasandsupply.com,https://linkedin.com/company/gas-and-supply
R61JUXLL5FL7,"COX & COMPANY, INC.",www.coxandco.com,https://linkedin.com/company/cox-&-company
R61SXY8MG7J5,INDIAN OCEAN PROPERTIES LLC,,
R649KR5942C3,"LUMEN TECHNOLOGIES GOVERNMENT SOLUTIONS, INC",http://www.Lumen.com,https://linkedin.com/company/lumentechnologies
R65JBYPSMSN5,GRANITE CONSTRUCTION INCORPORATED,,
R6G4QBQ1DND7,KINTRONIC LABORATORIES INC,https://www.kintronic.com,https://linkedin.com/company/kintronic-labs-inc-
R6GGMDVBEN88,"CAPITOL DEVELOPMENT DESIGN, INC",httpd://www.cddi.net,
R6JWWKJNQ6T5,HIGH ENERGY X-RAYS INTERNATIONAL CORP.,hexicorp.com,https://linkedin.com/company/hexi-corp
R6P2AE8MNM33,"PATRIOT ERECTORS, LLC",www.patrioterectors.com,https://linkedin.com/company/patriot-erectors
R6UYQJCVFD55,"BLUNCK INDUSTRIAL SERVICES, LLC",blunckindustrial.com,
R6WJGNNLVCQ5,"IMAGE ONE UNIFORMS, INC.",,
R6X8NNB9AGA5,"COMMUNITY RESILIENCE CONSULTING, LLC",http://www.cresilience.com,https://linkedin.com/company/cresilience
R6XTGE9YGT59,"SNOWMAGIC, INC",,
R6YKA2AYKXM6,REFUGEE & IMMIGRANT CENTER FOR EDUCATION & LEGAL SERVICES,www.raicestexas.org,https://linkedin.com/company/refugee-and-immigrant-center-for-education-and-legal-services
R72GCKE4KE85,ASSURANCE DATA INC,www.AssuranceData.com,https://linkedin.com/company/assurance-data
R7DLKL224EM5,ROLLE IT LLC,www.rolleit.com,https://linkedin.com/company/rolleit
R7FDUNHN5KY6,"PUGET SOUND STEEL CO., INC.",,
R7JQP2K23WH1,"ATTOLLO ENGINEERING, LLC",www.attolloengineering.com,https://linkedin.com/company/attollo-engineering
R7JYWRQ1E3R1,NEXT GEN SMART SOLUTIONS INC,,
R7LVDMCC1589,DUNDUA CONSULTING LLC,dundua.com,https://linkedin.com/company/dundua-consulting-llc
R7MNJRMDSKJ5,"LOCAHAN, LLC",http://www.valleyofficesystems.com,https://linkedin.com/company/valley-office-systems
R7NXRTFLQJU3,"SINGULARITY SYSTEMS, INC",,
R7PFFDH57XP8,INDUSTRIES FOR THE BLIND & VISUALLY IMPAIRED INC,,
R7Q4L277Y318,PROFESSIONAL WINDOW CLEANING,,
R7RTBMFMVQB7,GRANT THORNTON ADVISORS LLC,,
R7SKUNJPMVB6,RAYAN AL MUNA,,
R7TCPSFHBXF3,"A.I.S., INC.",https://www.aisobservers.com,https://linkedin.com/company/a-i-s--observers-inc-
R7TGM7ZPH151,TEACHSTONE INC,www.teachstone.com,https://linkedin.com/company/teachstone
R7TWSBDPJGG5,"DHPC TECHNOLOGIES, INC.",www.peraton.com,https://linkedin.com/company/peraton
R7UHXQJYCTN8,PUSCAS INDUSTRIAL SERVICES LLC,,
R7VGL7BYWS98,AARHUS UNIVERSITET,,
R7WKDE4DMS42,PRIVATE SECTOR EMERGENCY MANAGEMENT ASSOCIATION,,
R832P8GUHLZ8,"LEGGETT & PLATT AEROSPACE MIDDLETOWN, LLC",www.leggettaerospace.com,
R85KZ9JP3NM3,BROOKHAVEN SCIENCE ASSOCIATES LLC,,
R8ECJS243UZ8,"SOLO.IO, INC",www.solo.io/government,https://linkedin.com/company/solo.io
R8H8X9K4KJJ5,"MAY TOOL AND MOLD CO., INC.",http://www.mayinc.com,https://linkedin.com/company/maytechnologymfg
R8HYN67MPFC9,HII NUCLEAR INC,http://tsd.huntingtoningalls.com/capabilities/nuclear-environmental-group/,
R8JXSHBYMJS2,"THE GORDIAN GROUP, INC.",http://WWW.Gordian.com,https://linkedin.com/company/the-gordian-group
R8K1VASUNDT6,NEREUS CYBER SYSTEMS LLC,www.nereuscybersystems.com,
R8KMUKAJRKJ6,"MODERN TECHNOLOGY SOLUTIONS, INC.",http://www.mtsi-va.com,https://linkedin.com/company/mtsi
R8KRF5UVB6P8,"AVANTIX, LLC",www.avantix.com,https://linkedin.com/company/avantix-llc
R8MXJRCHRVG9,SAN JUAN COLLEGE,www.sanjuancollege.edu,
R8SHGAPEZ367,"SAGE BAY BUSINESS PARK, LLC",,
R8V2M4PWLBP1,"MOTIV SPACE SYSTEMS, INC.",https://www.motivss.com,https://linkedin.com/company/motiv-space-systems-inc-
R8VNJZPQGL53,SAMA FOR SOCIAL AND ENVIRONMENTAL CONSULTING,,
R8YNMTLUE297,AVENUE SUPPLY LLC,www.avenue-supply.com,
R94BXDU1Y8X4,"TELEDYNE FLIR DEFENSE, INC.",http://www.flir.com,https://linkedin.com/company/flir-systems
R96UMJA28324,"CHITINA SUPPORT SERVICES, LLC",www.chitinanative.com,https://linkedin.com/company/chitina-native-corp
R97BRQABKME1,API GROUP LIFE SAFETY USA LLC,www.wsfp.com,https://linkedin.com/company/western-states-fire-protection
R98MW4ZKUUK3,GOVERNMENT ACQUISITIONS INC,http://www.gov-acq.com,https://linkedin.com/company/government-acquisitions
R98SJNENTUZ7,CAPELLA PARTNERS LLC,,
R997G6SBCMY7,THREE PINES LEASING LLC,,
R9DYMY9U9C43,PICO ELECTRONICS INC,http://www.picoelectronics.com,https://linkedin.com/company/pico-electronics-inc-
R9JYMJGDDW53,"AMERICAN ENVIRONMENTAL & CONSTRUCTION SERVICES, INC.",amenv.com,https://linkedin.com/company/aecs
R9LBP6JPJTM1,ZERO BOUNDARY QUEST LLC,,
R9T2JP6NNVD3,SILIXA LLC,http://www.silixa.com,https://linkedin.com/company/silixa-ltd.
R9TFQZZC79Y9,"BLACK DIAMOND CONSULTING, LLC",,
R9TYD8QFV299,"HILLWIG-GOODROW, INC.",www.hillwig-goodrow.com,https://linkedin.com/company/hillwig-goodrow-llc
R9W8ZM9C5SH7,"PLAN B, LLC",,
R9WTLZHNES26,"NASSAU TOOL WORKS, INC",,
R9YYVC5CMYV7,CONTROL SERVICE CENTER,,
R9ZHLCANR3F9,"BRAVO CONSULTING GROUP, LLC",https://www.bravocg.com/,https://linkedin.com/company/bravo-consulting-group-llc
RA3NFU9MQBE4,"LINGUA PROS, LLC",,
RA7JDDPND5K7,AIM WORLD SERVICES INC,http://www.aimws.com,https://linkedin.com/company/aimworldservices
RAA1D4MR5GN4,PULSE COMMUNICATIONS INC,http://www.pulsesupply.com,https://linkedin.com/company/pulse-supply
RAGGFAZL2276,"MORI ASSOCIATES, INCORPORATED",http://www.MoriAssociates.com,https://linkedin.com/company/mori-associates
RAJCNG96NQJ3,MICROBIO ENGINEERING INC,https://microbioengineering.com,https://linkedin.com/company/microbio-engineering
RAJSFRCCP581,"TAU SIX, LLC",https://www.tau-six.com,https://linkedin.com/company/tau-six-llc
RAMVN8818CR8,CREAFORM USA INC,www.creaform3d.com,https://linkedin.com/company/faro-creaform-ametek
RANENDMPED13,KAA FEDERAL SOLUTIONS LLC,http://www.kaafederal.com,https://linkedin.com/company/kelly-anderson-&-associates-inc-
RANZTST3FQU3,SID TOOL CO INC,www.mscdirect.com,https://linkedin.com/company/msc-industrial-supply
RAPNNBLWCJL6,"ALLIANCE SOLUTIONS GROUP, INC.",http://www.asg-inc.org,https://linkedin.com/company/alliance-solutions-group_2
RAQBLJQCDFM3,"REAL NETWORK SERVICES, INC.",http://www.real.inc,https://linkedin.com/company/real-network-services-inc
RATKDS6DK8P1,CITY OF RAYMORE,www.raymore.com,https://linkedin.com/company/city-of-raymore-missouri
RAXEEBS8DSH5,BARNHART PLANT SERVICES LLC,www.banhartcrane.com,
RAYUJLSBF7V3,"RIE COATINGS, INC.",http://www.riecoatings.com,https://linkedin.com/company/rie-coatings
RB2ENCE1LBN1,413 LLC,www.413.works,https://linkedin.com/company/413-llc
RB2MFE6V5FL4,"QUEEN CITY SHEET METAL AND ROOFING, INC",,
RB3HDDVLAG71,SOUTHERN SITE WORKS LLC,,
RB7CNMLQ98M3,"RIVER BEND HOSE SPECIALTY, INC.",www.riverbendindustrialsolutions.com,
RB7JU6D41BS4,"GAUMER COMPANY, INC.",http://www.gaumer.com,https://linkedin.com/company/gaumerprocess
RB8DMJ7F4QM1,"INNOVATIVE INTUITIVE TECHNOLOGY, INC.",www.i2tech.com,
RB9FB7W7Y272,WZTECH LLC,,
RBEBV2C4QAY1,TRAFFIC CONTROL SOLUTIONS LLC,,
RBEPA6FAP6J1,ELECTRICAL WHOLESALE SUPPLY CO INC,https://www.electricalwholesale.com,https://linkedin.com/company/electrical-wholesale-supply-co-inc
RBH2UMRZV1V5,"GREAT WATERS FEDERAL, LLC.",https://senecanationgroup.com/companies/great-waters-federal/,https://linkedin.com/company/seneca-nation-group
RBK8SG8L34G5,THE ADJACENT POSSIBLE LLC,adjacentpossible.co,https://linkedin.com/company/the-adjacent-possible-llc
RBLTN6TVLPC5,HILTI INC,http://www.hilti.com,https://linkedin.com/company/hilti
RBN1BKM2XNN9,LES ACCACIAS HOTELS AND RESORTS,,
RBNSMVUXFSB5,MERCURY SYSTEMS INC,www.mrcy.com,https://linkedin.com/company/mercury-systems
RBNWBAUDCZL3,CALDWELL SPECIALTIES INC.,,
RBPXNATLBHH8,AERODYNAMIC ENGINEERING INC,aerodynamic.net,https://linkedin.com/company/aerodynamic-engineering-inc
RBUKW28TMLJ2,"PPG INDUSTRIES, INC.",www.ppgaerospace.com,
RBWGZG3FLMB7,TMC TECHNOLOGIES OF WEST VIRGINIA CORP,http://www.tmctechnologies.com,https://linkedin.com/company/tmc-technologies-of-wv
RBX3J6HHGE23,SHAWVER & SON INC,www.shawver.net,https://linkedin.com/company/shawver-&-son-inc.
RC2WNXWGSKS5,BLACKHAWK INDUSTRIAL DISTRIBUTION INC,,
RC3WYJC7KT86,"ZIPAY SERVICES, LLC",,
RC5DWNC4CP73,SOC LLC,www.soc-usa.com,https://linkedin.com/company/soc-llc
RC74CSE13AK7,WINSTED COMPANY LLC,www.winsted.com,https://linkedin.com/company/winsted-corporation
RC89X7KXQAQ6,FULL TILT DATA LLC,www.fulltiltdata.com,https://linkedin.com/company/full-tilt-data
RCCAQXYN3JH9,AUTONOMOUS DEFENSE TECHNOLOGIES CORP.,,
RCEPLNE7JLR7,GOODFELLOW CORPORATION,https://www.goodfellow.com/usa/,
RCGHRTZXDZQ8,MAVEN INTERNATIONAL TRADING LLC,,
RCHHYT853L97,"ACQUIRED DATA SOLUTIONS, INC.",http://www.acquiredata.com,
RCHXQJDWC8L5,WELDALOY PRODUCTS COMPANY,www.weldaloy.com,https://linkedin.com/company/weldaloy-specialty-forgings
RCK2KP74XJF1,"SYSMEX AMERICA, INC",,
RCKJZ5KGE3H6,"RAVENTEK SOLUTION PARTNERS, LLC",www.raventek.com,https://linkedin.com/company/raventeksolutionpartners
RCMZNAHAZ7D9,STEALTH SOLUTIONS INC,www.stealth-us.com,https://linkedin.com/company/stealth-solutions
RCNJEHZ83EV6,UNIVERSITY OF ALABAMA,https://research.ua.edu/offices/sponsored-programs/,https://linkedin.com/company/ua-office-for-undergraduate-research
RCVCE4AJS144,TRIPLETT MACHINE INC.,,
RCXUC8LDBL25,"STRATEGY CONSULTING TEAM, LLC",www.strategyconsultingteam.com,https://linkedin.com/company/strategyconsultingteam
RCZNKEYV2KD5,TECHNALINK INC,http://www.technalink.net,https://linkedin.com/company/technalink
RD2KT64B2DG2,OBRIEN ENGINEERING INC,oeiae.com,
RD55NEXJ5EW4,"M. C. DEAN, INC.",http://www.mcdean.com,https://linkedin.com/company/m-c-dean-inc
RD5EPDMHCKM7,R & B MACHINE INC,,
RD65MCZ71LA2,AURORA GENERATORS INC,,
RD6CT7KZEH56,MANAGEIT SECURITY LLC,,
RD6EPH4TKVT9,SHORE MANAGEMENT SOLUTIONS LLC,https://shoresolutionsfl.com,
RD74AUNCTZJ1,UNIVERSITY OF HOUSTON SYSTEM,https://www.uhcl.edu/,https://linkedin.com/company/university-of-houston-clear-lake
RD7MXJV7DKT9,THE UNIVERSITY OF CENTRAL FLORIDA BOARD OF TRUSTEES,http://www.ucf.edu,https://linkedin.com/company/university-of-central-florida
RD9CEMXCB715,SERVICE ETUDE CONSEIL,www.sec.com.tn,
RD9KLGSLJGX9,"PEOPLETEC, INC.",http://www.peopletec.com,https://linkedin.com/company/peopletec
RDADM3U6QX28,MGV GEOTECHNICAL GROUP PSC,www.mgvgeo.com,
RDBGDWPNWMH5,"STRUCTURAL PRESERVATION SYSTEMS, LLC",http://www.structural.net,https://linkedin.com/company/structural
RDCPXHDQX1E5,SPLIT ROCK CONSULTING GROUP LLC,,
RDE8BLZB5L36,MILDE GMBH,https://milde-gmbh.de,
RDFKNPZNQ8E3,L3HARRIS TECHNOLOGIES INTEGRATED SYSTEMS L.P.,https://www.l3harris.com/,https://linkedin.com/company/l3harris-technologies
RDJKJ3EBMPM7,"PHOTON-X, INC.",http://www.Photon-X.com,https://linkedin.com/company/photon-x
RDJSYQP9HGJ6,JOHN H CARTER CO INC,,
RDLTRB3KJ9L8,"ALS GROUP USA, CORP.",http://www.alsglobal.com,https://linkedin.com/company/als
RDMMFSGJSHA6,"KELYN TECHNOLOGIES, INC.",http://www.kelyntech.com,https://linkedin.com/company/kelyn-technologies
RDNVK2Q896T1,"METROHM SPECTRO, INC.",https://www.metrohm.com/en_us.html,https://linkedin.com/company/metrohmhq
RDQEQS1V8KU5,"RDM INDUSTRIAL PRODUCTS, INC.",http://www.rdm-ind.com,https://linkedin.com/company/rdm-industrial-products-inc.
RDUJJ53SACM5,RENICK BROTHERS CONSTRUCTION CO.,www.renickbrothers.com,https://linkedin.com/company/renick-brothers-co.
RDWEZUW8SJ61,BEST STAINLESS AND ALLOYS LP,www.beststainless.com,https://linkedin.com/company/best-stainless-&-alloys-lp
RDWJT82H4MW8,SAMTEC INC,,
RE1DDTL3QAD5,BROKAW DESIGN,http://www.brokawdesign.com,https://linkedin.com/company/brokawdesign-inc
RE26N9DM9PN6,ACCUSOFT CORPORATION,http://www.accusoft.com,https://linkedin.com/company/accusoft
RE4BLG4W9FL4,"SPIKA DESIGN & MANUFACTURING, INC.",http://www.spikamfg.com,https://linkedin.com/company/spikamfg
RE7UEKCRTWL8,VOYAGE ADVISORY LLC,https://www.voyageadvisory.com/,https://linkedin.com/company/voyageadvisory
RE7WMNV9L719,SCIENCE APPLICATIONS INTERNATIONAL CORPORATION,http://www.saic.com,https://linkedin.com/company/saicinc
REAUM5F2AM94,OPTIMAL SYNTHESIS INC,http://www.optisyn.com,https://linkedin.com/company/optimal-synthesis-inc.
REB3W17WNP46,MOCO SOFTWARE LLC,,
REBFXSNFXAL4,NORTHROP GRUMMAN SYSTEMS CORPORATION,northropgrumman.com,https://linkedin.com/company/northrop-grumman-corporation
REE1N4XHBSP6,DBMCORP INC,http://www.maurymw.com,https://linkedin.com/company/maury-microwave
REFBNB75FBP1,"THE OVERHEAD DOOR CO OF BALTIMORE, INCORPORATED",,
RELXTZGJMNT5,"PARVATI GOVERNMENT SERVICES, INC.",www.parvaticorp.com,https://linkedin.com/company/parvati-consulting-llc
REMFVDNB34G1,MCQUILLEN MANUFACTURING LLC.,www.mcquillenmfg.com,https://linkedin.com/company/mcquillen-manufacturing
REQVEYN5U2L8,PHDS CO.,www.phdsco.com,https://linkedin.com/company/phds-co.
REZ2BHJKU873,SEQUOYAH COMMUNICATIONS INC,http://www.sequoyahcomm.com,https://linkedin.com/company/sequoyah-communications-inc
REZ2QCRW69E8,"SPECIALTY PRODUCTS OF ALABAMA, LLC",https://www.sp-al.com/,
RF1MRG3NDSF5,"DIAMOND INFORMATION SYSTEMS, L.L.C.",http://www.diamondis.com,https://linkedin.com/company/diamond-information-systems-llc
RF2BMJ23CUK5,E & A PRODUCTS INC,http://ea-products.com,https://linkedin.com/company/e-&-a-products-inc.
RF7AAWBRLHV7,UBUNTUDIGITALSOLUTIONS LLC,,
RFA9C8SQEK64,DEFT9 SOLUTIONS INC,https://www.deft9.com,https://linkedin.com/company/deft9-solutions
RFE8U9KYTPW4,APCO BUILDING SPECIALTIES INC,https://apcoinc.net/,
RFEWEFJB9U76,NORTH STAR SCIENTIFIC CORP,,
RFJ3NL1BXK93,NEW ENVIRONMENTAL HORIZONS INC,www.neh-inc.com,
RFJQEMA4X9L3,HAGLE LUMBER CO INC,,
RFJUH8LV78N9,CLEARLY ENGINEERED LLC,https://clearlyengineered.com/,https://linkedin.com/company/clearly-engineered-llc
RFUTYGVA29F4,"QUALITY RESTORATIONS, LLC",www.servpro.com,https://linkedin.com/company/servpro-industries
RFVGJGX8H5A8,"CP MARINE, LLC",https://www.cpmgb.com,https://linkedin.com/company/cpmg-a-goldbelt-company
RG14FQWW11K6,"POPE SCIENTIFIC, INC.",www.popeinc.com,https://linkedin.com/company/pope-scientific-inc
RG16R32JJ2A5,"KAIROS, INC",www.kairosinc.net,https://linkedin.com/company/kairos-inc-
RG9MRRMGLGM1,"RCS SERVICES, LLC",https://www.flyrcs.com,https://linkedin.com/company/rcs-services-llc
RGC6PFFJ6694,HIGH SPEED CNC,http://high-speed-cnc.com,https://linkedin.com/company/high-speed-cnc
RGC6V9FJ1MN1,"INFLUXDATA, INC",,
RGC9JY1ZYG13,"FORGE NANO, INC.",www.forgenano.com,https://linkedin.com/company/forgenano
RGCKCY1RPY66,SWINERTON BUILDERS,swinerton.com,https://linkedin.com/company/swinerton
RGDWB5DKGBC6,G & D INDUSTRIES INC,http://www.gdindustries.com,https://linkedin.com/company/gd-industries
RGFBAKWWL465,MARITIME APPLIED PHYSICS CORPORATION,blacksea.tech,https://linkedin.com/company/blacksea-technologies
RGG7XLCVTDH9,"EQLEADSIQ, LLC",,
RGHQTK41L3T8,WAKELY CONSULTING GROUP LLC,,
RGKHNE2PU2L7,"PANADYNE, LLC",www.panadyne.com,https://linkedin.com/company/panadyne-inc
RGLMB5TJFZK1,DASSAULT SYSTEMES AMERICAS CORP.,www.3ds.com,https://linkedin.com/company/dassaultsystemes
RGLRZYH5QG38,"AIR SYSTEMS SERVICE & CONSTRUCTION, LLC",http://www.airsystems1.com,https://linkedin.com/company/air-systems-sacramento
RGMQQK1DLAN9,AQUIA INC.,https://www.aquia.us,https://linkedin.com/company/aquiainc
RGSETL4FR4Z7,OVERTON & SONS TOOL & DIE CO INC,www.overtonind.com,https://linkedin.com/company/overton-industries
RGSMG49KSYT1,MICROWAVE ENGINEERING CORPORATION,http://www.microwaveeng.com,https://linkedin.com/company/microwave-engineering-corporation
RGUJLD2NMJE3,"ROSENBAUM'S SIGNS & OUTDOOR ADVERTISING, INC.",www.rosenbaumsigns.com,https://linkedin.com/company/rosenbaum-s-signs-outdoor-advertising-inc-
RGXRKA3RP9H5,"ASSOCIATION FOR ENVIRONMENTAL HEALTH & SCIENCES FOUNDATION, INC.",http://www.aehsfoundation.org,https://linkedin.com/company/aehs-foundation-inc
RGY4JBFXFLL3,"ALLANT HOLDINGS, LLC",www.allantfederal.com,https://linkedin.com/company/allant-federal
RH2YGUKRHD49,GRACO SUPPLY COMPANY,http://www.gracoroberts.com,https://linkedin.com/company/gracoroberts
RH87YDXC1AY5,THE REGENTS OF THE UNIVERSITY OF COLORADO,uccs.edu,https://linkedin.com/company/university-of-colorado-colorado-springs
RH94N9GB59Q4,LEE HECHT HARRISON LLC,http://www.lhh.com,https://linkedin.com/company/lee-hecht-harrison
RHAKLUNZHUM7,"HELICOPTER ACCESSORY SERVICE EAST, INC.",www.hase-fl.com,https://linkedin.com/company/helicopter-accessory-service-east-inc
RHDCBKZ3LN35,"3DIF, LLC",www.3dif.co,
RHDCWP57AEP1,"INDUSTRIAL ENGINEERING MANUFACTURING CO, INC",www.iemcoinc.com,https://linkedin.com/company/industrial-engineering-manufacturing-co.-inc.
RHGSKJKUXNW3,INTEGRITY MANAGEMENT SERVICES INC.,www.integritym.com,https://linkedin.com/company/integrityminc
RHK8DN4MKLN6,PACIFIC PUMP AND POWER INC,http://www.pacificpumpandpower.com,
RHLAM7GSJGJ4,HOTTINGER BRUEL & KJAER INC.,http://www.hbkworld.com,https://linkedin.com/company/hbkworld-test-and-measurement
RHNGJA4MDRN3,M TO-PROS DEVELOPMENT INC,www.mtopros.com,https://linkedin.com/company/m-to-pros
RHU5B1WNJMB8,"VETERANS ENTERPRISE TECHNOLOGY SOLUTIONS, INC.",http://www.vets-inc.com,https://linkedin.com/company/veterans-enterprise-technology-solutions-vets-inc-
RHVDKDJB4469,GOODMAN & MEHLENBACHER ENTERPRISES INC,www.gameincgc.com,https://linkedin.com/company/game-inc-general-contractor-excavation-underground
RHXDZZEKQ3X7,HNTB CORPORATION,www.hntb.com,https://linkedin.com/company/hntb
RHZ9P77YHNS7,DELVA TOOL & MACHINE CORP,,
RHZSK1EBMSC9,"CONSOLIDATED ELECTRICAL DISTRIBUTORS, INC.",,
RJ1ZS7LZTSX9,YORK SPACE SYSTEMS LLC,https://www.yorkspacesystems.com/,https://linkedin.com/company/york-space-systems
RJ6GS4Z6BEC5,GUDGEL & SONS INC,http://www.trentonplastics.com,https://linkedin.com/company/trenton-plastics-inc-
RJ7HLTKXCX58,AIRBORN INTERCONNECT LLC,,
RJ7MF1XTJN88,"JONES LANG LASALLE AMERICAS, INC.",us.jll.com,
RJ8KQMD4GAV9,QUINTECH ELECTRONICS & COMMUNICATIONS INC,http://www.quintechelectronics.com,https://linkedin.com/company/quintech-electronics-&-communications
RJ9LNGBGAM91,"DRAKE INTEGRATIONS, LLC",http://www.drakeintegrations.com/,https://linkedin.com/company/drake-integrations
RJA2KYBYGWB1,IDAHO STATE POLICE,https://isp.idaho.gov/,https://linkedin.com/company/idaho-state-police
RJBXUNF9XYX5,THUNDERBOLT SOFTWARE LLC,,
RJEBNXMHRAJ7,HEADWAY WORKFORCE SOLUTIONS INC,http://www.headwaywfs.com,https://linkedin.com/company/headway-workforce-solutions
RJEYAJK29DR8,PRODYN TECHNOLOGIES INC,WWW.PRODYNTECH.COM,https://linkedin.com/company/prodyn-technologies
RJKNVKRFXPA8,FUSION TECHNOLOGY LLC,http://www.FusionTechnology-llc.com,https://linkedin.com/company/fusion-technology-llc
RJLNKMUDUGT4,"AREA51-ESG, INC.",http://www.area51esg.com,https://linkedin.com/company/area51-esg-inc.
RJLTR2P1V3H7,"DIGITAL INTELLIGENCE, INC.",http://www.digitalintelligence.com,https://linkedin.com/company/digital-intelligence
RJN9D6UL5TE5,THE UNCONVENTIONAL LLC,,
RJUVKYJLNW65,RADOME SERVICES LLC,https://www.outpostms.com,https://linkedin.com/company/outpost-mission-services
RJWML2CZ7G79,WFSS INC,www.wfssinc.com,https://linkedin.com/company/wfss
RJXTFWKHANY8,NOKIA OF AMERICA CORPORATION,,
RJY7HB2D7V43,ESPY LLC,www.mpgdover.com,
RJYNRD37MTZ7,"HBW PROPERTIES, INC.",http://www.hbwconstruction.com,https://linkedin.com/company/hbw-group
RK1CRZMLXL37,SKYLLA ENGINEERING LTD.,http://www.skyllaeng.com,https://linkedin.com/company/skylla-engineering
RK2BYALFJQ68,"PETROVAL, INC.",,
RK2HRQ7CWEA3,FORVIS MAZARS AOS (NSW) PTY LIMITED,,
RK3JLEDYLJE5,VECTOR AEROSPACE ENGINE SERVICES-ATLANTIC INC,www.standardaero.com,https://linkedin.com/company/standardaero
RK3SLMYMLK88,HARTWELL CORPORATION,http://www.hartwellcorp.com,https://linkedin.com/company/hartwell-corporation
RK42LNY7G5P8,"UNIVERSAL PROTECTION SERVICE, LLC",www.aus.com,https://linkedin.com/company/allied-universal
RK4FMHSK6NJ4,SKYLINE E3 INC,http://www.skylinee3.com,
RK58XSBJC8G5,"ANTHONY D. FOLINO CONSTRUCTION, INC.",,
RK6GKSXPC8W7,ARNOLD MAGNETICS CORPORATION,http://www.amcpower.com,https://linkedin.com/company/arnold-magnetics-corp
RK6XK4WKSWT9,KHOTOL SERVICES CORPORATION,https://ganaayoo.com/khotol-services-corporation/,https://linkedin.com/company/ganaayoolimited
RK7FR9GSA2E3,VERIZON BUSINESS NETWORK SERVICES LLC,http://www.verizon.com,https://linkedin.com/company/verizon
RKDAEVQJ3DN1,"DENALI DATA SYSTEMS, INC",http://www.denalidatasystems.com/,https://linkedin.com/company/denalidatasystems
RKE9L3KNHH51,AAIT TECHNOCRAFT SCAFFOLD DISTRIBUTION LLC,https://aaitscaffold.com/,https://linkedin.com/company/aa-international-trading-u-s-scaffold-distribution
RKMFSV2ZPYL2,"LEXMARK INTERNATIONAL, INC.",http://www.lexmark.com,https://linkedin.com/company/lexmark
RKNLMCX166E4,STANDARD INSPECTION SERVICES,www.standardinspectionservices.com,
RKQRR9KNGE29,JANA CONSTRUCTION CONTRACTING/ LTD COMPANY,https://www.janairaq.com,https://linkedin.com/company/janairaq
RKSHYCNTX364,"GENERAL DATACOMM, INC.",,
RKT6AKA6N668,SAFELINE LLC,,
RKTCMLKEY5D3,SKYWAYS TECHNICS AMERICAS LLC,www.skywaystechnics.com,https://linkedin.com/company/skyways-technics-a-s
RKUTRVHPGKP7,ADVANTOR SYSTEMS II LLC,WWW.ADVANTOR.COM,https://linkedin.com/company/advantor-systems-corporation
RKX7WK3AZFL1,ELECTRONIC MAINTENANCE CO INC,http://www.emcotechnologies.com,https://linkedin.com/company/emco
RKXHNMJD8639,WHITESBURG ELECTRONICS INC,http://www.whitesburg.com,https://linkedin.com/company/whitesburg-electronics-inc.
RKXSWB6ETDJ3,PRIME TIME COATINGS  INC,,
RKYMLLP1TXH9,THE MERIT GROUP LLC,http://themeritgroupllc.com/,https://linkedin.com/company/themeritgroupllc
RKZFBEFLCMN2,FLOORING INVESTMENT GROUP LLC,,
RL1KR4EN8EB3,INFINITY TECHNOLOGY SERVICES LLC,http://www.itsaerospace.com,https://linkedin.com/company/itsllc
RL1LK7KEP5M3,"HALLIN AND HERRERA, INC.",https://www.hallinandherrerainc.com,https://linkedin.com/company/hallin-and-herrera-inc.
RL23LBKW9V43,"PERKINELMER HEALTH SCIENCES PUERTO RICO, LLC",,
RL3CMUVNK549,"REAL WORKS, LLC",,
RL4AHHQTUHT3,"FLYMOTION, LLC",www.flymotionus.com,https://linkedin.com/company/flymotion-unmanned-systems
RL5ANSBM4478,"MANAGEMENT SCIENCE AND INNOVATION, LLC",http://www.msiconsulting.com,https://linkedin.com/company/management-science-&-innovation
RL5JKWMLB2F8,HARRINGTON INDUSTRIAL PLASTICS LLC,http://www.harringtonplastics.com,
RL6KA2EUSUC8,ABACUS INDUSTRIES INC,https://www.abacuselect.com/,https://linkedin.com/company/abacus-technologies
RL8BVYVU5419,TAPEMATION MACHINING INC.,http://www.tapemation.com,https://linkedin.com/company/tapemation-machining-inc.
RL8DJMMKGQ84,"RAND WORLDWIDE SUBSIDIARY, INC.",,
RL9GPK3VFDE9,ADVANCED AUTOMATION CONSULTING INC,www.aacsc.net,https://linkedin.com/company/advanced-automation-consulting
RLCMYK2J82C5,J LAWRENCE INDUSTRIES LLC,www.jlawrenceindustries.com,https://linkedin.com/company/j-lawrence-industries-llc
RLFDUWJKD8Y7,"BAYOU METAL SUPPLY & MANUFACTURING, L.L.C.",www.bayoumetalsupply.com,https://linkedin.com/company/bayou-metal-supply-l-l-c-
RLG9MXNCHTR5,"TEEL, INC.",www.teeltech.com,https://linkedin.com/company/teel-technologies
RLGSF2HSNZD6,ETHICON US LLC,https://www.jnjmedicaldevices.com/en-US/companies/ethicon,https://linkedin.com/company/cerenovus
RLGURAG35DA3,"SISTECO, SOCIEDAD ANONIMA",,
RLHVUTFVW2X8,CAERUS US 1 INC.,www.norstella.com,https://linkedin.com/company/norstellacompany
RLKCLB6AHNF3,PARKER-HANNIFIN CORPORATION,http://www.parker.com/,https://linkedin.com/company/parker-hannifin
RLLHU9DZZNL3,GRAVITEC SYSTEMS INC,http://www.gravitec.com/,https://linkedin.com/company/gravitec-system-inc
RLMZY6CXT9F9,"BAYNOVA, LLC",www.baynova.com,https://linkedin.com/company/baynova-llc
RLPXK3FU7DF6,CCH INCORPORATED,https://www.wolterskluwer.com/en/solutions/legal-regulatory,https://linkedin.com/company/wolters-kluwer
RLQ7VRWKSHN9,TACTICAL COMPUTING LABORATORIES LLC,https://tactcomplabs.com,https://linkedin.com/company/tactical-computing-laboratories
RLRZWEARX7M3,"NEC NATIONAL SECURITY SYSTEMS, INC",www.necnss.com,https://linkedin.com/company/necnssfed
RLV1WRJF1SK3,"BRIGHTON TECHNOLOGIES GROUP, INC",HTTP://www.Brighton-Science.com,https://linkedin.com/company/btglabs
RLW6ADTPM5M8,"YEAROUT INDUSTRIAL, LLC",http://www.yearoutindustrial.com,
RM22FF5AGCU4,"AGILENT TECHNOLOGIES, INC.",http://www.agilent.com,https://linkedin.com/company/agilent-technologies
RM64EJ3CJ7Z5,"ALLIANT ENTERPRISES, LLC",http://allianthealthcare.com,https://linkedin.com/company/alliant-healthcare-products
RM6LFF8N8KN3,"TERRESTRIS, LLC",www.terrestrisllc.com,https://linkedin.com/company/terrestrisllc
RM75H29Q5WK8,AMERIPACK INC.,http://www.ameripack.com,https://linkedin.com/company/ameripack-inc-
RM9GQSF8JXE8,"COBRA DESIGN & ENGINEERING, INC.",www.cobra-design-eng.com,https://linkedin.com/company/cobra-design-&-engineering-inc.
RM9JEVYH8LL1,"TECH-ETCH, INC.",www.techetch.com,https://linkedin.com/company/tech-etch-inc
RMF4SNYL7NL5,ATTAIN SUPRTEK LLC,,
RMFDAUKSTBT7,RXO MANAGED TRANSPORT LLC,www.rxo.com,https://linkedin.com/company/rxo
RMFQWMLHKUF3,"SOUTHERN MACHINE & FABRICATION COMPANY, INC.",www.smfco.org,https://linkedin.com/company/smfco
RMG1AZ1ZH8Q7,PHYSICAL SCIENCES INC.,http://www.psicorp.com,https://linkedin.com/company/physical-sciences-inc-
RMGQM8WDNNK5,BRMI CORPORATION,http://www.brmi.com,https://linkedin.com/company/brmi
RMJ1UXMXKBE7,"AIR-TECH, INC.",www.airtechal.com,https://linkedin.com/company/air-techal-inc
RMJSAL1NVR53,"DOUGLASS PILE CO., INC.",,
RMJXRRM994R7,TERRY FORD INC,,
RMK3ANU9RLC7,PARAGON SPACE DEVELOPMENT CORPORATION,http://www.paragonsdc.com,https://linkedin.com/company/paragon-space-development-corporation
RMKTLDM61866,"S. A. SEAMAN CONCRETE CONSTRUCTION, INC.",www.saseaman.com,
RMUWXJ92J7C4,TOWER SALES AND CONSULTING,www.towersalesandconsulting.com,
RMX1G7PAGKG5,SOUTH DAKOTA VOICES FOR PEACE,sdvfpeace.org,https://linkedin.com/company/south-dakota-voices-for-peace
RMXQFLFHYLM3,SIMMONS PERFORMANCE AND TUNING LLC,,
RMYAXLTM5S24,"BOEING DISTRIBUTION, INC.",,
RMYTHT3BBYC5,NEW HAMPSHIRE BALL BEARINGS INC,http://www.nhbb.com,https://linkedin.com/company/nhbb
RN3DK59DTFE7,"J.L SHEPHERD AND ASSOCIATES, INC.",www.jlshepherd.com,https://linkedin.com/company/j-l-shepherd-&-associates-inc
RN4GKLNKVUA5,STRUDYNE INC,,
RN5CR8KZWF58,"CHRISTMAN MID ATLANTIC CONSTRUCTORS, LLC",www.christmanmac.com,
RN64EPNH8JC6,"UNIVERSITY OF CALIFORNIA, LOS ANGELES",https://ocga.research.ucla.edu/,
RN6KZ31H3RJ9,"K EN M ELEKTRISCH, INC.",,
RN91X3KY9HV7,SPECIALISED IMAGING INCORPORATED,,
RNASDCF96V73,NATIONAL TRUCK E R S INC,,
RNB1QGMX2VB9,"EL PASO TRENCH SAFETY, INC.",http://www.epts-inc.com/Trench/home.html,https://linkedin.com/company/el-paso-technical-solutions
RNBFEAP4MMB5,QRA CONSULTING INC.,www.qracorp.com,https://linkedin.com/company/qracorp
RNE8EN3CXL83,"IRONWOOD ELECTRONICS, INC.",http://www.ironwoodelectronics.com,https://linkedin.com/company/ironwood-electronics
RNETKE6W1NW9,BLACK DOGS LLC,,
RNJSAAUDPGM9,"AMADA MACHINERY AMERICA, INC.",amadamca.com,https://linkedin.com/company/amada-machinery-america-inc
RNKFHRNM7CZ7,DRAGOON TECHNOLOGIES INC,http://www.dragoonitcn.com,https://linkedin.com/company/dragoon-itcn
RNKYWXURFRL5,UNIVERSITY OF MARYLAND BALTIMORE COUNTY,https://financialservices.umbc.edu/,
RNQ2FNGNLG11,"NATIONAL PUMP AND PROCESS, INC",www.nationalpump.com,https://linkedin.com/company/national-pump-&-process-inc.
RNU6C2FJK314,INGENUITY CONSULTING INC,www.ingenuity-inc.net,
RP7ZA9FMZN96,TRADESTRATEGIC LLC,tradestrategic.com,
RP8YHNGRPMJ6,DESIGN MECHANICAL INC,www.dmi-kc.com,https://linkedin.com/company/design-mechanical-inc
RP9ERJDYFFA4,"VIAFORENSICS, LLC",https://www.nowsecure.com/,https://linkedin.com/company/nowsecure
RPFLYM3KX4B8,"BSC COMPANIES, INC.",http://www.bscgroup.com,https://linkedin.com/company/bsc-group
RPK2N6UJJ5H4,HUNT ELECTRIC CORP,http://www.huntelec.com,https://linkedin.com/company/hunt-electric-corporation
RPLHRRM1C5F3,GADI TRAVELS LIMITED,,
RPMFV9PW8521,HY-TECH SALES INC,http://www.hy-techsales.com,https://linkedin.com/company/hy-tech-sales
RPN5BDUTAMD5,"O'MAHONY & MYER, INC",,
RPT3U7KGE4L9,INERTIAL AIRLINE SERVICES INC,https://heico.com/inertial-aerospace-services/,https://linkedin.com/company/heico-aerospace
RPTEMPHBWFB5,APEXTECH LLC,www.apextechllc.com,https://linkedin.com/company/apextech-llc
RQ1KEX7WKN98,"MID-SOUTH IMMIGRATION ADVOCATES, INC.",miamemphis.org,https://linkedin.com/company/mid-south-immigration-advocates-inc
RQ3GLF8QXL78,LEONARDO UK LTD,http://www.leonardo.com,https://linkedin.com/company/leonardo_company
RQ59TMNJ8D59,CLIMATE CONTROL SYSTEMS & SERVICE LLC,climatecontrolsd.com,https://linkedin.com/company/sdccss
RQBZMBF58DT3,WEST POINT SPECIALTIES CONTRACTING INC.,,
RQCRK5RJGXL8,"MAVIRUS GROUP, LLC",thelavatory.com,https://linkedin.com/company/the-lavatory-mobile-restrooms
RQMFJGDTQ5V3,UNIVERSITY OF MIAMI,,
RQTKEHWKBLE3,"CENTRAL SEMICONDUCTOR, LLC",https://www.aeminc.com/en-us/aem-brands/central-semiconductor/,
RR2VC8Y3MK47,NATIONWIDE IT SERVICES INC,http://www.nw-its.com,https://linkedin.com/company/nationwide-it-services-inc-
RR34SDVKNC69,DESIGNATRONICS INC,http://www.sdp-si.com,https://linkedin.com/company/stock-drive-products-sterling-instrument---sdp-si
RR3HZ4A2PBK1,HERTZ FURNITURE SYSTEMS LLC,http://www.hertzfurniture.com,https://linkedin.com/company/hertz-furniture
RR4DVMQCVAS5,KONE INC,,
RR5USF3PZYL9,"LEGACY MECHANICAL SERVICES, LLC",https://legacyservices.biz/,https://linkedin.com/company/legacy-mechanical-services-inc-
RR6MACGA5CK8,JMETIC CONSULTING LLC,www.jmetic.com,https://linkedin.com/company/jmetic-consulting-llc
RR8UQXKMLP31,"CENTER FOR A NEW AMERICAN SECURITY, INC",http://www.cnas.org/,https://linkedin.com/company/center-for-a-new-american-security
RRAUWK5S7NZ4,"9066-7353 QUEBEC, INC.",,
RRFJZGASZJ41,VECTRUS SYSTEMS LLC,http://www.gov2x.com,https://linkedin.com/company/v2x-inc
RRGLPMX49EB5,"AMS TECHNOLOGIES, LLC",www.amstechnologiescorp.com,https://linkedin.com/company/ams-technologies-llc
RRJJSML1SCE6,RESEARCH INNOVATIONS INCORPORATED,www.researchinnovations.com,https://linkedin.com/company/research-innovations-incorporated
RRKNTHEJQZF1,TRINET TECHNOLOGIES LLC,www.trinettec.com,
RRKSRKK1ERD1,TECHNICAL BUILDERS INC,WWW.TBIBUILD.COM,https://linkedin.com/company/technical-builders-inc
RRKTHLW9JUN9,"JLJ MANAGEMENT SOLUTIONS, LLC",JLJMgmtSolutions.com,https://linkedin.com/company/jlj-management-solutions-llc
RRMNXHDCWJN3,"NAVITAS BUSINESS CONSULTING, INC.",https://www.navitastech.com,
RRNLV7L5C754,VALENCOR LLC,www.valencor.com,https://linkedin.com/company/valencor
RRNWYQKUHET6,HARBOE ARCHITECTS PC,www.harboearch.com,https://linkedin.com/company/harboe-architects-p.c.
RRNZJGMQBTH3,"FACETEC, INC",,
RRQCJS1D4US1,PLASMATREAT USA INC.,,
RRYLZMU7LMN5,ES3 PRIME LOGISTICS GROUP INC,https://www.es3inc.com/parts-supply/es3-plg/,https://linkedin.com/company/es3-inc
RRZLSJLQS376,UNIVERSAL DUST COLLECTOR MFG. & SUPPLY CORP.,http://www.udccorporation.com/,https://linkedin.com/company/udc-corporation
RS3WLFN3TDH6,"THE CENTER FOR ORGANIZATIONAL EXCELLENCE, INCORPORATED",http://center4oe.com,https://linkedin.com/company/the-center-for-organizational-excellence
RS5KQRTNNKG3,"RAP ENGINEERING, INC.",,
RS6HABJGJXM3,"HERCULES FENCE OF MARYLAND, L.L.C.",http://www.herculesfence.com,https://linkedin.com/company/hercules-fence
RS7HMGPQ5PM7,CHESAPEAKE MARKETING ASSOCIATES INC,www.midches.com,https://linkedin.com/company/midlantic-marketing---chesapeake-marketing
RS81KH6RHCR3,"BUTLER AMERICA AEROSPACE, LLC",www.butler.com,https://linkedin.com/company/butler-aerospace-&-defense
RS88D3S15F37,"FORMFACTOR, INC.",www.formfactor.com,https://linkedin.com/company/formfactor
RS9LP9JYHGN6,INNOVATIVE SOLUTIONS & SUPPORT INC,http://www.iascorp.com,https://linkedin.com/company/is&s
RSE8M7LNU6G5,"TCM-KIRA INTEGRATED SERVICES, LLC",https://www.tcm-kira.com,
RSHPJGLFTDM3,TELEDYNE INSTRUMENTS INC,http://www.teledynetekmar.com,https://linkedin.com/company/teledyne-tekmar
RSJHX44HVQH5,HOMEWOOD SUITES BY HILTON NY,,
RSKCMR8BF3N6,"MUNDT & ASSOCIATES, INC.",www.mundtinc.com,https://linkedin.com/company/mundt-&-associates
RSKLEFCZ6127,BAXTER HEALTHCARE CORPORATION,,
RSNKGWXZXCD3,OCMI INC,www.ocmi.com,https://linkedin.com/company/o'connor-construction-management-inc-
RSQEUBL2R771,"NETSOURCE, INC.",http://www.netsourceweb.com,https://linkedin.com/company/netsource-inc-
RSWNKK6J8CF3,UNIVERSITY OF NORTH DAKOTA,http://www.und.edu/,
RSZ6YRCEBDN5,COLUMBIA ASC INC,www.columbiaasc.com,
RT1KD9T1LWL3,FINALITY LLC,https://www.finalityllc.com,https://linkedin.com/company/finalityllc
RT2DLEMKRU83,PIPE VALVE & FITTING CO,www.pvfco.com,https://linkedin.com/company/pipe-valve-&-fitting
RT3RU9YD58Q1,"MT. TAM INNOVATIONS, LLC",https://www.thinkmti.com/,https://linkedin.com/company/thinkmti
RT3ZQ1KXJU27,IMPERATIVE SYSTEMS LLC,www.imperativesystems.com,https://linkedin.com/company/imperative-systems-llc
RT4EGJ94WGF5,ORTMAN CONSULTING LLC,https://www.ortmanconsulting.com,https://linkedin.com/company/ortman-consulting-llc
RT71JJ8AE5M3,ANGSTROM ENGINEERING INC,http://www.angstromengineering.com,https://linkedin.com/company/angstrom-engineering-inc-
RTAAN6EKAUL9,"BIOLOG, INC.",https://biolog.com,https://linkedin.com/company/biolog-inc.
RTD1WA937QE7,"SWIFTFORE, INC.",www.swiftfore.com,
RTJNTAGH2GB9,UNION BIZ SOLUTIONS LLC,,
RTMHMNMJ5SM9,INSTITUTE OF ASTRONOMY AND GEOPHYSICS,,
RTMJMXF51PC8,APS PRESSURE SYSTEMS LLC,https://advancedpressuresystems.com,https://linkedin.com/company/advanced-pressure-systems
RTNCBVBEM359,"MAGELLAN AEROSPACE, MIDDLETOWN, INC",http://www.magellan.aero,https://linkedin.com/company/magellan-aerospace
RTPKR5UA2GF8,"FEDS UNITED, LLC",FedsUnited.com,
RTPNQ73TAVT3,"AMENTUM TECHNOLOGY, INC.",www.amentum.com,https://linkedin.com/company/amentumcorp
RTUKNYD8EA45,CENTRAL VALLEY MACHINE INC,www.cvm-inc.com,https://linkedin.com/company/central-valley-machine-inc
RTUQZZX1JF83,"RAPID CYCLE SOLUTIONS, LLC",www.rapidcyclesolutions.com,https://linkedin.com/company/rapid-cycle-solutions
RTWNZJ1HR333,GENIE BIOLOGIC LTD,,
RU3QHCAJP492,HOFFER FLOW CONTROLS INC,www.hofferflow.com,https://linkedin.com/company/hofferflowcontrols
RU4CKMB351M8,ICON MACHINE CO LLC,,
RU4NZ75V4LG8,JC/DC METAL WORKS INC,https://www.jcdcmetalworks.com/,
RU9DLMKDTX26,ANCHOR SOFTWARE LLC,http://www.anchorcomputersoftware.com,https://linkedin.com/company/anchor-software-llc
RUANH6DHK6B5,HYATT HOUSE BRYAN COLLEGE STA,,
RUE3ES71A9R4,REV-VSO LLC,,
RUERC8KDEJD6,PARRA CONSULTING GROUP INC,http://parrainc.com/,https://linkedin.com/company/parra-consulting-group-inc-
RUFSMTCJ9GX3,"INTELLIBRIDGE, LLC",https://intellibridge.us/,https://linkedin.com/company/intellibridge
RUG6TVTY19U9,ECONOMIC SYSTEMS INC,https://www.econsys.com,https://linkedin.com/company/economic-systems-inc-
RUJTB9M4TU33,LIBRATION SYSTEMS MANAGEMENT INC,www.LibrationSystems.com,https://linkedin.com/company/librationsystems
RUKDZBYGUSB7,REGIONAL INSTITUTE FOR SECURITY STUDIES,https://riss.ge,
RUKXKUT1P568,FAWZ AL-RAFIDAIN COMPANY FOR CONTRACTS AND GENERAL TRADING LTD.,,
RUM6KPPCGDE9,ESC CONSTRUCTION LLC,HTTPS://WWW.ESC-CONSTRUCTION.NET,
RUMDXNL95H17,"TRINKS, INC",www.trinksinc.com,https://linkedin.com/company/trinksinc
RUPLP9JBW2F6,ROZELL NORTH LLC,www.rozellnorth.com,https://linkedin.com/company/rozell-north
RUQRPD8KKB79,BPONOVO INC.,,
RUSDM8G7EPZ7,"PROFESSIONAL ENGINEERING SERVICES, LTD.",www.peservicesmn.com,https://linkedin.com/company/pe-services-ltd
RUSME6Z46ML6,GLOBALFOUNDRIES U.S. 2 LLC,www.gf.com,https://linkedin.com/company/globalfoundries
RV4GD3X5TJU6,ANALEX CORPORATION,www.arcfield.com,https://linkedin.com/company/arcfieldco
RV9UUXVTL7D3,"BIOCENTURION, LLC",,
RVAEUC9MGVV9,EXPLECO LIMITED,,
RVBWBNNW5T31,"CENTRAL BROWARD CONSTRUCTION, INC",http://centralbrowardconstruction.com/,https://linkedin.com/company/central-broward-construction
RVCYAFKDR7G3,"WILSON & COMPANY, INC., ENGINEERS & ARCHITECTS",,
RVF8RK4SJRG8,CENTRAL STRATEGIES LLC,,
RVHJKYMPMYJ6,"CADIMENSIONS, INC.",http://www.cadimensions.com,https://linkedin.com/company/cadimensions
RVM4GNNYKX11,DARBONNIER TACTICAL SUPPLY LLC,dtacticalsupply.com,
RVNBNCDX8VG1,ACE TRUCK BODY INC,,
RVPLTBKK5287,"DIGITAL INFUZION, LLC",http://www.digitalinfuzion.com,https://linkedin.com/company/digital-infuzion
RVVNXLW2QB85,PENTACLE AS,https://www.pentacleglobal.com/,https://linkedin.com/company/pentacleglobal
RVZLMFFGEU15,"WARD APPARATUS, LLC",https://wardapparatus.com/,
RW2BMXLGNEQ5,WALBAR ACQUISITION CO,,
RW2MVAXGLNN4,HRANEC SHEET METAL INC,www.hranec.com,https://linkedin.com/company/hranec-corporation
RW46YPUKDTV5,"CHESAPEAKE SYSTEMS INTERNATIONAL, LLC",http://www.chesa.com,https://linkedin.com/company/chesapeake-systems
RW4LM9C3A8N3,"RENISHAW, INC.",www.renishaw.com,https://linkedin.com/company/renishaw
RWBEE1H5UFK8,TRILIO DATA INC.,https://trilio.io/,https://linkedin.com/company/trilio
RWEYSV69MTS5,"ADVANCED HPC, INC.",http://www.advancedhpc.com,https://linkedin.com/company/advanced-hpc-inc.
RWFSBR8KEKH1,"HELLAS CONSTRUCTION, INC.",HTTPS://WWW.HELLASCONSTRUCTION.COM,https://linkedin.com/company/hellasbuildingforsports
RWHWNRXJDL77,V-BAR CHINOOK WIND LLC,arcvera.com,https://linkedin.com/company/arcvera
RWJ6TH14UWW7,"AMERICAN 3B SCIENTIFIC, L.P.",http://www.3bscientific.com,
RWKPDJSE7NT6,"GLOBAL GREEN SERVICE GROUP, LLC",www.ggsg1.com,https://linkedin.com/company/global-green-services-group
RWNQFKVS2ZG4,"OPTIMIZE ELECTRIC, INC.",www.optimizeelectric.com,https://linkedin.com/company/optimize-electric-inc
RWTDJN9DJ243,FLIP ELECTRONICS LLC,http://www.flipelectronics.com,https://linkedin.com/company/flip-electronics
RX1KSPFCX2L3,ASOCIACION EL REFUGIO DE LA NINEZ,http://www.refugiodelaninez.org,https://linkedin.com/company/refugio-de-la-niñez
RX6TJYENT2H3,ACTIA CORP,,
RX7NN1WMH8C5,"WINTEC ARROWMAKER, INC.",http://www.arrowmaker.com,https://linkedin.com/company/wintec-arrowmaker-inc
RX9RKHEJKCY1,PELORUS LLC,,
RX9XEGQLPCE6,VALENCE VECTOR LABS LLC,https://v2-labs.com,
RXABWK6KJM88,FOWLER GENERAL CONSTRUCTION INC,www.fowlergc.com,https://linkedin.com/company/fowler-general-construction-inc-
RXFJHAQKK2P4,"ARAMSCO, INC.",http://www.aramsco.com,https://linkedin.com/company/aramsco
RY29J3MCUCK5,MICROWAVE APPLICATIONS GROUP,http://WWW.MAGSMX.COM,https://linkedin.com/company/microwave-applications-group
RY3NEWMNZA63,INTRAVACC B.V.,www.intravacc.nl,https://linkedin.com/company/intravacc
RY5YWDFCPQ85,MULTI-PHASE CONTRACTING CORP.,www.multiphasecc.com,https://linkedin.com/company/multiphasecc
RY86JJQN2GW6,"EXCELA VENTURES GROUP, LLC",,
RYF6GH258MT3,THE GRIEVE CORPORATION,http://www.grievecorp.com,https://linkedin.com/company/grieve-ovens
RYFNN4SSWF41,LEGAL SERVICES FOR CHILDREN INC,https://www.lsc-sf.org,https://linkedin.com/company/legal-services-for-children
RYGJRD3NN9J5,"ASCENTIA TECHNOLOGY, INC.",https://www.ascentiatech.com,https://linkedin.com/company/ascentia-technology
RYLLMGUNEKH4,"PRECISION PLUMBING & HEATING, INC.",https://precisionplumbinginc.com/,https://linkedin.com/company/precision-plumbing-&-heating-inc.
RYLWK35W9LR5,"POINT ONE USA, LLC",www.pointoneusa.com,https://linkedin.com/company/point-one-usa-llc
RYQZC6LDHQE4,"BENTON FRANKLIN POWER VAC, INC.",http://www.callbfpowervac.com,
RYRLL49HWN65,BAKER SHEET METAL CORPORATION,http://www.bakersheetmetal.com,https://linkedin.com/company/baker-sheet-metal-corp-
RYVANEDADBK3,"METALTEK INTERNATIONAL, INC.",,
RYYZESNKWY23,INPUT STAFFING LLC,https://inputtechnologysolutions.com/,https://linkedin.com/company/input-staffing-llc
RYZEZGBMWWY8,NRD LLC,http://www.nrdllc.com,https://linkedin.com/company/nrd---advanced-static-control
RZ1KKM4KQYB3,PICCADILLY SOFTWARE GROUP LLC,www.piccadillycloud.com,
RZ4ARLKKMM41,"BLAST CONTROL SYSTEMS, L.L.C.",,
RZ8GNCDG9W94,"RIDGELINE INTERNATIONAL, LLC",www.ridgelineintl.com,https://linkedin.com/company/ridgelineintl
RZ9MM5EMADC4,"WYATT ENGINEERING, LLC",http://www.wyattflow.com,https://linkedin.com/company/wyatt-engineering-llc
RZA5ATJS49A1,A N R MECHANICAL CORP,,
RZD8SPH3RR59,TYONEK ENGINEERING & AGILE MANUFACTURING LLC,http://www.tyonek.com,https://linkedin.com/company/tyonek-native-corp
RZLDYUV7UFV3,TODD RESEARCH LIMITED,,
RZN4KMRUV3J9,"SNOW EAGLE GROUP, LLC",,
RZNCK7AMRD44,LAUNCH ON DEMAND LLC,launchondemand.space,https://linkedin.com/company/launchondemand
RZNSSHMNWPN3,FRONTGRADE TECHNOLOGIES INC.,www.Frontgrade.com,https://linkedin.com/company/frontgrade-technologies
RZNVG637ZWA5,"EVEY HARDWARE CO, INC",,
RZQKG55SL4L9,FREEDOM USA INC,http://www.avadirect.com/,https://linkedin.com/company/avadirect
RZWPRBXRCSU1,"TERRACOTTA TECHNOLOGIES, INC.",www.teamtc.com,
RZWWWNV6JT23,"INDUSTRIAL HEAT TECHNOLOGIES, INC.",WWW.HEATTECH.COM,https://linkedin.com/company/heat-technology-products
RZX9MACMLQK1,"ARIZONA AIRCRAFT INTERIOR DESIGNS, INC.",https://www.azaircraftinteriors.com/,https://linkedin.com/company/arizona-aircraft-interior-designs
RZYBCXPDGD23,FULL ADVANTAGE PHILS. INTERNATIONAL INC.,,
S115PZ54S9M6,PERFORMANCE DRONE WORKS LLC,www.pdw.ai,https://linkedin.com/company/performance-drone-works-llc
S17XMAE3X5E4,WHITE ROCK C.C. RMML LLC,,
S185FLKRNHN1,"AVIBANK MFG., INC.",,
S18KGSFHN3U4,ABHIRAM INC,,
S19SJK1L6N49,FUNDACION ARGENINTA,www.argeninta.org.ar,https://linkedin.com/company/fundacion-argeninta
S1ALJEUJVC86,"A-1 INDUSTRIAL SUPPLY, LLC",https://www.a1indsupply.com/,https://linkedin.com/company/a-1-industrial-supply-inc
S1B1CCNYX754,MEDLEY MATERIAL HANDLING INC.,http://www.medleycompany.com/,https://linkedin.com/company/medleycompany
S1E5J1GTFAJ7,"KNOT TECHNOLOGY SOLUTIONS, L.L.C.",http://www.ktsgov.com,https://linkedin.com/company/kts-knot-technology-solutions
S1F6ENKRK2Y5,KANDA SOFTWARE INC,www.kandasoft.com,https://linkedin.com/company/kanda-software
S1JAEN7ZSD85,BERRY COMPANIES INC,,
S1NFYSY47KH5,"DATA CONVERSION LABORATORY, INC.",https://www.dataconversionlaboratory.com/,https://linkedin.com/company/dclab
S1QYEGMR7589,"SAVANTEST, LLC",,
S1RUKWWRYFL6,MCKESSON CORPORATION,,
S1YEAMSX7LL8,APPLIED SOFTWARE TECHNOLOGY LLC,http://www.asti.com,https://linkedin.com/company/applied-software
S21PMLJG33U7,DERWOOD TECHNOLOGY INC,,
S22XUHV5C3U4,BANKURU LLC,,
S24GPDB3E527,CORPORATE INTERIORS INC,http://www.corporateinteriorsinc.com/,
S26TW5MQJK67,"GRAYBAR ELECTRIC COMPANY, INC.",http://www.graybar.com,https://linkedin.com/company/graybar
S2CBP7L5RKL8,ANALITICA QUIMICA INTERNACIONAL S.A.,,
S2CUBTFUCAB5,POMPS TIRE SERVICE INC,,
S2E8ELAPNNB9,PKE LLC,,
S2EDNJBKLYB8,FARO INTERNATIONAL LLC,farointernational.com,https://linkedin.com/company/faro-international
S2F1CUMAW7E3,MF INC.,https://mftechinc.com/,https://linkedin.com/company/mf-tech-inc
S2HDHG27ACF6,CONSTRUCTION AHEAD INC,,
S2KAL7H9XYU2,"TERRATHERM, INC.",www.terratherm.com,https://linkedin.com/company/terratherm-inc-
S2KDDTHHJMN9,PALADIN TECHNOLOGIES (USA) INC.,http://www.paladintechnologies.com,https://linkedin.com/company/paladintechnologies
S2LCTGH4RWT8,BJS & T ENTERPRISES INC,http://www.sandiegopowdercoating.com,https://linkedin.com/company/san-diego-powder-protective-coating
S2MHUWXN28M5,MARCOM LLC,http://www.marcomllc.net,https://linkedin.com/company/marcom-llc-
S2NPBAL8EK39,"STRATASYS DIRECT, INC",http://www.stratasys.com,https://linkedin.com/company/stratasys
S2Q6N68D5DR5,LEEDS SERVICES CO. PTE. LTD.,www.leeds.com.sg,
S2TEAALBJ4J5,"BUSINESS STAFFING OF AMERICA, INC.",https://www.bsofa.com,
S2V6KQ1KJDJ6,BAE SYSTEMS GLOBAL COMBAT SYSTEMS MUNITIONS LIMITED,http://www.baesystems.com,https://linkedin.com/company/bae-systems
S2VCHURC1WK3,FILM SPEED LLC,filmspeed.com,
S2WUBEC1JDW7,MACRO PROFESSIONAL STAFFING SOLUTIONS LLC,www.macro-pros.com,https://linkedin.com/company/macro-pros
S352L5PJLMP8,EMORY UNIVERSITY,http://www.emory.edu,https://linkedin.com/company/emory-university
S36AMHFADJJ2,PTERRA PHILIPPINES INC.,,
S37RDKARSTH9,"SPECIALTY INTERIOR CONSTRUCTION, INC.",,
S39QKAF1LFS1,"PELLAND ENTERPRISES, L.L.C",,
S39UYJ133CJ3,"EUROFINS EATON ANALYTICAL, LLC",www.eurofinsus.com/env,
S3B7DUQNRA77,BANANA RIVER SOFTWARE LLC,,
S3BCKMK7AVE8,TRUEBELL MARKETING & TRADING. LLC.,http://www.truebell.org,https://linkedin.com/company/truebell-marketing-and-trading-llc
S3BNL6LJVNW3,RBT ELECTRIC INC,https://www.rbt-electric.com,https://linkedin.com/company/rbt-electric-inc
S3BWGDQGUMC8,"SEAKR ENGINEERING, LLC",http://www.seakr.com,https://linkedin.com/company/seakr-engineering
S3DLHNDC4XE5,"INTERNATIONAL PROTECTIVE SERVICE, INC. (IPS)",,
S3EBUMR5CMT9,"MA LABORATORIES, INC.",https://www.malabs.com/,https://linkedin.com/company/malabs
S3EUKPYVT1E1,TAB GLASS & WINDOW CORP,http://www.tabglass.com,
S3GCB212XFK4,"MNR ENTERPRISES, INC.",http://www.systemselec.com,https://linkedin.com/company/mnr-enterprises
S3GFGJ1QGAE6,"M.S.M. INDUSTRIES, INC.",http://www.msm-ind.com/,https://linkedin.com/company/msmindustries
S3GMKS8ELA16,THE UNIVERISTY OF TEXAS M.D. ANDERSON CANCER CENTER,,
S3HYFSR2F5F1,SCIMENTIS LLC,http://www.scimentis.com,
S3JDKNFPELB1,"KATCO DISTRIBUTORS, INC.",,
S3KCL8KUB5Q3,C & B INVESTMENT PARTNERS LIMITED,,
S3KXQ73UFQW5,"OXLEY,INC.",https://www.oxleygroup.com,https://linkedin.com/company/oxleygroup
S3RVLM9CNDC6,TIER ONE TECHNOLOGIES LLC,http://www.tier1technologies.com,https://linkedin.com/company/tieronetechnologies
S3V3ZCZ2EMK2,"CRITICAL PATH SOLUTIONS, INC.",www.consultcps.com,https://linkedin.com/company/criticalpath-solutions
S3VMFSL92216,REDPORT INFORMATION ASSURANCE LLC,http://redport-ia.com/,https://linkedin.com/company/redport-information-assurance
S3VZLUAYNRG8,WAYNE DISPOSAL INC,www.usecology.com,https://linkedin.com/company/us-ecology-inc-a-republic-services-company
S3ZPDEJRW6C9,STEP ENGINEERING SRL,,
S445SR7KH7E5,EARLY CHILDHOOD SOLUTIONS LLC,earlychildhoodsolutions.org,https://linkedin.com/company/early-childhood-solutions-llc
S446QKCZNCC8,AVAWATZ CO,www.avawatz.com,https://linkedin.com/company/avawatz
S46YUMRGTZ65,"OCTAGON SERVICES, INCORPORATED",http://www.tanksdirect.com,https://linkedin.com/company/tanks-direct
S48HCHD4E4K1,"GLOBE BIOMEDICAL, INC",www.globebiomedical.com,
S4B8MJMCMFT5,QUALITY MECHANICAL CONTRACTING LLC,,
S4FEMXLTMXM4,ENLIGHTENED TECHNOLOGY CORP,,
S4HGJBWRBAR5,ACTIVE SECURITY CONSULTING LLC,www.activesecurityconsulting.com,https://linkedin.com/company/activesecurityconsulting
S4L1QKC4Y1X5,"JM ENERGY CONSULTING, INC",,
S4NYNLPYPLK3,ATCS SERVICES LLC,www.atcs.com,
S4S3YCM27KM1,"BUCHANAN & EDWARDS, INC.",http://www.buchanan-edwards.com,
S4TATN6X5KE4,AQUISENSE TECHNOLOGIES LLC,www.aquisense.com,https://linkedin.com/company/aquisense-technologies
S4X9GQQ1UKS8,BAE SYSTEMS (OPERATIONS) LIMITED,http://www.baesystems.com,https://linkedin.com/company/bae-systems
S4ZAF64LJ1G3,"GENERAL DYNAMICS MISSION SYSTEMS, INC.",https://gdmissionsystems.com,https://linkedin.com/company/gdms
S58NJBBDKRF5,KADIAK LLC,,
S59WXKA4FR69,KATHRYN S. RIGNEY,,
S5HDPTH58LS5,"CURTISS-WRIGHT DS, INC.",http://www.cwcdefense.com,
S5KJEA9TB2N1,"ELECTRICAL TESTING AND MAINTENANCE CORP., INC.",www.etmcorp.net,
S5KJLD4GVMG4,"MAZZELLA LIFTING TECHNOLOGIES, INC.",http://www.mazzellalifting.com,https://linkedin.com/company/mazzella-lifting-technologies
S5M3NB1951C1,QUINN TOOL ENGINEERING COMPANY,www.qtemfg.com,https://linkedin.com/company/qte-manufacturing-solutions
S5MCNLSKJFF5,"CHAUTAUQUA COUNTY CHAPTER OF NYSARC, INC",,
S5MGCL7Y2XZ7,"LANDTECH, INC.",http://www.landtech-inc.com,https://linkedin.com/company/landtech-consultants-inc.
S5MXMWAV9YU4,"CAPITAL ELECTRIC CONSTRUCTION COMPANY, INC.",http://WWW.CAPITALELECTRIC.COM,https://linkedin.com/company/capital-electric-construction-company-inc.
S5S7Y1G7XPK6,AK MATERIAL HANDLING SYSTEMS INC,,
S5SJE6JCEED7,"NUSPACE, INC",https://pcxaero.com/long-beach/,https://linkedin.com/company/pcx-aerostructures
S5VCCMACWKD7,JLAN SOLUTIONS LLC,https://jlansolutions.com,https://linkedin.com/company/jlan-solutions
S5Z4CFPSESB9,"ADEK TECHNICAL SALES, INC.",https://www.adek.com,https://linkedin.com/company/adek-industrial-computers
S64EL9CH3PT3,MANSFIELD OIL COMPANY OF GAINESVILLE INC,mansfield.energy,https://linkedin.com/company/mansfield-oil-company
S65WDKZ3FKY4,TRI-V TOOL & MFG. CO.,http://www.tri-vtool.com,https://linkedin.com/company/tri-v-tool-&-mfg-
S672VKZ5ZJS8,365 OPERATING COMPANY LLC,,
S67MBJHGNLJ6,SAY SO SOLUTIONS LLC,,
S6BUSEKSHJF4,PINEDA Y ASOCIADOS,https://www.bakertilly.gt/,https://linkedin.com/company/pinedayasociados
S6BZUXNR2K13,YATES ASTRO EXTERMINATING,,
S6D2NNDHK5Z4,"MARTIN INTERNATIONAL ENCLOSURES, LLC",http://www.martinenclosures.com,https://linkedin.com/company/martin-international-enclosures
S6EKA36FW7W8,TROIKA SOLUTIONS LLC,www.troikasol.com,https://linkedin.com/company/troikasol
S6GCPN1RWWN5,"HURRICANE ELECTRONICS, INC.",www.hurricaneaerospace.com,https://linkedin.com/company/hurricaneaerospacesolutions
S6JHNHLFCT43,"ALARON, LLC",,
S6K9MLMVFMD6,"ACUTEC PRECISION AEROSPACE, INC.",http://www.acutecprecision.com,https://linkedin.com/company/acutec-precision-machining-inc.
S6KEGRLJSRZ4,"MIDCON CABLES CO, INC.",www.midconcables.com,https://linkedin.com/company/midcon-cables-company
S6LCKJZGKFZ5,"PIONEER MACHINE & TOOL CO, INC",,
S6LGB8Z7K157,STL SEDUCTION MEDIA LLC,https://www.evolubesupply.com/,https://linkedin.com/company/evo-supply-group
S6MCFRNAKXG3,ELECTRO IMPULSE LABORATORY INC,,
S6RXX8VMJK46,"FEDDATA TECHNOLOGY SOLUTIONS, LLC",www.feddata.com,https://linkedin.com/company/feddata-technology-solutions
S6T8M4GJ9M37,OEG INC,http://www.oeg.us.com,https://linkedin.com/company/oegpoweron
S71QMLWR99N7,FUTURE LABORATORIES,https://www.future-laboratories.org,https://linkedin.com/company/futurelaboratories501c3
S736CKP8MK79,LITE METALS COMPANY INC,,
S77LLU54N1G6,HENRI SITORUS,,
S7B4DJR6TDD1,ILLINOIS TOOL WORKS INC.,WWW.ITWEAE.COM,https://linkedin.com/company/itw-eae
S7BLQ4JMY8L1,"THE E GROUP, INC.",https://www.centricitynow.com,https://linkedin.com/company/centricitynow
S7D8JB872NR4,SANDRA JANE WARK,,
S7EXJJCTXGP1,M5K ENTERPRISES. INC.,https://www.cortru.com/,https://linkedin.com/company/cortru
S7HXJ97WWKT5,"FIBER SYSTEMS INTERNATIONAL, INC.",https://www.fibersystems.com,
S7M9D9N37AT7,BVG & CO CONSULTING LLC,www.bvgandcompany.com,https://linkedin.com/company/bvg-company-consulting
S7NNWN1J6JP9,"AMENTUM TECHNOLOGY, INC.",,
S7V8ELEACTQ9,"LEWIS INFO TECH, INC.",http://www.lewisinfotech.com,https://linkedin.com/company/lewis-infotech-inc.
S7WERS8KL4E9,MINTEK RESOURCES INC,www.mintekresources.com,https://linkedin.com/company/mintekresources
S7YMEV7FJHC8,"RUMLEY SOLUTIONS, INC.",www.hummingbirdfirm.com,https://linkedin.com/company/hummingbirdfirm
S7ZYLGDAWEE9,"INTERCON, INC.",http://www.interconinc.com/,https://linkedin.com/company/intercon-inc.
S83HLTL98FP7,CALTROL INC.,www.caltrol.com,https://linkedin.com/company/caltrol
S84LN5L5BFA9,SNAP-ON INCORPORATED,www.snapon.com,https://linkedin.com/company/snap-on-inc
S8EEKDN4QJV3,"AVMAX SPARES USA, INC.",,
S8LST66SSTH4,"A-1 PRO CLEANING, INC.",,
S8NXF6ZC2C98,GORILLA CIRCUITS,http://www.gorillacircuits.com,https://linkedin.com/company/gorilla-circuits
S8QZFUJ377W5,"SELLERS OPTICAL, INC.",www.precisionoptical.com,https://linkedin.com/company/precision-optical-co.
S8SQA9ZYF638,CONTRACT FURNISHERS OF HAWAII INC,www.op-hawaii.com,https://linkedin.com/company/office-pavilion-hawaii
S8UCESVVK4H1,"PG ENVIRONMENTAL, LLC",http://www.pgenv.com/,https://linkedin.com/company/pg-environmental
S8WWLV32ZJP6,"ASPHALT TESTING SERVICES ATS, LLC",www.asphaltts.com,https://linkedin.com/company/asphalt-testing-services
S95TCJV6C9N6,LENTHOR ENGINEERING INC,https://www.fralock.com/fralock-companies/,https://linkedin.com/company/fralock
S996KR1RN6B9,"CUSTOM WINDOW DECORATORS, INC",,
S99KDMPSSLH8,ROHNER FINISHING SYSTEMS LLC,http://www.RohnerSprayBooths.com,https://linkedin.com/company/rohner
S9BLNSFZ58L4,"BPWAY.COM, LLC",www.bpway.com,https://linkedin.com/company/bpway.com---quality-tools-&-hardware
S9BMZSNU4PR8,"BOYE ENGINEERING, LLC",,
S9FENR91JGV9,THE CARONDELET FOUNDRY CORPORATION,https://www.metaltek.com,https://linkedin.com/company/metaltek-international
S9J7GYBLFNK9,"L&L MECHANICAL, INC.",www.llmechinc.com,
S9KKH8LZMQU8,NU-TEK PRECISION OPTICAL CORP.,http://www.nu-tek-optics.com,https://linkedin.com/company/nu-tek-precision-optical-corp-
S9KNVMFWSC21,"PROMESS, INC.",,
S9KPY9BKZHA4,URSA SPACE SYSTEMS INC,www.ursaspace.com,https://linkedin.com/company/ursa-space-systems
S9LCKSQNC353,TRU-LOCK & SECURITY INC,,
S9UYLMMXE6X8,ELSEVIER INC.,,
S9V3H1U19M83,INNOVA CONSULTING LLC,https://www.innovaconsulting.com,
S9YEYXDHE5L9,DIKAMA CONSULTING,,
SA4GNTNNX1S7,"INTERNATIONAL METALLURGICAL SERVICES, INC.",www.scarrott.com,https://linkedin.com/company/scarrott-metallurgical-company
SA6AP4DNLGG6,GARRATT-CALLAHAN COMPANY,http://www.garrattcallahan.com,https://linkedin.com/company/garratt-callahan-company
SA7ZWUEM9RG4,SYSTEMS & TECHNOLOGY RESEARCH LLC,http://www.str.us,https://linkedin.com/company/str-us
SA8ZKKNJC7N3,"WARREN PINNACLE CONSULTING, INC",http://warrenpinnacle.com,https://linkedin.com/company/warren-pinnacle-consulting-inc-
SAB5XACK9258,SHERPA 6 INC,www.sherpa6.com,https://linkedin.com/company/sherpa-6-inc
SAC3HHUSKQ56,SINEQUA CORP,www.sinequa.com,https://linkedin.com/company/sinequa
SAC8LKH15LM8,"FM TALENT SOURCE, LLC",www.fmtalent.com,https://linkedin.com/company/fm-talent-source
SACAZ1PL6TL8,"DELPHI ENGINEERING GROUP, INC.",http://www.delphieng.com,https://linkedin.com/company/delphi-engineering-group
SACMT7MBGLA1,ADVETAGE SOLUTIONS LLC,www.advetage.com,https://linkedin.com/company/advetage-solutions
SAEMRVX68LE4,"NOVIUM, LTD.",,
SAHRPU7E3PH3,NEW HAMPSHIRE BALL BEARINGS INC,http://www.nhbb.com,https://linkedin.com/company/nhbb
SAJBM5FJBCE7,"SPACE INFORMATION LABORATORIES, LLC",http://www.spaceinformationlabs.com,https://linkedin.com/company/space-information-laboratories
SANBV3KU48Y3,VALMONT TELECOMMUNICATIONS INC,https:/www.valmont.com,
SANHQAMQNU23,AYOBAS K.K.,,
SAR4JHRWMNM3,"CORVUS CONSULTING, LLC",https://www.Corvus-Consulting-LLC.com/,https://linkedin.com/company/corvusconsulting
SARHALYPU3D5,ND3 INC,https://nd3inc.com/,https://linkedin.com/company/nd3-inc
SATYSBWG3FL7,"BUSEK CO., INC.",http://www.busek.com,https://linkedin.com/company/busek
SAU8NDMYPL87,NIGERIAN INSTITUTE OF MEDICAL RESEARCH,http://www.nimr.gov.ng,https://linkedin.com/company/nimrnigeria
SAW3RDA3TK47,GALCO INDUSTRIAL ELECTRONICS INC,www.galco.com,https://linkedin.com/company/galco-industrial-electronics
SAWGQ2D4JRL7,"BRANTNER AND ASSOCIATES, INC.",www.te.com,https://linkedin.com/company/te-connectivity
SAWLP2MPAPT4,SKY CONTRACTING GROUP LLC,,
SAXBRZMKNPR1,BUTTE TECHNOLOGY LTD,https://butte.tech,
SAXSD6MLNWM3,GEON TECHNOLOGIES LLC,www.geontech.com,https://linkedin.com/company/geontech
SAYUP94NQEE9,POST-GRADUATE INSTITUTE FOR MEDICINE INC.,,
SB1JQZJAPYL7,INFOTREE GLOBAL SOLUTIONS CORP,www.infotreeglobal.com,https://linkedin.com/company/infotree-global-solutions
SB2HKGPM3946,GREATER PORTLAND ELECTRIC LLC,,
SB43KPEYLLY9,AMINCO TRANS SERVICES,,
SB4AP9X1YDP6,"BROWN & ASSOCIATES CERTIFIED INSPECTION SERVICE, INC.",www.planreviewandinspections.com,https://linkedin.com/company/brownandassociates
SB4TV9WMLNB5,"EMINENCE MANUFACTURING, INC.",,
SB6AVL5AL6P7,POGO LINUX CORPORATION,http://www.pogolinux.com,https://linkedin.com/company/pogo-linux
SBGRZSLLWW27,RSA ENTERPRISES LLC,www.teamrands.com,https://linkedin.com/company/r-&-s-west-motorcycles-atv-marine
SBHPVY1VU5A5,"AEROSPACE COMPOSITE CENTER, LLC",,
SBL3JL5GD5X8,"ARGENTUM MEDICAL, LLC",www.bravidamedical.com,https://linkedin.com/company/bravidamedical
SBM7D5CMNVV7,ARC CONSULTING US LLC,https://www.arcconsultingus.com/,https://linkedin.com/company/arc-consulting-us
SBMEDM2LUAR1,"ASPIRE HR, LLC",http://www.aspirehr.com,https://linkedin.com/company/aspirehr-inc
SBMKCS9LT3B1,"MOTION INDUSTRIES, INC.",,
SBPJAL6B69J1,"BBCS, INC.",www.bbcs.net,
SBPZQQFXAP58,3G AEROSPACE LLC,www.3gaerospace.com,
SBU1CMRU6VV3,KAYDON RING & SEAL INC,https://www.skf.com/kaydonringandseal,https://linkedin.com/company/skf
SBVUVJ2G3NL4,"SAUER CONSTRUCTION, LLC",http://www.sauer-inc.com,
SBXLQDRBH8Q8,MERSEN USA EP CORP.,https://us.mersen.com/en,
SBY5A7EK9PU3,"METABOLON, INC.",http://www.metabolon.com/,https://linkedin.com/company/metabolon
SC68XCGHTKK3,SUMURI LLC,http://www.sumuri.com,https://linkedin.com/company/sumuriforensics
SC6HUTEDZFY8,NOVINGER'S INC,,
SC8LMLWA6H51,REGENCY CONSULTING INC,http://www.regencyconsulting.com,https://linkedin.com/company/regency-consulting
SCALWEL6Z4A3,TAMARACK TECHNOLOGIES INC,https://www.tamaracktechinc.com,https://linkedin.com/company/tamarack-technologies-inc.
SCAVKHDMHNL5,"RANCHO BIOSCIENCES, LLC",,
SCBGXE69LKZ6,RADISSON BLU HOTEL DOHA,,
SCEMP7JAZRY3,WESTERN INTERNATIONAL INC,https://western-global.com/,https://linkedin.com/company/westernglobal
SCFHN8K7J827,MCMURRAY STERN LLC,http://www.mcmurraystern.com,https://linkedin.com/company/mcmurray-stern
SCFZF21F6NM8,"ARDALYST DEFENSE, LLC",,
SCGDTN612DM7,TERRY'S PLUMBING LLC,,
SCJDZHQ987W7,"PLASTECH SERVICES, INC.",www.plastechservices.com,https://linkedin.com/company/plastech-services-inc.
SCJNMJ1NM359,LOVERIDGE MACHINE & TOOL INC,www.loveridgemachine.com,https://linkedin.com/company/loveridge-machine-company
SCPZG2UKKBE5,"AVIATION FUEL TECHNICIANS, LLC",,
SCSSAG2LWE15,LOS ALAMOS COMMERCE & DEVELOPMENT CORPORATION,https://losalamosdevelopment.com/,https://linkedin.com/company/los-alamos-commerce-&-development-corporation
SCUYJZR49DW9,C & S ENGINEERS INC,http://www.cscos.com,https://linkedin.com/company/c&s-engineers-inc-
SCX2MPBTGFJ9,WASA ELECTRICAL SERVICES INC,wasahawaii.com,https://linkedin.com/company/wasa-electric
SD1LDV57AE43,VEXTERRA GROUP LLC,www.vexterra.com,https://linkedin.com/company/vexterra-group
SD3CKQVBWBN9,"ZIGNAL LABS, INC",www.zignallabs.com,https://linkedin.com/company/zignal-labs
SD7YQGNNBTM9,"ADVANCED PEST & WEED MANAGEMENT, L.L.C.",,
SD8KG9CCJQE7,"COMPASS SYSTEMS, INC.",www.compass-sys-inc.com,https://linkedin.com/company/compass-systems
SD9JZ9S7MEA6,AGILENT TECHNOLOGIES INC,http://www.agilent.com,https://linkedin.com/company/agilent-technologies
SDB9Q8XYLDJ9,ALLEGHENY CITY ELECTRIC INC,http://www.alleghenycityelectric.com,https://linkedin.com/company/allegheny-city-electric
SDCCLQK27WZ3,APRYSE SOFTWARE CORP.,,
SDDMJG36ENU8,"NAJARS ENGINEERING, INC.",https://www.najars.com,https://linkedin.com/company/najars-engineering
SDHJGSS2CRA1,FIRETRON INC,www.firetron.com,https://linkedin.com/company/firetron-inc
SDHQRM1MNLJ5,"YMC, INC.",www.ymcinc.com,https://linkedin.com/company/ymc-inc.-mechanical-contractors
SDKWU2HNNHQ9,SENIOR UK LIMITED,senioraerospacebwt.co.uk,https://linkedin.com/company/senior-aerospace-bwt
SDM8GYNNEKF3,ERGOTECT CORPORATION,http://www.ergomart.com,https://linkedin.com/company/ergomart
SDMGELX6PZA9,BELARC INC,https://www.belarc.com,https://linkedin.com/company/belarc
SDNWMDLQ1WL7,PRECITEC INC,www.precitec.com,https://linkedin.com/company/precitec-kg
SDS9MHL66MM5,"ECKERT & ZIEGLER ISOTOPE PRODUCTS, INC.",http://www.ezag.com,https://linkedin.com/company/eckert-&-ziegler-ag
SDYCYEKKH4S5,"KAP MANUFACTURING, INC.",www.kapmfg.com,https://linkedin.com/company/kap-manufacturing
SE15BLN99TZ6,THE ORYZA GROUP LLC,www.theoryzagroup.com,https://linkedin.com/company/the-oryza-group
SE4JMDW8ET98,"UNIVERSITY OF CALIFORNIA, SAN FRANCISCO",,
SE4WF9NG8G17,"JACOBS & ASSOCIATES, CPA, LLC",,
SE9UPFTEVQ36,PRESIDIO GOVERNMENT SOLUTIONS LLC,www.presidio.com,https://linkedin.com/company/presidio-
SEBZZVEY7C98,POSITIONAL ADVISORS LLC,www.positionaladvisors.com,https://linkedin.com/company/positional-advisors-llc
SEGPWM5D5Y94,CENTRAK INC,www.centrak.com,https://linkedin.com/company/centrak
SEJ1U417YLC7,TFI LLC,https://topekafoundry.com/,https://linkedin.com/company/topekafoundryironworks
SELNMJ13FJ64,"ACHIEVING CORPORATE EXCELLENCE, INC.",http://www.achievingcorporateexcellence.com,https://linkedin.com/company/achieving-corporate-excellence-inc-
SEMJALE4HBN7,"STAVER HYDRAULICS CO., INC.",http://www.staverhydraulics.com,https://linkedin.com/company/staver-hydraulics-co
SENNLNFMSUL5,T S ENGINEERING GROUP LLC,http://www.multivista.com,https://linkedin.com/company/multivista
SENVTGPPLSD7,ZAMBIA NETWORK OF YOUNG PEOPLE LIVING AND AFFECTED WITH HIV LIMITED,,
SEP1VT759MJ7,PROTOMATIC VISION LLC,,
SEPLP9ZHFHR2,NICOLETTI FLATER PROFESSIONAL LIMITED LIABILITY PARTNERSHIP,http://traumathreatandpublicsafetypsychology.com/,https://linkedin.com/company/nicoletti-flater-associates
SEQ2YTVYN9M5,3FORM LLC,http://www.3-form.com/,https://linkedin.com/company/3form
SF46EZLSXSL3,CANYON USA,,
SF6HJNSMX659,SKLAR CORPORATION,http://www.sklarcorp.com/,https://linkedin.com/company/sklar-instruments
SF7NEK1G55C4,"MAC BUSINESS SOLUTIONS, INC.",http://www.mbsdirect.com,
SF7XMFBMM1B7,"INDRA SISTEMAS, SOCIEDAD ANONIMA",,
SF7YEKJRDSH7,"SESSLER, INC",,
SF8PUNL1MNF5,"ENGINEERING AND SOFTWARE SYSTEM SOLUTIONS, INC.",https://www.es3inc.com,https://linkedin.com/company/es3-inc
SF8TH7G94B18,GLOBAL DRYWALL SERVICES LLC,,
SFDBSAME8NJ3,ORBITAL SCIENCES LLC,www.ngc.com,
SFE8M7RF4A37,"AON CONSULTING, INC.",http://www.aon.com,https://linkedin.com/company/aon
SFEMG2D1VMQ5,"GULF GEOEXCHANGE AND CONSULTING SERVICES, INC.",http://www.gulfgeo.com,https://linkedin.com/company/gulf-geoexchange-and-consulting-services-inc-
SFFCPDAHXW27,NEW TECH SOLUTIONS INCORPORATED,,
SFFEC4G4KTE1,"INFINISOURCE CONSULTING SOLUTIONS, INC.",http://www.icsfederal.com,https://linkedin.com/company/infinisource-consulting-solutions-inc.
SFFTHUV78AA2,"STANDARDAERO BUSINESS AVIATION SERVICES, LLC",www.standardaero.com,https://linkedin.com/company/standardaero
SFHJE1HNZK53,PORTAL TECHNOLOGIES CORP,https://www.portaltech.com,https://linkedin.com/company/portal-technologies-corp
SFHMQYSKMAU3,ENDLESS FRONTIER ASSOCIATES LLC,,
SFLLYFTBLRK4,CUMMINS C&G LIMITED,,
SFWPJA2L5N29,"LAVISION, INC.",http://www.lavisioninc.com,
SFWRQKZYG9W3,"ENVIRONMENTAL ABATEMENT, INC",www.eaitn.com,https://linkedin.com/company/eai---environmental-abatement-inc-
SG1DMN36MA84,LNRS DATA SERVICES INC,https://risk.lexisnexis.com/group,
SG2FV97BWR66,ENVINET GMBH,www.scientaenvinet.com,
SGBMHQ7VXNH5,NEW JERSEY INSTITUTE OF TECHNOLOGY,www.njit.edu,https://linkedin.com/company/njit
SGCURKHMBPG4,EMERSON LLLP,,
SGEJXDPJT6A3,"LPE ASSOCIATES, LLC",www.lpeassociates.com,https://linkedin.com/company/lpe-associates
SGFJEWMVSVE7,"DATAFUELED INNOVATIONS, LLC.",https://www.datafueledinnovations.com/,
SGH6AQJB9BB3,"EMERGENCY MANAGEMENT PARTNERS, LLC",,
SGJHRZTPUT31,RMC 2021 LLC,www.rmcglobal.com,https://linkedin.com/company/rmcglobal
SGK5EGB9VQM8,"ARCTIC SLOPE TECHNICAL SERVICES, INC.",https://www.asrcfederal.com/companies/,https://linkedin.com/company/asrc-federal
SGKBY3QJSCY5,HOUSING OPPORTUNITIES COMMISSION OF MONTGOMERY COUNTY,www.hocmc.org,https://linkedin.com/company/housing-opportunities-commission
SGM4YYQCG6Y7,"TACTICAL SUPPORT EQUIPMENT, INC",www.tserecon.com,https://linkedin.com/company/tactical-support-equipment-inc.
SGM8NSJEL916,"MCRAE INDUSTRIES, INC.",,
SGNNTND4VCR7,"DATASAVERS OF JACKSONVILLE, INC.",http://www.datasaversusa.com/,https://linkedin.com/company/datasavers-of-jacksonville-inc.
SGR8NRLNXGK3,"SELMET, INC.",www.cppcorp.com,https://linkedin.com/company/consolidated-precision-products-corp-
SGT8EJX3DLQ7,"CHICKASAW ALLIANCE GROUP, LLC",www.chickasaw.com,https://linkedin.com/company/chickasaw-nations-industries
SGTJSK22KTG1,"TETRA TECH, INC.",www.tetratech.com,https://linkedin.com/company/tetra-tech
SGTZAWMUEHD7,GM EMULSION LLC,www.gmemulsion.com,https://linkedin.com/company/gm-emulsion-llc
SGUMKD9A98A1,CYBER MANAGEMENT INTERNATIONAL CORPORATION,https://cybermgt.com,https://linkedin.com/company/cybermanagement
SGWDVS6AT1Z3,COLLICUTT ENERGY SERVICES INC,www.collicutt.com,https://linkedin.com/company/collicutt-energy-services
SGZSNN2ZN3S2,"MIDLAND COMMUNICATIONS, INC.",http://www.midlandcommunications.net,https://linkedin.com/company/midland-communications-inc
SH1VCXTRZRT5,MGT DJIBOUTI SARL,,
SH25SZA96FC9,ROCKWOOD COMPANY LLC,www.rockwoodcompany.com,https://linkedin.com/company/rockwood-company
SH7FFU8W8B44,"MARQUEETEC, INC.",http://www.MarqueeTec.com,https://linkedin.com/company/marqueetec-inc.
SH8CMGWYV397,"COMMUNITY JUSTICE ALLIANCE, INC.",www.cjaca.org,
SHDDGMGZ56H5,AGORIA REAL ESTATE,,
SHF8BAZZ6EM1,"TECHNOCRAFTS, INC.",www.tcsin.com,https://linkedin.com/company/tcsin
SHGUFE3K17H1,"PROTIVITI GOVERNMENT SERVICES, INC.",http://www.protiviti.com/government,https://linkedin.com/company/protiviti
SHGYZPTHHLE8,AMERICAN BABBITT BEARING INC,www.americanbabbitt.com,https://linkedin.com/company/american-babbitt-bearing
SHJQN8RVHAF3,"MANTECH ADVANCED SYSTEMS INTERNATIONAL, INC.",,
SHKSNU48JHZ7,"1 SYNC TECHNOLOGIES, LLC",www.1synctech.com,https://linkedin.com/company/1sync-technologies
SHP5KWA3QZ18,IONQ TECH SOLUTIONS LLC,,
SHPFT77QQBC5,EXEQUT LLC,http://exequt.com,https://linkedin.com/company/exequt
SHRRS4PNEXV3,HAWAII PRIVATE LOCATORS LLC,http://HawaiiPrivateLocators.com,https://linkedin.com/company/hawaii-private-locators-llc
SHRTN4H33SF8,"RJT COMPUQUEST, INC.",ApolisRises.com,https://linkedin.com/company/apolisrises
SHTXNKG5AGU7,BOGART ASSOCIATES OF NORTHERN VIRGINIA LLC,www.bogart.ai,
SHU9D5MB4NW6,EAST COAST MICROWAVE SALES & DISTRIBUTION LLC,www.ecmstockroom.com,https://linkedin.com/company/east-coast-microwave-distributors-inc
SHVJM9KXAAF8,PROCURETEQ LLC,http://www.procureteq.com,https://linkedin.com/company/procureteq-llc
SHZXWVKA2V22,"TRI-TECH ELECTRONICS, INC.",WWW.TRI-TECHELECTRONICS.COM,https://linkedin.com/company/tri-tech-electronics-inc.
SJ1PBMJDF7L9,"WASATCH ENVIRONMENTAL, INC.",http://www.wasatch-environmental.com,https://linkedin.com/company/wasatch-environmental-inc.
SJ2VWAGVQ846,PROFESSIONAL DEPLOYMENT SOLUTIONS LLC,http://www.pds-networks.com,
SJ4LUCN663S4,"SFIII PONTIUS, LLC",,
SJ5FX5JDTGV9,"EVANS PRECISION MACHINING, INC.",,
SJ5RUHQ5K3M3,"PUMP INDUSTRIES, INC.",www.pumpindustries.com,https://linkedin.com/company/pump-industries-inc
SJ6LF1SQF5H7,"SURMOTECH, LLC",www.surmotech.com,https://linkedin.com/company/surmotech-llc
SJ79K92SH7V5,"ZIRCAR CERAMICS, INC",www.zircarceramics.com,https://linkedin.com/company/zircar-ceramics
SJA6UFJR6D83,"MICROWAVE INNOVATIONS, INC.",,
SJADVM2N5EC9,CENTRAL AMERICAN RESOURCE CENTER - CARECEN - OF CALIFORNIA,http://www.carecen-la.org,https://linkedin.com/company/central-american-resource-center---los-angeles-carecen-la-
SJDVF495YRN1,KM PRINTING LLC,www.strategicfactory.com,https://linkedin.com/company/strategic-factory
SJFHSLXDT3F6,"SMARTMARK COMMUNICATIONS, LLC",smartmarkglobal.com,https://linkedin.com/company/smartmark-comms
SJGBNVVLBFG3,"WALKER-HILL ENVIRONMENTAL, INC.",whenv.com,https://linkedin.com/company/alker-hill-environmental-inc
SJHANNQ8XZT6,"HARMONIA HOLDINGS GROUP, LLC",http://www.harmonia.com,https://linkedin.com/company/harmonia-holdings-group-llc
SJHFCDGKJJC5,LUNA INNOVATIONS INCORPORATED,http://www.lunainc.com,
SJHXC3VYDPB8,ELECTRON ENERGY LLC,https://www.electronenergy.com/,https://linkedin.com/company/electron-energy-corporation
SJJYHENMRLJ8,FARGO ROOFING & SIDING LLC,www.fargoroofing.com,https://linkedin.com/company/fargo-roofing-&-siding
SJL6WQBH4Q67,"SANTA MARIA ELECTRIC, INC.",www.smelectric.net,
SJL9Q452QBL5,IDSC HOLDINGS LLC,http://www.snapon.com,https://linkedin.com/company/snap-on-inc
SJLRHH197GA1,"HOLLOWAY HOUSTON, INC.",https://www.hhilfting.com,
SJNBW82KEKL7,UH-OH LABS INC,scouthealth.com,https://linkedin.com/company/tryoutscout
SJR4NTU7XBE4,PC KRAUSE & ASSOCIATES INC,http://www.pcka.com/,https://linkedin.com/company/pc-krause-and-associates
SJU6DDKYLWL8,STONE RIDGE MEDICAL CONSULTANTS LLC,www.stoneridgemedicalconsultants.com,
SJUBJCY4WQJ9,MASTODON DESIGN LLC,,
SJULQDJ8NZU7,"L3HARRIS TECHNOLOGIES, INC",http://l3harris.com,https://linkedin.com/company/l3harris-technologies
SJVKYMC42H41,DEEP SOUTH EQUIPMENT COMPANY,www.deepsouthequipment.com,https://linkedin.com/company/deep-south-equipment-co.
SJVRLG7LA4W3,"VISIONARY SOLUTIONS, LLC",,
SJVVKUFLU1X5,CARL ZEISS INDUSTRIAL QUALITY SOLUTIONS LLC,www.zeiss.com/metrology,
SJXKCPJMP984,DLA STRATEGIC MATERIALS,,
SK2LT3JKG413,VERTECH INDUSTRIAL SYSTEMS LLC,http://www.vertech.com,https://linkedin.com/company/vertech-industrial-systems-llc
SK4CGLEYRWM1,LOUISIANA TECHNOLOGY GROUP INC,https://www.latg.com,https://linkedin.com/company/latg-inc
SK6WBCC7THP3,CONTAINER ALLIANCE CO,http://www.containeralliance.com,https://linkedin.com/company/container-alliance
SK91XF9CPEX9,"TUX WINDOW CLEANING, LTD.",http://www.tuxwindowcleaning.com/,https://linkedin.com/company/tux-window-cleaning
SK9DMF76VYB8,"HIGH BRIDGE ASSOCIATES, INC",www.hba-inc.com,
SKBCGCB4UEJ1,COMMUNICATION FOR DEVELOPMENT FOUNDATION UGANDA LIMITED,www.cdfu.or.ug,https://linkedin.com/company/communication-for-development-foundation-uganda-cdfu
SKBJKKT8MRD5,"PRODUCT EVALUATION SYSTEMS, LLC.",https://www.pes-testing.com/,https://linkedin.com/company/product-evaluation-systems-inc.
SKDMF9D9E3G5,"ACUREN INSPECTION, INC.",www.acuren.com,https://linkedin.com/company/acuren
SKDNDZSH4KU1,"NEUDORFER ENGINEERS, LLC",www.neudorferengineers.com,https://linkedin.com/company/neudorfer-engineers-llc
SKGMZD12PMF2,ARMANTOR CORP,www.armantor.com,https://linkedin.com/company/armantor-corporation
SKJ5VD3UF5U6,CMS CIRCUITS INC,https://www.cmscircuits.com,https://linkedin.com/company/cms-circuit-solutions-inc
SKJMJYK7NLP1,"RYDER TRUCK RENTAL, INC.",,
SKKACASET588,DYNALEC CORPORATION,http://www.dynalec.com,https://linkedin.com/company/dynalec-corporation
SKKNM9CJDS35,"LIMITLESS SOLUTIONS GROUP, INC.",https://www.ls-grp.com,https://linkedin.com/company/limitless-solutions-group
SKLAAVXLMC34,CAMBRIA COMPANY LLC,,
SKMXJPT2LJ16,"AIR POWER, INC.",www.airpowerinc.com,https://linkedin.com/company/air-power-inc.
SKNFJARLK7J8,"OSI OPTOELECTRONICS, INC",https://www.semicoa.com/,https://linkedin.com/company/semicoa
SKPQAYK7EVM1,MONICA V CONSULTING LLC,,
SKTUKCDK67V3,"KENTON BROTHERS LOCKSMITHS, INC.",http://www.kentonbrothers.com,https://linkedin.com/company/kenton-brothers
SKXHBN6V2KA5,"UNIFIED STRATEGIC RESOURCES, LLC",https://unifiedstrategic.com,https://linkedin.com/company/unified-strategic
SL23FWXBVBS7,PURE-LOGIC INDUSTRIES INC,http://www.purelogicind.com,https://linkedin.com/company/pure-logic-industries-inc.
SL2PF6R7MRN1,CLARKSON UNIVERSITY,http://www.clarkson.edu,https://linkedin.com/company/clarkson-university
SL3JSAAN25V3,ARCUS CONSULTING GROUP LLC,www.arcusgroup.co,https://linkedin.com/company/arcus-consulting-group-llc
SL41FJLQXH18,"COMPLIANCE SERVICES AND TESTING, LLC",www.comptesting.com,https://linkedin.com/company/compliance-services-and-testing
SL7JJ6EZN3Y3,"ONEZERO SOLUTIONS, LLC",www.onezerollc.com,https://linkedin.com/company/onezerollc
SL86TMSGFU35,STATE SEAL COMPANY,http://www.stateseal.com,https://linkedin.com/company/state-seal-company
SLBPZRJALKL9,SOURCEHUB LLC,http://www.sourcehub.com,https://linkedin.com/company/sourcehub-llc
SLEPYXMKG1H4,"FLAME ENTERPRISES, INC.",http://www.flamecorp.com,https://linkedin.com/company/flame-enterprises-inc-
SLHMLAKZVZ93,"HOMOGENEOUS METALS, INC.",http://www.hmipowder.com,https://linkedin.com/company/homogeneous-metals-inc.
SLJFYLJJV7K7,EVAN CORP,http://www.evancorp.com,https://linkedin.com/company/evanfallprotection
SLK1WKS46523,ECHELON INDUSTRIES CORPORATION,Echelon-co.com,https://linkedin.com/company/echelonindustriescorporation
SLL2JM8UD3M4,APM MANUFACTURING,www.anaheimprecision.com,https://linkedin.com/company/apm-manufacting-inc
SLMCQ6W8B8C7,RAGGED EDGE SOLUTIONS LLC,www.raggededgesolutions.com,https://linkedin.com/company/ragged-edge-solutions
SLNCP6P9G4W1,SEGERS AERO CORP,www.segers.aero,https://linkedin.com/company/segers-aero-corporation
SLPYAA7K9619,DUNCAN-PARNELL INC,http://www.duncan-parnell.com,https://linkedin.com/company/duncan-parnell-inc-
SLRNJ7MNBFH7,"HALL ENVIRONMENTAL ANALYSIS LABORATORY, INC",http://www.hallenvironmental.com,https://linkedin.com/company/hall-environmental-analysis
SLS4BPT69R63,ECONOMIC DEVELOPMENT CORPORATION - SAN DIEGO COUNTY,,
SLSMNK4V9BK8,A&E CONSULTING LLP,,
SLVERBJAVNS4,"L3HARRIS TECHNOLOGIES, INC.",http://www.L3harris.com,https://linkedin.com/company/l3harris-technologies
SLW1NLFJRSU9,"ABBA CONTRACT, INC.",,
SLW2FF57S7M4,RK ANALYTICS LLC,,
SLXKW8K7Z5M7,"NAVIGATION ELECTRONICS, INC",https://www.neigps.com,https://linkedin.com/company/navigation-electronics-inc-
SM1DTLCJ5KE5,INFRASTRUCTURE CONSULTING & ENGINEERING LLC,,
SM3LHJ1YBT26,SYLHAN LLC,http://www.sylhan.com,https://linkedin.com/company/sylhan-llc
SM89PVU53DJ7,"GLOBAL AIR CHARTERS, INC.",https://www.globalaircharters.com/,https://linkedin.com/company/global-air-charters
SM9GYA9YD5M7,ASSURANCE TECHNOLOGY CORP,http://www.assurtech.com/,https://linkedin.com/company/assurance-technology-corporation
SMA6J5K7JR95,ASTRADX INC,http://www.astradx.com,https://linkedin.com/company/astradx
SME7NHNWFF67,"REKOR RECOGNITION SYSTEMS, INC.",http://www.rekor.ai,https://linkedin.com/company/rekor
SMEDZKMTN1U3,TOPQUADRANT INC,http://www.topquadrant.com,https://linkedin.com/company/topquadrant
SMFHE5KKART8,SPINNER ICT INC,,
SMFQMVEAJVM9,HM 2 CORPORATION,https://www.hm2.com,https://linkedin.com/company/hm2-corp
SMGEZPY1ELN3,CENTRAL MASS SAFETY COUNCIL AUTO SCHOOL INC.,www.centralmasafety.com,https://linkedin.com/company/central-mass-safety-auto-school
SMGXGH59LN35,"RAPID EXPEDITE MACHINE SERVICE, LLC",Rapidexpedite.com,
SMJ5K5EASM84,COMPUTER CORPORATION OF AMERICA,http://www.rocketsoftware.com,
SML1M3MT9WC3,GILMORE-GLOBAL INSTRUMENTS CO INC,http://www.gilmore-global.com,https://linkedin.com/company/gilmore-global-instruments
SML3QCX2KA81,PROFESSIONAL SOLUTIONS1 LLC,http://www.prosol1.com,https://linkedin.com/company/professional-solutions-llc
SML4NN2CT556,THE BOEING COMPANY,http://www.boeing.com,https://linkedin.com/company/boeing
SML8GAUGEN29,"PREFERRED DRILLING SOLUTIONS, INC.",www.pdsflorida.com,https://linkedin.com/company/preferred-drilling-solutions
SMLDR4S5HJU7,ASSOCIATES SYSTEMS LLC,http://www.associatessystems.com,https://linkedin.com/company/kathi-junction
SMLNZ8X9SHE7,"HP, INC.",http://www.hp.com,https://linkedin.com/company/hp
SMLSDML8NKE4,ELECTROMET CORPORATION,http://www.electromet.com,https://linkedin.com/company/electromet
SMNWM6HN79X5,"GENERAL DYNAMICS INFORMATION TECHNOLOGY, INC.",http://www.gdit.com,https://linkedin.com/company/gdit
SMQKJN4HU743,BIAERA TECHNOLOGIES LLC,http://www.biaera.com,https://linkedin.com/company/biaera-technologies-llc
SMRNG94R7P66,CLEARPLAN LLC,www.clearplanconsulting.com,https://linkedin.com/company/clearplan
SMSAUC115515,"PHILIPPINE DISASTER RESILIENCE FOUNDATION, INC.",https://www.pdrf.org/,https://linkedin.com/company/thepdrf
SMSCY766KE85,KGARY IT LLC,www.kgary.com,https://linkedin.com/company/kgary
SMSXMMU87KE9,"USACCESS SCAFFOLD, LLC",,
SMT4FWJA6NJ7,VERIGON LLC,https://verigon.com,https://linkedin.com/company/hybrid-design-associates-llc
SMUBH11ULJL9,"L3HARRIS TECHNOLOGIES, INC.",WWW.L3HARRIS.COM,https://linkedin.com/company/l3harris-technologies
SMVGHFM8GL48,SMART OPS USA LLC,,
SMZQB2YVYM66,ROTRON INCORPORATED,http://www.ametek.com,https://linkedin.com/company/ametek
SN3XFT4F9UL5,"METAL-FLEX WELDED BELLOWS, INC.",http://www.metalflexbellows.com,https://linkedin.com/company/metal-flex-welded-bellows-inc-
SN4XC7ACLPW5,HUMAN RESOURCES RECRUITERS AND CONSULTANTS COMPANY,,
SN5KKUDR9LY8,MASSACHUSETTS INSTITUTE OF TECHNOLOGY,http://www.ll.mit.edu,https://linkedin.com/company/mit-lincoln-laboratory
SN7KD2UK7GC5,WAKE FOREST UNIVERSITY HEALTH SCIENCES,,
SNA4S19RNL45,TDB COMMUNICATIONS INC,http://www.tdbgov.com,https://linkedin.com/company/tdbcommunicationsinc
