subawardee_uei,subawardee_name,entity_url,company_linkedin_url
C116E6T5MGD6,MARZEN GROUP LLC,http://www.marzen.com,https://linkedin.com/company/marzen-group
C11UU252P5S5,SHOCK TECH INC,,
C124PHZ8BW54,"ORATRAX SOLUTIONS, LLC",,
C12JDCDAACM6,"MACDONALD ENGINEERS, INC.",,
C12KE5EJ5HM8,"HOOVER ENTERPRISES, INC.",http://www.hooverenterprises.com,https://linkedin.com/company/hoover-enterprises
C12SA6M5VMS6,"FORTIUS METALS, INC.",www.fortiusmetals.com,https://linkedin.com/company/fortius-metals-inc
C12TQVKF5413,"SCIENTIFIC SYSTEMS COMPANY, INC.",http://www.ssci.com,https://linkedin.com/company/scientific-systems
C12YPM9YKQA5,PANAMETRICS LLC,,
C134QVM1QLB5,HX5 LLC,www.hxfive.com,https://linkedin.com/company/hx5-llc
C13DF16LC3H4,UNIVERSITY OF NORTH CAROLINA AT GREENSBORO,http://www.uncg.edu/,https://linkedin.com/company/uncg
C13FTBW29AH9,"SPS CONSULTING, LLC",http://www.spsconsult.com,https://linkedin.com/company/sps-consulting-llc
C13MXRJDK8E7,"ALASKA PROFESSIONAL CONSTRUCTION, INC.",,
C142QF9KJKV8,CORITY SOFTWARE (USA) INC.,,
C14EL9U37DJ7,MADHOUZ LLC,https://www.madhouz.com,https://linkedin.com/company/madhouz
C14RWQFXT7L7,SWISH DATA CORP,www.swishdata.com,https://linkedin.com/company/swishdata-corporation
C152T436MNU1,DIGITAL ENGINEERING EXPERTISE LLC,,
C158ADX2DG25,ANDREW J YU,,
C158FR696VY7,INTEGRAL RESEARCH SOLUTIONS GROUP INC,www.integralrsg.com,https://linkedin.com/company/integral-research-solutions-group
C15QZ2CPGN55,ARKHAM TECHNOLOGY LIMITED,http://www.arkhamtechnology.com,https://linkedin.com/company/arkham-technology
C15ZAGUWMNK7,"MARSTEL-DAY, LLC",http://www.marstel-day.com,https://linkedin.com/company/marstel-day-llc
C16BGHA4MLJ6,UNIVERSITY OF NEW MEXICO,,
C16TZ8BMWT74,"LUVAK, INC.",http://www.luvak.com,https://linkedin.com/company/luvak-laboratories-inc-
C172RTVBFLZ3,STANDARD AERO (ALLIANCE) INC.,http://www.standardaero.com,https://linkedin.com/company/standardaero
C17JEZF814R8,MVRSIMULATION INC,http://www.mvrsimulation.com,https://linkedin.com/company/mvrsimulation
C17RTJMJEDQ4,"BLUE MOUNTAIN AERO, LLC",,
C17XZK24JML4,GKN AEROSPACE TRANSPARENCY SYSTEMS (LUTON) LIMITED,,
C17ZGM752Q25,"ALLIED GOVERNMENT SOLUTIONS, INC.",www.alliedgov.com,https://linkedin.com/company/allied-government-solutions-inc-
C182PM2K1463,LEMOINE DISASTER RECOVERY LLC,,
C185QEUVTTM6,"AOSENSE, INC.",https://aosense.com/,https://linkedin.com/company/aosense
C18KUFQ2L6L4,"BLUEWATER FEDERAL SOLUTIONS, INC.",http://www.bwfed.com,
C18LZEG3QNK6,"CRAWFORD ELECTRIC SUPPLY COMPANY, INC.",,
C18NLNGSFBU5,"TLC SOLUTIONS, INC.",www.toplevelcom.com,https://linkedin.com/company/tlc-solutions-inc-
C18VAQGW8E49,KNOWLEDGE FACTOR INC,http://www.amplifire.com,https://linkedin.com/company/amplifire-learn
C18XAQLCQSZ3,RW INDUSTRIAL PRODUCTS INC,,
C18YJS28KEK5,"ABLE HEATING & AIR CONDITIONING, INC",,
C18ZBLMCC983,SUPERIAIRE TECHNOLOGIES LLC,www.superiaire.com,https://linkedin.com/company/superiaire-technologies-llc
C192WN6EAZT1,"FRISCHHERTZ ELECTRIC COMPANY, INC.",http://www.frischhertz.com,https://linkedin.com/company/frischhertz-electric-company-inc
C194DZAJCFA3,"BOMCO, INC",www.bomco.com,https://linkedin.com/company/bomco-inc-
C196SJZ6X6M8,"CIS SECURE COMPUTING, INC.",CISSECURE.com,https://linkedin.com/company/cis-secure-computing-inc-
C19AH6RZWWJ5,DAFORE LLC,daforedrywall.com,
C19ELN62VL28,IHS GLOBAL INC,https://www.spglobal.com/en/,https://linkedin.com/company/spglobal
C19NH1J8SJ75,COMPETING VALUES LLC,www.innovatrium.org,https://linkedin.com/company/innovatrium
C19QA52XWYW8,ARABTECH JARDANEH WATER & ENVIRONMENT,,
C1AGBGKBEWJ1,"MICKELSEN CONSTRUCTION, INC.",mickelsenconstruction.com,https://linkedin.com/company/mickelsen-construction
C1BHQ4Y3N689,TEIKOKU USA INC.,,
C1BSR3YD3FN5,ABRAJ AL NSOUR COMPANY,,
C1CAFYV8QM11,KYOCERA INTERNATIONAL INC,HTTP://WWW.KYOCERA.COM,https://linkedin.com/company/kyocera-global
C1CPANL3EWK4,"BETH ISRAEL DEACONESS MEDICAL CENTER, INC.",,
C1CSX4XZ6K93,AIR CENTERS OF FLORIDA INC,http://www.ACFPOWER.COM,https://linkedin.com/company/air-centers-of-florida
C1CTHGBQ5WL7,KAZTRONIX LLC,http://www.kaztronix.com,https://linkedin.com/company/kaztronix
C1D2X1Y23NF3,"WEST STAR AVIATION, LLC",http://www.weststaraviation.com,https://linkedin.com/company/west-star-aviation-llc
C1D5GFWKKHF4,"POLARIS ELECTRIC CO., INC.",https://www.polariselectric.com,https://linkedin.com/company/polaris-electric
C1DDZVNH8YF1,V.I.P. ELECTRIC COMPANY,www.vipelectric.com,
C1DEGMMKC7W7,THE UNIVERSITY OF TEXAS AT EL PASO,www.utep.edu,https://linkedin.com/company/the-university-of-texas-at-el-paso
C1DLZXCH4L86,ENNOBLE FIRST INCORPORATED,www.ennoblefirst.com,https://linkedin.com/company/ennoblefirst
C1E5MLNA1LY7,ENDOSYS LLC,www.endosys.com,https://linkedin.com/company/endosys-llc
C1EGR2WQCQH1,GNB CORPORATION,http://www.gnbvac.com,
C1F4X69HBDN7,IDEMIA AMERICA CORP,www.idemia.com,https://linkedin.com/company/idemiagroup
C1F6DQG9TXX7,MICROSYS LLC,https://www.microsysllc.com,https://linkedin.com/company/microsysllc
C1F8XUM9M2H3,KANSAS-OKLAHOMA MACHINE TOOLS INC,,
C1FCEKJP7F91,MCMASTER-CARR SUPPLY CO,http://www.mcmaster.com,https://linkedin.com/company/mcmaster-carr
C1G2W7EKE715,FUNDACION DERECHOS ECONOMICOS SOCIALES Y CULTURALES PARA AMERICA LATINA,fundaciondesc.org,
C1GEYMDLNQ55,"SANTA FE PROTECTIVE SERVICES, INC.",,
C1H4DPB1FX94,ARAS CORP,http://www.aras.com,https://linkedin.com/company/aras-corporation
C1H9M7YF9LW8,"MOELLER MFG. COMPANY, LLC",https://www.moeller-aerospace.com/,https://linkedin.com/company/moeller-manufacturing
C1HBCJ9RMBV3,THE JOHNS HOPKINS UNIVERSITY APPLIED PHYSICS LABORATORY LLC,http://www.jhuapl.edu,https://linkedin.com/company/johns-hopkins-university-applied-physics-laboratory
C1HJC9P1EAL1,"TECHNICAL ASSURANCE, INC.",www.technicalassurance.com,https://linkedin.com/company/technical-assurance
C1HKEF928Y84,LIPPERT MECHANICAL SERVICE LLC,www.lippertmechancial.com,
C1HSBU7J2UK3,"SONJU INDUSTRIAL COATINGS, INC.",http://www.sonjuind.com,https://linkedin.com/company/sonju-industrial
C1HZZJFJKHC3,"AERO-DYNE SUPPLY CO., INC.",aerodynesupply.com,
C1L1BPD2C9J8,"VALKEN INDUSTRIES, INC.",www.blocktrace.com,https://linkedin.com/company/blocktrace
C1LTXQQDK865,CONSOLIDATED HOSPITALITY SUPPLIES LLC,www.americanhotel.com,https://linkedin.com/company/american-hotel-register
C1LXE6MMERU5,"WASTE PRO HAWAII, LLC",,
C1NDFR4AK4N4,"ROSENBERGER NORTH AMERICA PENNSAUKEN, INC.",https://rna.rosenberger.com/,
C1NECB52D675,SPICER GROUP INC,http://www.spicergroup.com,https://linkedin.com/company/spicer-group
C1P5KB4PXFJ9,"NTS LABS, LLC",,
C1PFB91NJY47,"POTTER ELECTRIC, INC.",www.potter-electric.com,https://linkedin.com/company/potter-electric-inc-
C1PGRWC26153,EXLAR CORPORATION,https://www.cw-actuation.com/About/Exlar-Automation,
C1RQANT6CG57,MICROHEALTH LLC,www.microhealthllc.com,https://linkedin.com/company/microhealthllc
C1SDS71KF7B4,"PARENT ENCOURAGEMENT PROGRAM, INC.",https://www.PEPparent.org,https://linkedin.com/company/parent-encouragement-program-pep-
C1SNLBS37HE5,DEL GAVIO OF CALIFORNIA INC,www.delgavio.com,https://linkedin.com/company/del-gavio-of-california-inc
C1TYUDAZM8Y3,SBG DEFENSE LLC,www.standardbent.com,https://linkedin.com/company/standard-bent-glass
C1U7H75RVBX3,"EXPORT BOXING & CRATING, INC.",,
C1XDMLZEJEU4,ADVANCED TECHNICAL CERAMICS COMPANY,www.adtechceramics.com,https://linkedin.com/company/adtech-ceramics
C213JHH8KGZ7,EUROFINS ENVIRONMENT TESTING NORTHERN CALIFORNIA LLC,www.EurofinsUS.com/Env,
C21UDDSM9B77,ENTERPRISE TECHNOLOGY SOLUTIONS LLC,https://www.etsondemand.com/,
C221PQMU9CN3,QUALITY PACIFIC MANUFACTURING INC.,https://www.pacificmarine.net,https://linkedin.com/company/pacific-marine-corporation
C23QLMC5LAH3,ATKINSREALIS NUCLEAR SECURED LLC,https://www.atkinsrealis.com/en/markets-and-services/markets/nuclear,https://linkedin.com/company/atkinsrealis
C265V31L69K3,TEST EQUIPMENT DISTRIBUTORS LLC,www.TEDNDT.com,https://linkedin.com/company/test-equipment-distributors-llc
C27BGVZ8S7K8,"APPLIED TECHNICAL SYSTEMS, INCORPORATED",atsdata.com,https://linkedin.com/company/applied-technical-systems-inc
C28NLN14SS41,"GENUINE CABLE GROUP, LLC",http://www.seacoastusa.com,https://linkedin.com/company/seacoast-usa
C29UM75EDGH2,SYSTEM DYNAMICS INTERNATIONAL INCORPORATED,www.sdi-inc.com,https://linkedin.com/company/system-dynamics-international-inc-
C29WWS3BASB5,"SCAFFOLD RESOURCE, LLC",http://www.scaffoldresource.com,https://linkedin.com/company/scaffold-resource-llc
C2CQHT3K1HE9,J&K ELECTRONICS INC,http://www.m3-tec.com,https://linkedin.com/company/m3-technology_2
C2D2FF6XKDG1,MACK DEFENSE LLC,www.mackdefense.com,https://linkedin.com/company/mack-defense-llc
C2HNRKSHGDB7,"UAV SOLUTIONS, INC.",www.uavsolutions.com,https://linkedin.com/company/uav-solutions-inc.
C2JTAUL58AN9,"WILL-BURT INTEGRATION & ELEVATION SYSTEMS, INC.",,
C2L9GKPC9BR3,"FEEGER - LUCAS - WOLFE, INC.",http://www.flw.com,https://linkedin.com/company/flw-incorporated
C2LTF3EP5R27,"TRUSTED SOLUTIONS GROUP, LLC",www.trustd.com,
C2M2TL7VYLB3,"DBSPECTRA, INC",http://www.dbspectra.com,https://linkedin.com/company/dbspectra
C2MLVK5KPLZ7,NATCH TECH LLC,,
C2MSYQALD3E4,"HIGHLIGHT TECHNOLOGIES, INC.",http://www.highlighttech.com,https://linkedin.com/company/highlight-inc
C2NBXMHLSMS3,LOCKHEED MARTIN CORPORATION,www.lockheedmartin.com,https://linkedin.com/company/lockheed-martin
C2NEX9VS9817,SPECTRUM DISPLAYS LLC,WWW.SPECTRUM-DISPLAY.COM,https://linkedin.com/company/spectrum-displays-llc
C2QDPM7HZ597,MUSIC CITY PRECISION LLC,www.precisiontesting.com,https://linkedin.com/company/precision-testing-nashville
C2RND454ULM5,SOURCECORP BPS INC,www.xbpglobal.com/americas/,https://linkedin.com/company/xbpglobal
C2T2JWN1D2K4,TEKSYNAP CORPORATION,http://www.teksynap.com,https://linkedin.com/company/teksynap
C2TLU3VGKPC6,"APOGEE CONSULTING GROUP, P.A.",http://www.acg-pa.com,https://linkedin.com/company/apogee-consulting-group-pa
C2WUY3BZCND7,"FEDERAL ERP, INC.",https://www.federalerp.com,https://linkedin.com/company/federal-erp-inc.
C2X8CKDWSNS8,TRACKER ENGINEERING LLC,,
C31JDLBJ8964,"MIDWAY TRAILERS, INC.",http://www.totaltrailers.com,
C34FL5DNCRN5,ASSURED INFORMATION TECHNOLOGY ENGINEERING LLC,https://www.aitengineering.com,https://linkedin.com/company/assured-information-technology-ait-engineering
C38KJ2NHGPY8,QUANTAIM CORP.,www.quantaimcorp.com,https://linkedin.com/company/quantaimcorp
C38UU7KHJKX8,MATERIAL STORAGE SYSTEMS INC,mezzaninesbydesign.com,https://linkedin.com/company/mezzanines-by-design
C394YYGJ5XM5,ASOCIACION CIVIL FAMILIARES Y AMIGOS CONTRA LA DELINCUENCIA Y EL SECUESTRO,www.movimientoprojusticia.org.gt,
C39RJN9CGYL7,"RESOURCE TRAINING INSTITUTE, LLC",www.rtii.org,https://linkedin.com/company/resource-training-institute
C3CTMV2NMJ33,"ROTHE ENTERPRISES, INC.",https://rothe-enterprises.com,https://linkedin.com/company/rothe-enterprises-inc
C3DYGNCJF9C5,HARDWARENOW LLC,,
C3G1S3D7NH81,KEYSTONE ADVISORS LLC,www.keystoneadv.com,https://linkedin.com/company/keystone-advisors
C3H1ANG4THH5,MEG MARINE SERVICES CO.,,
C3H2WY3M9NS1,"A2 LABS, LLC",http://www.a2labs.com,https://linkedin.com/company/kryptowire-labs
C3KQLXA83X57,SCIENTIFIC FORMING TECHNOLOGIES CORPORATION,www.deform.com,https://linkedin.com/company/scientific-forming-technologies-corporation
C3KXNLTAAY98,THE UNIVERSITY OF TEXAS HEALTH SCIENCE CENTER AT SAN ANTONIO,http://www.uthscsa.edu,
C3LRVHN8GPL7,"EDGEWATER TECHNICAL ASSOCIATES, LLC",http://www.edgewatertech.net,https://linkedin.com/company/edgewater-technical-associates
C3LWSC4KFB64,"SALINAS CONSTRUCTION, INC.",https://salinasconcrete.com,https://linkedin.com/company/salinas-construction-inc
C3MBRTJQUMZ3,"PLEXSYS INTERFACE PRODUCTS, INC",http://www.plexsys.com,https://linkedin.com/company/plexsys
C3MNCFVL6Q94,"CHIP SCAN, INC.",https://chipscan.us,https://linkedin.com/company/chipscan
C3NRYDF1K755,CHEMRING ENERGETIC DEVICES INC,http://www.chemringenergeticdevices.com,https://linkedin.com/company/chemring-energetic-devices
C3P8H93LRLG3,IBILITY LLC,www.ibility.io,https://linkedin.com/company/ibilityllc
C3PBTZVM3HX9,"DOW DEVELOPMENT LABORATORIES, LLC",,
C3X8QMRJVJH5,THE DISTRICT COMMUNICATIONS GROUP LLC,http://www.dcgcommunications.com,https://linkedin.com/company/the-district-communications-group
C41BL429GWA5,STELVIO CONSULTING LLC,,
C41FQQL7NFB3,SCIREQ SCIENTIFIC RESPIRATORY EQUIPMENT INC,,
C42CD9VJHGN6,ALPHA CONSTRUCTION AND ENGINEERING CORPORATION,http://WWW.ALPHACORPORATION.COM,https://linkedin.com/company/alpha-corporation
C43ANN1LX5P3,"LA ESPERANZA, INC",http://www.laesperanza.org,
C43DLCSKXGM8,"GLOBAL CONNECTIONS TO EMPLOYMENT, INC.",https://gce.org,https://linkedin.com/company/gce-global-connections-employment
C43XKS1HJ746,NORTH WATER DISTRICT LABORATORY SERVICES INC,www.nwdls.com,https://linkedin.com/company/north-water-district-lab-services-inc
C473AL7DU8A5,WORLD SHINE LLC,,
C47BNA8GM833,ACCENTURE FEDERAL SERVICES LLC,www.accenture.com,https://linkedin.com/company/accenture
C493CCXP5PX5,"SAAB, INC",www.saabinc.com,https://linkedin.com/company/saab-inc-us
C49DW6NQYLV5,"CROSSPOINT COMMUNICATION SERVICES, INC.",,
C49PVZ146Z15,"LOWER ALABAMA HEATING COOLING & REFRIGERATION, LLC",www.loweralabamahvac.com,
C4A1KK6XFDH6,ALTA VISTA CONSULTING LLC,www.avc-id.com,
C4BXLBC11LC6,SYRACUSE UNIVERSITY,www.syracuse.edu,
C4CGDYMULBF9,"ZODIAC OF NORTH AMERICA, INC.",https://zodiacmilpro.com/,
C4CLBJLZLE13,INVOKE PUBLIC SECTOR USA LLC,www.invokepublic.com,https://linkedin.com/company/invoke-inc
C4DJDVU7L9X5,MASAFAT CAR RENTAL CO,https://masafatrental.com/,
C4DLEVNNB797,INTERCONNECT CABLE TECHNOLOGIES CORPORATION,http://www.ictcusa.com,https://linkedin.com/company/ictcusa
C4FJQ11ALL79,BANNER METALCRAFT INC,bannermetalcraft.com,https://linkedin.com/company/banner-metalcraft-inc
C4FML2AL9LQ5,"3 S ENGINEERING, LLC",,
C4GPPNCBZEU5,MJG TECHNOLOGIES INC,http://www.electricmatch.com,
C4HEJ2KVUED5,LEE COMPANY,http://www.leecompany.com,https://linkedin.com/company/leecompany
C4J6ZJKDY4K9,ALIGN PRECISION CORP,https://alignprecision.com,https://linkedin.com/company/align-precision
C4KEJ4LA7XD3,"ALDEROM, LLC",,
C4MUD4XCX2J7,AC CORPORATION,www.accorporation.com,https://linkedin.com/company/ac-corporation---greensboro-nc
C4NNS2MA4ZY1,MUTUAL TELECOM SERVICES INC.,www.gotyto.com,https://linkedin.com/company/gotyto
C4PYP2HWT967,"S-3 SERVICES, INC.",http://www.s3services.us,
C4QKCEBYLHV7,"VOLKERT, INC.",www.volkert.com,https://linkedin.com/company/volkert-inc.
C4RUF1Y9RV33,SUPPLY PARTNER LLC,https://supplypartnerllc.com/supplypartnerllc/outpost/login,
C4S6Z1ALKEP1,MONO MACHINES LLC,https://supplychimp.com/,https://linkedin.com/company/supply-chimp
C4W2ZXRD7Z33,PAMAS PARTIKELMESS- UND ANALYSESYSTEME GMBH,https://www.pamas.de,https://linkedin.com/company/pamas-partikelmess--und-analysesysteme-gmbh
C4Y8F9N8BH28,WATERSHED ADVISORS LLC,https://watershed-advisors.com/,https://linkedin.com/company/watershed-advisors
C511UUL5JH95,"L3 TECHNOLOGIES, INC.",www.L3Harris.com,https://linkedin.com/company/l3harris-technologies
C52VK63TPJ23,GOLDEN HOMES LLC,,
C5AVL25NKLD4,"BISCO INDUSTRIES, INC.",www.biscoind.com,https://linkedin.com/company/bisco-industries
C5BMZBK3DG67,BLACKSTONE TECHNOLOGY GROUP,http://www.bstonetech.com,https://linkedin.com/company/blackstone-technology-group
C5BWDL53NMM3,"ACE LIGHTNING PROTECTION, INC",www.acelightning.net,https://linkedin.com/company/ace-lightning-protection-inc
C5DYFZEMMLE5,CABLE ASSOCIATES INC,http://www.cableassociates.com,https://linkedin.com/company/cable-associates-inc-
C5H3NY6S8HL5,MIDDLEBURG YARN PROCESSING CO INC,,
C5H8N7EKMTV3,"PEGASUS TECHNICAL SERVICES, INC",,
C5J6ZES5KSL6,"ACCUTECH INSTRUMENTATION, INC.",http://www.accutech.net,https://linkedin.com/company/accutechinstrumentation
C5JMCDPSCJU1,CINTEOT INC.,http://www.cinteot.com,https://linkedin.com/company/cinteot-inc-
C5KACL7N62D9,"PITTSBURGH FLUID SYSTEMS, LLC",https://pittsburgh.swagelok.com/en,https://linkedin.com/company/swagelok-pittsburgh-tri-state-area
C5LSSYNC3N23,"CHENEGA MISSION PRODUCTS, LLC",,
C5NPQ1XAES18,MILLENNIUM POWER SYSTEMS SERVICES LLC,,
C5SLSW1ZJ595,"COMPASS CONCRETE SERVICES, LLC",,
C5V4B9HX5F65,"HYPER LABS, INC",http://www.hyperscience.ai,https://linkedin.com/company/hyperscience
C5VKXLT1TFX7,GT ELECTRIC SERVICES LLC GTES HOLDINGS INC ASPEN CAPITAL HOLDINGS,,
C5XUWSMZ7BR6,TROPICAL HEALTH LLP,https://www.trophealth.com,https://linkedin.com/company/tropical-health
C5YGEX97JMK9,PARTNER FORCES LLC,www.partnerforces.com,https://linkedin.com/company/partner-forces-llc
C5ZEKDRM1NG5,"PLAYER AND COMPANY, LLC",www.playercompany.com,https://linkedin.com/company/player-and-company
C5ZUFXUB6EB6,GLO SOLUTIONS INC.,http://www.glosolutionsinc.com,https://linkedin.com/company/glo-solutions-inc-
C61KLDW3U5L3,INCONTACT INC,http://www.nice.com,https://linkedin.com/company/nice-systems
C61PPJW2U1G6,"COMARK, LLC",https://www.comarkcorp.com,https://linkedin.com/company/comark
C62MMKK7LM95,"GREENFIELD DATA SOLUTIONS, LLC",,
C65MCHLL9TE8,ZYCI LLC,www.zyci.com,https://linkedin.com/company/zyci-cnc-machining
C65RRF5NPLD4,"SIEMENS INDUSTRY, INC.",,
C6CHDMTANVS3,STELLENBOSCH UNIVERSITY,http://www.sun.ac.za,https://linkedin.com/company/stellenbosch-university
C6CZHTXR65P9,"APPLIED INNOVATIVE TECHNOLOGIES, INC",,
C6E3PJFLXJW8,"HUDSON INSTITUTE, INC.",https://www.hudson.org,https://linkedin.com/company/hudson-institute
C6FQMLWJYGG1,MAGELLAN AEROSPACE TURBINE SERVICES LLC,,
C6FUWB64MEB5,TRIUMVR LLC,www.triumvr.com,
C6J3EN8H3M77,"SUMMIT AVIATION, INC.",,
C6KWNDH3EEB5,"CARDINAL ENGINEERING, LLC",www.cardinaleng.com,https://linkedin.com/company/cardinal-engineering-llc
C6L4JK7BBAP1,MELD MANUFACTURING CORPORATION,http://meldmanufacturing.com/,https://linkedin.com/company/meld-manufacturing
C6LBS7D7NRC8,IMCD US LLC,,
C6M7C2FLKER5,SPACE EXPLORATION TECHNOLOGIES CORP.,http://www.spacex.com,https://linkedin.com/company/spacex
C6MEGJ75RFB7,CIRCLE OF HOPE,,
C6MGEA847S33,"ENTERPRISE ENGINEERING, INC",eeiteam.com,https://linkedin.com/company/enterprise-engineering-inc._2
C6N4WMACZJP4,KG & B COMMERCIAL FLOOR SER,,
C6NATDKMP8B5,"SOLIDIFORM, INC",http://WWW.SOLIDIFORM.COM,https://linkedin.com/company/solidiform
C6NXGPCQZDW5,EARLBECK CORPORATION,http://www.earlbeck.com,https://linkedin.com/company/earlbeck-corporation
C6RZS24B1YG4,"ROSS & ASSOCIATES ENVIRONMENTAL CONSULTING, LTD.",http://www.rossstrategic.com,https://linkedin.com/company/ross-strategic
C6SMYYDWNZF5,FLODYNE CONTROLS INC,www.flodynecontrols.com,https://linkedin.com/company/flodyne-controls-inc-
C6T9BYG5EYX5,BAYLOR UNIVERSITY,,
C6WXDK8B7N79,"HENRY ELLIOTT & CO, INC",www.henryelliott.com,https://linkedin.com/company/hec
C6XTUACKQJJ9,THE FIRST ELECTRONICS CORPORATION,www.feccables.com,https://linkedin.com/company/the-first-electronics-corporation
C6Y4L9726NU1,THALES NEDERLAND B.V.,http://www.thalesgroup.com/nl/,https://linkedin.com/company/thales
C6ZVMJ9DD8A1,"PM TEC, INC.",http://www.pmtec.com,https://linkedin.com/company/pm-tec-inc.
C71LRUM2J2Y8,"E3 DIAGNOSTICS, INC.",,
C723U24K6WD3,OAX AEROSPACE LLC,https://oaxaero.com,
C73MFKKYNML9,COMPLETE PERFECTION CONSTRUCTION LLC,www.perfectionroofingny.com,https://linkedin.com/company/perfection-roofing-llc
C73TGVF5PX87,ENERGYSOLUTIONS FEDERAL SUPPORT LLC,,
C73ZLCSJL7J8,T J SALES ASSOCIATES INC,www.tjslasers.com,https://linkedin.com/company/tjs-inc.
C75JYE5CL328,REMCOM INC,https://www.remcom.com,https://linkedin.com/company/remcom-inc
C76NUJZDXL75,WSP USA ENVIRONMENT & INFRASTRUCTURE INC.,www.wsp.com,https://linkedin.com/company/wsp
C76UQGJ5DZF3,JOS GROUP LLC,www.jos-group.com,https://linkedin.com/company/jos-group-llc
C778K6FBB7G9,NORTHROP GRUMMAN SYSTEMS CORP,,
C78ZB65NMQ38,DIGITAL POWER CORPORATION,https://www.digipwr.com,https://linkedin.com/company/digipwr
C7DUMVV65594,"A-P-T RESEARCH, INC.",www.apt-research.com,https://linkedin.com/company/a-p-t-research-inc.
C7EGJNYWS4G1,AMERICAN AMPLIFIER TECHNOLOGIES LLC,,
C7G8BKGNYPF4,"RIVERSIDE ENVIRONMENTAL SERVICES, INC.",,
C7HVTLQZSWN4,CAROLLO ENGINEERS INC,https://carollo.com/,https://linkedin.com/company/carollo-engineers
C7JEV97ZZAA6,CLOUD CATALOGS LLC,www.cloud-catalogs.com,https://linkedin.com/company/cloud-catalogs
C7KFPAMVX2T3,"TOEDT HEALTH SOLUTIONS, LLC",http://toedthealth.com,https://linkedin.com/company/toedt-health-solutions-llc
C7M5NUKJPMG7,"INGENUITE, INC",http://www.ingenuite.com,https://linkedin.com/company/ingenuite
C7QJR9JJN8A3,"ULTRA PRECISION MACHINING & GRINDING, INC.",https://ultramachining.com/,https://linkedin.com/company/ultra-precision-machining-&-grinding-inc.
C7QXDAE2EUN1,"GENERAL MARINE PRODUCTS, INC",,
C7VCX5FRTCH4,PYXIS ACADEMY LLC,www.pyxisacademy.com,https://linkedin.com/company/pyxis-academy-llc
C7VYCXMLKCD9,GRAY & OSBORNE INC,,
C7XAG8YGLL16,MILLER ENVIRONMENTAL GROUP INC.,http://www.millerenv.com,https://linkedin.com/company/miller-environmental-group-inc-
C7YGECPDGVF9,"POWTEC SERVICES, LLC",www.powtecservices.com,
C7Z3U3JWVBK4,WELDON PUMP LLC,www.weldonpumps.com,https://linkedin.com/company/weldon-pump
C7ZDTAAGY2N5,IRPI LLC,https://www.irpillc.com/,https://linkedin.com/company/irpi-llc
C7ZFQ6J84XL6,"552 CLUB, LLC",,
C811AM66YC48,"INVICTUS GLOBAL SERVICES, INC",https://invictusglobalservices.com/,
C82FNKDD9AN3,"SANDS CONSULTING GROUP, INC.",https://www.ctrperfmastery.com,https://linkedin.com/company/center-for-performance-mastery
C836MERM9TM8,"TENPEARLS, LLC",http://www.10pearls.com,https://linkedin.com/company/10pearls
C884WL19XKX5,GAUNTLET AEROSPACE LLC,www.gauntletaerospace.com,
C88CN59HNL49,AEROSPACE FABRICATIONS OF GEORGIA INC,http://www.afog.com,https://linkedin.com/company/aerospace-fabrications-of-ga-inc.
C8AMEYBYETZ5,ACCURATE MACHINE & TOOL CORP,amthuntsville.com,https://linkedin.com/company/amthuntsville
C8CDF5YWF583,THE CAPTOR CORPORATION,http://www.captorcorp.com,https://linkedin.com/company/captor-corporation
C8CDG5KNNJJ4,"ISCOLA, INC.",www.iscolainc.com,https://linkedin.com/company/iscola-inc
C8CJNZRE92S8,"FIS BLUE, INC.",www.fisblue.com,https://linkedin.com/company/fis-blue-inc.
C8DZMLMEQ9M7,FAULKNER/HAYNES & ASSOCIATES INC,http://www.faulknerhaynes.com,https://linkedin.com/company/faulkner-haynes-&-associates-inc.
C8E9LMG8BQT5,"ABLE GENERAL CONTRACTOR, INC",,
C8F2MBQU2KJ5,FBS INC,,
C8H9CNG1VBD9,ICAHN SCHOOL OF MEDICINE AT MOUNT SINAI,https://mountsinai.org,https://linkedin.com/company/mountsinainyc
C8H9ETW9JLV7,NELSON ENGINEERING CO.,http://WWW.NELSONENGRCO.COM,https://linkedin.com/company/nelson-engineering-co
C8J2AGMW6S68,MACHINERY WEST INC,,
C8L3CMNXPAA1,BLACK & VEATCH SPECIAL PROJECTS CORP.,,
C8MNSENHM6M1,"CANNON CONSTRUCTION, LLC",https://www.teamcannon.com,
C8MUJ91WHFC5,"PRECISION METAL PRODUCTS, INC",,
C8NJAKTWNLE5,"AQUILA, INC.",www.aquilagroup.com,https://linkedin.com/company/aquila-nm
C8Q8NC3SSM25,"APEX CONSTRUCTORS, LLC",www.apexteam.com,
C8SAVQKH2Y15,"THERMEX-THERMATRON SYSTEMS, LLC",www.THERMEX-THERMATRON.COM,https://linkedin.com/company/thermexthermatronlp
C8T6D4PR69J3,"CLEAN EARTH ENVIRONMENTAL SOLUTIONS, INC.",www.cleanearthinc.com,https://linkedin.com/company/clean-earth-inc-
C8TKBMP7EW31,FG TECHNICAL SERVICES LLC,www.fgtechnical.com,https://linkedin.com/company/florida-global-technical-services-llc
C8TYE2STK6M7,INTEGRATED FINANCIAL ENGINEERING INC.,https://www.ifegroup.com/,https://linkedin.com/company/ife-group
C8VFSNKTMQB6,WORLD WIDE TECHNOLOGY LLC,http://www.wwt.com,https://linkedin.com/company/world-wide-technology
C8XXUEBZEGV9,NATIONAL STUDENT CLEARINGHOUSE,https://studentclearinghouse.org,https://linkedin.com/company/national-student-clearinghouse
C8Y5H4K9YM53,"CAMBRIDGE COMPUTER SERVICES, INC.",http://www.cambridgecomputer.com,https://linkedin.com/company/cambridge-computer-services
C8YAVDF2NEY3,KELLY TRACTOR CO,www.kellytractor.com,https://linkedin.com/company/kellytractorco
C8ZLJ61YJ528,BAE SYSTEMS SPACE & MISSION SYSTEMS INC.,https://www.baesystems.com/en-us/our-company/inc-businesses/space-and-mission-systems,https://linkedin.com/company/bae-systems
C92CVKPNVK38,HYDROSPACE GROUP INC,https://www.hydrospacegroup.com,https://linkedin.com/company/hydrospace-group-inc.
C92MYZJBLR97,POPLICUS INCORPORATED,www.govini.com,https://linkedin.com/company/govini
C94KLMMN1WB3,"BEAVER AEROSPACE & DEFENSE, INC.",http://www.beaver-online.com/,https://linkedin.com/company/beaver-aerospace-&-defense-inc.
C95SS8HCJ9R7,"GALLOWAY & COMPANY, LLC",http://www.gallowayus.com,https://linkedin.com/company/gallowayus
C96YKHLDQM38,QED SECURE SOLUTIONS LLC,,
C97FCHDUQLT8,"INDEPENDENT TESTING AGENCY, INC.",https://www.independent-testing.com/,https://linkedin.com/company/independent-testing-agency
C98KVUFLRWM8,OCEANEERING INTERNATIONAL INC,http://www.oceaneering.com,https://linkedin.com/company/oceaneering
C99NDV5XH3L3,SLINKYS INSTALLATION INC,slinkysinstall.com,https://linkedin.com/company/slinkys-installation-inc
C9BJLUNH6FJ8,HOLTEC GOVERNMENT SERVICES LLC,https://holtecinternational.com/company/divisions/hgs/,https://linkedin.com/company/holtec-international
C9C6HPQLL4A8,CATERPILLAR INC,http://www.cat.com,
C9DQBWS3M4W4,PACIFIC NORTHERN ENVIRONMENTAL LLC,https://www.pneco.com/,https://linkedin.com/company/pacific-northern-environmental-corp
C9E5BJZM7S86,SAFT AMERICA INC,http://WWW.SAFT.COM,https://linkedin.com/company/saft
C9EWH31DX764,DHL LOGISTICS MIDDLE EAST DWC-LLC,www.dhl.com,https://linkedin.com/company/dhl
C9EYZJCTEYQ6,"TRAINING RESOURCES GROUP, INC.",http://www.trg-inc.com,https://linkedin.com/company/training-resources-group-inc-
C9GSG6Y363B1,TRANSFER GENERAL TRADING AND TRANSPORT OF GOODS LTD COMPANY,www.transfer-co.com,
C9HCJWLPZDQ3,"FEDITC, LLC",http://www.feditc.com,https://linkedin.com/company/federal-it-consulting-feditc-
C9JHYHR6ETJ3,ASTRO MACHINE WORKS INC,http://www.astromachineworks.com,https://linkedin.com/company/astro-machine-works
C9LLDF49SBP4,"J.R.P. CONSTRUCTION, L.L.C.",www.jrpyuma.com,https://linkedin.com/company/jrpyuma
C9MLARB81DU3,KIRA AEROSPACE LLC,https://thtbc.com/,
C9NGFKAM1RK5,WAGNER EQUIPMENT CO,www.wagnerequipment.com,https://linkedin.com/company/wagner-equipment
C9NWKJZ37GX3,NORTH SLOPE BOROUGH,http://www.north-slope.org,https://linkedin.com/company/north-slope-borough
C9P6LLA9PBL4,"WESCAM USA, INC.",,
C9P7HMAR3YE8,"DBLOGICS, LLC",www.dblogicsllc.com,https://linkedin.com/company/dblogics-llc
C9R1F27297N3,"HIGHWAY PRODUCTS, INC.",www.highwayproducts.com,https://linkedin.com/company/highway-products-inc.
C9S1NLQ67626,ABT GLOBAL LLC,http://www.abtglobal.com,https://linkedin.com/company/abtglobal
C9TEP8LZ5YN8,EXTRAC AI LLC,https://www.extrac.ai/,https://linkedin.com/company/extracrisk
C9V9UN9KAQF7,"ACADEMY OF APPLIED TECHNOLOGY, LLC",https://appliedtechnologyacademy.com,https://linkedin.com/company/applied-technology-academy
C9W8DK2SXTW1,GEL ENGINEERING LLC,http://www.gel.com,https://linkedin.com/company/gel-laboratories-llc
C9XSMT48NLK4,"SOLO W-2, INC.",http://www.soloworkforce.com,https://linkedin.com/company/solo-workforce
CA1ZKSZ2SC45,"BEYOND CLOTHING, LLC",http://www.beyondclothing.com,https://linkedin.com/company/beyond-clothing
CA33ZDJ1J985,GLD SPECTRUM GENERAL TRADING L.L.C,www.gldspectrum.com,
CA3GDJFE6M36,ROYAL INSTITUTE OF INTERNATIONAL AFFAIRS,www.chathamhouse.org,https://linkedin.com/company/chathamhouse
CA3SCBN6PYP5,CONNECTRONICS CORP,http://www.connectronicscorp.com,https://linkedin.com/company/connectronics-corporation
CA4QC5AP7HD1,THE DANNER CORPORATION,http://www.danner.net,https://linkedin.com/company/thedannercorporation
CA7XMZF2YBC6,FASTENER TECHNOLOGY CORP,,
CABWFJARFXL5,"THE LOCUMS CO, LLC",http://www.tlclocums.com,https://linkedin.com/company/the-locums-company-llc
CADNUR19PMM5,FIELDTEX PRODUCTS INC.,,
CAJ9HC6Z4M74,TWIN OTTER INTERNATIONAL LTD,http://www.twinotter.com,https://linkedin.com/company/twin-otter-international-ltd
CAJZL4M9RPN8,NUSIL TECHNOLOGY LLC,https://www.avantorsciences.com/pages/en/nusil,https://linkedin.com/company/avantorinc
CANEJFKHZX67,"APPLIED INTEGRATED TECHNOLOGIES, INC.",http://www.ait-i.com,https://linkedin.com/company/applied-integrated-technologies-inc
CARQF2WH7CC5,"PHISTON TECHNOLOGIES, INC",http://www.phiston.com,https://linkedin.com/company/phiston-tech
CARVS3RJL794,HORIZON TRAVEL & TOURISM COMPANY,www.horizontrvl.com,https://linkedin.com/company/horizon-travel-and-tourism
CARXXXC2W898,CITISTAFF SOLUTIONS INC,,
CASZKA1CMGH3,MASTER INTERNATIONAL CORPORATION,http://www.masterelectronics.com,https://linkedin.com/company/masterelectronics
CASZTUDB3NL4,160 DRIVING ACADEMY,,
CATAJK15M6J8,"THE SUPERIOR GROUP, LLC",www.thesuperiorgroupllc.com,https://linkedin.com/company/superior-improvements-group
CATNL36MMEJ9,M5 TECHNOLOGIES LLC,microscope.com,https://linkedin.com/company/microscope.com
CAUHHKBRMM99,"DAIKIN AMERICA, INC.",daikin-america.com,https://linkedin.com/company/daikin-america
CAVRZAKL8BW8,"TECHNALS CONSULTING, LLC",www.technals.com,https://linkedin.com/company/technals-consulting
CAZMUCTVXE15,CATHOLIC COMMUNITY SERVICES OF UTAH,,
CB26RZ2YNRX6,NEWTON LLC,www.thenewtoncorp.com,https://linkedin.com/company/newton-engineering-product-development
CB3GK7MZDYQ9,"PRO-TELLIGENT, LLC",http://www.pro-telligent.com,https://linkedin.com/company/pro-telligent-llc
CB3LFRNLMMM8,JAZZ SOLUTIONS INC.,www.jazzsol.com,
CB44G6CL51E6,PHOENIX OVERSIGHT GROUP LLC,https://www.phoenixoutcomes.com/,https://linkedin.com/company/phoenix-oversight-group
CB5AHM4RQFB4,ADVANCED MONITORED CAREGIVING INC,https://www.amchealth.com,https://linkedin.com/company/amc-health
CB76N5QNGUF1,NATIONAL SUPPLY NETWORK LLC,www.nationalsupplynetwork.com,https://linkedin.com/company/national-supply-network-llc
CB7DF8CZCG84,"MCDANEL ADVANCED CERAMIC TECHNOLOGIES, LLC",http://www.mcdanelceramics.com/,https://linkedin.com/company/mcdanel-advanced-ceramic-technologies
CBA9KDZUHRC5,"AMRITA CONSULTING, INC.",,
CBADBW7SW1R7,COMPUTADORAS REDES E INGENIERIA SAU,https://crisa.airbus.com/en,
CBB7E38TKSS4,A & T INTERPRETING LLC,,
CBB7X9MSNA11,"STANTON ENGINEERING SERVICES, LLC",http://www.stantonengineering.com/,https://linkedin.com/company/stanton-engineering-services-llc
CBDLJPQ9ESL7,TFC CONSULTING INC.,http://www.tfcci.net,https://linkedin.com/company/tfc-consulting-inc-
CBDXJBBSDRY9,CEC ELECTRONICS CORP,https://www.cecelectronics.com,
CBEBL768K564,S & L AEROSPACE METALS LLC,https://www.slaerospace.com/,https://linkedin.com/company/s-&-l-aerospace-metals-llc
CBFPNKJTEN11,BRITE RIGID FRAME BUILDINGS USA INC,https://rfbuildings.com/,https://linkedin.com/company/brite-rigid-frame-buildings
CBGKV759E811,INFOPRO LEARNING INC,http://www.infoprolearning.com/,https://linkedin.com/company/infopro-learning
CBHQBYK7BBN4,"GEM TECHNOLOGY INTERNATIONAL, CORP",www.gemtechnology.com,https://linkedin.com/company/gem-technology-corporation
CBJLJEG9WZ74,COFFMAN ELECTRICAL EQUIPMENT CO.,http://steadypower.com,
CBJYW3Z8ZJB8,SCANNA MSC INC.,http://www.scanna-msc.com,https://linkedin.com/company/scanna-msc-ltd
CBLMPHXKV143,"NOROTOS, INC",http://www.norotos.com,https://linkedin.com/company/norotos-inc-
CBLNJHMELAH9,SCHETTER ELECTRIC LLC,,
CBLXBLYSHJ98,"ADVANCED MACHINING TECHNIQUES, INC.",http://www.amtcal.com,
CBM9G7BMF5J3,"THREE-DIMENSIONAL SERVICES, INC.",http://www.3dimensional.com,https://linkedin.com/company/3dimensionalservicesgroup
CBMZJ3Z5SC89,GOODRICH CORPORATION,,
CBP3W28RNZB3,"NORTHWEST RESEARCH ASSOCIATES, INC.",www.nwra.com,https://linkedin.com/company/northwest-research-associates
CBQ4FUDD1Y99,CACHE VALLEY ELECTRIC COMPANY,http://www.cve.com,https://linkedin.com/company/cachevalleyelectric
CBQ6W839WRM9,HOTARD COACHES INC,,
CBQZMN7QV9N5,ALLISON TRANSMISSION INC,www.allisontransmission.com,https://linkedin.com/company/allison-transmission
CBRCMYLVJYN7,"EXECUTIVE DEVELOPMENT ASSOCIATES, INC.",https://edainc.io,https://linkedin.com/company/edainc
CBRMDU117G18,"NEOMETRIX TECHNOLOGIES, INC.",www.neometrixtech.com,https://linkedin.com/company/neometrix-technologies-inc.
CBS4K2ZHQ9B9,MITSUBISHI ELECTRIC CORPORATION KAMAKURA WORKS,,
CBUNX4CLHQ44,"AIMTEK, INC.",http://www.aimtek.com,https://linkedin.com/company/aimtek-inc-
CBYZXF42ZBK2,"PROFESSIONAL SOLUTIONS COMPANY INTERNATIONAL, LLC.",www.prosolco.com,https://linkedin.com/company/professional-solutions-company-international-llc
CC1BWW27H2K8,"THE STAFFING RESOURCE GROUP, INC.",https://www.srg4people.com,
CC24WEJQAB77,"QUALITY ASSOCIATES, INC.",http://www.qualityassociatesinc.com,https://linkedin.com/company/quality-associates-inc.
CC4MRCJTY5K1,"CACI ASCENT VISION, LLC",www.caci.com,https://linkedin.com/company/caci-international-inc
CC55PKTNYCS9,ADC PREVENTION SERVICES AN,www.adcprevention.com,https://linkedin.com/company/adc-prevention-services-associates
CC5EFLK93ZK9,"SUPERIOR SURFACING SYSTEMS, LTD.",,
CC71B6JM2465,CYCLONE PCIE SYSTEMS LLC,www.cyclone.com,https://linkedin.com/company/cyclone-microsystems-inc
CC7JK5TZK8M5,"AMG AIREPS, LLC",http://www.isellair.com,https://linkedin.com/company/aireps
CC7TBQ9URKB7,TECHWORXS LLC,,
CC8FNPJULJP5,SONA NETWORKS LLC,http://www.sonanetworks.com,https://linkedin.com/company/sona-networks-llc
CCCPHSL9NS73,SSN GROUP LLC,http://www.ssngrp.com,
CCE6JKZ5Q2P7,F3EA INC,f3ea.com,https://linkedin.com/company/f3ea
CCENDPLDL4M7,"SPACE ELECTRONICS, LLC",http://www.raptor-scientific.com,https://linkedin.com/company/raptor-scientific
CCF7LXJLM633,DAYTON AEROSPACE INC,http://www.daytonaero.com,https://linkedin.com/company/dayton-aerospace
CCHWMCF9WH55,RANDOLPH ASSOCIATES INC,http://www.greatjobs.com,https://linkedin.com/company/randolph-associates
CCJZNLG4GN55,PARK HOTELS & RESORTS INC,hiltonhawaiianvillage.com,https://linkedin.com/company/hilton-hawaiian-village
CCLDP2LPGKN4,"JOHNSON VENTURE MANAGEMENT SOLUTIONS, INC.",www.jvmsolutions.net,https://linkedin.com/company/jvmsolutions
CCLEQZLX4QX9,GENESIS RESOURCE INC,http://www.genesisresource.com,https://linkedin.com/company/genesis-resource-inc.
CCLGNGMY1LD5,BLACKBURN CONSULTING,www.blackburnconsulting.com,https://linkedin.com/company/blackburn-consulting
CCLYLU5WRB51,DNV ENERGY USA INC.,,
CCNHRX4N3H45,"GENESIS ENGINEERING SOLUTIONS, INC.",http://genesisesi.com/,https://linkedin.com/company/genesis-engineering-solutions-inc
CCPDG1Y49R84,"SCHNEIDER ELECTRIC IT MISSION CRITICAL SERVICES, INC.",http://www.se.com,
CCPLDYMH5ZU6,RAIMIST SOFTWARE LLC,http://www.ECMUniverse.com,
CCPTJVXTP3K5,"PHC-LOS ALAMOS, INC.",losalamosmedicalcenter.com,https://linkedin.com/company/los-alamos-medical-center
CCS1KJUSLDH5,"ENGINEERED AIR BALANCE CO., INC.",https://www.eabcoinc.com,https://linkedin.com/company/engineered-air-balance-co.-inc.
CCTCKKHVBHL1,E. S. I INC,https://www.esielectrical.com/,https://linkedin.com/company/esi-electrical-contractors
CCTNMHVS9ER9,TRI-STATE ROOFING & SHEET METAL COMPANY OF WEST VIRGINIA,,
CCVWH15AFFL9,G7 SECURITY SYSTEMS LTD.,,
CCW6DLVQ3JH4,JANCO CORPORATION,https://www.transdigm.com/business-groups/mason-controls/,https://linkedin.com/company/transdigmgrp
CD2FBNHK3ME1,"ARROW ELECTRONICS, INC.",,
CD2QDS1EFHP3,PROFESSIONAL MANAGEMENT CONSULTING SERVICES LLC,http://www.pmcsllc.com,https://linkedin.com/company/professional-management-consulting-services
CD3CVBSHFDP7,MATERIALISE USA LLC,https://www.materialise.com,https://linkedin.com/company/materialise
CD6WNMH5EEU3,GOLDEN WEST HUMANITARIAN FOUNDATION,,
CDA7HZWPFZJ5,MCI DIAGNOSTIC CENTER LLC,https://www.mcidiagnostics.com,https://linkedin.com/company/mcidiagnostic
CDBFJXPN7KL5,"KAIVA SERVICES, LLC",,
CDCLM21H1NH3,CAMFIL USA INC,http://www.camfil.us,https://linkedin.com/company/camfil-usa-airfilters
CDCYSK5GNPJ4,POLYMER CORPORATION,www.polymercorporation.com,https://linkedin.com/company/polymer
CDH3PTQ36S69,M2 INTEGRATION LLC,,
CDJ3REUJFBL5,"HARRIS COMPOSITES, INC.",http://www.harriscomposites.com,https://linkedin.com/company/harris-composites-inc
CDJRMWDDJFJ5,KONGSBERG MARITIME INC,https://www.kongsberg.com/maritime/,https://linkedin.com/company/kongsberg-maritime
CDKHHKUY4KK6,GEN3 TECHNOLOGY CONSULTING LLC,www.gen3technology.com,https://linkedin.com/company/gen3technology
CDN2KL6LA5J3,"SPHERA SOLUTIONS, INC.",https://www.sphera.com,https://linkedin.com/company/sphera
CDN6N36TM781,"C BELOW, INC",,
CDNAJ548KML1,GHA TECHNOLOGIES INC,https://gha-associates.com,https://linkedin.com/company/gha-technologies
CDPNXLD6QLJ8,MQ PRIME LLC,,
CDQ8LPRKL2E7,"DELMOCK TECHNOLOGIES, INC.",http://www.delmock.com,https://linkedin.com/company/delmock-technologies-inc-
CDQDVE2QW8H3,THE ASSOCIATION FOR INSTITUTIONAL RESEARCH,www.airweb.org,https://linkedin.com/company/association-for-institutional-research
CDSQM5NNMKA9,SAFRAN POWER USA LLC,www.safran-group.com,https://linkedin.com/company/safran
CDSUTNRFM143,ICF MERCANTILE LLC,,
CDTZXGN9NZH7,LOGISTIKOS ENGINEERING LLC,https://www.logistikos.com,
CDV9Q4C6B6M3,POSITRONIC INDUSTRIES INC,http://WWW.CONNECTPOSITRONIC.COM,https://linkedin.com/company/positronic-industries
CDX1P91ANMF3,BOWMAN ENGINEERING & CONSULTING INC,bec-inc.com,
CDXLZADW22Z9,BOGGS FIRE EQUIPMENT INC,http://www.boggsgases.com,https://linkedin.com/company/boggs-gases
CDXRWJAWH2L7,"FLEX FORCE ENTERPRISES, LLC",https://dzyne.com/,
CDYFD89Y9RK4,BS&B SAFETY SYSTEMS LLC,http://www.bsbsystems.com,https://linkedin.com/company/bs&b-safety-systems
CE1HLBK9UH55,"ZF GAINESVILLE, LLC",www.zf.com,https://linkedin.com/company/zf-group
CE29KJQKADL5,"LANGUAGE LINE, LLC",http://www.languageline.com,https://linkedin.com/company/languageline-solutions
CE4MNBF3W6D7,"U.S. CHEMICAL STORAGE, INC.",www.uschemicalstorage.com,https://linkedin.com/company/us-chemical-storage
CE4SJYU6FKH5,CRITICAL PATH ENGINEERING LLC,,
CE4UHBTBKP95,WESTERN PRECISION AERO LLC,,
CE5JV8E9K4S3,AMERICAN PHYSICAL SOCIETY,http://www.aps.org,https://linkedin.com/company/aps-physics
CE85XBTV6923,"RSC2, INC",https://rsc2.com/,https://linkedin.com/company/rsc2
CE87CA8WNWA1,"AEROJET ROCKETDYNE, INC.",,
CE8MGXAS9KJ6,"JOHNSON CONTROLS, INC",http://www.johnsoncontrols.com,https://linkedin.com/company/johnson-controls
CEABJA6CA835,R. LAING MANUFACTURING INC,http://www.rlaing.com,
CECYJJKEAM68,"ENVIRONMENTAL CONTRACTORS, LLC",,
CED2JSS4GQH4,IOWA STATE UNIVERSITY OF SCIENCE AND TECHNOLOGY,,
CEEEMJJG86T8,AMERICAN SENSING INC.,,
CEF2GKR6YNC3,"THOMPSON GRAY, INC.",https://www.thompsongrayinc.net,https://linkedin.com/company/thompsongrayinc
CEFCD41CLDJ8,SHI INTERNATIONAL CORP,https://www.publicsector.shidirect.com/public-sector/federal-government,
CEGVZQGNSHC3,SUPERIOR ELECTRIC HOLDING GROUP LLC,http://www.superiorelectric.com,https://linkedin.com/company/superior-electric
CEJ4L92Z2NH1,CORNERSTONE TECHNOLOGY ENTERPRISES INC,https://www.cornerstonetec.com/,https://linkedin.com/company/cornerstonetechnology
CEJGFN29N4L1,HERC RENTALS INC,,
CELMLPFFH7F3,SAFE STRUCTURE DESIGNS LLC,www.safestructuredesigns.com,https://linkedin.com/company/s.a.f.e.-structure-designs-llc
CELUQLJ64TZ9,"MARCH ELECTRONICS, INC.",https://www.marchelectronics.com,https://linkedin.com/company/march-electronics
CELYCCHJ6AH5,NGI LLC,,
CEM3SLZ41968,COASPIRE LLC,www.coaspire.com,https://linkedin.com/company/coaspire-llc
CEMRK9QHLTU3,PULSE POWER AND MEASUREMENT INC,,
CEMWV1R388J1,HART INDUSTRIES LLC,www.hart-ind.com,
CENPJHLQ8FQ5,APRIVA ISS LLC,http://www.apriva.com,https://linkedin.com/company/apriva
CERGDGXBT6H3,ASSOCIATION OF CLINICIANS FOR THE UNDERSERVED INC,www.clinicians.org,https://linkedin.com/company/association-of-clinicians-for-the-underserved
CERQGQ3KA8N7,COMMUNICATIONS SUPPLY CORPORATION,http://www.wesco.com,https://linkedin.com/company/wesco.corp
CEWBRTLPMK73,"VERTEX SOLUTIONS, LLC",http://www.vertexsolutions.com,https://linkedin.com/company/vertexsolutions
CEXKNG1XW4Q5,"TRIMBLE MILITARY AND ADVANCED SYSTEMS, INC.",,
CF3FTYEBYTY3,RACETRACK MICROTRON SYSTEMS AB,,
CF4TLXK66GV6,"DIGITAL REALTY TRUST, INC",www.digitalrealty.com,https://linkedin.com/company/digitalrealty
CF5YR2NH35L5,"COMBS-DYER CONSULTING, LLC",www.CombsDyerConsulting.com,https://linkedin.com/company/combs-dyer-consulting
CF6JVHJFD865,KEYHOLE SOFTWARE LLC,http://www.keyholesoftware.com,https://linkedin.com/company/keyhole-software
CF7KJJ779LU1,"HAMMOND HOMES & CONSTRUCTION, LLC",,
CF8UBRRSBHA3,"GEAR MANUFACTURING, INC.",http://www.gearmfg.com,https://linkedin.com/company/gear-manufacturing-inc.
CFA3AVY8X8N1,"LIGHTING RETROFIT INTERNATIONAL, LLC",www.envocore.com,https://linkedin.com/company/envocore
CFA6Y78KK6Z3,LOGUS MANUFACTURING CORP.,,
CFAGXCK44TH3,MOMENTUM DECISIVE SOLUTIONS USA INC.,www.momentumds.com,https://linkedin.com/company/momentum-solutions-inc
CFALLJBGZ697,"GARTNER, INC.",http://WWW.GARTNER.COM,https://linkedin.com/company/gartner
CFAQK9L1C7W7,"NIYAMIT, INC.",www.niyamit.com,https://linkedin.com/company/niyamit-inc-
CFAXLRYNJM19,RS MICROWAVE CO INC,http://rsmicro.com,https://linkedin.com/company/rs-microwave-inc.
CFC1TWT3TBH4,"SPECIALTY OUTDOOR SOLUTIONS, LLC",https://www.specialtyoutdoorsolutions.com,https://linkedin.com/company/specialtyoutdoorsolutions
CFCCZHPBR445,KIEWIT POWER CONSTRUCTORS CO,,
CFDEJJZ5K9L5,ENVIROSERVICES & TRAINING CENTER LLC,https://gotoetc.com,https://linkedin.com/company/enviroservices-and-training-center
CFGDBDPFFDZ2,"AEEC, LLC",http://www.americanconsultants.com,https://linkedin.com/company/americanconsultants
CFGEJ3N9ZH45,MOHAWK VALLEY MATERIALS INC,https://mohawkvalleymaterials.com/,https://linkedin.com/company/mohawk-valley-materials-inc
CFGLCJAJKT86,BELLEVILLE SHOE MANUFACTURING COMPANY,http://www.bellevilleboot.com,https://linkedin.com/company/belleville-shoe-mfg-co
CFJLNG96G1K5,CENTRAL RESEARCH INC,http://www.teamcri.com,
CFJZSTVS16L5,AELIUS EXPLOITATION TECHNOLOGIES LLC,https://aeliustech.com,https://linkedin.com/company/aelius-exploitation-technologies-llc
CFKVXZJ329K7,"BLACKHORSE, A PARSONS LLC",http://www.blackhorsesolutions.com,https://linkedin.com/company/blackhorse-solutions-inc
CFLDECZBMDV6,"PALMETTO GBA, LLC",www.palmettogba.com,https://linkedin.com/company/palmetto-gba
CFM9XCXPRQ65,"MTH CONSULTING, INC.",www.mthconsultinginc.com,https://linkedin.com/company/mth-consulting-ltd.
CFMHAEJVU8H1,FLIGHTWAVE AEROSPACE SYSTEMS CORPORATION,flightwave.aero,https://linkedin.com/company/flightwave-aerospace-systems
CFMJM2AA1MJ1,"MILESTONE INDUSTRIAL, INC.",www.milestonehydraulics.com,https://linkedin.com/company/milestone-hydraulics
CFMMM5JM7HJ9,KANSAS STATE UNIVERSITY,http://www.ksu.edu,
CFNCPQP2PFT1,"CAREY MANUFACTURING CO, INC",www.amatom.com,https://linkedin.com/company/amatom-electronic-hardware
CFNKB8LM7B47,CL CONSTRUCTION LLC,www.clnebraska.com,https://linkedin.com/company/cl-construction-llc
CFPFXMK3NFR4,"PLATEAU TELECOMMUNICATIONS, INCORPORATED",,
CFQBN2ADPYV1,CONGLOBAL INDUSTRIES LLC,WWW.conglobal.com,https://linkedin.com/company/itsconglobal
CFSLHCPCGGC5,"TRINITY INFORMATION TECHNOLOGY, L.L.C.",https://www.trinityit.biz,https://linkedin.com/company/trinity-information-technology-llc
CFWRL5LXXX93,AMERICAN SYSTEMS CORPORATION,,
CFXHJMUXLLN8,"EDGE AUTONOMY OPERATIONS, LLC",https://rdw.com,
CFY2CSEWDG33,"KONTEK INDUSTRIES, INC",http://www.kontekindustries.com,https://linkedin.com/company/kontek-industries
CFZAPE4RMCD7,"LEX PRODUCTS, LLC",http://www.lexproducts.com/,https://linkedin.com/company/lexproducts
CFZDEMP72A35,STRATEGIC MISSION ELEMENTS INC,www.strategicmissionelements.com,https://linkedin.com/company/strategic-mission-elements-inc-
CG1FJLRAHLS7,FUTURE TECH ENTERPRISE INC,http://www.ftei.com,https://linkedin.com/company/future-tech
CG1LUFWJB7N1,BCS INDUSTRIAL COMPANY,,
CG2ZJYF5W8X8,AMERICAN ASSOCIATION FOR LABORATORY ACCREDITATION,www.a2la.org,https://linkedin.com/company/american-association-for-laboratory-accreditation-a2la-
CG32TT9XS937,XEROX IT SOLUTIONS LLC,https://www.xerox.com/en-us/services/it-solutions,https://linkedin.com/company/xerox
CG3AS5MBHAM9,PREMIER TECHNICAL SERVICES CORPORATION,https://www.pts-usa.com,https://linkedin.com/company/premier-technical-services-corporation
CG3CX45JDFX3,PANAGORA GROUP INC.,https://panagoragroup.net/,https://linkedin.com/company/panagora-group
CG3JECXM5MF5,AD INC OF MILWAUKEE,,
CG43MDH8KJK7,"PATHLOCK, INC.",www.pathlock.com,https://linkedin.com/company/greenlight-technologies
CG4NYJD4C515,FRISA FORJADOS,https://www.frisa.com/en/welcome,https://linkedin.com/company/frisa
CG78ATJ18YX5,"BOSTON DYNAMICS, INC.",HTTP://WWW.BostonDynamics.COM,https://linkedin.com/company/boston-dynamics
CG9KS3U1NLW7,UPRIGHT SCAFFOLD USA LLC,http://www.uprightscaffoldusa.com/,https://linkedin.com/company/upright-scaffold-usa-llc
CGAJVDCPBJ88,PPC AIR CONDITIONING,,
CGBMKJF19GJ1,MCLAUGHLIN RESEARCH CORPORATION,https://mrcds.com/,https://linkedin.com/company/mclaughlin-research-corporation
CGCDJ24JJLZ1,UNIVERSITY OF MASS AT BOSTON,http://www.umb.edu,https://linkedin.com/company/umass-boston
CGCFFLHRT2N4,VAREX IMAGING CORP,www.vareximaging.com,https://linkedin.com/company/varex-imaging-corporation
CGDVSYAH6RW5,"MACRI CONCRETE, INC.",,
CGE8ABMZLZN9,"ADVANCED COMPUTER CONCEPTS, INC.",https://acc.net,
CGEMDKCG5JQ5,DM3D TECHNOLOGY LLC,dm3dtech.com,https://linkedin.com/company/dm3d-metal-ded
CGFTVNF445L1,LINDE ADVANCED MATERIAL TECHNOLOGIES INC.,https://www.linde-amt.com/en,https://linkedin.com/company/linde-advanced-material-technologies
CGH4ELZLU797,"VALERIA CONSULTING, INC",,
CGH4JY1QYP61,"BROCK MOUNTAIN LAND COMPANY, LLC",,
CGJ7GM9L6W38,COLOG INC,www.colog.com,https://linkedin.com/company/colog-inc.
CGJRCLGGJ316,TATA ADVANCED SYSTEMS LIMITED,http://www.tataadvancedsystems.com/,https://linkedin.com/company/tataadvanced
CGK9TFCTAJZ9,"ROSENTHAL, BROCK",www.ocean-innovations.com,
CGKLRQ7ZUUA3,CENSEO AV+ACOUSTICS LLC,http://www.censeo.design,https://linkedin.com/company/censeo-av-acoustics
CGL3BBHE4LD5,"ADVANCED ACOUSTIC CONCEPTS, LLC",,
CGM7BR92JT89,"THE FLINCHBAUGH COMPANY, INC.",http://www.flinchbaugh.com,https://linkedin.com/company/the-flinchbaugh-company-inc
CGMEE5V9L6F6,"TTW SOLUTIONS, INC.",http://www.ttwsolutions.com,https://linkedin.com/company/ttw-solutions-inc-
CGNGDKC5B5D8,TAXLOCITY LLC,,
CGNJR1TM1ML5,EMPOWERMENT PARTNERS LLC,www.rescodefense.com,
CGQWGMLE8C63,SENTRO TECH CORP,http://www.sentrotech.com/,https://linkedin.com/company/sentro-tech-corp
CGQXHP6UKC38,SPINTWO LLC,https://spintwo.com/,https://linkedin.com/company/spintwo
CGRMHEE21W53,"MASTER RESEARCH & MANUFACTURING, INC.",www.master-research.com,https://linkedin.com/company/master-research-manufacturing-inc
CGT9HLNKLT98,"WEISS TECHNIK NORTH AMERICA, INC.",www.cszproducts.com,
CGW5RFFFTHJ6,AQUATECH LLC,www.iasenvirochem.com,https://linkedin.com/company/intermountain-analytical-svc
CGYKNCE2U9Y3,ALLEN INTEGRATED SOLUTIONS LLC,allenintegratedsolutions.com,https://linkedin.com/company/allen-integrated-solutions-llc
CGYPFLJBJV58,A1 QUALITY BLINDS,http://a1qualityblinds.com/,https://linkedin.com/company/a1qualityblinds
CGZXUAJ2M7J5,REM AND SONS LICENSED ELECTRICAL CONTRACTORS CORP,,
CH25AQKKMBP7,BARTOSZEK ENGINEERING,http://www.bartoszekeng.com,
CH3NM7BJ5977,TECHNOGEN INC.,http://www.technogeninc.com,https://linkedin.com/company/technogeninc
CH5BT19LVPC7,"MZI AVIATION, LLC",https://www.mzisol.com/,
CH6RXG6KZJF3,"APPLIED MEMETICS, LLC",http://www.amllc.co,
CH7MA24T5LK8,PRONETX INC,www.pronetx.com,https://linkedin.com/company/pronetx
CH7PJMKQALN5,QWALTEC INC,http://www.qwaltec.com,https://linkedin.com/company/qwaltec
CH7QNMBSAHT7,"HUITT - ZOLLARS, INC",,
CHGBJC3LKMJ5,"RUNTIME TECHNOLOGIES, LLC",www.isostech.com,https://linkedin.com/company/isos-technology
CHHCAC9U1CF8,"ULTRAVIOLET CYBER FEDERAL, LLC",https://uvcyber.com,https://linkedin.com/company/uvcyber
CHHEZ3CUE1K5,CONDUENT FEDERAL SOLUTIONS LLC,https://www.conduent.com/public-service-delivery-solutions/,https://linkedin.com/company/conduent
CHHKCFL2UQD7,"PRISM MARITIME, INC.",http://www.PrismMaritime.com,https://linkedin.com/company/prism-maritime-llc
CHKKPGHNUYX1,VT MILCOM INC.,www.vtgdefense.com,https://linkedin.com/company/vtgdefense
CHKTR6LNT8K1,KONGSBERG SATELLITE SERVICES AS,http://www.ksat.no,https://linkedin.com/company/kongsberg-satellite-services
CHKUMRQFRMT8,HILLPRO LLC,www.hillpro.com,https://linkedin.com/company/hillpro
CHL6GL3ZYQM7,POINT SECURITY INC,http://www.pointsecurityinc.com,https://linkedin.com/company/point-security-inc
CHLMG2YZU3N1,"MANAGEMENT AND TECHNOLOGY RESOURCES, INC.",,
CHN6VKVXQ5B8,"TLC OLSON CONSTRUCTION, LLC",,
CHNGGWMUYFZ5,GOODRICH LIGHTING SYSTEMS GMBH & CO. KG,www.goodrich.com,https://linkedin.com/company/goodrich
CHNMDT8TAEF5,"AEROMETALS, INC.",http://www.aerometals.aero,https://linkedin.com/company/aerometals-inc.
CHNNG7Z26293,BRYTECH INC,http://www.brytechinc.com,https://linkedin.com/company/brytech-inc-
CHP1TFGNBS16,VANA SOLUTIONS LLC,www.vtgdefense.com,https://linkedin.com/company/vtgdefense
CHP9AF2KN587,"APPLIED FUSION, LLC",,
CHTAKEYGS386,PITNEY BOWES INC.,www.pb.com,
CJ1ZQVEWNVY3,"DUCOMMUN LABARGE TECHNOLOGIES, INC.",,
CJ3RA1WPHVZ9,"TRIUMPH INSULATION SYSTEMS, LLC",,
CJ4WAYELAHH7,BAE SYSTEMS AUSTRALIA LIMITED,www.baesystems.com,https://linkedin.com/company/bae-systems
CJ6USAF6QF94,"T&H SERVICES, LLC",https://thtbc.com/,
CJ9XM3MJ8V13,"RCM SOLUTIONS, INC",http://www.rcm-corp.com,https://linkedin.com/company/rcm-solutions-inc-
CJADL1FD6J88,SEALING DEVICES INC.,http://www.sealingdevices.com,https://linkedin.com/company/sealing-devices-inc-
CJBJVHUSXAF8,TK ELEVATOR CORPORATION,,
CJCLTJMRNJV8,CAVAN SOLUTIONS INC,cavansolutions.com,https://linkedin.com/company/cavansolutions
CJCQB4PYB943,RELIANCE STEEL & ALUMINUM CO,http://www.bralco.com,
CJD2QWHLNEY5,"PHILADELPHIA PROFESSIONAL DRIVING SCHOOL, INC.",www.drivingschoolinphiladelphia.com,https://linkedin.com/company/professional-driving-school-in-philadelphia-inc
CJDCEENHD1Y7,CFE EQUIPMENT CORPORATION,www.cfeequipment.com,https://linkedin.com/company/cfe-equipment-corporation
CJDNG9D14MW7,UNIVERSITY OF RHODE ISLAND,http://www.uri.edu,https://linkedin.com/company/university-of-rhode-island
CJDWM6YCDK83,SONARSOURCE SA,www.sonarsource.com,
CJEFYNEUHK41,SOLAERO TECHNOLOGIES CORP.,www.Rocketlabcorp.com,https://linkedin.com/company/rocket-lab-corp
CJGFRMQ3CDM4,"APEX SPECIALTY METALS, INC.",http://www.apexspecialtymetals.com,https://linkedin.com/company/apex-specialty-metals-inc-
CJH7RZGBGKL7,SIERRA SERVICES LLC,,
CJJNHPEBJH14,NATIONAL CENTER FOR DEFENSE MANUFACTURING AND MACHINING,http://www.ncdmm.org,https://linkedin.com/company/ncdmm
CJKKN1NW6G28,FARGO GLASS & PAINT CO,,
CJKVLKZGX6F3,LOCUS BIOSCIENCES INC,www.locus-bio.com,https://linkedin.com/company/locus-biosciences-inc.
CJKWRGKNTV25,"GREAT FALLS SOFTWARE SOLUTIONS, INC.",http://gfssinc.com,https://linkedin.com/company/great-falls-software-solutions-inc.
CJL8EQ1JE3Z5,"DTIS, LLC",https://www.dtis-corp.com,https://linkedin.com/company/dtis
CJLFRNKUAEF6,AVON POLYMER PRODUCTS LIMITED,www.avon-protection.com,https://linkedin.com/company/avon-protection-systems
CJMQQJZ325N4,"GEORGE J. PETRONIS ENTERPRISES, INC.",,
CJP3G3AGVEJ7,GE ENGINE SERVICES LLC,http://www.geae.com/services/index.html,https://linkedin.com/company/ge-engine-services-inc.
CJQKS54NSXU7,"OROLIA GOVERNMENT SYSTEMS, INC.",www.safranfederalsystems.com,https://linkedin.com/company/oroliads
CJSVGF2W1951,"SPACELIFT, INC",https://spacelift.io/,https://linkedin.com/company/spacelift-io
CJTFSCZB1MM4,SORINEX EXERCISE EQUIPMENT INC,http://sorinex.com,https://linkedin.com/company/sorinex-exercise-equipment
CJTLQH586UB5,GTANGIBLE CORPORATION,http://www.gtangible.com,https://linkedin.com/company/gtangible-corporation
CJUWX5JWATC1,"TATEHO OZARK TECHNICAL CERAMICS, INC.",https://ozark.tateho-chemical.com/,
CJV1EDM2EN55,RADYANT INC.,,
CJV9TZ1GS425,SALLYPORT GLOBAL HOLDINGS INC,,
CJVRKAXVMVY1,"NEW YORK ENVIRONMENTAL & ANALYTICAL LABORATORIES, INC.",WWW.NYENVIRONMENTAL.COM,https://linkedin.com/company/new-york-environmental
CJWDMEHVXZJ4,YAHARA SOFTWARE LLC,https://www.yaharasoftware.com,https://linkedin.com/company/yahara-software
CJWNBGN6PE93,SITESCAPES INC,http://www.sitescapesonline.com,https://linkedin.com/company/sitescapes-inc-
CJXKHZS1NVC5,"CONSIGLI CONSTRUCTION CO., INC.",WWW.CONSIGLI.COM,https://linkedin.com/company/consigli-construction
CJY7L2K3G3P5,"COMMUNICATION CONSTRUCTION SERVICES, INC.",http://www.ccs-usa.com/,https://linkedin.com/company/communication-construction-services-inc.
CK2FQJ2SGSM5,ELECTRO-METRICS CORPORATION,http://www.electro-metrics.com,https://linkedin.com/company/em-antennas
CK3MEJJXHJR5,ASCELLON CORPORATION,http://www.ascellon.com,https://linkedin.com/company/ascellon-corporation
CK77N4SCAJD3,CELLCO PARTNERSHIP,http://www.verizonwireless.com/index.html,https://linkedin.com/company/verizon-wireless
CK7JTFMAM9V5,FORTRA LLC,https://www.fortra.com,https://linkedin.com/company/fortra
CK7KEQ6GCJ45,DEWETRON INC,http://www.dewetron.com,https://linkedin.com/company/dewetron
CK7PRLYKH8G3,"KAPUR ENERGY ENVIRONMENT ECONOMICS, LLC",https://keeeconsult.com,https://linkedin.com/company/kapur-energy-environment-economics-llc
CK8CL8KK93W5,"ISOFT SOLUTIONS, LLC",http://www.isoftusa.net/,https://linkedin.com/company/isoft-solutions-llc---usa
CK8DKKRMKGR3,"LEIDOS SECURITY DETECTION & AUTOMATION, INC",www.leidos.com,https://linkedin.com/company/leidos
CK8EVP1Y1UL9,TRUSTED SPACE LLC,www.trustedspace.com,https://linkedin.com/company/trusted-space-inc
CK8QNNP572G7,SE & C LLC,www.sterlingecg.com,https://linkedin.com/company/se-c-llc
CKAMVYQ5DKW5,"TALON DEFENSE, INC.",https://www.talondefense.com,https://linkedin.com/company/talondefense
CKAXKJVQM491,"ON CALL COMPUTER SOLUTIONS, L.L.C",https://www.on-callsupport.com,https://linkedin.com/company/on-call-computer-solutions
CKDQUFNCQLH1,"POWELL STRATEGIES, LLC",www.powellstrat.com,https://linkedin.com/company/powellstrategies
CKEEMWE3FM85,"OPTIMUM SOLUTIONS ENGINEERING, LLC",,
CKERM6KN46E9,K2 INTERNATIONAL LLC,www.k2-intl.com,https://linkedin.com/company/k2-international-llc
CKFZMK7X16M1,"RESEARCH PLANNING, INC.",http://www.researchplanning.com,https://linkedin.com/company/research-planning-inc.
CKGCGAJG6UF4,CORNERSTONE DEFENSE LLC,http://cornerstonedefense.com/about.html,https://linkedin.com/company/cornerstone-defense
CKHAHP5BFEN3,FLORIDA CRITICAL POWER LLC,,
CKHRQTHY92F3,XPECT SOLUTIONS LLC,http://www.xpectsolutions.com,https://linkedin.com/company/xpect-solutions-inc
CKHTLAVAHA19,ZAHRAT BALAD CO,,
CKJ1WPXZB4Y3,"ONEBRIEF, INC.",https://onebrief.com,https://linkedin.com/company/onebrief
CKKQLF58G373,"TRIUMPH ACTUATION SYSTEMS - VALENCIA, INC.",,
CKKUHYQH6U86,"WESTSIDE ELECTRIC CO, LLC",,
CKL4W6TL3BG3,"THOMPSON & LITTON, INC",http://www.T-L.com,https://linkedin.com/company/thompson-litton
CKM2PNYFJG61,DUST DATA MANAGEMENT LLC,,
CKMEVHENNJ46,DAVIS CALIFORNIA INDUSTRIES II LLC,www.dimfg.com,
CKMRSKEPMBV9,"STERLING COMPUTER SALES, LLC",http://www.sterlingcomputersales.com,https://linkedin.com/company/sterling-computer-sales-llc
CKNELMYBWFV3,"BELLOWS MANUFACTURING & RESEARCH, INC.",www.bellowsmfg.com,https://linkedin.com/company/bellows-manufacturing-&-research
CKNWBLHCB9L4,"LENTROS ENGINEERING, INC.",www.lentros.com,https://linkedin.com/company/lentros-engineering-inc-
CKP8AV3FURJ9,ZIEGLER INC,www.zieglercompanies.com,https://linkedin.com/company/ziegler-companies
CKPYSBLKV6T3,ACCROFAB LTD,,
CKQ1DGKS6P66,"ZENTECH MANUFACTURING, INC",http://www.zentech.com,https://linkedin.com/company/zentech-manufacturing
CKQQMFN2BPG3,"TORCH RESEARCH, LLC",https://torch.ai/,https://linkedin.com/company/torchai
CKRDDM3KXWM9,ACME INDUSTRIES INC,,
CKRJFJS1L7E3,BLUEHALO LLC,www.bluehalo.com,https://linkedin.com/company/bluehalollc
CKS7JU5KAR52,LOUISIANA STEAM EQUIPMENT LLC,WWW.STEAMSOLUTIONS.COM,https://linkedin.com/company/steamsolutions
CKT7ALMJZL25,VETS SYNERGETIC GROUP LLC,http://www.vsg.llc,
CKUNZKGHUVB9,4FRONT SOLUTIONS LLC,www.4frontsolutions.com,https://linkedin.com/company/4front-solutions-llc
CKUVE8FD55Y8,SCADA SOLVE LIMITED LIABILITY CO,www.scadasolve.com,https://linkedin.com/company/scada-solve
CKV2L9GZKJK3,DELOITTE CONSULTING LLP,http://www.deloitte.com,https://linkedin.com/company/deloitte_china
CKVGW3T9KB85,WL GORE & ASSOCIATES INC,www.gore.com,https://linkedin.com/company/gore
CKXKFL2JQK28,LOC INDUSTRIES INC,www.locmfg.com,https://linkedin.com/company/loc-industries-inc
CKZ7B4JH57D9,ARI INDUSTRIES INC,http://www.ariindustries.com,
CKZME336RZZ1,MT AEROSPACE AG,,
CL28YVLFR4F3,JANOS TECHNOLOGY LLC,http://www.janostech.com,https://linkedin.com/company/janos-technology
CL2TNFEZABT6,"GLOBAL LINGO, INC",www.global-lingo.com,https://linkedin.com/company/global-lingo
CL38M38YQ4E5,"STAC SYSTEMS, INC.",www.stacsolutions.com,
CL3YBMMWN2E6,SCOTT KATZNELSON,,
CL46TLJ41PE7,J S MCGREGOR CONSULTING LLC,,
CL4ELDSNT465,FEI COMPANY,http://www.fei.com,
CL56M7EWDKN1,POWER EQUIPMENT COMPANY,https://power-equip.com/,https://linkedin.com/company/power-equipment-company---peco
CL5PK9YS27M3,INTERNATIONAL INSTITUTE OF LOS ANGELES,http://www.iilosangeles.org,https://linkedin.com/company/international-institute-of-los-angeles
CL69E7KATK59,MICROTECHNOLOGIES LLC,http://www.microtech.net,https://linkedin.com/company/microtech_2
CL83A3MKYBY7,"EMPAD ARCHITECTURE, P.A.",,
CLA1H3QKHCA6,"METTLER-TOLEDO AUTOCHEM, INC.",,
CLAXYN5FDP93,"GOODFELLOW BROS, LLC",www.goodfellowbros.com,
CLBCFSJK5L87,"PRONOVA SOLUTIONS, LLC",www.pronovasolutions.com,https://linkedin.com/company/pronova-solutions
CLBUNVMCNN98,CBEYONDATA LLC,http://www.cBEYONData.com,https://linkedin.com/company/cbeyondata
CLDLCCLLFKL4,THE VENTURA GROUP INC,http://www.theventuragroup.com/,https://linkedin.com/company/the-ventura-group-inc
CLE2BJK4FJJ3,"PRECISION AVIATION GROUP, INC",https://www.precisionaviationgroup.com/pai/,https://linkedin.com/company/precision-aviation-group
CLE2K5DKLWW6,SPARC RESEARCH LLC,sparcresearch.com,https://linkedin.com/company/sparc-research-llc
CLE4KA73KKD5,CENTURY METAL SPINNING CO,http://www.centurymetalspinning.com,https://linkedin.com/company/century-metal-spinning-co-
CLEXPK91PNC5,RICHAVEN PLLC,www.richaven.com,https://linkedin.com/company/richaven-pllc
CLGAM29RGQA6,SOMA CONSULTANTS INC,,
CLGCMM29YK84,"NETWORK INDUSTRIES, INC",http://www.qualitylift.com,https://linkedin.com/company/quality-lift-trucks
CLH8D5KDN9D6,"HYDRAULICS INTERNATIONAL, INC.",http://www.hiigroup.com,https://linkedin.com/company/hydraulics-international-inc.
CLHGD9LXSST9,"TELEDYNE FLIR DEFENSE, INC.",www.flir.com,https://linkedin.com/company/flir-systems
CLHKDKJPVJC3,SHERMCO INDUSTRIES INC,http://www.shermco.com,https://linkedin.com/company/shermco-industries
CLHMSZ7AYYF3,MACDERMID ENTHONE INC.,,
CLJDDSLE4KQ3,YELLOWSTONE LANDSCAPE - SOUTHEAST LLC,https://www.yellowstonelandscape.com/,https://linkedin.com/company/yellowstone-landscape
CLL5N3RJPBC9,"PLEX SOLUTIONS, LLC",https://www.plex-llc.com,https://linkedin.com/company/plex-solutions-llc
CLLBL2AMKGQ9,ROSENBAUER AMERICA LLC,http://www.rosenbaueramerica.com,https://linkedin.com/company/rosenbauer-america
CLLZUH5JFZ77,VTT LLC,,
CLM9KZYNWUL3,ARQUIMEA USA INC,https://www.arquimea.com/,https://linkedin.com/company/arquimea-group
CLMNU2G27B45,AMPLIFY SOLUTIONS LLC,www.amplifyfederal.com,https://linkedin.com/company/amplify-federal
CLN4YWQJXFL4,"SEQUOIA HOLDINGS, LLC",http://www.sequoiainc.com,https://linkedin.com/company/sequoia-holdings-inc
CLN6Q8FYD5L4,OPTI TEMP INC,http://www.optitemp.com,https://linkedin.com/company/opti-temp-inc.
CLN9KBD6ZNR8,"OAI ELECTRONICS, LLC",http://www.oaielectronics.com,https://linkedin.com/company/oai_2
CLNUZM22RRT6,MATTHEW ALFORD,,
CLQMUNETKJ71,"ARCHER WESTERN CONSTRUCTION, LLC",,
CLS7SVZGDDJ1,"OSHKOSH AEROTECH, LLC",www.oshkoshaerotech.com,https://linkedin.com/company/jbtaerotech
CLS9UNM2JFW8,METALEX MANUFACTURING INC,http://www.metalexmfg.com,https://linkedin.com/company/metalex-manufacturing-inc
CLSVH5BQ4DX7,L J CONSTRUCTION INC,www.ljelectricalcompany.com,https://linkedin.com/company/ljelectricalcompany
CLT3DB86XMG8,PSI SOLUTIONS INC,https://www.psirep.com,https://linkedin.com/company/psi-solutions-inc-
CLTBWMG9GU97,PACIFIC TANK CLEANING SERVICES LLC,https://www.pactank.net/,https://linkedin.com/company/pacific-tank-cleaning-llc
CLUXYFEU6913,"OHIO LUMEX CO., INC",WWW.OHIOLUMEX.COM,https://linkedin.com/company/ohio-lumex-co-inc-
CLVVZYDWCDM8,GENERAL ATOMICS,,
CLXMKNNGM2M3,"VALVETECH, INC.",valvetech.net,https://linkedin.com/company/valvetech-inc.
CLY8FL2K2763,THE CHRISTIAN MEDICAL COLLEGE VELLORE ASSOCIATION,http://www.cmch-vellore.edu,https://linkedin.com/company/wtrl-cmc
CLZCB8XCY988,ROBERT MARK INC,,
CLZTFM4USN93,"FORM.IO, LLC",,
CM23LMT4NA29,COVIDIEN HOLDING INC.,,
CM2HHAV628D5,L3HARRIS TECHNOLOGIES INTEGRATED SYSTEMS L.P.,http://www.L3Harris.COM,https://linkedin.com/company/l3harris-technologies
CM2MNFUDAKM4,SANMINA CORPORATION,,
CM3CXMWM13T5,JTF BUSINESS SYSTEMS CORPORATION,http://www.JTFgov.com,https://linkedin.com/company/jtf-gov
CM3EBEH6NNL9,"BEI PRECISION SYSTEMS & SPACE COMPANY, INC",http://www.beiprecision.com,https://linkedin.com/company/bei-precision
CM3LLQ1M2C18,"CHENEGA SECURITY INTERNATIONAL, LLC",,
CM3YHLY12DF5,ILLINOIS TOOL WORKS INC,http://www.instron.com,https://linkedin.com/company/instron
CM4QQGY449E3,J6 POLYMERS LLC,http://www.j6polymers.com/,https://linkedin.com/company/j6-polymers-llc
CM7FD73VSHQ3,"PATRIOTS INTERNATIONAL, LLC",www.patriotsintl.com,https://linkedin.com/company/patriots-international
CM9VW5P6GKB6,PROJECT ENHANCEMENT CORPORATION,www.projectenhancement.com,https://linkedin.com/company/project-enhancement-corporation
CMAYFRHM3G21,SAINT-GOBAIN PERFORMANCE PLASTICS CORPORATION,https://www.omniseal-solutions.com/,https://linkedin.com/company/omniseal-solutions
CMBFJNU8T7T5,VISILTY CONSULTANTS LLC,www.visilty.com,https://linkedin.com/company/visilty
CMBKC2MHJFK5,"SMARTRONIX, LLC",www.smxtech.com,https://linkedin.com/company/smartronix
CMBPHDRMCS51,THERMO ELECTRON NORTH AMERICA LLC,www.thermofisher.com,https://linkedin.com/company/thermo-fisher-scientific
CMCFMRN32267,CURTIN MARITIME CORP,,
CMFGEC4XM233,"SPECIALTY DISTRIBUTION GROUP, LLC",https://www.distributioninternational.com/,https://linkedin.com/company/distribution-international
CMFWDCUV3CF1,CORRELATED SOLUTIONS INC,http://www.correlatedsolutions.com,https://linkedin.com/company/correlated-solutions-inc-
CMKJDJR492E1,SOUTHEASTERN SURVEYING AND MAPPING CORPORATION,http://www.southeasternsurveying.com/,https://linkedin.com/company/southeastern-surveying-and-mapping-corp-
CML4QCRLB3C9,SAMLIN CONSULTING,HTTP://WWW.SAMLINCPA.COM,https://linkedin.com/company/samlin-consulting
CMN5AHFTCLH5,DAC WORLDWIDE LLC,https://dacworldwide.com,https://linkedin.com/company/dacworldwide
CMN5DM38JLN1,TWIST BIOSCIENCE CORPORATION,TwistBioscience.com,https://linkedin.com/company/twist-bioscience
CMQGLNME9S36,M & M WELDING & FABRICATORS INC,,
CMQYD8R4KHC1,INDESTRUCTIBLE PAINT INC.,,
CMRFJ7NS1CK9,DAIFUKU AIRPORT AMERICA CORPORATION,,
CMSHG28J2L78,CLIENT/SERVER SOFTWARE SOLUTIONS INC,http://www.constellationwest.com,https://linkedin.com/company/constellation-west
CMT4S6G76QB5,"BWX TECHNOLOGIES, INC.",www.bwxt.com,https://linkedin.com/company/bwx-technologies
CMVLWMKLT7M7,"KERR OFFICE GROUP, INC.",http://www.kerrog.com,
CMW4BVMGE8M7,APPOSITE TECHNOLOGIES LLC,www.apposite-tech.com,https://linkedin.com/company/apposite-technologies
CMXRH6YBAKB5,BRPH CONSTRUCTION SERVICES INC,https://www.brph.com,https://linkedin.com/company/brph
CMY3E1QH36F3,"J.D.A. MARITIME, INC.",,
CMZ2Q1NRXAC6,JPW STRUCTURAL CONTRACTING INC,www.jpwcompanies.com,https://linkedin.com/company/jpw-companies
CN1DHDM1HDZ5,"THOMAS SCIENTIFIC, LLC",www.thomassci.com,https://linkedin.com/company/thomas-scientific
CN1PK8APSM68,"FREESTONE ENVIRONMENTAL SERVICES, INC",https://www.gofreestone.com/,https://linkedin.com/company/freestone-environmental
CN2NDE12H1K3,"ANDREW MORGAN, LLC",www.andrew-morgan.com,
CN2VKMBMJXP9,VMWARE LLC,http://www.vmware.com,https://linkedin.com/company/vmware
CN33HLU1NBS9,DECYPHER TECHNOLOGIES LTD,http://www.decypher.com,https://linkedin.com/company/decypher
CN34GJW7K817,ROCKY MOUNTAIN BUSINESS SYSTEMS INC,http://www.rmbs.com,https://linkedin.com/company/rocky-mountain-business-systems
CN4EGNYEYJK5,"THE GEL GROUP, INC",http://www.gel.com,https://linkedin.com/company/gel-laboratories-llc
CN4KSKX2UQY5,"COUNTERTRADE PRODUCTS, INC.",https://www.countertrade.com/?nabm=0,https://linkedin.com/company/countertrade-products-inc-
CN5EJGFNEL34,"SOUTHWORTH-MILTON, INC.",www.southworthmilton.com,
CN5YZ3J4TJZ7,DANMAR INDUSTRIES INC,,
CN78W6K37KH7,J MICHAEL CONSULTING LLC,www.jmichael-consulting.com,https://linkedin.com/company/j-michael-consulting
CN7PNYLZLNV3,"L3HARRIS TECHNOLOGIES, INC.",l3harris.com,https://linkedin.com/company/l3harris-technologies
CN8KH2EPH3C3,"BGE & C, INC.",www.bgelectronics.com,
CN8NT3LGL8S6,"DYTRAN INSTRUMENTS, INC.",www.dytran.com,https://linkedin.com/company/dytran-instruments
CNA1AL5BMU31,COSTA AZUL CONTRACTING GROUP,www.costaazulcg.com,https://linkedin.com/company/costa-azul-contracting-group
CNA2W39CGR57,"SECURITY LOCK DISTRIBUTORS, INC.",,
CNA4LHVYZ3T5,"ANTARCTIC LOGISTICS & EXPEDITIONS, LLC",www.antarctic-logistics.com,https://linkedin.com/company/antarctic-logistics-and-expeditions-llc
CNACBD9ZMLG8,"AEROSTAR INTERNATIONAL, LLC",https://aerostar.com,
CNASGNNZ9MP8,"QUASONIX, INC.",http://www.quasonix.com,https://linkedin.com/company/quasonix-llc
CNB9EF8VHML3,AMERICAN SCIENCE & ENGINEERING INC,,
CNBKJKNXAJM1,UNIVERSITY OF WESTERN ONTARIO,http://www.uwo.ca,https://linkedin.com/company/ivey-business-school
CNBVYAYEFZK4,HOLTEC INTERNATIONAL,http://www.holtecinternational.com,https://linkedin.com/company/holtec-international
CNC2F9J289Z8,FLORIDA GLOBAL TECHNICAL SERVICES LLC,,
CNEDYQGFSQB3,MINCO PRODUCTS INC,www.minco.com,https://linkedin.com/company/minco-products-inc
CNF7NSVC4K81,OXYGEN FORENSICS INC,www.oxygenforensics.com,https://linkedin.com/company/oxygen-forensic
CNFRN1Z1C4G5,WAIMANALO BLOOMS LLC,,
CNFXLNJH4JH8,"STRATEGIC ANALYSIS, INC.",http://www.sainc.com,https://linkedin.com/company/strategic-analysis-incorporated
CNGFANMBUXK7,SIDDHI INNOVATIONS AND DESIGNS INC.,http://www.sidicorp.com,
CNGMNCRF93X6,"AFFILIATED ENGINEERS METRO DC, INC.",,
CNGPPDCQL1J5,KEARNS & WEST INC,http://www.kearnswest.com,https://linkedin.com/company/kearns-&-west
CNH6GNZ4D7E5,"RON POULSON ASSOCIATES, INC.",www.rpagc.com,https://linkedin.com/company/ron-poulson-associates-inc
CNHNJGHL4GN5,"JBS SOLUTIONS, INC.",https://www.jbs-solutions.team/,
CNJYN73HW839,"APEX COMPANIES, LLC",http://www.apexcos.com,https://linkedin.com/company/apex-companies-llc
CNKVYRNCGV67,THORBEN CONSULTING LLC,https://thorben.com,https://linkedin.com/company/thorben
CNMJPLB7APE8,FLIGHT SOURCE INC,,
CNMLAJE8BD45,"NVARIATE, INC",www.nvariate.com,https://linkedin.com/company/nvariate-inc
CNR1K7GNKHT5,"DENTAL POWER INTERNATIONAL, INC.",http://www.dentalpower.com,https://linkedin.com/company/dentalpower
CNRNEF8KCBX3,BREN-TRONICS DEFENSE LLC,http://www.bren-tronics.com,https://linkedin.com/company/bren-tronics
CNRNP1BUEE83,"O'CONNELL ELECTRIC COMPANY, INC.",www.oconnellelectric.com,https://linkedin.com/company/o'connell-electric-inc.
CNRUY7QK1FN4,"HEALTH, EDUCATION AND RESEARCH ASSOCIATES, INC.",http://www.herainc.com,https://linkedin.com/company/hera-laboratory-planners
CNS4KH4PY5H5,"BUK OPTICS, INC",www.pgo.com,https://linkedin.com/company/precision-glass-&-optics
CNSAHBL91TX4,BARNETT INDUSTRIES INC,http://www.indyhoneycomb.com,https://linkedin.com/company/indy-honeycomb
CNTVYHGVFX76,THE FILA GROUP LLC,http://www.filagroup.com,https://linkedin.com/company/the-fila-group-llc
CNVXLMNF44R6,PHILIPPINE LEAGUE OF LOCAL ENVIRONMENT AND NATURAL RESOURCES OFFICERS (PLLENRO),,
CNWLMKKGG848,PM2 STRATEGIES LLC,www.PM2Strategies.com,https://linkedin.com/company/pm2strategies
CNYEGCDK8M95,GLOBAL NOMAD SOLUTIONS LLC,www.globalnomadsolutions.com,
CNYKJYPDKJ29,ELLUMINATES SOFTWARE CORP,http://www.elluminates.com,https://linkedin.com/company/elluminates-software
CNYKKH7A55N8,CHIRON K9 LLC,https://Chiron-K9.com,https://linkedin.com/company/chiron-k9-llc
CP1DD3VDC163,NASIR AL-FANAR FOR TRADE AND GENERAL CONTRACTING LLC,,
CP1LPEUC1YH5,"PCB PIEZOTRONICS OF NORTH CAROLINA, INC.",www.pcb.com,https://linkedin.com/company/pcb-piezotronics
CP1ZNV8DHXL4,SCIENCE APPLICATIONS INTERNATIONAL CORPORATION,www.saic.com,https://linkedin.com/company/saicinc
CP22V46XYQK6,"PACIFIC BIOSCIENCES OF CALIFORNIA, INC",www.pacb.com,https://linkedin.com/company/pacbio
CP2JANC9NLK1,APTIVE RESOURCES LLC,http://www.aptiveresources.com,https://linkedin.com/company/aptive-resources
CP5GL964DGJ8,"R C M TECHNOLOGIES, INC.",https://www.rcmt.com/,https://linkedin.com/company/rcmtechnologies
CP7MYTM4KKN9,"PUCK, LLC",www.Puck.com,https://linkedin.com/company/puck-custom-enterprises-inc
CPBRANULB8Q7,"MOKXA TECHNOLOGIES, LLC",https://www.mokxa.com/,https://linkedin.com/company/mokxa-technologies
CPD3YNQAVZD8,STRUERS INC,http://www.struers.com,https://linkedin.com/company/struers
CPDJKCGM77D5,VETERANS SIGNUP LLC,www.veteranssignup.com,https://linkedin.com/company/veterans-signup-llc
CPG8KKNEQUM1,BANA SOLUTIONS LLC,www.banasolutions.com,https://linkedin.com/company/bana-solutions-llc
CPGJAR5382D5,"SOLUTIONWERX, INC.",http://www.solutionwerx.com,https://linkedin.com/company/solutionwerx-inc-
CPGMXKRJM7P6,"MOI, INC.",http://www.moii.com,https://linkedin.com/company/moiinc
CPHLNLBGWFN5,DRS NAVAL POWER SYSTEMS INC,http://www.leonardodrs.com/locations/drs-consolidated-controls-danbury-ct/,https://linkedin.com/company/leonardodrs
CPK4JM5U9GS1,THE AMERICAN SOCIETY OF MECHANICAL ENGINEERS,WWW.ASME.ORG,https://linkedin.com/company/asme
CPLLY3KXSJ93,JAX FAB SHOP LLC,https://www.jaxfabshop.com/,
CPN1EZTZM8N6,GPA INNOVA AMERICA CORP.,,
CPNBFLQ3VA24,GRAM NORTHWEST LLC,www.gramnorthwest.com,https://linkedin.com/company/gram-northwest-llc
CPNJM695NH15,"CDP FASTENER GROUP, INC.",http://www.cdpfastener.com,https://linkedin.com/company/cdp-fastener-group-inc
CPR5GNKXBNC1,BENIM INTERNATIONAL L.L.C-FZ,,
CPWKS6BKNQP4,"PHOENIX GLOBAL SUPPORT, L.L.C.",www.pgsup.com,https://linkedin.com/company/pgsup
CPWLZUW5DUU7,"ETEC, INC.",,
CPXAXLLYQYT3,"PROFESSIONAL SYSTEMS ASSOCIATES, INC.",https://www.psasys.com/,
CQ1EXX7T3KB9,LION FIRST RESPONDER PPE INC,www.lionprotects.com,https://linkedin.com/company/lion-ready
CQ2FY9D9HAW1,SAFRAN NACELLES,www.safran-nacelles.com,https://linkedin.com/company/safran-nacelles
CQ59X82UTHZ9,ULTIMATE SECURITY LIMITED,,
CQ6LZMKS58P9,"JOHN C. BERRY & SONS, INC.",,
CQ7SLZ8SEVB1,REACTIVE METALS INTERNATIONAL INC,https://reactivemetalsinc.com,
CQ9JNYHQ7A78,INTELLIGRIT LIMITED LIABILITY COMPANY,https://www.intelligrit.com/,https://linkedin.com/company/intelligrit-llc
CQE2PSKNWSJ4,"INNOVATIVE HEALTHCARE INFORMATICS, LLC",https://ihisolutions.com/,https://linkedin.com/company/innovative-healthcare-informatics-llc
CQEKY7DHEBF3,"NUMERICAL PRECISION, INC.",http://www.numerical.net/,https://linkedin.com/company/numerical-precision
CQGQR443DCS3,BAYLOR COLLEGE OF MEDICINE,,
CQJFK8JL6MM7,"NAVARRO RESEARCH AND ENGINEERING, INC.",http://www.navarro-inc.com,https://linkedin.com/company/navarro-research-and-engineering
CQJRVMX1CMJ5,"APPLIED SIGNALS INTELLIGENCE, INC.",http://www.asigint.com,https://linkedin.com/company/asigint
CQK2TE1MEKT7,SUPERIOR PLUMBING SERVICE LLC,www.superiorplumbingsvc.com,
CQK7NLHY1LK7,SATCOM SERVICES CORPORATION,http://www.satcom-services.com,https://linkedin.com/company/satcom-services
CQKCDCHMCL95,"SHUMS CODA ASSOCIATES, INC",www.shumscoda.com,https://linkedin.com/company/shumscoda
CQLFMKPGRUQ3,TEVET LLC,https://www.tevet.com,https://linkedin.com/company/tevet-llc
CQMJBSCWDAJ4,ECOLAB INC.,www.bioquell.com,https://linkedin.com/company/bioquell
CQNKK4AHK4V8,EMCOR INTERNATIONAL GENERAL TRADING COMPANY,http://emcorkwt.com/,https://linkedin.com/company/eigtc-emcor-international-general-trading-co-w-l-l
CQNTTF6CX759,"J.P. HOGAN CORING & SAWING, CORP.",www.888jphogan.com,https://linkedin.com/company/jp-hogan-coring-and-sawing-corp
CQT1D4WXXK73,BRAVE FEDERAL TECHNOLOGIES LLC,www.bravefederal.com,https://linkedin.com/company/bravefed
CR1FM8U12UC1,"AIR EXPRESS INTERNATIONAL USA, INC.",http://www.dhl-dgf.com,
CR2WVR38Q865,SANGOMA US INC,www.sangoma.com,https://linkedin.com/company/sangoma
CR48UMHGXG78,SIJTHOFF LLC,,
CR5UVVWPXMW5,ROMANS ENTERPRISES LLC,http://ashleyvalve.com/,
CR6NHL6Q84Q8,AUSTABILITY GMBH,https://austability.com/,https://linkedin.com/company/austability
CRA2GZCMBMS1,"APEX CONSULTING SOLUTIONS, LLC",https://myapexconsulting.com/,https://linkedin.com/company/apex-consulting-solutions-llc
CRACRKKVK1L1,FURNITURE MARKETING GROUP INC,https://fmgi.com,https://linkedin.com/company/furniture-marketing-group-inc-
CRFJN9G4UF54,"VANGUARD ELECTRONICS, LLC",www.ve1.com,https://linkedin.com/company/vanguard-electronics
CRGFH1DE36S9,CERTIFIED AIR BALANCE CO INC,,
CRHLB2MXM254,"ALPHA RESEARCH & TECHNOLOGY, INC.",http://www.ARTruggedsystems.com,https://linkedin.com/company/alpha-research-&-technology-inc
CRJLB6G2G5X4,"TECHNOLOGY ADVANCEMENT CENTER, INC.",www.thetac.tech,https://linkedin.com/company/maryland-innovation-security-institute
CRKJNWWDZKA8,GLOBAL RESOURCE SOLUTIONS INC,http://www.grsco.com,https://linkedin.com/company/globalresourcesolutions
CRMCSQC1JMH5,"ACE CONSULTING COMPANY, INC.",www.ace-consulting.net,https://linkedin.com/company/ace-consulting-companyllc
CRNEWCLULC96,"ACRT, INC.",http://www.acrtinc.com,https://linkedin.com/company/acrt-inc
CRPCXJ5FCNV9,SPACESAVER STORAGE SYSTEMS INC,http://www.spacesaver.com,https://linkedin.com/company/spacesaver-corporation
CRT5B5DNLPG9,"CHARIOT DEFENSE, INC.",www.chariotdefense.com,https://linkedin.com/company/chariotdefense
CRTNZFVPM9C6,TELECOM INTERNATIONAL LLC,www.telecomii.com,
CRTYBBM4TG15,"SMITHS TUBULAR SYSTEMS-LACONIA, INC.",www.smiths.com,https://linkedin.com/company/smithsgroupplc
CRVQPHJ8F2B8,"SCHNEEBERGER, INC",www.schneeberger.com,https://linkedin.com/company/schneeberger-inc.
CRW9SS59PU51,GIRGENTI COMPANIES LLC,,
CRZAHAKZML94,ADVISICON INC,http://www.advisicon.com,https://linkedin.com/company/advisicon
CS51D4NY3MA9,MISSION INTELLIGENCE GROUP LLC,,
CS7UG7SC6MF5,BRANDYWINE COMMUNICATIONS,http://www.brandywinecomm.com,https://linkedin.com/company/brandywine-communications
CS8ARV4HWXQ6,INPRO/SEAL LLC,,
CS9PJLPLGW39,MOOG INC,,
CSAAU6X3ACU7,"VISIBLE ASSETS, INC.",http://www.rubee.com,
CSB6FUPJ5TC1,"TDS AUTOMATION, INC.",www.doerfer.com,
CSC6ZGT5W1R1,ITSTACKEDGE LLC,www.itstackedge.com,
CSC8JGKAH678,JUSTICE CENTER FOR LEGAL AID,,
CSE7KVVUMZK6,"MICRO-ANT, LLC",www.micro-ant.com,https://linkedin.com/company/micro-ant-llc
CSGLFU1D3725,RIDGEVIEW GLASS INC,www.ridgeviewglass.com,https://linkedin.com/company/ridgeview-glass-inc
CSHQPPLH8D47,LEIDOS INC,www.leidos.com,https://linkedin.com/company/leidos
CSK5TGLKKQC4,"VIDEO DYNAMICS, INC.",,
CSN5AK2KL3A9,CERA-MET LLC,www.cera-met.com,
CSNDP5DJHAN7,MID-AMERICA BUSINESS SYSTEMS & EQUIPMENT INC,,
CSNTNM2M8423,EMPIRE MAGNETICS INC.,http://www.empiremagnetics.com,https://linkedin.com/company/empire-magnetics-inc.
CSPJJ1VXPMT9,NOU SYSTEMS INC,http://www.nou-systems.com,https://linkedin.com/company/nou-systems-inc-
CSPNRK2TA2X3,FORS MARSH GROUP LLC,http://www.forsmarsh.com,https://linkedin.com/company/fors-marsh-group
CSPNXNNAVQW4,CM MANUFACTURING INC,https://cmman.com/,https://linkedin.com/company/cm-manufacturing-inc
CSQ9HJJX5QS5,"CONTEC, INC",www.contecinc.com,https://linkedin.com/company/contecinc
CSR2PJKFP7H3,BLACKWATCH INTERNATIONAL CORPORATION,http://www.blackwatchintel.com,https://linkedin.com/company/blackwatch-international
CSRLHJ674HG5,APPLIED SYSTEMS ENGINEERING INC,www.applsys.com,https://linkedin.com/company/applied-systems-engineering
CSRLZ6PPLAS3,KEDO SOLUTIONS LLC,https://www.kedosolutionsllc.com,https://linkedin.com/company/kedo-solutions-llc
CST6FMLM59B5,TRUEPENNY PEOPLE LLC,http://www.truepennypeople.com,https://linkedin.com/company/truepenny-people
CSTGP4173JR3,"CUSTOM MOLDING SOLUTIONS, INC.",http://custommoldingsolutions.com,https://linkedin.com/company/custom-molding-solutions
CSTLQPVXMS94,BOON ENTERPRISE CONSULTING,,
CSU4UK5CNUX1,COMROD INC,http://www.comrod.com,https://linkedin.com/company/comrod-communication-asa
CSUGFB6S6FL9,AMERICAN MICROWAVE CORPORATION,http://www.americanmic.com,https://linkedin.com/company/american-microwave-corporation
CSWEUJJ4AK95,HCL AMERICA SOLUTIONS INC.,,
CSY2M7L3TMB8,PARKER-HANNIFIN CORPORATION,http://www.parker.com/,https://linkedin.com/company/parker-hannifin
CSYAMVJMZYF4,"GEOMAT, LLC",www.geomatengineering.com,https://linkedin.com/company/geomat-inc-
CSYTSY92BGM5,ALFORD AND RAMBARAN LLC,www.alfordrambaran.com,https://linkedin.com/company/alford-rambaran-llc
CTBBE3NV3V59,JENNIFER LEWIS,www.jandptech.com,https://linkedin.com/company/j&p-technologies
CTDUMPB5U8W8,ALMAJMOUA LIL ISTISHARAT ALTASWEQYAH CO.,,
CTHJJDTKFKN7,SECURITY ENGINEERING OF PENSACOLA INC,https://seceng.com,https://linkedin.com/company/security-engineering-of-pensacola-inc
CTKNA8C4NEB7,"CUSICK ELECTRIC, INC.",www.cusickelectric.com,https://linkedin.com/company/cusick-electric-inc
CTLFD3AVLLZ6,SIMCO ELECTRONICS,https://www.simco.com,https://linkedin.com/company/simco-electronics
CTMDYJGZRAJ6,"DOITNOW, INC.",,
CTPUQ9P4Y9L3,"SCHNABEL ENGINEERING, LLC",https://www.schnabel-eng.com/,https://linkedin.com/company/schnabel-engineering
CTVDM8J2QMQ7,ISEC7 GOVERNMENT SERVICES INC,http://www.isec7-us.com,https://linkedin.com/company/isec7-government-services
CTVXJLJ1QED3,ANDELYN BIOSCIENCES INC,www.andelynbio.com,https://linkedin.com/company/andelyn-biosciences
CTXSC26EDNX6,PETROMONDO LLC,www.petromondo.com,https://linkedin.com/company/petromondo-llc
CTXTJ1MLLGT7,BARTHOLOMEW ROBERTSON,,
CTYDM88CHLP7,"VAUPELL MOLDING & TOOLING, INC.",www.vaupell.com,https://linkedin.com/company/vaupell
CTZZG8M7RPD7,TERRISGPS LIMITED,www.terrisgps.com,
CU11EQG1CTY9,"SKYEPOINT DECISIONS, INC.",http://www.skyepoint.com,https://linkedin.com/company/skyepoint-decisions-inc-
CU1JD4Z8HEE8,"RRMM ARCHITECTS, PROFESSIONAL CORP",https://www.rrmm.com,https://linkedin.com/company/rrmm-architects
CU22PBAEFTL4,FLATIRONS TWO INC.,http://www.gofi2.com,
CU2CF4TVNFF3,AMERICAN BIOMEDICAL GROUP INC,www.abgi.net,https://linkedin.com/company/ace-roofing-inc.
CU9CWLMA6NX5,"RELEASETEAM, INCORPORATED",http://www.releaseteam.com,https://linkedin.com/company/releaseteam
CU9HJPCLX1G5,FN DIGITAL INC,,
CUJ1W7C1DTJ7,TBM PRINCETON PRECISION GROUP LLC,www.tampabaymachining.com,https://linkedin.com/company/tampa-bay-machining-inc
CUK2EEKE2S83,BAE SYSTEMS INFORMATION & ELECTRONIC SYSTEMS INTEGRATION INC,,
CUQBPDVQMHW8,"L3HARRIS TECHNOLOGIES, INC.",WWW.HARRIS.COM,https://linkedin.com/company/harris-corporation
CURWPHLP9PK9,METTLE SOLUTIONS LLC,http://www.mettles.com,https://linkedin.com/company/mettle-solutions
CUTMJUA4FTJ7,SHIMCO NORTH AMERICA INC.,www.shimco.com,https://linkedin.com/company/shimco
CUV4KZ1VZKK5,THE ROYAL VETERINARY COLLEGE,www.rvc.ac.uk,https://linkedin.com/company/royal-veterinary-college
CUX7BNW8J445,ALLIUM US HOLDING LLC,https://accuristech.com/,https://linkedin.com/company/ihs-product-design
CUXYT698LEM5,Z2DATA LLC,www.z2data.com,https://linkedin.com/company/z2data
CUZ7CCRQNMQ1,CARD QUEST INC,,
CV14DKAKFFJ9,"ATHENA TECHNOLOGY GROUP, INC.",http://www.athenatechgrp.com,https://linkedin.com/company/www.athenatechgrp.com
CV1YFPRLVPU1,"A-1 PEST CONTROL, LLC",,
CV2JCNGSF896,INTERFUZE CORPORATION,www.interfuze.com,
CV4ELK9AEJT3,ALPHAPOINTE,http://www.alphapointe.org,https://linkedin.com/company/alphapointe
CV5WC6JRDLK7,UNIVERSITY OF MALAWI COLLEGE OF MEDICINE,,
CV79MR93LZ87,"QMP ENTERPRISES, INC.",https://syracusesupply.com/,https://linkedin.com/company/syracuse-supply
CVC3NGFWAAJ3,"T2S, LLC",http://www.t2s-solutions.com,https://linkedin.com/company/t2s-llc
CVCMCEQUGKJ8,INTERGRAPH CORPORATION,https://hexagonppm.com/,
CVDEN8WDNHY5,SUMMIT FIRE NATIONAL CONSULTING LLC,,
CVE2NCC3GAJ1,"ENVIROCORE, INC",www.envirocore.com,https://linkedin.com/company/envirocore-limited
CVEDWARBRCG5,"ROCKWELL COLLINS, INC.",https://www.collinsaerospace.com/,https://linkedin.com/company/collins-aerospace
CVGJYMK2Z459,MARTELL ELECTRIC LLC,www.martellelectric.com,https://linkedin.com/company/martell-electric-llc
CVJQEE99YZN1,CONTROL SOLUTIONS LLC,http://www.controls.com,https://linkedin.com/company/control-solutions-llc
CVJTFQR1LB55,"NORTHEAST STEEL STRUCTURES, LLC",northeaststeelri.com,
CVK4HL3P5D54,"CASTRO & COMPANY, LLC",https://castroco.com,https://linkedin.com/company/castro-&-company
CVKLFMDNN3B9,GARCIA INFORMATION SYSTEMS CORP,http://www.garciainfosys.com,https://linkedin.com/company/garcia-information-systems-corp-
CVLXDTK7QKC5,NORMAN MACHINE TOOL LTD,www.normanmachinetool.com,https://linkedin.com/company/norman-machine-tool-ltd
CVMNH3JVJH86,"ECONOMIC CONSULTANTS OREGON, LTD.",http://www.econw.com,https://linkedin.com/company/econorthwest
CVNDEE3QTLM9,HELMS POLYFOAM LLC,www.HelmsContractors.com,https://linkedin.com/company/helms-polyfoam
CVQ4BTX87DG5,"WILSON ELECTRONICS, LLC",,
CVQYNAV4FGZ4,"BRL TEST, INC",http://www.brltest.com,https://linkedin.com/company/brl-test-inc.
CVRQSV9S1TM7,"SERENA SOFTWARE, INC.",http://www.serena.com/,https://linkedin.com/company/serena-software
CVS3JHLM3K26,"COMPLETE AUTOMATION CONTROLS, LLC",www.cac-llc.com,https://linkedin.com/company/complete-automation-controls-llc
CVT4FNVSJ7K5,"AIRCRAFT WHEEL AND BRAKE, LLC",http://www.clevelandwheelandbrake.com,https://linkedin.com/company/aircraft-wheel-and-brake
CVT6PBG5LC18,HONEYWELL INTERNATIONAL INC.,,
CVUJD47W54N1,ADROIT TECHNOLOGIES & CLOUD SOLUTIONS INC,,
CVWKN1B78W96,GEOSEARCHES INC,http://www.geosearches.com,https://linkedin.com/company/geosearches-inc
CW15L7CZ9LE6,"E-PAGA, INC.",www.e-paga.com,https://linkedin.com/company/epagainc
CW29LKA3JUD6,COOVER CLARK AND ASSOCIATES INC,http://www.cooverclark.com,https://linkedin.com/company/cooverclark
CW2NK3DAM2L3,MCCAY TOOL AND ENGINEERING COMPANY,www.mccaytool.com,https://linkedin.com/company/mccay-tool-and-engineering-company
CW48SQ7KJX68,"CRAFT MACHINE WORKS, INC.",www.craftmachine.com,https://linkedin.com/company/craft-machine-works
CW52DR9J9DY4,"PWS INTERNATIONAL, INC.",,
CW56JLMNFJF4,"ANALYTIC FOLK, LLC",https://www.analyticfolk.com,https://linkedin.com/company/analyticfolk
CW7QSQ5B1MG8,ARCHER GREY LLC,http://www.archergrey.com,https://linkedin.com/company/archergrey
CWA2FHUX4UQ5,CHEMSTEEL CONSTRUCTION COMPANY,http://www.chemsteel.com,https://linkedin.com/company/chemsteel-construction
CWBBTJLJJM54,"ACCESS COMMUNICATIONS GROUP, LLC",https://www.acglp.com,https://linkedin.com/company/access-communications-group-llc
CWBUYF4LUQX5,VEREN INDUSTRIES LLC,www.verenindustries.com,https://linkedin.com/company/veren-industries-llc
CWDSHEWN7L58,DELAERO INC,www.delaero.com,https://linkedin.com/company/delaero-inc.
CWDSTZNRNXU5,OPEN SAN CONSULTING L.L.C.,www.oscedge.com,https://linkedin.com/company/osc-edge
CWFKQH8S2PY9,"CALVERT MASONRY, INC.",,
CWGDUMKVDUC4,"RED HAT, LLC",http://www.redhat.com,https://linkedin.com/company/red-hat
CWGYMNX9D228,SHANNON & WILSON INC,http://www.shannonwilson.com,https://linkedin.com/company/shannon-&-wilson-inc-
CWHMVCX7K1N6,"FLUOR MARINE PROPULSION, LLC",,
CWKJEXDG79A7,BATTELLE MEMORIAL INSTITUTE,www.pnnl.gov,https://linkedin.com/company/pacific-northwest-national-laboratory
CWKZA3GCT6T5,STANTEC CONSULTING SERVICES INC,,
CWLDWJHLQ3T5,"GOTENNA, INC.",gotenna.com,https://linkedin.com/company/gotenna
CWLLDWT9SAZ6,"IMGC GLOBAL, LLC",www.imgc-global.net,
CWLMSCNJWMG6,"SOUTHEASTERN LAUNDRY EQUIPMENT SALES, LLC",http://www.selaundry.com,https://linkedin.com/company/southeastern-laundry-equipment
CWLNZ4TJCLE4,ANALEX CORPORATION,www.arcfield.com,https://linkedin.com/company/arcfieldco
CWQYY3DGUK99,ANATECH ELECTRONICS INC,http://www.anatechelectronics.com,https://linkedin.com/company/anatechelectronics
CWQZHG3K7LS3,JUSTICE FOR OUR NEIGHBORS NORTH CENTRAL TEXAS,www.jfondfw.org,https://linkedin.com/company/justice-for-our-neighbors-north-central-texas
CWTCAAVQP8M1,"ANTENNA RESEARCH ASSOCIATES, INCORPORATED",http://www.ara-inc.com,https://linkedin.com/company/antenna-research-associates
CX21GM3ZKU33,INTERFET CORPORATION,https://www.interfet.com,https://linkedin.com/company/interfet
CX4BZ4ZQA433,"UNIVERSITY OF CENTRAL FLORIDA RESEARCH FOUNDATION, INC.",https://www.research.ucf.edu/for-researchers/research-foundation/,
CX5HL4NLG2T7,S&L GENERAL TRADING LLC,http://sl-general-trading.com,
CX5NF2LGJHL6,"HALE ENGINEERING & SURVEYING, INC.",,
CX6SHE5NFNG6,INFUSIONPOINTS LLC,https://www.infusionpoints.com,https://linkedin.com/company/infusionpoints
CX77JLC6HNX7,IMMIGRANT LEGAL DEFENSE,https://ild.org/,https://linkedin.com/company/immigrant-legal-defense
CX92PSECJDC5,"YARDE METALS, INC.",http://www.yarde.com,https://linkedin.com/company/yarde-metals
CX9VNTFFPTB8,INTEGRATED ENVIRONMENTAL SOLUTIONS LLC,http://www.intenvsol.com,https://linkedin.com/company/integrated-environmental-solutions-llc-
CXACNDAMWJ19,ST. CLAIR TECHNOLOGIES INC,,
CXCDMBKL4H35,"GRAYBAR ELECTRIC COMPANY, INC.",http://www.graybar.com,https://linkedin.com/company/graybar
CXCYMF7NMDS4,"DCT, INCORPORATED",www.dctincorporated.com,
CXELYLT8SHS8,GLOBAL INFINITY,,
CXFWPDEQ6489,"VALDEZ PAINTING, INCORPORATED",,
CXGHY4QE2LA4,CRAZEWELD LLC,https://www.crazeweld.com,
CXH5P2Q57M66,AKIMA LLC,http://www.akima.com,https://linkedin.com/company/akima
CXHNPD1DMP84,POSIT SOFTWARE PBC,https://www.posit.co,https://linkedin.com/company/posit-software
CXJ3LCNKBXM9,"DDM SYSTEMS, INC.",https://www.ddmsys.com,https://linkedin.com/company/ddm-systems
CXJDAJHMWPL4,SARGENT ENGINEERS INC,http://www.sargentengineers.com,https://linkedin.com/company/sargent-engineers-inc-
CXKNYCU64EN5,NTM ENTERPRISES LLC,,
CXMYR6871X38,"ROCKET EMS, INC.",http://www.rocketems.com/,https://linkedin.com/company/rocket-ems
CXQ7A9JSV3K5,MEASUREMENT SYSTEMS INC,www.escomaritime.com,https://linkedin.com/company/esco-maritime-solutions
CXQ8PUSWWNY3,DSP1CONSULTING LLC,,
CXRSMJ8GRL87,"EUROFINS ENVIRONMENT TESTING NORTH CENTRAL, LLC",,
CXVRG63EUCS5,"MILLENNIUM ENGINEERING AND INTEGRATION SERVICES, LLC",www.astrion.us,https://linkedin.com/company/astrion
CXWFE4XF6BE8,ERELAS LLC,www.erelas.us,
CXZ9PUEZ5SQ7,BLACK & DECKER (U.S.) INC.,,
CY2AQCPM6HS7,CARBONADO DESIGN LLC,https://www.carbonado.design/,https://linkedin.com/company/carbonado-design
CY31CT4EC3E7,CONTINUUM TECH CO.,www.continuumt.com,https://linkedin.com/company/continuum-tech-co
CY3MDBTUW719,"INDYSOFT, INC.",https://www.IndySoft.com,https://linkedin.com/company/indysoft
CY4QFVFF2KW9,HALNON LAND SURVEYING INC,,
CY8NHKM9KM17,DOW-KEY MICROWAVE LLC,https://www.mpgdover.com/en/company/brands/dow_key_microwave.html,
CYA1J82ADW57,ENSIGN-BICKFORD AEROSPACE & DEFENSE CO,https://ebad.com/,https://linkedin.com/company/ensign-bickford-aerospace-&-defense-company
CYANKXUB2UF1,"PREMIER FORGE GROUP, LLC",www.portlandforge.com,https://linkedin.com/company/ati-portland-forge
CYDCYKDNKSL3,SCORE ENERGY PRODUCTS INC,www.scorevalves.com,https://linkedin.com/company/score-valves
CYJ3L6SQANB4,"SPARTON AYDIN, LLC",http://www.aydindisplays.com,https://linkedin.com/company/aydin-displays-inc.
CYJTQSJ2N1L9,"RH LABORATORIES, INC.",http://rh-labs.com,https://linkedin.com/company/rhlaboratories
CYKBGMLUWHH9,"TWO EIGHT TECHNOLOGY SOLUTIONS, INC.",www.twoeighttech.com,https://linkedin.com/company/two-eight-technology-solutions
CYKTERUJKPL7,"BOSCH SECURITY SYSTEMS, LLC",https://www.keenfinity-group.com/us/en/,https://linkedin.com/company/bosch-security-systems
CYLWLLJF1W77,"DIGNITAS TECHNOLOGIES, LLC",http://www.dignitastechnologies.com,
CYM6SHYVXNV1,FRONTGRADE TECHNOLOGIES INC.,www.frontgrade.com,https://linkedin.com/company/frontgrade-technologies
CYPFYXZG6FH5,"TIMBER SWEET CONSULTING, LLC",,
CYQPN6AFJLF9,"SEVEN SERPENTS, LLC",www.sevenserpents.com,https://linkedin.com/company/seven-serpents-llc
CYR3H3CBU9L7,DALE & DALE INC,,
CYT5SDPAV5D5,"KAVANT SOLUTIONS, LLC",,
CYU2FMJ3JM58,MODULAR MANAGEMENT GROUP INC,www.modularmanagementgroup.com,https://linkedin.com/company/modular-management-group-inc
CYVCP8WGR4E9,DYNANET CORPORATION,http://www.dynanetcorp.com,https://linkedin.com/company/dynanet-corporation
CYVFYZKXVA26,"CSL-EDGEWATER, LLC",,
CYWTDNTAMFE5,"LAW OFFICE OF HELEN LAWRENCE, PROFESSIONAL LAW CORPORATION",,
CYX7XBK19BU4,"ANACAPA MICRO PRODUCTS, INC.",http://www.anacapamicro.com,https://linkedin.com/company/anacapa-micro-products-inc-
CYXFKWY727Z1,"AIRCRAFT TECHNICAL DEVELOPMENT, INC.",http://www.aeroconengineering.com,https://linkedin.com/company/aerocon-engineering-co-
CYXRLNTC81G7,BULLETPROOF SOLUTIONS INC.,https://www.bulletproofsi.com,https://linkedin.com/company/bulletproof-a-gli-company
CYYNG6NJUNG8,"EASTWOOD MACHINE, LLC",www.eastwoodmachine.com,https://linkedin.com/company/eastwood-machine
CYZLSK8L64R8,CONSOLIDATED HINGE & MANUFACTURED PRODUCTS INC,http://www.champcompany.com,https://linkedin.com/company/the-champ-company
CZ11GS5EAEF6,HONEYWELL INTERNATIONAL INC,,
CZ3NPCLKBNA2,"TEKLA RESEARCH, INC.",,
CZ43B88GFC18,MBO PARTNERS INC,https://www.mbopartners.com/,https://linkedin.com/company/mbo-partners
CZ4NG3KLLPA1,SARGENT ELECTRIC CO,http://www.sargentelectric.com,https://linkedin.com/company/sargent-electric
CZ5JM7S5NKD8,"ARCWOOD ENVIRONMENTAL, LLC",https://arcwoodenviro.com/,https://linkedin.com/company/arcwoodenvironmental
CZ5SE8RSA6U8,AMIDA SOLUTIONS LLC,https://www.amidasolutions.com/,
CZ7KK4174JN9,APPLIED GLOBAL TECHNOLOGIES LLC,www.appliedglobal.com,https://linkedin.com/company/applied-global-technologies
CZ8WECQ6EZN1,SURE POWER INC,http://www.sure-power.com,https://linkedin.com/company/sure-power-inc-
CZB8H6ELEQ59,SHEEPDOG ENGINEERING & TECHNOLOGY INC.,https://sheepdog.inc,https://linkedin.com/company/sheepdoget
CZBYMALJECF5,"M&C ASSOCIATES, LLC",,
CZD2TMAKQAP6,AYRES ASSOCIATES INC.,,
CZGMRMLZED42,"ABT, INC.",http://www.abt-hsv.com/,https://linkedin.com/company/alpha-beta-technologies-inc
CZH5GQFGVHN6,ABSTRACT EVOLUTIONS LLC,https://www.abstractevolutions.com,https://linkedin.com/company/abstract-evolutions
CZHJH7ETL7D5,GLOBAL ALLIANT INC,www.GlobalAlliantInc.com,https://linkedin.com/company/global-alliant-inc
CZHXMEGH3DJ5,SIMLYTICS.CLOUD LLC,www.simlytics.cloud,
CZJ7EHXH8B89,SANBORN HEAD & ASSOCIATES INC,http://www.sanbornhead.com,https://linkedin.com/company/sanborn-head-&-associates
CZJFM5MQJMT5,GYROS UNLIMITED,www.northbayaviation.com,https://linkedin.com/company/north-bay-aviation
CZKYJKB7H9J7,"VEGAS FASTENER MANUFACTURING, LLC",www.vegasfastener.com,https://linkedin.com/company/vegas-fastener-manufacturing
CZKZBJR6P991,WABASH NATIONAL CORP,http://www.wabashnational.com,
CZLNEJG43RB7,POLESTAR TECHNICAL SERVICES INC,www.polestartechnicalservices.com,https://linkedin.com/company/polestar-technical-services-inc-
CZMADLLU2VB6,HI TECH BUSINESS SYSTEMS INC,https://www.HI-TECHRFID.com,
CZMMDT34XSY5,M A ELLIS LLC,,
CZNFR4BA4JM3,DIRECT MARKETING PRODUCTIONS INC,http://www.eventpower.com,https://linkedin.com/company/eventpower-events
CZQ5NP4TLYJ4,"KLECKA ELECTRIC CO., INC.",,
CZU1N1G9KH36,INTRINSYX TECHNOLOGIES CORPORATION,http://www.intrinsyx.com,https://linkedin.com/company/intrinsyx-technologies-corp
CZUKYEKUGG63,ANTIETAM TECHNOLOGIES INC,http://www.AntietamTechnologies.com,https://linkedin.com/company/antietam-technologies-llc
CZUPT3HPDB19,CASCON INC,http://www.casconpump.com/,https://linkedin.com/company/cascon-inc-
CZXKCRV2DRB8,NORTHBAY CONSULTING SERVICES,,
CZXXY6H4MLY5,"TAYLOR ENGINEERING, INC.",http://www.taylorengineering.com,https://linkedin.com/company/taylor-engineering
CZZNRBJ1HUM4,"SOUTH BAY SAND BLASTING AND TANK CLEANING, INC.",https://www.sbsbtc.com,https://linkedin.com/company/south-bay-sand-blasting-&-tank-cleaning-inc-
D12ZJ5KTN5E8,"VELOCITY RESTORATION, INC",,
D13HBWJH2B21,FREEDOM ATLANTIC INC.,www.freedom-atlantic.com,https://linkedin.com/company/freedomatlantic
D149HU23K5C5,"STS SERVICES, LLC",,
D15BPRLYV5G4,"STATEWIDE GENERAL CONTRACTING & CONSTRUCTION, INC.",SCGGHawaii.com,
D162GGZXW7K6,"BROADBASE ANALYTICS, LLC",www.broadbase.net,https://linkedin.com/company/broadbase-analytics
D175WVB3MTD5,"TECHNOSTAFF, LLC",https://honorvettech.com,https://linkedin.com/company/honorvettech
D17AN2KWNJK3,THE BOEING COMPANY,http://www.boeing.com/,https://linkedin.com/company/boeing
D17PRG1GR4M3,GARRISON FIRE & RESCUE CORP.,www.garrisonfire.com,https://linkedin.com/company/garrison-fire-&-rescue-corp.
D18NKCCM1BF5,"STRATEGIC LOGISTIC DEFENSE SERVICES, LLC",SldServicesllc.com,https://linkedin.com/company/strategic-logistics-and-defense-services-llc
D18QDN8CMMR5,"KING TECHNOLOGIES, INC.",http://www.kingtech.com,https://linkedin.com/company/king-technologies-inc.
D1E8KP6E8BS5,"WULBERN-KOVAL COMPANY, INC.",HTTP://WWW.WULBERN-KOVAL.COM,https://linkedin.com/company/wulbern-koval-company-inc.
D1GTNLJZDXJ4,"CONSTRUCTION TRADES SERVICES, INC.",https://constructiontradeservices.com/,
D1HMJ984VW97,VANGUARD INTERNATIONAL INC,https://www.vanguardii.com,https://linkedin.com/company/vanguard-international-inc.
D1M5CKE4WPJ4,"NETWORK CABLING SERVICES, INC.",http://WWW.NCS-TX.COM,https://linkedin.com/company/ncs-network-cabling-services-inc-
D1MTH1DW5C65,AXIENT LLC,www.astrion.us,https://linkedin.com/company/astrion
D1PMXRCHUKG8,BLUEALLY TECHNOLOGY SOLUTIONS LLC,www.blueally.com,https://linkedin.com/company/blueally
D1Q7BNJBJMH7,TANAGRA ENTERPRISES LLC,,
D1RYZLZ3J1R5,"ALS GROUP USA, CORP.",http://www.alsglobal.com/,https://linkedin.com/company/als
D1SJCJ31T388,"MTX ELECTRONICS, INC.",www.mtxelectronics.com,https://linkedin.com/company/mtx-electronics
D1TJMYVHSPF1,MODUS ADVANCED INC.,MODUSADVANCED.COM,https://linkedin.com/company/modus-advanced
D1UXJLMZAEK1,COHESIVE FLEXIBLE TECHNOLOGIES CORP,http://www.cohesive.net,https://linkedin.com/company/cohesive-networks
D1Y1B2CD8F65,"THE CARPENTER CONSULTING GROUP, INC.",www.carpentermanagementgroup.com,
D217KZB2AR38,"TERMINAL MANUFACTURING CO., LLC",http://www.terminalmanufacturing.com,https://linkedin.com/company/terminal-manufacturing-company-llc
D21ZNGNM3VC5,"XTEC, INCORPORATED",http://www.xtec.com,https://linkedin.com/company/xtec-incorporated
D22AJQB1W748,"OSPREY INITIATIVE, LLC",osprey.world,https://linkedin.com/company/osprey-initiative
D23SYBB7D7P8,"TEXAS DIRTWIRX COMPANY, THE",www.dirtwirx.com,
D24CNTMY1RY8,PUDAR MITIGATION CONSULTING INC,http://www.pudarconsulting.com,https://linkedin.com/company/pudar-mitigation-consulting-inc
D24MRJ55QPC8,"GLOBAL CONSULTING INTERNATIONAL, INCORPORATED",http://www.GCI-USA.com,https://linkedin.com/company/global-consulting-international-
D24PXNBJYAN3,ACNODES CORPORATION,http://www.acnodes.com,https://linkedin.com/company/acnodes-corporation
D25UXJ3L2MB8,R2C LLC,,
D27FSZD2L2U9,THE BOEING COMPANY,http://www.boeing.com/,https://linkedin.com/company/boeing
D29HXG4SUDJ4,BELL TEXTRON INC,,
D29NK2QACMD3,OSEIR OY,,
D2DFL3KAF742,"THE CTS GROUP, LLC",https://www.ctsgroupllc.com,
D2DMHDJ3M4Z8,ATLANTIC SIGNAL LLC,http://www.atlanticsignal.com,https://linkedin.com/company/atlantic-signal
D2FSKN8TUFK7,"OPTIMAX SYSTEMS, INC.",http://www.optimaxsi.com,https://linkedin.com/company/optimax-systems-inc-
D2G8LDTEQDC5,MOHAVE SALES GROUP LLC,,
D2J9BJ9LQ5H5,"CHILD WELFARE LEAGUE OF AMERICA, INC.",,
D2K6EMEAJKG5,"IMAGING SOLUTIONS & SERVICES, INC",http://www.issi-online.com/,https://linkedin.com/company/imaging-solutions-and-services-inc.
D2K8YW94LM95,GENESIS FIBER OPTIC SPLICING INC,http://www.genesisfiberoptics.com,https://linkedin.com/company/genesis-fiber
D2KMDV73NVX5,QLIKTECH INC,http://qlik.com,https://linkedin.com/company/qlik
D2KUZ2RYLJJ6,AMERICAN BAR ASSOCIATION,http://www.americanbar.org,https://linkedin.com/company/american-bar-association
D2LKCEGHS4V7,ABSG CONSULTING INC,http://www.abs-group.com,https://linkedin.com/company/absgroup
D2MQGLNYUHG9,BALL AEROSPACE & TECHNOLOGIES CORP.,http://www.ball.com/aerospace,https://linkedin.com/company/ball
D2NJFKVDRLW3,"DS SERVICES OF AMERICA, INC.",,
D2NQJ172H1F9,"DUNLAP AND ASSOCIATES, INC.",www.dunlapresearch.com,https://linkedin.com/company/dunlap-and-associates-inc.
D2NTCFB7RMJ7,PATIENT PERFORMANCE LLC,,
D2RTGEMJZU36,"SEAL SCIENCE, INC.",http://www.sealscience.com,https://linkedin.com/company/seal-science-inc.
D2RVLN83MLE1,RIDE INC,www.rideincorporated.com,https://linkedin.com/company/ride-inc
D2S2QQKQLW51,HADLAND IMAGING LLC,http://www.hadlandimaging.com,https://linkedin.com/company/hadland-imaging
D2S7AMQYKXG3,CINESYS LLC,https://www.cinesys.io/,https://linkedin.com/company/cinesys
D2WTHY311845,COMPREMIUM AG,https://www.compremium.ch,https://linkedin.com/company/compremium-ag
D2XBAM9UHJY5,TEXTILE MADE INC,,
D326SAUMGXF6,SKF USA INC.,,
D331MWRUQLS8,"RAUL V. BRAVO + ASSOCIATES, INC.",http://www.rvba.com,https://linkedin.com/company/raul-v-bravo-associates-inc
D338VDGUL476,SBC INNOVATIONS LLC,https://sbcinnovations.com/,https://linkedin.com/company/sbcinnovations
D35UJLDNJSM1,"ROCHESTER WELDING COMPANY, INC.",www.rochesterwelding.com,https://linkedin.com/company/rochester-welding-co
D381PGDJL4U8,"BLUEMONT TECHNOLOGY & RESEARCH, INC.",http://www.bluemonttechnology.com/,https://linkedin.com/company/bluemont-technology-&-research-inc
D397W72FLMX8,"BIOSPHERICAL INSTRUMENTS, INC.",http://www.biospherical.com,https://linkedin.com/company/biospherical
D39ZSFL4CEJ5,MUXLOW SURVEYING SERVICES LLC,http://www.MuxlowSurveying.com,https://linkedin.com/company/muxlow-surveying
D3A4JQDUAYJ5,ENVIRO SYSTEMS INC,HTTP://WWW.ENVIRO-OK.COM,https://linkedin.com/company/acethermalsystems
D3BLENYR9KH5,"SENCORPWHITE, INC.",www.sencorpwhite.com,https://linkedin.com/company/sencorpwhite
D3CHT79FKQZ9,"OMEGA KR, INC",www.omega-kr.com,https://linkedin.com/company/omega-kr
D3FHXWMJ5YX6,JD MACHINE CORP,,
D3HQJHLL4QZ4,"H. P. MACHINE AND ENGINEERING, INC.",http://www.hpmachine.com,https://linkedin.com/company/h-p-machine-and-engineering-inc-
D3HTC3G4C1E3,VIAVI SOLUTIONS INC.,www.viavisolutions.com,https://linkedin.com/company/viavi-solutions
D3JLUKUXL7P3,DIGITAL CHECK CORP,www.nextscan.com,https://linkedin.com/company/nextscan-inc.
D3JRGL3G6EE8,"SCIAPS, INC",http://www.sciaps.com,https://linkedin.com/company/sciaps-inc-
D3KWRS9KT7U7,AWC MANUFACTURING LP,,
D3LHU66KBLD5,UNIVERSITY OF NORTH CAROLINA AT CHAPEL HILL,,
D3N5VGJMGQT5,SUPREME GEAR CO.,www.supremegear.com,https://linkedin.com/company/supreme-gear-co.
D3N9LDUZVN58,"STRATEGIC ALLIANCE, INCORPORATED",www.strategicalliance1.com,
D3PUNXDHNDM3,"DIVERSIFIED TRAFFIC PRODUCTS, INC.",http://www.mercuryelectronics.com,https://linkedin.com/company/mercury-electronics
D3QMNLXMQEL7,"LONE STAR EVALUATIONS, INC.",http://www.occ-int.com,https://linkedin.com/company/occucare-international
D3QNS2MR3KJ1,ELK MOUNTAIN TECHNOLOGY LLC,www.elkmountaintech.com,https://linkedin.com/company/elk-mountain-technology
D3QUT46GEX16,MKS INC.,www.mks.com,https://linkedin.com/company/mks-instruments
D3RHJXX5KLE7,ALTURA COMMUNICATION SOLUTIONS LLC,,
D3UBLA4KLTG8,"COMTECH, INC.",https://www.comtechmt.com,https://linkedin.com/company/comtech-audio-theater-security
D3WCYVTPXMN1,EDMUNDSON PHOTOGRAMMETRY CONSULTING LLC,,
D3XAU4Y1KEJ3,MAIN STREET DENTAL INC,,
D3Y5VGLB1ZD5,"HORSEY, BUCKNER & HEFFLER, LIMITED LIABILITY PARTNERSHIP",,
D3Y8LU8SLTQ7,BIENVENIDO PICHARDO,,
D3YXK96AVDL5,TD INTERNATIONAL,,
D3ZHR8T62GC6,SIGHTLINE COMMERCIAL SOLUTIONS LLC,https://www.sightlinecommercial.com,https://linkedin.com/company/sightlinecommercialcolutions
D41YPAY687A3,"VOCATIONAL RESEARCH INSTITUTE, LLC",www.vri.org,https://linkedin.com/company/vocational-research-institute
D42URPPT78C4,"TCI INTERNATIONAL, INC",www.tcibr.com,https://linkedin.com/company/tciinternational
D43BJ1ASLSJ4,LOC PERFORMANCE PRODUCTS LLC,,
D467WHGKBDZ7,MENET AERO LLC,https://menetaero.com,https://linkedin.com/company/menetaero
D48TCNHB1D79,"UNITE PRIVATE NETWORKS, L.L.C.",www.segra.com,https://linkedin.com/company/gosegra
D49TJKBYD6H6,"ALL POINTS INTERIORS, LLC",,
D4DDULN48P17,"D AND J DIESEL, INCORPORATED",,
D4G3YAVCK7F7,"ALVARIA, INC",,
D4GPL59HMHJ4,BAY CITY EQUIPMENT INDUSTRIES INC,http://www.bcew.com,https://linkedin.com/company/bay-city-electric-works
D4GUKNSWQMX9,VERDANCE LLC,www.verdance.co,https://linkedin.com/company/verdance
D4LZKBJHT6Q9,GOWANDA - BTI LLC,,
D4N9ML3MAMK3,PROOFCERT LLC,www.proofcert.com,https://linkedin.com/company/proofcert
D4NXD7489GA9,"TGSUSA, LLC",www.toyota-gib.com,https://linkedin.com/company/toyota-gibraltar-stockholdings-ltd
D4PSEU8MB5E4,CINTAS CORPORATION,,
D4S1PX6XXPF5,SODERN,https://sodern.com/fr,https://linkedin.com/company/sodern
D4WKX9TLQ348,"BLACKWOOD ASSOCIATES, INC.",https://www.blackwood.ai/,
D52KVR8BHCA3,"GRAFTEK IMAGING, INC",www.graftek.com,https://linkedin.com/company/graftek-imaging
D532S19GWHD7,CRISIS RESPONSE CO LLC,www.crc-intl.com,
D537YQ5QNC75,PARIAH CONCEPTS LLC,,
D539X9SGMBL4,SCHROFF INC,https://www.nvent.com/en-us/schroff,https://linkedin.com/company/nvent
D576RXLX8L56,PACIFIC CONTOURS CORPORATION,,
D582PM8UMV33,"ALTEC INDUSTRIES, INC.",www.altec.com,https://linkedin.com/company/altec
D588MKDRLNJ7,K2 PARTNERING SOLUTIONS INC,www.k2partnering.com,https://linkedin.com/company/k2-partnering-solutions
D59PAWL7C3J5,QINETIQ INC.,http://www.us.qinetiq.com,
D59WLB3XLB46,KAIT LLC,,
D59WXFJPFRX3,RESILIENT COGNITIVE SOLUTIONS LLC,http://www.resilientcognitivesolutions.com,https://linkedin.com/company/resilient-cognitive-solutions
D5A5MAKM5JP5,"CIRCUIT SERVICES, LLC",www.fralock.com,https://linkedin.com/company/fralock
D5CCM1PF7WW5,"COMPTECH COMPUTER TECHNOLOGIES, INC",http://www.comptech.com,https://linkedin.com/company/comptech-computer-technologies
D5EMJWKWDNF5,ABSG CONSULTING INC,http://www.abs-group.com,https://linkedin.com/company/absgroup
D5G6Y4PNFGC6,CUMMINS INC,www.cummins.com,https://linkedin.com/company/cummins-inc
D5LJHMUPB2R6,"LMG SYSTEMS INNOVATION, LLC",www.lmgsi.net,
D5MNA74N9BT7,"SCIENCE OF P/CVE LLC, THE",https://thescienceofpcve.org/,https://linkedin.com/company/scienceofpcve
D5NKGWKD1L63,WIRELESS RESEARCH CENTER OF NORTH CAROLINA,,
D5NMJMM5AUK7,SECURE IT SECURITIES CORP.,www.secureitsecurities.com,https://linkedin.com/company/secureitsecurities
D5PKCPNDMCV9,"VECTOR SOLUTIONS, INC.",vectorsolutions.us,https://linkedin.com/company/vectorsolutions3
D5QVFRV56JW8,"MACHINE SPECIALTIES, LLC",www.machspec.com,https://linkedin.com/company/machine-specialties-inc.
D5SUYVH7B1Y7,RASEVIC SNOW SERVICES INC,www.rasevic.com,https://linkedin.com/company/the-rasevic-companies
D5TJTZWJ8L95,GUIDEPOINT SECURITY GOVERNMENT SOLUTIONS LLC,https://www.guidepointsecurity.com/,https://linkedin.com/company/guidepointsec
D5YGBJ26T1A8,"ABM FEDERAL SALES, INC.",http://www.abmfederal.com,https://linkedin.com/company/abm-federal
D618QFC2TEE7,DYNAMIC BUILDING SYSTEMS INC,https://www.dynamicbuildingsystemsinc.com,https://linkedin.com/company/dynamic-building-systems
D61QEW2LJ7W5,"CLARUS CONSULTING, LLC",http://www.clarusconsultingllc.com/,https://linkedin.com/company/clarus-consulting-llc
D622LQVQDNC6,"EDMUND OPTICS, INC",http://www.edmundoptics.com,https://linkedin.com/company/edmund-optics
D62NLTNUM975,"PANOSTAT, LLC",,
D63GKXFPRPZ5,"H & B MECHANICAL, INC.",,
D63QRUCLRHY9,KFORCE INC.,http://www.kforce.com,https://linkedin.com/company/kforce
D64ANJA8SZC3,"SANDVIK MINING AND CONSTRUCTION USA, LLC",,
D64BUJ6HQXK5,"JUNO TECHNOLOGIES, LLC",http://www.junotech.com,
D64SYT4L46S7,CONTINENTAL FLOORING CO,http://www.continentalflooring.com,https://linkedin.com/company/continental-flooring-company
D66GP3YW47E7,UNIVERSAL ROOFING AND CONSTRUCTION INC.,,
D66HW3KCT1T3,"DYLAN MANUFACTURING, INC",http://www.dylanaerospace.com,https://linkedin.com/company/dylan-aerospace
D67RWC5EFTF3,ASTRAL AVIATION LIMITED,,
D67TQ94WV1H5,"LUMITURE, LLC",www.lumiture.com,
D69RTQNNVGP4,GMW ASSOCIATES,http://www.gmw.com,https://linkedin.com/company/gmw-associates
D6BFVBQWLPU9,TECHXIMIUS CORPORATION,www.techximius.com,
D6D3MSTBPZY1,PILGRIMS RISK MANAGEMENT GROUP LIMITED,https://pilgrims-rmg.com/,
D6FMHJLTKA66,"SUMMIT HUMAN CAPITAL, LLC",https://summithumancapital.com/,https://linkedin.com/company/summit-human-capital
D6G8CML6YQP3,"BUCK KREIHS MARINE REPAIR, L.L.C.",http://www.bkco.us,https://linkedin.com/company/buck-kreihs
D6HRHTVCSZ59,"M-80 SYSTEMS, INC.",http://www.m80systems.com,https://linkedin.com/company/m80-systems-inc-
D6JCTEWTMF46,MEDTRONIC INC,www.medtronic.com,https://linkedin.com/company/medtronic
D6K6G48KNB85,METAS SOLUTIONS LLC,http://www.metassolutions.com,https://linkedin.com/company/metas-solutions
D6KHTXMYQZL5,SQUADRON DEFENSE GROUP LLC,,
D6LBJYMSMHP1,BELLA CONTRACTORS LLC,www.bellacontractor.com,https://linkedin.com/company/bella-contractors
D6LUY64E23K5,SYD MED CORP.,,
D6M6P52B4Z55,S & L ENGINEERS LTD,,
D6MTSKS115L9,"HENRY SCHEIN, INC.",http://www.henryschein.com,https://linkedin.com/company/henry-schein
D6WNHJKLW158,"HARDRIC LABORATORIES, INC",http://www.hardric.com,https://linkedin.com/company/hardric-laboratories-inc
D6XCSLLLB757,RAL INVESTMENT CORPORATION,http://www.shoretotaloffice.com,
D6XMAWZLXYX3,PORTER MCGUFFIE INC,www.pm-engr.com,https://linkedin.com/company/porter-mcguffie-inc
D76GUX4AU9B8,STANDARD SHEETMETAL & MECHANICAL INC,,
D7AKMPBLD3Y3,DASCO ENGINEERING CORP,http://www.dascoeng.com,https://linkedin.com/company/dasco-engineering-corporation
D7B1TW9GC5L5,"SASAKI EVOLUTIONARY INTEGRATION SERVICES (SEIS), LLC",http://www.TeamSEIS.com,https://linkedin.com/company/sasaki-evolutionary-integration-services
D7DNAM9US8Y6,"AMERICAN POWER SYSTEMS, INC.",http://www.americanpowerinc.com,https://linkedin.com/company/american-power-systems-inc-
D7EFDCJDFJF1,HDT EXPEDITIONARY SYSTEMS INC,www.hdtglobal.com,https://linkedin.com/company/hdt-global
D7FGDC1L9XJ7,STRAINSERT COMPANY,http://www.strainsert.com,https://linkedin.com/company/strainsert
D7FGJHTABSH8,"LANZEN, INCORPORATED",http://WWW.LANZEN.COM,https://linkedin.com/company/lanzeninc
D7JHPFMYENE3,PERFORMANCE FOOD GROUP INC,,
D7JUVNUNAGM3,"SWISS AUTOMATION, INC.",www.swissautomation.com,https://linkedin.com/company/swiss-automation-inc-
D7KDUZLESNM9,CALIAN CORP.,www.calian.com,https://linkedin.com/company/calian
D7KMDH7UW3H9,U.S. HOSE CORP,https://titeflex.com/,https://linkedin.com/company/titeflex-corporation
D7LJWHXMFCD5,THERMO CIDTEC INC,http://www.thermofisher.com/cidtec,https://linkedin.com/company/thermo-fisher-scientific
D7MJGX1FRJR6,AMD INTERNATIONAL TECHNOLOGIES LLC,,
D7MWCT6JFG49,BRADSHAW ENGINEERING AND TECHNICAL SERVICES LLC,www.betsllc.com,https://linkedin.com/company/bradshaw-engineering-and-technical-services-llc
D7P1W3ECVE18,TRAEFIK LABS INC,https://traefik.io,https://linkedin.com/company/traefik
D7RKN2U8Z1M3,"RELIANT EMC, LLC.",www.reliantemc.com,
D7SPS3724LQ8,SMD CORPORATION,www.smdcorp.com,
D7SRYQVNKMV3,ITA INTERNATIONAL LLC,www.ita-intl.com,https://linkedin.com/company/ita-international
D7Y1ATSRCM48,CROSSFLOW TECHNOLOGIES INC,https://crossflowtechnologies.com/,https://linkedin.com/company/crossflow-technologies
D814K85LFRU5,"A3 COMMUNICATIONS, INC.",http://www.a3communications.com,https://linkedin.com/company/a3-communications
D817VASJQHL3,JOBS INC.,,
D82NUFL39FE3,"AVIAN, LLC",http://www.avian.com,https://linkedin.com/company/avian-inc
D83QGGAP88Z7,MEDIAFORCE LLC,http://www.mediaforcellc.com,https://linkedin.com/company/mediaforce-llc
D84BXJ3MRC87,"SPECTRO ANALYTICAL INSTRUMENTS, INC.",https://www.spectro.com,https://linkedin.com/company/spectro-analytical-instruments-gmbh
D84JK2RNL7V4,"GOVCIO, LLC",http://www.govcio.com,https://linkedin.com/company/governmentcio
D887KVG6PLC4,NETACQUIRE CORP,http://www.netacquire.com,https://linkedin.com/company/netacquire-corporation
D89QTCNW1SM7,GRAY TIER TECHNOLOGIES LLC,www.graytier.com,https://linkedin.com/company/graytier
D8BGA63MEWB7,"ASC GP, INC.",http://www.ascgroup.com,https://linkedin.com/company/asc-group
D8BTM7AWGGQ5,EL PASO FLUID SYSTEMS TECHNOLOGIES CORP,,
D8C5DQUUDJS1,"COMMSTRUCTURES, INC.",http://www.commstructures.com,https://linkedin.com/company/commstructures-inc-
D8FDFW67RK59,"B. C. MACDONALD & COMPANY, LLC",http://www.bcmac.com,https://linkedin.com/company/b-c-macdonald-co
D8GFJXYXASJ7,"HOOPES FIRE PREVENTION, INC.",http://www.hoopesfp.com,https://linkedin.com/company/hoopes-fire-prevention-inc
D8GGABPNXDJ9,"JET FUEL SPECIALISTS, LLC",https://jfs.us,https://linkedin.com/company/jet-fuel-specialists
D8HJPMFFSGS3,PARKER-HANNIFIN CORPORATION,http://www.parker.com,https://linkedin.com/company/parker-hannifin
D8HXPTE2KJ35,MID-SOUTH MECHANICAL INC,,
D8KYW3PCX3Y5,PROSCAPE LLC,,
D8LDZVAZU3H9,TACTAIR FLUID CONTROLS INC,www.tactair.com,https://linkedin.com/company/yftactair
D8MBQLG2PCH3,"INNOVATIVE TRANSDUCER IMPLEMENTATION, LLC",https://www.itisystems.com,https://linkedin.com/company/itisystems
D8MJGF8W9KC4,NAJMAT AL WAFAA COMPANY,,
D8SJKN5N4TR3,NATIONAL DISASTER RECOVERY TECHNICAL ASSISTANCE CONSULTANTS INC.,,
D8TRVURDRBS3,"EUROFINS ENVIRONMENT TESTING SOUTHWEST, LLC",www.EurofinsUS.com/Env,
D8UANMMVQDJ8,RE/SPEC INC.,http://www.respec.com,https://linkedin.com/company/respec
D8WPNBKXRHB4,"KING & GEORGE, LLC",http://www.kinggeorge.us,https://linkedin.com/company/king-george-llc
D8X4ZWMKPLJ7,E-INFOSOL LLC,http://www.e-infosol.com,https://linkedin.com/company/e-infosol-llc
D91JMBHLZAB7,TITANUS TECHNOLOGIES LLC,http://www.titancomputers.com/,https://linkedin.com/company/titan-workstation-computers
D93LVGCEMM11,PORTER W. YETT CO,http://www.porteryett.com,https://linkedin.com/company/porterwyett
D95BLY4HHN17,"W. W. GAY MECHANICAL CONTRACTOR OF GAINESVILLE, INC.",,
D95VRF6RLLA1,"CENTERPOINTE AEROSPACE, INC.",www.5state.com,https://linkedin.com/company/5-state-helicopters-inc
D975PL76FFK7,"SLALOM, INC.",www.slalom.com,https://linkedin.com/company/slalom-consulting
D97FDF6L1F57,KOTTER VAL & SONS INC,http://www.valkotterandsons.com/,https://linkedin.com/company/val-kotter-&-sons-inc
D97NNKN5BDS5,"CHUGACH INFORMATION TECHNOLOGY, INC.",www.chugachgov.com,https://linkedin.com/company/chugachgov
D996GRCVMKN7,"GREGORY PLEASANTS LAW, APC",,
D99JMB845P75,"AYON CYBERSECURITY, INC.",https://www.videodisplay.com,https://linkedin.com/company/video-display-corporation
D9AZM8WTK297,"BATTERY SPECIALTIES, INC.",https://batteryspecialties.com/,https://linkedin.com/company/battery-specialties
D9DLLD61RUN7,"ALBUQUERQUE INK, LLC",diverseofficesupply.com,
D9EVNTKKWLF3,CHROMOLOGIC LLC,,
D9GGNB6TEKM1,WRIGHT CONSULTING LIMITED LIABILITY CO,,
D9HSQNMJYGN3,DIMENSIONAL CONTROL SYSTEMS INC,,
D9JAPW6NKQD6,EXCELERATE SYSTEMS LLC,http://www.exceleratesystems.com,https://linkedin.com/company/excelerate-systems
D9K5CN2KJ5K1,EMSYSTEMS LLC,https://www.juvare.com,https://linkedin.com/company/juvare
D9KPSNLHD9J5,COASTAL CAROLINA UNIVERSITY,https://www.coastal.edu,https://linkedin.com/company/coastal-carolina-university
D9LCAK3424U7,GLOBID INC,www.globid.com,
D9N4ZL2QSLJ5,"REYNOLDS FENCE & GUARDRAIL, INC.",www.reynoldsfenceandguardrail.com,https://linkedin.com/company/reynolds-fence-&-guardrail
D9P7CUAJBG55,"CPI ELECTRON DEVICE BUSINESS, INC.",https://www.cpi-edb.com/,
D9RCJ7A3A8Y3,COLORADO ENGINEERING INC.,www.coloradoengineering.com,https://linkedin.com/company/caesate
D9SMDKRKFTK9,JEROME GACHETT,,
D9U9D258WPP7,"ALUMA TOWER COMPANY, INC.",http://www.alumatower.com,https://linkedin.com/company/alumatowercompany
D9WFT47JSHD7,PARSONS GOVERNMENT SERVICES INC,www.parsons.com,https://linkedin.com/company/parsons
D9XTM3ZJ7LQ6,"PRECISION MACHINED PRODUCTS, LLC",www.pmpmach.com,https://linkedin.com/company/precisionmachinedproducts
DA1PDLWQ7BH4,BEAST CODE LLC,www.beast-code.com,https://linkedin.com/company/beast-code
DA2QML3E4CK4,KIRSH MANUFACTURING INC,www.kirshmanufacturing.com,https://linkedin.com/company/kirsh-manufacturing-inc
DA3PFGL3NA73,"ASTON CARTER, INC.",www.astoncarter.com,https://linkedin.com/company/aston-carter
DA4CZGUNZMG9,"DHARA CONSULTING GROUP, INC",www.dhara-it.com,https://linkedin.com/company/dhara-consulting-group-inc.
DA5GG5F72B33,"KNOWLEDGE VORTEX, INC.",http://www.kvortex.com,https://linkedin.com/company/kvortex
DA5WRY6NDDH4,"GLOBAL ENGINEERING & MANAGEMENT SERVICES (GEMS), INC.",http://www.GEMS-INC.COM,https://linkedin.com/company/global-engineering-&-management-services-gems-inc-
DA6VM4CX3AR4,"PROTEM USA, LIMITED LIABILITY CO",www.protemusa.com,https://linkedin.com/company/protem-usa-llc
DA71PM1JFL51,"EDGEWATER FEDERAL SOLUTIONS, INC.",http://www.EdgewaterIT.com,https://linkedin.com/company/edgewater-federal-solutions-inc-
DA9MR1TS7AZ9,US21 INC,http://www.us21.com,https://linkedin.com/company/us21
DAB9XYRFK3E6,AQUATEC ENVIRONMENTAL INC,,
DAEZT4B8HMU4,ABC DRIVING SCHOOL,,
DAF3DGKDD1V3,"COMTECH SATELLITE NETWORK TECHNOLOGIES, INC.",www.comtech.com,https://linkedin.com/company/comtech-telecommunications-corp
DAHXF1EJN4E5,"J-MACK TECHNOLOGIES, LLC",www.j-mack.com,https://linkedin.com/company/j-mack-technologies
DAJ7JAQBBFG3,"WULCO, INC.",,
DAJAN21G8AB5,"INFOR (US), LLC",http://www.infor.com,https://linkedin.com/company/infor
DAMEYGPU2AG6,"TITAN INTERNATIONAL, INC.",www.titanintl.com,https://linkedin.com/company/titan-international-inc
DAP1VSVBAHG9,MINA BELADI,https://www.spwindustrial.com/,https://linkedin.com/company/spw-industrial
DAR5NMQQMY53,RED-D-ARC INC,www.airgas.com,https://linkedin.com/company/airgas
DASHAL9RHGH8,"CEXEC, INC.",http://www.cexec.com,https://linkedin.com/company/cexec-inc.
DASVNBV9J291,FRANZ INC,www.franz.com,https://linkedin.com/company/franz-inc
DAVWMR1M4VP1,LEVRON ENGINEERING SERVICES LLC,,
DAXCN3DL67F6,SELIGSON HOPE A,,
DAY7Z8ZD48Q3,UNIVERSITY OF MONTANA,https://www.umt.edu/,https://linkedin.com/company/the-university-of-montana
DB1UQK5VD9L3,"SEDGWICK CLAIMS MANAGEMENT SERVICES, INC.",www.sedgwick.com,https://linkedin.com/company/sedgwick
DB2SBVLBN6V5,SAN JACINTO COMMUNITY COLLEGE DISTRICT,www.sanjac.edu,https://linkedin.com/company/san-jacinto-college
DB33FU6GGYE7,BLACK KNIGHT ENTERPRISES LLC,www.hubbsmetrology.com,
DB37NYYU3K95,OVERWATCH SYSTEMS LTD,http://www.textronsystems.com,
DB3NAULV43F9,CLAYTON ASSOCIATES INC,http://www.jclayton.com,
DB4LKQFD5C31,"GEOCONTROL SYSTEMS, INC.",http://www.geocontrol.com,https://linkedin.com/company/geocontrol-systems
DB5KG7LNVJM6,ALTAGROVE LLC,www.altagrove.com,https://linkedin.com/company/altagrove
DBBLH7BZFYW5,"ADVANCED ENVIRONMENTAL LABORATORIES, INC.",http://www.aellab.com,https://linkedin.com/company/advanced-environmental-laboratories-inc-
DBCHTZVQL9K9,IPECO INC,http://www.ipeco.com,https://linkedin.com/company/ipeco
DBD6KDKXWN65,"ENVIRONMENTAL QUALITY MANAGEMENT, INC",http://www.eqm.com,https://linkedin.com/company/environmental-quality-management-inc.
DBD7N5FRXAF3,CROSS TECHNOLOGIES INC,http://www.crosstechnologies.com,
DBDCTEW5FW61,"PRESTIGE SALES COMPANY, INC.",,
DBDHPMR49G16,HOPLITE TECH LLC,,
DBETGL9QKYH3,"WEATHERHAVEN RESOURCES, INC.",http://www.weatherhaven.com,https://linkedin.com/company/weatherhaven
DBFLV1FAFNK8,JOVIAN SOFTWARE CONSULTING LLC,https://www.joviansc.com,https://linkedin.com/company/jovian-software-consulting-llc
DBGKHSWHDHY8,WIRECO WORLDGROUP INC.,www.wireco.com,
DBGMPJEBKR64,NOBLE TOOL CORP,,
DBGQDPNY8833,"MCLOUD TECHNOLOGY, LLC",www.mcloudtechnology.com,https://linkedin.com/company/mcloud-technology
DBH1N41L5TU8,"CREEK COUNTY CONSULTING, LLC",,
DBKBT55RWPG9,PRINTABLES CORPORATION,https://printable.promo,https://linkedin.com/company/printable-promotions
DBLVX12RKVM5,"DIVERSIFIED TECHNICAL SYSTEMS, INC.",dtsweb.com,https://linkedin.com/company/diversified-technical-systems-inc.
DBMJYUUWY796,"KANTOLA TRAINING SOLUTIONS, LLC",http://www.kantola.com,https://linkedin.com/company/kantola-training-solutions
DBPUDGVKPKN4,MASSEY JOE DMD,,
DBQGN324ULK3,"W.W. GRAINGER, INC.",http://www.grainger.com,https://linkedin.com/company/w.w.-grainger
DBQJWRLJVUB4,"COLAMCO, INC.",http://www.colamco.com,https://linkedin.com/company/colamco-inc.
DBSSK7C4KML9,"AV-WORX, LLC",www.av-worx.com,https://linkedin.com/company/av-worx
DBUKWXAH4RF8,WOODSIDE QUALITY LLC,http://www.woodsidequality.com/,https://linkedin.com/company/woodside-quality-llc
DBWMKSJ3XBC9,JOHNSON CONTROLS FIRE PROTECTION LP,,
DBXFMY56RK33,"ZAPATA TECHNOLOGY, INC.",http://www.zapatatechnology.com,https://linkedin.com/company/zapatatechnology
DBYMX4UGAPN3,NETMAKER COMMUNICATIONS LLC,https://www.ucnetmaker.net,https://linkedin.com/company/netmaker-communications-llc
DBZSCEWCMZA5,MIND MOVES LLC,https://mindmoves.co/,https://linkedin.com/company/mindmovesllc
DC15TJLFKFN4,AWARE INC,http://www.merceraware.org,https://linkedin.com/company/aware-inc-of-mercer-county
DC1FLLCKZC73,GULF SUPPLIES & COMMERCIAL SERVICES CO.,http://www.gscsgulf.com,https://linkedin.com/company/gulf-supplies-&-commerical-services
DC2JUKFHNLN3,TRU SIMULATION + TRAINING INC,www.trusimulation.com,https://linkedin.com/company/tru-simulation-training
DC3MMCH6CJF3,BOGUE MACHINE CO INC,http://www.boguemachine.com,https://linkedin.com/company/bogue-machine-co-inc
DC42ZB6MCCD5,"SECURE GOVERNMENT TECHNOLOGIES, LLC",securegovtech.com,https://linkedin.com/company/secure-government-technologies-llc
DC5BVEF3DE96,PRECISE TOOL & MANUFACTURING INC,www.precisetool.com,https://linkedin.com/company/precisetoolmanufacturing
DC64HT4F2SD9,"QUEST DIAGNOSTICS CLINICAL LABORATORIES, INC.",,
DC8QC93LFF15,OBJECT SOURCE INC,https://objectsourceinc.com/,https://linkedin.com/company/objectsourceinc
DC8ZNTAB4AE7,"VANTAGE ROBOTICS, INC.",www.vantagerobotics.com,https://linkedin.com/company/vantage-robotics
DC9UXK381JR5,SRC INC,www.srcinc.com,https://linkedin.com/company/srcdefense
DCBJZ7CGV7Q1,AVENGER AEROSPACE SOLUTIONS INC,www.avengeraerospace.com,https://linkedin.com/company/avenger-aerospace-solutions-inc-
DCCLYAA4QYD5,NORTHWEST HYDRAULIC CONSULTANTS INC,www.nhcwater.com,
DCCUGA3QXCY5,"RIESBECK CONTRACTING, INC",,
DCCXDMLATCG4,"MELTON ELECTRIC, INC",www.meltonelectric.com,https://linkedin.com/company/melton-electric
DCFBRS7XD863,"SAFRAN HELICOPTER ENGINES USA, INC",,
DCGSZMMAQJX4,BLUE SKY INNOVATORS INC.,www.blueskyinnovators.com,https://linkedin.com/company/blue-sky-innovators-inc
DCH8SKX45JP6,SKYLAND CYBER LLC,www.skyland.systems,https://linkedin.com/company/skyland-systems
DCHJXF73KL45,COMPUTER SUPPORT SYSTEMS LLC,,
DCHLRMYBCLD6,FLORIDA SEAL & RUBBER LLC,www.flaseal.com,https://linkedin.com/company/floridaseal
DCJ1CKMGEXU1,STONEWATER LLC,,
DCJZCVNNMKW4,"ROBERT D. NIEHAUS, INC.",http://www.rdniehaus.com/,https://linkedin.com/company/rdn-inc-
DCKMWZ6G6Y55,BELLA INFORMATION SYSTEMS LLC,www.bella-is.com,https://linkedin.com/company/bellais
DCLBBDW5FDH8,INFRARED LABORATORIES INC,www.irlabs.com,https://linkedin.com/company/irlabs-az
DCMYKAPGLNP5,"IMMUNETHEP, S.A.",,
DCNEY5CPJ425,PRITCHARD INDUSTRIES LLC,,
DCNPXKB42NU1,INSULATION SOURCES INC,http://www.icorally.com,https://linkedin.com/company/ico-rally
DCNYSJXG7MW9,"HUNTER STRATEGY, LLC",http://www.hunterstrategy.net,https://linkedin.com/company/hunterstrategy
DCQWGEK5XGU1,"TELEDYNE LECROY, INC.",http://www.teledynelecroy.com/,https://linkedin.com/company/teledyne-lecroy
DCT5EZ37RTF5,YORK ELECTRO MECHANICAL CORP,,
DCWDNAY2HZV7,VILLAGE OF ROSEMONT,,
DCYJEYKZNYX5,ATAC,www.atac.com,https://linkedin.com/company/atac
DCZ6MNTPBVH4,FELDMAN BROTHERS ELECTRICAL SUPPLY CO,,
DD1BCRF2QQG8,KIPPER TOOL COMPANY,http://www.kippertool.com,https://linkedin.com/company/kipper-tool
DD1BYN8SN355,"CHARLES RIVER ANALYTICS, INC.",http://www.cra.com,https://linkedin.com/company/charles-river-analytics
DD2NLR426DN5,COLLINS OVERHEAD DOOR INC,http://www.collinsoverheaddoor.com,
DD2QET4D27T3,"SIERRA NEVADA COMPANY, LLC",www.sncorp.com,https://linkedin.com/company/sierra-nevada-corporation
DD3NWTRKJEM4,"FORGELINE SOLUTIONS, INC.",https://www.forgelinesolutions.com/,https://linkedin.com/company/forgelinefieldwear
DD6KDYMS11M6,MALANAI LLC,,
DD7GALEY4FU9,"DIAMOND SYSTEMS, LLC",www.DiamondSci.com,https://linkedin.com/company/diamond-systems-llc
DD7KTEMDG6A5,"CORVID TECHNOLOGIES, LLC",www.corvidtec.com/,https://linkedin.com/company/corvid-technologies
DD7UNQVTKEM6,KTU&A,www.ktua.com,https://linkedin.com/company/ktu-a
DD88RCCYEZN1,TRILLIUM US INC.,http://www.trilliumus.com,https://linkedin.com/company/trillium-us-inc-
DD8MAGJ9Z3M1,ARES TECHNICAL SERVICES CORPORATION,www.arescorporation.com,https://linkedin.com/company/ares-corporation
DD8NLBBQM119,OILMENS TRUCK TANKS INC,http://www.trucktanks.com,https://linkedin.com/company/oilmen's-truck-tanks-inc.
DDC7D7SEU217,BEARSE MANUFACTURING CO,http://www.bearseusa.com,https://linkedin.com/company/bearse-usa
DDC7Y9ECE6H3,CLANCYJG INTERNATIONAL,https://clancyjg.com/,https://linkedin.com/company/clancyjg-international
DDCYK2Y3J3K1,"RETROAIM, LLC",Retroaim.com,https://linkedin.com/company/retroaim-llc
DDDKWFAWMK54,GRUPO RAF DE GUATEMALA S.A.,,
DDDPACHP8694,LA JOLLA LOGIC LLC,www.auria.space,https://linkedin.com/company/auriaspace
DDEHCE9C19T3,KYOCERA INTERNATIONAL INC,,
DDEYC6TNG5N6,IMPERIAL WELD RING CORP. INC.,http://www.imperialweldringcorp.com/,
DDFKT8GMTBW6,ALLIED TECHNOLOGY PARTNERS LLC,,
DDFNDNZ4GE23,"ATMOSPHERE COMMERCIAL INTERIORS, LLC.",http://www.atmosphereci.com,https://linkedin.com/company/atmosphereci
DDFNTY13J939,"REYNOLDS SYSTEMS, INC",,
DDG7TNTEKLJ5,"DOWL, LLC",http://www.dowl.com,https://linkedin.com/company/dowl
DDGKNR2UKCG2,MOTION DYNAMICS CORPORATION,http://www.motiondc.com,https://linkedin.com/company/motion-dynamics-corporation
DDKNNXU7BYW4,"EARTHDAILY FEDERAL, INC.",www.earthdailyfederal.com,https://linkedin.com/company/earthdaily-federal
DDLSADSWN7U7,LN CURTIS & SONS,http://www.lncurtis.com,https://linkedin.com/company/l.n.-curtis-&-sons
DDLZMLU2JWC7,THE CARPENTER GROUP,http://www.thecarpentergroup.com/index.html,https://linkedin.com/company/the-carpenter-group-inc.
DDLZQKLG9K36,"P3I, INCORPORATED",https://www.p3i-inc.com,https://linkedin.com/company/p3i
DDMVZ2C2XLJ3,MAXTEK COMPONENTS CORPORATION,https://www.tek.com/en/services/component-solutions,https://linkedin.com/company/tektronix
DDMXHVZPHZ25,ADAMS JOHN C,adamstelecomm.com,
DDN8JJZ8PD69,MD FRANKS LLC,https://www.mdfranksllc.com,
DDNWM9PHAQ75,MULTAX LLC,https://pursuitaero.com/,https://linkedin.com/company/pursuit-aerospace
DDRSYJWDDM26,"HUMAN ACTIVE TECHNOLOGY, LLC",www.hatcollective.com,https://linkedin.com/company/hat-collective
DDV1PJUEK2X9,XPLOSAFE LLC,https://www.xplosafe.com,https://linkedin.com/company/xplosafe-llc.
DDV3VK64D2G1,JESSE ENGINEERING COMPANY,www.jesse-co.com,https://linkedin.com/company/jesse-engineering
DDW9MFPEUA23,"ONTERRIS AIR QUALITY SERVICES, LLC",,
DDWWD3B1JMR6,SCHLOSSER FORGE COMPANY,www.howmet.com,https://linkedin.com/company/howmet-aerospace
DDZBATVHBGM6,AIR-VAC SYSTEMS LLC,,
DDZMV5L8TYA7,AXIAS NY LLC,www.axiasinc.com,https://linkedin.com/company/axiasinc
DE24JN4Y4126,LYNX SUPPORT SPECIALIST INC,www.lynxsupport.net,https://linkedin.com/company/lynx-support-specialist
DE3LJUGN6EY5,SOPHRON NETWORKS LLC,https://www.sophron.io,https://linkedin.com/company/sophron-networks-llc
DE6JUSBCK1K5,"REDWIRE SPACE SENSORS, INC.",http://www.rdw.com,
DE7NWDNZ1FG5,"CIGNUS CONSULTING, LLC",https://cignus.aero,https://linkedin.com/company/cignus-consulting-llc-
DE9JM6NXYJG5,"PNC, INC.",www.pnconline.com,https://linkedin.com/company/pnc-inc-
DEA2HAH83J54,SEAVENTURES INC,,
DECTNHMH5TR5,CAPITOL BUILDING SUPPLY INC,https://cbsi.net/,https://linkedin.com/company/capitol-building-supply-inc
DEERG1RGLPL1,"GREAT WESTERN SPECIALITY SYSTEMS, INC.",www.gwssinc.com,https://linkedin.com/company/great-western-specialty-systs
DEGDRGZ32898,"STRICTLY TECHNOLOGY, LLC",www.strictlytech.com,https://linkedin.com/company/strictly-technology-llc
DEL5RN8BYB36,TRI-STAR TECHNOLOGIES INC,HTTP://WWW.TRI-STAR-TECHNOLOGIES.COM,https://linkedin.com/company/tri-star-technologies-inc
DELBYMFVLLF8,DSS+ TRANSPORTATION LLC,,
DELFURF6QSM5,ADAMO CONSTRUCTION INC,https://www.AdamoSecurity.com,https://linkedin.com/company/adamosecurity
DEMMRP96MJF3,DISK-O-TAPE INC,http://www.disk-o-tape.com,https://linkedin.com/company/disk-o-tape-inc-
DEMYKXXHLNT7,"MORRIS SOUTH, LLC",,
DENBPPDE8YD5,GTC MACHINING LLC,https://gtcmachining.com/,https://linkedin.com/company/gtcmachining
DEPSGMBG33N9,STRATIAS LLC,www.stratias.com,https://linkedin.com/company/stratias-llc
DEU8LBJ9E726,"TDI TECHNOLOGIES, INC.",http://www.tditechnologies.com,https://linkedin.com/company/tditechnologies
DEYEW41VNDR7,"METALS TECHNOLOGY, INC.",https://metalstech.com/,
DF1HR8L5BDB4,G. C. MICRO CORPORATION,https://www.gcmicro.com,https://linkedin.com/company/gc-micro-corporation
DF1KQAHDDYT3,IMPORTADORA Y EXPORTADORA MARTIN SOCIEDAD ANONIMA,https://martinexsa.com,https://linkedin.com/company/martinexsa
DF1YC9ABD9U1,"WATSON SITE DEVELOPMENT, INC.",,
DF36PSMLQQD7,"7E VENTURES, LLC",,
DF4JFQJXRGT5,ARCTIC TRUCKS POLAR EHF.,,
DF9NE4X4H2N6,"LINTECH MOTION CONTROL, INC",http://www.lintechmotion.com,https://linkedin.com/company/lintech
DFB2TDLGDMT4,"AUTOMATED LOGIC CONTRACTING SERVICES, INC.",http://www.automatedlogic.com,https://linkedin.com/company/automated-logic-corporation
DFB6MVL5KFA5,"SAVID, LLC",http://www.savidllc.com,https://linkedin.com/company/savid
DFDEV5KNPC35,ZSCALER INC,www.zscaler.com,https://linkedin.com/company/zscaler
DFH4YBBMYMU8,"EARTH RESOURCES TECHNOLOGY, LLC",https://www.ert.space,
DFHQVJJLNE86,MULTICUT A/S,http://www.multicut-global.com/,https://linkedin.com/company/multicut-a-s
DFHSFBBBL891,TERMA INC.,https://www.terma.com,https://linkedin.com/company/terma-a-s
DFJCLXGEJJU6,ACS AIR CHARTER (PROPRIETARY) LIMITED,,
DFJJN9A164P5,"PURE STORAGE, INC.",www.purestorage.com,https://linkedin.com/company/purestorage
DFJLCBY8X244,"PROFESSIONAL BUSINESS SYSTEMS, INC.",http://www.technoprov.com,https://linkedin.com/company/technology-providers-inc
DFKRNVJNNKW1,"JOSEPH A. BELLAFIORE, D.D.S., P.A.",,
DFLDAUBMHMV4,"ADVANCED INTEGRATION, LLC",http://www.advint.com,https://linkedin.com/company/advint-llc
DFN7ANJEJM91,STEELCLOUD LLC,https://www.steelcloud.com/,https://linkedin.com/company/steelcloud
DFQMCMVY89A3,"BUSINESS TRANSFORMATION INSTITUTE, INC.",http://www.biztransform.net,https://linkedin.com/company/business-transformation-institute-inc
DFRSGEGKD6M6,DELAWARE TECHNICAL & COMMUNITY COLLEGE,,
DFU8PMVGMJ43,ATRUCE LLC,www.atruce.com,https://linkedin.com/company/atruce
DFU8TJPARHS7,JC MUSTARD ENGINEERING INC,www.easternmachine.com,https://linkedin.com/company/eastern-machine-&-hydraulic
DFVJNBYNM8U1,RIGHTSTAR INC,http://www.rightstar.com,https://linkedin.com/company/rightstar-systems
DFX7QHM1EVR9,STRATEGIC SERVICES RESTON INC,http://www.strategic-services.com,https://linkedin.com/company/strategic-services-reston-inc
DFZCNTYLJ5W5,PROCTORU INC,http://www.proctoru.com,https://linkedin.com/company/proctoru
DG13WK1FGMB5,"LEMASTERS GROUP CONSULTING & SERVICES, LLC",www.lemastersgroup.com,
DG31H84ZU545,"DOCON, INC.",www.gousis.com,
DG3MR75VETM9,"ADVANCED ASSEMBLY, LLC",http://www.aapcb.com,https://linkedin.com/company/aapcb
DG5QBLL6M5M1,"SYSTEMS TECH, INC.",,
DG87J5EZLC94,OWL CYBER DEFENSE SOLUTIONS LLC,https://owlcyberdefense.com/,https://linkedin.com/company/owlcyberdefense
DGB4YJSKHM25,EXOANALYTIC SOLUTIONS INC,http://www.exoanalytic.com,https://linkedin.com/company/exoanalytic-solutions
DGCEDRCN7254,FERGUSON DIGITAL SOLUTIONS INC.,https://www.fergdigital.com,https://linkedin.com/company/ferguson-digital-solutions-people-and-culture
DGCUHMHWMLU5,MASAR AL-TAMKEEN FOR OIL AND DIESEL SERVICES LTD. CO.,http://hawax-corp.com/,https://linkedin.com/company/hawax-corp.
DGHFWCN2DDS3,MCENROE VOICE & DATA CORPORATION,http://www.mcenroevoice.com,https://linkedin.com/company/mcenroe-voice-and-data
DGJ3BP6FKLJ9,FASTENING SYSTEMS INTERNATIONAL,http://www.fsirivet.com,
DGJGHNSM7PG7,E LABS INC,http://www.e-labsinc.com,https://linkedin.com/company/e-labs-inc
DGJPCQNPKTB4,"WINDWARD ENTERPRISES, LLC",,
DGK7B98L1MR3,AKIMA LOGISTICS SERVICES LLC,,
DGK8TWVHLBW4,"WOOLPERT HOLDINGS, INC.",,
DGKMBDTT3J17,ALL AMERICAN FLOORS INC,https://allamericanfloors.us,
DGKUPBTTMDA3,"CUSTOM DRYWALL, INC.",,
DGKZJ51PGZ63,"FLEET SUPPORT SERVICES, INC.",,
DGL8LM6ZMEP3,MAGNET FORENSICS USA INC,www.magnetforensics.com,https://linkedin.com/company/magnet-forensics
DGLKVSFEXKF3,ARROWPOINT ENGINEERING LLC,,
DGLSZFCM8TS8,"APTIM GOVERNMENT SOLUTIONS, LLC",www.aptim.com,https://linkedin.com/company/aptimglobal
DGN6ES1QYEL7,COUPA SOFTWARE INCORPORATED,http://www.coupa.com,https://linkedin.com/company/coupa-software
DGNNYMRH36V1,"HYDROVAC EXCAVATING, INC.",,
DGNVS7ZYSXT5,"THE WYNSTONE GROUP, INC.",,
DGUFKCDNF865,VODANET SYSTEMS LIMITED LIABILITY COMPANY,,
DGXUKAFKMKQ8,NECAISE LOCK SUPPLY INC,,
DGZCBENA7XE8,"PINNACLE SYSTEMS, LLC",www.thepinnaclegroup.com,https://linkedin.com/company/the-pinnacle-group-companies
DH25YVAC1KD4,AVN CORPORATION,https://avncorp.com/,https://linkedin.com/company/matric
DH3LFS1ELS76,"NTREPID, LLC",http://www.ntrepidcorp.com,https://linkedin.com/company/ntrepid
DH4FFTB9FX97,WHL ENTERPRISES INC,www.billleary.net,https://linkedin.com/company/bill-leary-air-conditioning-&-heating
DH4GNWHZRT25,"JAMES FLETCHER CONSTRUCTION, INC.",,
DH4PU18H6RL8,KJB ENGINEERING,,
DH5JVV53V6L9,"ATLANTIC OFFICE MACHINES, INC.",https://atlanticofficetechnologies.com/,https://linkedin.com/company/atlantic-office-machines-inc-
DH5UGD2NGNX5,"NTT DATA FEDERAL, INC.",,
DH6UB4NLP6B5,NORTHROP GRUMMAN SYSTEMS CORP,http://www.northropgrumman.com,https://linkedin.com/company/northrop-grumman-corporation
DH6YNTL6B253,"FORUM FACILITATION GROUP, LLC",,
DH97FBJ6ZNF1,CORALLINE LLC,,
DH9XWNLS5D55,ASIA TRADING INTL LLC,https://www.uniprouniforms.com,https://linkedin.com/company/unipro-international
DHCDRMGDNNX9,IVECO DEFENCE VEHICLES S.P.A.,,
DHFLCHUB3JM9,VENESCO LLC,http://www.venesco.com,https://linkedin.com/company/veneso-llc
DHG4D4H3LBG8,"HOLT TOOL & MACHINE, INC.",,
DHGCFHW2AJM6,PRIMARY ELECTRIC AND DESIGN LLC,,
DHGJVCVAFYE3,"CALIFORNIA MARINE CLEANING, INC.",marinecleaning.com,https://linkedin.com/company/washington-marine-cleaning
DHHJDMECEZY4,"SEMICONDUCTOR COMPONENTS INDUSTRIES, LLC",http://www.onsemi.com,https://linkedin.com/company/on-semiconductor
DHHRUH6F1L17,"CARE LINE INDUSTRIES, INC.",http://www.carelineinc.com,https://linkedin.com/company/care-line-industries-inc
DHKZQAKS9KG3,"JPW DESIGN & MANUFACTURING, INC",,
DHM9N3347MZ4,J H WATERS INC,,
DHMLKJY5ERX8,"FREEMAN'S ELECTRIC SERVICE, INC.",,
DHN8D2LP7GF6,RAY MACHINE INC,http://www.raymachine.com,https://linkedin.com/company/ray-machine-inc.
DHNQRP1XX2W5,J PAQUET CONSTRUCTION LLC,,
DHPLUUKW6494,AE TECHRON INC,http://www.aetechron.com,https://linkedin.com/company/aetechron
DHS4MBRMTR81,CONTAINMENT CORPORATION,www.containmentcorp.com,https://linkedin.com/company/containment-corporation
DHS5ZJSFCSH9,CDM FEDERAL PROGRAMS CORPORATION,http://www.cdmsmith.com,https://linkedin.com/company/cdmsmith
DHTGEAKHG8U1,"CREATIVE PATHWAYS, INC.",,
DHU2LMKSDQD9,"SCALE AI, INC.",www.scale.com,https://linkedin.com/company/scaleai
DHXDERD3F2W6,"HUTCHINSON AEROSPACE & INDUSTRY, INC.",www.hutchinson.com,https://linkedin.com/company/hutchinson
DJ17MG2KQGJ8,ARLINGTON CONSULTANTS GROUP LLC,http://www.arlcg.com,https://linkedin.com/company/arlington-consultants-group
DJ24HMAVH1L3,"MILLENIUM SYSTEMS, INC.",www.milleniumsysinc.com,https://linkedin.com/company/millenium-systems-inc-
DJ26NNJR5789,"BRY-AIR, INC.",http://www.bry-air.com,https://linkedin.com/company/bry-air-inc.
DJ2TWL89QAS3,"SIGNET CONTROLS, INC.",www.signetcontrols.com,https://linkedin.com/company/signet-controls-inc-
DJ37EVVZHNC8,"KREIS TOOL & MANUFACTURING CO., INC.",www.kreis.com,https://linkedin.com/company/kreis-tool-&-mfg-co.-inc.
DJ5HAYC5KFH1,XPC CORPORATION,www.xpcc.com,https://linkedin.com/company/xtreme-power-conversion-corporation
DJ5ZQM6BEY63,AMPLIFYBIO LLC,,
DJ72XMAJLNL4,"TELEDYNE INSTRUMENTS, INC.",,
DJ7MS9GQWDC8,CDM INC.,http://www.cdmincorporated.com,https://linkedin.com/company/cdm-electronics-inc
DJ84EKFALZJ4,ALPHA OMEGA SHELVING INC,www.alphaomegashelving.com,https://linkedin.com/company/alpha-omega-shelving-inc
DJ8CTHASS867,RUBAR COMPANY FOR GENERAL CONTRACTING LTD,http://rubar.krd/,
DJACUETFQUL8,"GOVSMART, INC.",http://www.govsmart.com,https://linkedin.com/company/govsmart-inc-
DJAKNTJDGJT5,"RDR, INC.",http://www.rdr.com,https://linkedin.com/company/rdr-inc.
DJB2XJC3S5M7,"BERG ENGINEERING & SALES CO., INC.",www.bergeng.com,https://linkedin.com/company/bergengineering
DJB6UD52KDK7,VITALYST LLC,www.alithya.com,https://linkedin.com/company/alithya
DJBTJ6LJSQF4,"SATELLES, INC.",www.satelles.com,https://linkedin.com/company/satelles
DJCZZZF22JH9,CAE USA INC.,http://www.cae.com,https://linkedin.com/company/cae
DJD7BCP1A6G3,HOUSTON PRECISION FASTENERS I LP,www.hpfasteners.com,https://linkedin.com/company/houstonprecisionfasteners
DJEAK18EKF64,DANIEL J EDELMAN INC,http://www.edelman.com,https://linkedin.com/company/edelman
DJEALR7VSU75,"APALACHEE, LLC",,
DJEKZ4VM3NK8,SIFCO INDUSTRIES INC,https://sifco.com,https://linkedin.com/company/sifco-industries-inc
DJF7Q2AUJU53,"TWO RIVERS TERMINAL, LLC",Www.tworiversterminal.com,https://linkedin.com/company/two-rivers-terminal-llc
DJFNJP7K7P17,WJA PLLC,,
DJFSVY2QY5S3,ANNING-JOHNSON COMPANY,http://anningjohnson.com,https://linkedin.com/company/anning-johnson-company
DJGPSGEE74Q6,M2 FEDERAL INC.,www.m2federal.com,https://linkedin.com/company/m2-federal-inc.
DJH8DLUAFL78,"GLADIATOR TECHNOLOGIES, LLC",www.Gladiatortechnologies.com,https://linkedin.com/company/gladiator-technologies-inc-
DJJ2LQN3A8W5,"ROYALS COMMERCIAL OF MARYLAND, LLC",,
DJJ8LJTNK156,TECHANAX LLC,www.TechAnax.com,https://linkedin.com/company/techanax
DJJ9W5WP44A8,"CARDIO PARTNERS, INC.",www.cardiopartners.com,https://linkedin.com/company/cardio-partners
DJKBM2B7KHC5,NEUROFLOW INC,www.neuroflow.com,https://linkedin.com/company/neuroflow
DJKXNKLXRAF7,"GRABLE SERVICES, LLC",www.grableservices.com,https://linkedin.com/company/grable-services-llc
DJLDNMQZP2S9,ESCALENT INC,https://escalent.co/,https://linkedin.com/company/thinkescalent
DJM4E7JQ3S25,"ICF CONSULTING GROUP, INC.",www.icf.com,https://linkedin.com/company/icf-international
DJMJDEUZMH98,MILES SAND & GRAVEL COMPANY,miles.rocks,https://linkedin.com/company/miles-sand-and-gravel-company
DJMMEPKGGNB3,MEASUREMENT SPECIALTIES INC,www.te.com,https://linkedin.com/company/te-connectivity
DJMXCNAWRJU7,"STRATA-G SOLUTIONS, LLC",https://stratag-llc.com/,https://linkedin.com/company/strata-g-solutions
DJMZL1F6AVU9,"INTERNATIONAL AEROSPACE COATINGS, INC.",www.iac.aero,https://linkedin.com/company/iacaero
DJPEHBXJRN97,PRE-MACH INC,http://www.pre-mach.net,
DJPFLNM698S6,"MANAGEMENT SUPPORT TECHNOLOGY, INCORPORATED",www.msti-net.com,https://linkedin.com/company/management-support-technology-inc.
DJQKL6QN1CG5,SKILLSTORM COMMERCIAL SERVICES LLC,http://www.skillstorm.com,https://linkedin.com/company/skillstorm
DJQYT2T9XEC1,WELCH EQUIPMENT COMPANY INC,http://www.welchequipment.com,https://linkedin.com/company/welch-equipment-company
DJRUN4KK1HK3,HPI FEDERAL LLC,www.hp.com,https://linkedin.com/company/hp
DJT4EDJJM1C7,"RANDSTAD NORTH AMERICA, INC.",,
DJUCEANK2KP4,NORTHROP GRUMMAN SYSTEMS CORPORATION,https://www.northropgrumman.com/,https://linkedin.com/company/northrop-grumman-corporation
DJUSV6ES5B91,EMBREE MACHINE INC,www.embreemachineinc.com,
DJWFDMLXMNB3,NU WAVES LTD.,https://nuwaves.com,https://linkedin.com/company/nuwaves-engineering
DJY4X4P29A76,MECHANICAL DESIGN & SERVICE LLC,,
DK23KSPN2A45,"PHASED N RESEARCH, LLC",www.phasedn.com,https://linkedin.com/company/phased-n-research
DK2GFEFCM8M7,CONTEGIX LLC,,
DK3JU17LS226,"BAER TESTING, INC.",www.baertesting.com,https://linkedin.com/company/baer-testing-inc
DK47RF5DF1E8,ANRITSU AMERICAS SALES COMPANY,www.anritsu.com,https://linkedin.com/company/anritsu
DK4FFWX369H9,STANDARD AERO (SAN ANTONIO) INC.,http://www.standardaero.com,https://linkedin.com/company/standardaero
DK4MKDSLK5W7,"CAVALIER COMMUNICATIONS, INCORPORATED",http://www.cavaliercommunications.com,https://linkedin.com/company/cavalier-communications-inc.
DK4TBEJRAR56,EASTERN RESEARCH GROUP INC,http://www.erg.com,https://linkedin.com/company/eastern-research-group-erg-
DK58WLMYBYG1,"SOUTHWEST ANTENNAS, INC.",http://www.southwestantennas.com,https://linkedin.com/company/southwest-antennas
DK61LGNKRJW1,PALADIN DEFENSE SERVICES LLC,https://paladin-defense.com/,https://linkedin.com/company/paladin-defense-services-llc
DK6LPWMS5LP5,KITWARE INC,https://www.kitware.com,https://linkedin.com/company/kitware-inc-
DK7DVANJLVJ5,PLAYIT SOFTWARE LTD,,
DKAYS62B4175,ICU MEDICAL INC,http://www.icumed.com,https://linkedin.com/company/icu-medical
DKBLYEMEC1Y9,KEVRON INTERNATIONAL UGANDA LIMITED,,
DKC3SPJMBGG7,SANRASOFT INC,www.sanrasoftinc.com,
DKELCSLYGDK5,ELECTROMECH TECHNOLOGIES LLC,http://www.electromech.com,https://linkedin.com/company/electromech-technologies
DKFZMFWK45G5,"BMT AEROSPACE USA, INC",http://www.bmtaerospace.com,https://linkedin.com/company/bmtaerospace
DKGMKCMALNW6,FOCUS CONSULTING LLC,https://focusconsulting.io/,
DKGMZ2GM1GG3,IANTHE'S CAREER CLINIC LLC,,
DKH3J319XJL6,"GT MOLECULAR, INC.",www.gtmolecular.com,https://linkedin.com/company/gt-molecular
DKJ1R5ABCN48,SERCO INC,www.serco-na.com,
DKJ9FL8KWDZ1,FOAM DESIGN INC,http://www.foamdesign.com,https://linkedin.com/company/foam-design-inc-
DKJJD4XQD2U3,RECRO CORPORATION,www.recro.com,https://linkedin.com/company/recro-co
DKJRGJWCLLN7,ALWAYS PROFESSIONAL INC,,
DKKFSMNU4ZM6,COMTECH LLC,http://www.comtechllc.com,https://linkedin.com/company/comtech-llc
DKKJEVEZQF95,CELLULAR TRACKING TECHNOLOGIES LLC,http://celltracktech.com/,https://linkedin.com/company/cellular-tracking-technologies
DKKNGEQ4MFE5,CRAFTMASTER HARDWARE LLC,www.craftmasterhardware.com,https://linkedin.com/company/craftmaster-hardware
DKLBZLX4D674,"L&C PROTEC, INC.",http://www.cocoon-inc.com,https://linkedin.com/company/cocooninc
DKM7VV4DMHV7,UXELL CONSTRUCTION LLC,https://www.uxell.net/,https://linkedin.com/company/uxell-construction
DKMBBTAKVUJ3,"HULL INFORMATION TECHNOLOGY SOLUTIONS & SERVICES, L.L.C.",www.hitssllc.com,
DKMDFZ47MMF7,"LIRA ELECTRIC, LLC",www.liraelectric.com,https://linkedin.com/company/lira-electric
DKMQNFTBL867,"DIVERSIFIED ROOFING, LLC",,
DKMRLRV7M583,VALCOR ENGINEERING CORPORATION,WWW.VALCOR.COM,https://linkedin.com/company/valcor-engineering-corp-
DKN6PF583FQ7,LOGOJET INC,logojet.com,https://linkedin.com/company/logojet-usa
DKRAJNL462K6,"EARLE KINLAW & ASSOCIATES, INC.",EKAsales.com,
DKRNHWMFT5N6,"NTA, INC",www.nta-inc.net,https://linkedin.com/company/nta-inc.
DKSJBNE34MJ7,"Q-MATION, LLC",www.q-mation.com,
DKSNRFSY5MH5,"BMP RACKMOUNT SOLUTIONS, LLC",www.rackmountsolutions.net,https://linkedin.com/company/rackmountsolutions
DKTJR4Z1GKL3,CONVERGENZ LLC,http://www.conv.com,https://linkedin.com/company/convergenz
DKU4TUM9CR61,"SAFRAN POWER UNITS DALLAS, INC.",https://www.safran-group.com/locations/united-states/safran-power-units-dallas-2077818,https://linkedin.com/company/safran
DKWKC4DA8CL7,"ONLOGIC, INC.",www.onlogic.com,https://linkedin.com/company/onlogic
DKXBSPCM5KT8,GREEN EXPERT TECHNOLOGY INC,www.greenxt.com,https://linkedin.com/company/green-expert-technology-inc
DKYSJW8VGMG3,MENLO INNOVATIONS LLC,http://www.menloinnovations.com,https://linkedin.com/company/menlo-innovations
DKYXDAHNYD36,"BASTION TECHNOLOGIES, INC.",http://www.bastiontechnologies.com,https://linkedin.com/company/bastion-technologies
DKZ9GPFWHZA4,INFICON INC,http://www.inficon.com,https://linkedin.com/company/inficon
DKZHPDG4M8D1,WHEELER ELECTRIC INC,http://www.wheelerelectric.com,https://linkedin.com/company/wheelerelectricinc
DL1DN5JSPJT1,GROUND UP ROAD CONSTRUCTION INC,https://www.grndup.com/,https://linkedin.com/company/celia-construction-inc
DL1TJG6QHN23,"RIFE INTERNATIONAL, LLC",http://www.rifeintl.com,https://linkedin.com/company/rife-international
DL3JL6J1XG98,ASSURIT CONSULTING GROUP LLC,www.assurit.com,https://linkedin.com/company/assuritconsulting
DL41QANLBET5,BANNER QUALITY MANAGEMENT INC,www.bqmi.com,https://linkedin.com/company/banner-quality-management-inc-
DL5WSNCTQF26,ABS GROUP OF COMPANIES INCORPORATED,http://www.abs-group.com,https://linkedin.com/company/absgroup
DL6TM8X36D63,"HIGHSTAR INDUSTRIAL TECHNOLOGIES, INC.",,
DL7TF6W5Z994,LMI AEROSPACE INC,www.lmiaerospace.com,https://linkedin.com/company/lmi-aerospace
DL8LPYERW429,FINETECH,www.finetechusa.com,https://linkedin.com/company/fine-tech-inc
DL8TWTBGUEC5,JGMS GOVERNMENT SERVICES LLC,jgmsinc.com,https://linkedin.com/company/jgms-technical-management-services
DL9DNJ5MGXM4,"BLACK RIVER SYSTEMS COMPANY, INC.",http://www.blackriversystems.com,https://linkedin.com/company/black-river-systems-company-inc
DLEUL3CTUPW6,ALCI AVIATION LTD.,www.enterpriseaviationgroup.com,https://linkedin.com/company/enterprise-aviation-group
DLG5NK3M5EJ3,"DRAKE PLASTICS, LTD CO.",drakeplastics.com,https://linkedin.com/company/drake-plastics-ltd.-co
DLG7K4HPVT43,ORANO FEDERAL SERVICES LLC,https://www.orano.group/usa,https://linkedin.com/company/areva
DLH4W79KB6S4,GOLDEN COAST SERVICES LLC,,
DLHGN6SAJJG7,"ASRC FEDERAL DATA NETWORK TECHNOLOGIES, LLC",,
DLJCYM88AAQ1,CROSS-SOUND FERRY SERVICES,,
DLJSGYA5WMU4,JP DONOVAN CONSTRUCTION INC,jpdonovan.com,https://linkedin.com/company/jp-donovan-construction-inc-
DLKDT5GBNFL1,CONTROL SOUTHERN INC,www.controlsouthern.com,https://linkedin.com/company/control-southern
DLM6T81DNZ27,TOTAL NETWORKS INCORPORATED,https://totalnetworksinc.com/,https://linkedin.com/company/total-networks-inc
DLMDL9F7L456,"PALO ALTO NETWORKS PUBLIC SECTOR, LLC",,
DLMEGZTJZP77,PRIMUS VISUAL TECHNOLOGY CORP,primusvt.com,
DLMMBMMH5871,STANLEY MACHINING & TOOL CORP,http://www.stanleymachining.com,https://linkedin.com/company/stanley-machining-&-tool-corporation
DLNES9EACAK9,MURN INCORPORATED,www.murninc.com,
DLPHPLJ7KZN4,"VERSATILE SHOOTING INNOVATIONS, LLC",https://versatileshootinginnovations.com/,
DLPMMJUQVPM7,NEW VISTAS,www.newvistsas.org,
DLPTJJFY1JD5,"SUNBELT RENTALS, INC",https://www.sunbeltrentals.com,https://linkedin.com/company/sunbelt-rentals
DLRAC296L464,"BLACKROCK STRATEGY, INC.",www.blackrockstrategy.com,https://linkedin.com/company/blackrock-strategy
DLU5KTB4NZF5,"ADVANCED WIRE AND CABLE, INC.",www.advancedwire.com,https://linkedin.com/company/asia-exchange-centre-dubai
DLUTVJJ15U66,BOARD OF REGENTS OF NEVADA SYSTEM OF HIGHER EDUCATION,http://www.unlv.edu/,https://linkedin.com/company/officialunlv
DLWBSLWAJWR1,"OHIO STATE UNIVERSITY, THE",https://research.osu.edu/about-us/administration-and-units/office-sponsored-programs,https://linkedin.com/company/office-of-research-—-the-ohio-state-university
DLXNYUTLTN21,VISCO INC,,
DLY4NNTTED85,WHEELER MACHINERY CO,http://www.wheelercat.com,https://linkedin.com/company/wheeler-machinery-co-
DLZPMEMDC574,"PECK & HALE, LLC",http://www.peckhale.com,https://linkedin.com/company/peck-&-hale-l.l.c.
DM2CQGKJ6TN9,"CONNECTICUT INSTITUTE FOR REFUGEES AND IMMIGRANTS, INC",cirict.org,https://linkedin.com/company/ciri.ct
DM2MD3UXYZ25,"CONVERGENT SOLUTIONS, INC.",www.exiger.com,https://linkedin.com/company/exiger
DM2MJ2RQTNC4,THE OHIO STATE UNIVERSITY,,
DM2NJB2MJLF7,ELEMENT MATERIALS TECHNOLOGY LOS ANGELES INC,www.element.com,https://linkedin.com/company/element-materials-technology
DM31Z2U95YV4,DELOITTE CONSULTING LIMITED,https://www.deloitte.com/tz/en/offices/tanzania-offices/dar-es-salaam.html,https://linkedin.com/company/deloitte_china
DM3FNWJLK4B5,LIGHTFOOT COMMUNICATIONS LLC,www.lightfootcomllc.com,https://linkedin.com/company/lightfoot-communications-llc
DM53J55N8GJ6,INPHENIX INC,www.inphenix.com,https://linkedin.com/company/inphenix-inc.
DM5YK2GE4CG5,IPOWER LLC,https://ipowerllc.com/,
DM65Q664LJ19,METCOR LTD,WWW.LSIDC.COM,https://linkedin.com/company/learning-systems-international
DM69Y41BMT19,A TREFFEISEN & SONS LLC,,
DM6UCH8HH827,"INSIGHT INVESTMENTS, LLC",http://www.insightinvestments.com,https://linkedin.com/company/insight-investments
DM7KF1D52399,"CANMORE COMPANY, LLC",www.canmorecompany.com,https://linkedin.com/company/the-canmore-company
DM88BCK6XEF3,CENTRE FOR INFECTIOUS DISEASE RESEARCH IN ZAMBIA,http://www.cidrz.org,https://linkedin.com/company/centre-for-infectious-disease-research-in-zambia-cidrz
DM8BJ53YMKY3,"MOUNT SOPRIS INSTRUMENT COMPANY, INC.",http://www.mountsopris.com,https://linkedin.com/company/mount-sopris-instruments
DM8CHQBSCCB5,"FORCE MEASUREMENT SYSTEMS, INC.",www.forcems.com,
DM9NEJJZSHF3,"IBASET, INC.",www.ibaset.com,https://linkedin.com/company/ibaset
DMA7WZXBZVN5,ZIA DRONE OPERATIONS LLC,,
DMCLAPJ2BMW6,S NIMBUS LLC,www.snimbus.ai,https://linkedin.com/company/snimbus
DMEGBYTVBQS5,"HONEYWELL FEDERAL MANUFACTURING & TECHNOLOGIES, LLC",http://www.kcnsc.doe.gov,
DMERLBE3JR53,SWISH DATA CORPORATION,www.swishdata.com,https://linkedin.com/company/swishdata-corporation
DMGGDM4EH5W8,FTI FLOW TECHNOLOGY LLC,http://www.ftimeters.com,https://linkedin.com/company/fti-flow-technology-inc.
DMGTCCJ2ZKG7,SOLIPSYS CORPORATION,www.rtx.com,https://linkedin.com/company/raytheontechnologies
DMHDNDCPWUD1,THE MITRE CORPORATION,,
DMHXTXRARC74,CERNER CORPORATION,http://www.cerner.com,https://linkedin.com/company/cerner-corporation
DMJ5RMJC4P48,"QUINTUS TECHNOLOGIES, LLC",https://quintustechnologies.com,https://linkedin.com/company/quintus-technologies
DMJEFADJAVZ9,"GENERAL DYNAMICS MISSION SYSTEMS, INC.",https://gdmissionsystems.com/,https://linkedin.com/company/gdms
DMJVEZMKZQH3,UPC LLC,www.upc2.com,https://linkedin.com/company/upc
DMKEXJ8NQ4C5,ARETE ASSOCIATES,http://www.arete.com,https://linkedin.com/company/aret-associates
DMKJX2NDJ6F3,"WELDALL MFG., INC.",http://www.weldallmfg.com,https://linkedin.com/company/weldall-mfg
DMLKMV3PVK28,TREVITY LLC,https://www.trevityllc.com,https://linkedin.com/company/trevity-llc
DMLQJFAWYLE4,EMC2 ELECTRICAL INC,,
DMLZJTD7WJ94,UNIVERSITY OF MAINE SYSTEM,http://www.usm.maine.edu,
DMM5UUVK47K3,GEOLOGICS CORPORATION,http://www.geologics.com,https://linkedin.com/company/geologics-corporation
DMMTMVZWPLP5,PRINCE & IZANT LLC,http://www.princeizant.com,https://linkedin.com/company/the-prince-izant-company
DMNJHUPKNTA1,"INFORMATION SCIENCES CONSULTING, INCORPORATED",https://www.teamisciusa.com,
DMP8VMKJ7YJ3,"METROPOLITAN FOODS, INC.",http://www.driscollfoods.com,https://linkedin.com/company/driscoll-foods
DMP8W89LRQJ7,AMPEX DATA SYSTEMS CORPORATION,http://www.ampex.com,https://linkedin.com/company/ampex-data-systems-corporation
DMPAKJ9N9K66,"MEDLINE INDUSTRIES, LP",www.medline.com,https://linkedin.com/company/medlineinc
DMPKN89X1193,ARES CYBER LLC,ares.us.com,https://linkedin.com/company/ares-cyber-llc
DMQNDJDHTDG4,AUBURN UNIVERSITY,http://www.auburn.edu,https://linkedin.com/company/auburn-university
DMSBF79HT1P6,"APPLYLOGIC CONSULTING GROUP, LLC",https://www.ApplyLogic.com,https://linkedin.com/company/applylogic-consulting-group-llc
DMU6FQHKFMS5,GOLDBELT HAWK L.L.C.,www.gbhawk.com,https://linkedin.com/company/gbhawk
DMUYB7TTA1A1,"RF-LAMBDA USA, LLC",http://www.rflambda.com,https://linkedin.com/company/rf-lambda-usa-llc
DMVKJRBP6QR7,"ADVANCED COMPOSITE PRODUCTS, INC.",www.acproducts.us,
DMXPRNSF9FS5,PRECISION MEASUREMENTS AND INSTRUMENTS CORPORATION,https://pmiclab.com/,https://linkedin.com/company/precision-measurements-and-instruments-corporation
DMY8WKCGHQ23,ROCKET GARAGE DOORS INC,,
DMYAKRCEBJP6,INTRAWORKS INC,,
DMZLNDQW1RD6,HARDWARE SPECIALTY CO,www.hardwarespecialtyco.com,
DMZZTWJ9ABC4,OXY-GON INDUSTRIES INC,http://www.oxy-gon.com/,https://linkedin.com/company/oxy-gon-industries-inc.
DN13K12VXNC7,"I5 SHAREPOINT CONSULTING, LLC",https://www.i5tginc.com,https://linkedin.com/company/i5technologygroup
DN1GN5C1QKQ7,KNIME INC.,www.knime.com,https://linkedin.com/company/knime.com
DN1LSNWJSNV1,A & K EARTH MOVERS INC,,
DN29UE3KDJN1,VANGARDE LLC.,www.VangardeLLC.com,https://linkedin.com/company/vangarde-llc
DN42UQCK15L8,J J ENGINEERING INC,,
DN7ABPMDAAX4,"MAXIM CRANE WORKS, L.P.",http://maximcrane.com,https://linkedin.com/company/maxim-crane-works-lp
DN8MKD3JKFT8,USIQ INC,www.usiq.com,
DN9GVMPSC7L3,EMI CONSULTING LLC,,
DNBGGBASGJT7,"VISSER PRECISION, LLC",http://visserprecision.com,https://linkedin.com/company/visser-precision
DNBJQRFLUJP1,"RANDSTAD FEDERAL, LLC",http://www.randstadfederal.com,https://linkedin.com/company/randstadfederal
DNCDL6NCLJK8,"UEC ELECTRONICS, LLC",http://www.uec-corp.com,
DNDGBAC5XKS4,NEXONE INC.,https://www.nex-one.com,https://linkedin.com/company/nexone-inc-
DNE3YMHL87P1,STRATEGIC SIGHT CONSULTING LLC,,
DNGKL7BFBJY7,GLOBAL DATA PUBLICATIONS INC,www.globaldata.com,https://linkedin.com/company/globaldataplc
DNGXB3EU55S9,"WOLFSSL, INC.",https://www.wolfssl.com,https://linkedin.com/company/wolfssl
DNHLGC4B44Q9,"ROCK WEST COMPOSITES, INC.",www.rockwestcomposites.com,https://linkedin.com/company/rock-west-composites
DNHUD64D15P9,TECHNICAL RESOURCES FOR GENERAL CONTRACTING CO.,,
DNKRWFLZWNA8,THE WESTIN DOHA HOTEL & SPA,http://westindoha.com,https://linkedin.com/company/the-westin-doha-hotel-&-spa
DNKWWW1EHS28,HOWMET GLOBAL FASTENING SYSTEMS INC,,
DNMRQHR5Z4E8,VINE LABORATORIES INC,https://www.vinecolorado.com,https://linkedin.com/company/vinelaboratories
DNNFPGAA6898,"AMETEK, INC.",www.ametek.com,https://linkedin.com/company/ametek
DNNSWD1DD9U8,AGILITY INTERNATIONAL INC.,http://www.agility.com,
DNPUKK6XNSN6,CUBIC DIGITAL SOLUTIONS LLC,http://www.pixia.com,https://linkedin.com/company/pixia-corp
DNQ6H36F5QP5,ZVOLVANT SOLUTIONS LLC,www.zvolvant.com,https://linkedin.com/company/zvolvant-solutions-llc
DNQJLKLJMPK3,"LLOYD ENGINEERING, INC",,
DNQTMGXE5347,SENER TAFS SA,,
DNRBCSK2PEG1,TRIO MANUFACTURING INC,http://www.triomfg.com,https://linkedin.com/company/trio-manufacturing-inc-
DNSHS4434JU5,GASMET TECHNOLOGIES INC.,,
DNULVLJXLDT5,"WESTCON CONSTRUCTION SERVICES, INC",,
DNV6WNZ2MBE3,"HC2, INC.",,
DNVQJ81GNA51,"MIL-SPEC MAGNETICS, INC",www.milspecmagnetics.com,
DNVSZRQDWGG6,"BEARINGS AND INDUSTRIAL SUPPLY CO., INC.",www.bearingsandindustrialsupply.com,
DNVXXUW4Y5F4,ACRO SERVICE CORP,www.acrocorp.com,https://linkedin.com/company/acro-service-corp
DNYGB48XJMK5,"EMCOR GOVERNMENT SERVICES, INC",http://www.emcorgovservices.com,https://linkedin.com/company/emcor-government-services
DNZNC466DGR7,SOUTH DAKOTA STATE UNIVERSITY,https://www.sdstate.edu/,https://linkedin.com/company/south-dakota-state-university
DP1LS17C1VS1,THERMAL SPACE LTD,http://www.thermal-space.com/,https://linkedin.com/company/thermal-space-ltd.
DP2KCMEGMZX7,RADIAL SOLUTIONS INC,www.team-rsi.com,https://linkedin.com/company/radial-solutions-inc
DP31KANLHAT1,"SAMES, INC.",https://www.samengineering-surveying.com/,
DP3FAQE2UGT3,ENSCO INC,www.ensco.com,https://linkedin.com/company/ensco-inc
DP3QGAC2VMN6,MCCRONE MICROSCOPES & ACCESSORIES LLC,http://www.mccrone.com,https://linkedin.com/company/the-mccrone-group
DP49VT4FA4J3,"ADA CORE TECHNOLOGIES, INC.",http://www.adacore.com,https://linkedin.com/company/adacore
DP4PZP1M93B7,R3 STRATEGIC SUPPORT GROUP INC,http://www.r3ssg.com/,https://linkedin.com/company/r3-strategic-support-group-inc.
DP5SRT1HDFA3,G3 TECHNOLOGIES INC,www.g3ti.net,https://linkedin.com/company/g3-technologies-inc
DP6VFUMMTJC8,"HORNET ACQUISITIONCO, LLC",onboardsystems.com,https://linkedin.com/company/onboard-systems
DP9YJNRK9UW7,RUSH TRUCK LEASING INC,http://www.rushtruckleasing.com,https://linkedin.com/company/rush-truck-leasing
DPCYVAKLF7D5,"QUINN LIFT, INC.",www.quinncompany.com,https://linkedin.com/company/quinn-group
DPDVJ8MJN586,SMARTSHEET INC.,https://www.smartsheet.com,https://linkedin.com/company/smartsheet-com
DPEHBZXK1M97,JAMES L FENTON,,
DPF9NGYNFK33,"PROFESSIONAL AND TECHNICAL SERVICES ON DEMAND, LLC",http://www.ptsondemand.com,https://linkedin.com/company/professional-and-technical-services-on-demand-llc
DPFLHP4N5N89,P2S LP,http://www.p2sinc.com,https://linkedin.com/company/p2sinc
DPGVN8LGLWM8,"OECO, LLC",parker.com,https://linkedin.com/company/parker-hannifin
DPHELKXQXVJ4,ECM HOLDING GROUP INC,www.ecmholdinggroup.com,https://linkedin.com/company/ecm-holding-group
DPLPQNTEK7W7,NEAR SPACE CORP,,
DPMTN2ZGPBW3,"MCKENNA BROTHERS PAVING, INC.",www.mckennabrotherspaving.com,
DPPXGXQJ9HQ5,"KRT MANAGEMENT, INC.",,
DPQEDJ6CXZM5,"PANAMERICA COMPUTERS, INC.",http://www.pcitec.com,https://linkedin.com/company/panamerica-computers-inc.
DPT6YML4HHK5,SIERRA SPACE CORP,https://www.sierraspace.com/,https://linkedin.com/company/sierraspace
DPVUL3J8H4T5,CAL-WEST PRODUCTS INC,,
DPXYNHJTEB75,CERTIVITY GMBH,,
DQ38KBWKTDF1,PROSYNTIX LLC,www.prosyntix.com,https://linkedin.com/company/prosyntix
DQ6RYNAB8MJ7,"THE WINVALE GROUP, LLC",http://www.winvale.com,https://linkedin.com/company/winvale
DQCZV84EUYS5,"M-CO, LLC",,
DQD5SZKZSY43,"STEVENS AVIATION, INC",www.stevensaerospace.com,https://linkedin.com/company/stevens-aerospace-and-defense-systems-llc
DQDBM7FGJPC5,IOWA STATE UNIVERSITY OF SCIENCE AND TECHNOLOGY,http://www.iastate.edu/,
DQEBERL4YHT6,LEFANT LLC,www.lefant.org,https://linkedin.com/company/lefant
DQGZP2GUNLK6,"BERGEN CABLE TECHNOLOGY, INC.",http://www.bergencable.com,https://linkedin.com/company/bergen-cable-technology-llc
DQH5MR3R8VP8,"L & E TUBING, LLC",www.lafargeandegge.com,
DQHLH8C1PH66,ANITIAN CORPORATION,,
DQHQR23MWM53,J. H. FLETCHER & CO.,www.jhfletcher.com,https://linkedin.com/company/j-h-fletcher-&-co
DQJXNW1KWLW1,VIDARR INC,https://vidarrinc.com/,https://linkedin.com/company/vidarr-inc
DQK1U9BAMG94,"POINT-OF-CARE PARTNERS, INC.",www.pocp.com,https://linkedin.com/company/point-of-care-partners
DQKRJT2C7AB5,S2I2 INC,www.s2i2.com,https://linkedin.com/company/s2i2inc
DQKWSKC3J843,KANG MINI TOURS APS,,
DQLEHLEAQKM5,MONARCH LATHES LP,https://www.monarchlathe.com,https://linkedin.com/company/monarch-lathes-l.p.
DQM3MKBP3L49,"DALLAS AVIONICS, INC.",www.dallasavionics.com,https://linkedin.com/company/dallas-avionics-inc
DQPMR2FFBH52,"INTEGRI, LLC",http://www.integrillc.com,https://linkedin.com/company/integri-llc
DQQWU54GKDP7,"WYNN O JONES & ASSOCIATES, INC.",HTTP://WWW.WYNNJONES.COM,https://linkedin.com/company/wynn-o-jones-associates-inc
DQT8J6HALDB3,"PARACLETE XP SKYVENTURE, LLC",flyxp.com,
DQUKD4BB7NZ7,AGX INC,http://www.agxinc.com,https://linkedin.com/company/agx-inc
DQW8XLTH5GT6,KKSS LLC,,
DQYSCPNPTTY4,ANDREW TOOL & MACHINING COMPANY,http://www.andrewtool.com,https://linkedin.com/company/andrew-tool-&-machining-company-inc
DR1XTFN7UZL9,JAAC ELECTRONIC SYSTEMS LLC,,
DR26XAVLE657,"INNOVATIVE WIRELESS TECHNOLOGIES, INC.",www.iwtwireless.com,https://linkedin.com/company/innovative-wireless-technologies
DR2YNJY4QMU4,KONICA MINOLTA SENSING AMERICAS INC,,
DR6MQ56MGFA5,CAPGEMINI GOVERNMENT SOLUTIONS LLC,https://www.capgemini.com/service/capgemini-government-solutions/,https://linkedin.com/company/capgemini
DR6USZ5QM9D3,SPECIALTY TECHNICAL SERVICES LLC,,
DR72K2SR8DS5,AMERIINFOVETS INC,www.ai-vets.com,https://linkedin.com/company/ameriinfovets
DR73AACB7KG5,BI RA SYSTEMS INC,http://www.bira.com,https://linkedin.com/company/bi-ra-systems-inc
DRBXPK8N2QB3,"GLOBAL QUANTUM INTELLIGENCE, LLC",,
DRDLRHD2BFD4,"ROME RESEARCH, LLC",https://www.nextechsol.com/,https://linkedin.com/company/nextech-solutions-llc
DREQAKB5FV11,ALTA ENTERPRISES LLC,,
DRHCFKFJTDL4,EMERALD ONE LLC,www.emeraldone.com,https://linkedin.com/company/emerald-one
DRHPU7PBH2H6,PRAETORIAN MANUFACTURING INC,,
DRMDXFQJMTU7,"SOFTTHINK SOLUTIONS, INC.",www.softthink.com,https://linkedin.com/company/softthink-solutions-inc
DRQCC5AJJ663,"EXCEL TOOL AND MANUFACTURING, INC",http://www.exceltool.com,https://linkedin.com/company/excel-tool-&-manufacturing
DRTAEZWWJHM8,BIGELOW LABORATORY FOR OCEAN SCIENCES,www.bigelow.org,https://linkedin.com/company/bigelow-laboratory-for-ocean-sciences
DRUNBSXBERD5,TCG INC,http://www.tcg.com,https://linkedin.com/company/tcginc
DRY9VV4R93M3,FOGHORN CONSULTING INC,,
DRZDNUE58X73,RKH CONSULTANTS INC.,,
DS5NBX83Q967,"CURTISS-WRIGHT CONTROLS INTEGRATED SENSING, INC.",,
DS6CLR81N8N4,STELLAR EXPLORATION INC,,
DS6SWLXGDXJ5,EMPOWER GMBH,www.empowersuite.com,https://linkedin.com/company/made-in-office
DS8CETPH8HN9,SOUTH SUDAN NETWORK OF PLHIV,,
DSC6J71L8HY4,"TELEDYNE FLIR COMMERCIAL SYSTEMS, INC.",http://www.FLIR.com,https://linkedin.com/company/flir-systems
DSCJTUDY3T68,FCMC LLC,yagroup.com,https://linkedin.com/company/theyagroup
DSDEKJ6JRLA7,"TECHSOURCE, LLC",http://www.techsource-inc.com,https://linkedin.com/company/techsource-inc
DSDWAWQVY9B5,"DENNIS CONCRETE SERVICE, INC.",,
DSGXHUA3JKD6,PLANET TECHNOLOGY LLC,,
DSHBDPKJC569,CREATIVE IT SOLUTIONS LLC,https://dnigov.com/our-companies/creative-it-solutions,https://linkedin.com/company/dnigov
DSL8X7RQ9QY5,"FRAYM, INC.",www.fraym.io,https://linkedin.com/company/fraym
DSLXBD7UWRV6,OLD DOMINION UNIVERSITY RESEARCH FOUNDATION,https://www.odu.edu/odu-research-foundation,https://linkedin.com/company/old-dominion-university
DSWNMNWMNCT7,TANK SPECIALISTS OF CALIFORNIA,www.tank-specialists.com,https://linkedin.com/company/tank-specialists-of-california
DT1KM4G6SLK7,"CORTRON, INC.",https://www.cortroninc.com/,https://linkedin.com/company/cortron-inc.
DT2NPK1X9HD5,PARSONS GOVERNMENT SERVICES INC.,www.parsons.com,https://linkedin.com/company/parsons
DT2QX4XUTGU3,HORRANGI BUSINESS SOLUTIONS LLC,https://horrangi.com/,https://linkedin.com/company/horrangi
DT33R6CKGHF4,ITL LLC,,
DT36SFDAMXJ1,DELAWARE RESOURCE GROUP OF OKLAHOMA LLC,http://www.drgok.com,https://linkedin.com/company/delaware-resource-group
DT4DVBLRX8F4,"MOUNTAIN OPTECH, INC.",https://www.mountainsecuresystems.com/,https://linkedin.com/company/mountain-secure-systems
DT53X3W22KJ1,"I & I SLING, LLC",http://www.iandisling.com,https://linkedin.com/company/i&i-sling
DT56MWMNQY26,IMH FABRICATION INC,www.imh.com,
DT84AKYD1Z65,"PROGRESSIVE F.O.R.C.E. CONCEPTS, LLC",http://www.pfctraining.com,https://linkedin.com/company/progressive-force-concepts
DT8KJHZXVJH5,CARAHSOFT TECHNOLOGY CORP,http://www.carahsoft.com,https://linkedin.com/company/carahsoft
DT8PRVXHJS73,MAX GRIGSBY CO INC,,
DTA9E4HTTXG5,"DYNAMIC SYSTEMS, INC.",,
DTF6QKZZJUJ7,"DETROIT DEFENSE, INC.",http://DetroitDefense.com/,https://linkedin.com/company/ricardodefense
DTGNAS37JKK9,AMERICAN ELECTRIC CO LLC,www.americanelectric.com,https://linkedin.com/company/americanelectriccohi
DTJ4P9CE8TT8,MODTECH SOLUTIONS LLC,http://www.modtechhawaii.com,https://linkedin.com/company/modtech-solutions-llc
DTKAMAC89TR1,"HI-TECHNIQUES, INC",http://www.hi-techniques.com,https://linkedin.com/company/hi-techniques-inc.
DTKVELNRNBG7,"R. H. CONTRACTING, INC.",,
DTM4NGPRDMT1,SNAP INC.,https://www.snapchat.com/,
DTMHJS23G4V7,VANNEVAR LABS INC,vannevarlabs.com,https://linkedin.com/company/vannevar-labs
DTMHRLPGTNL7,HAWAIIAN ROCK PRODUCTS CORPORATION,,
DTP7E7CBE9F3,"TLMV, INC",https://siouxfallsfencecompany.com/,https://linkedin.com/company/american-fence-company---sioux-falls
DTPLZHP3VW57,"A3 MISSIONS, LLC",https://www.a3missions.com,https://linkedin.com/company/a3-missions
DTRJLHVLK8F4,"AMENTUM TECHNOLOGY, INC.",www.amentum.com,https://linkedin.com/company/amentumcorp
DTSXKA2BGMD9,CUMMINS INC.,http://www.cummins.com,https://linkedin.com/company/cummins-inc
DTXBJWFLS6W1,CAROLINA WATER SPECIALTIES LLC,www.waterprofessionals.com,https://linkedin.com/company/waterprofessionals
DU1AQ7UHLLT3,QLARANT INTEGRITY SOLUTIONS LLC,www.qlarant.com,https://linkedin.com/company/qlarant
DU4KUSJBDEB7,"SARAWORKS, LLC",https://saraworks.com/,https://linkedin.com/company/the-career-index
DU74Q2SPL237,SENECA RESOURCES LLC,www.senecahq.com,https://linkedin.com/company/seneca-resources-inc-
DU7FLZJ4BKE4,STILES GENERAL CONTRACTORS LLC,www.stilesgeneralcontractors.com,
DU8PGR7APN17,ALPHA AVIATION LLC,https://www.flyalphaair.com/,
DUAYW5R6MXY5,S & K ELECTRONICS INC,http://www.skecorp.com,https://linkedin.com/company/s&k-electronics-inc.
DUB2JHBP6487,RIEKES EQUIPMENT CO,http://www.riekesequipment.com,https://linkedin.com/company/riekes-equipment
DUCXVJ5TN1C6,BRIXEN DEVELOPMENT LLC,www.brixendevelopment.com,https://linkedin.com/company/brixen-development
DUD5VV6N1AD6,TRELLISWARE TECHNOLOGIES INC,http://www.trellisware.com,https://linkedin.com/company/trellisware-technologies
DUENN2W6JAK3,DELTA SOLUTIONS & STRATEGIES LLC,http://www.deltasands.com,https://linkedin.com/company/delta-solutions-and-strategies
DUFCLZ5SNFE7,"TOLCHINSKY CONSULTING, LLC",,
DUGMJ6SKLUG1,ISLAND STORM DRAIN MAINTENANCE LLC,islandstormdrainmaintenance.com,
DUHPCHJYAKG7,PERFORMANCE ABATEMENT SERVICES INC,http://www.performancecontracting.com,https://linkedin.com/company/pcg
DUJASXPXL9M9,SPECIALTY ADHESIVES INC,specialtyadhesives.com,https://linkedin.com/company/specialty-adhesives-inc
DUJWFPBLJ173,"HITCHCOCK INDUSTRIES, INC.",,
DUKAKV8ZEWH1,PIVOTAL I4DM JV LLC,www.pivotal-i4dm.com,
DUL7EYYFVGU7,PRESTIGE INTERIORS CORPORATION,http://raisedaccessfloors.com/,https://linkedin.com/company/prestige-interiors-corporation
DULVYTU1M8K5,"KONIAG TECHNOLOGY AND INFRASTRUCTURE SOLUTIONS, LLC",,
DUMCYLBB7X71,D3 DIVING LLC,https://d3diving.com,
DUNJZHTRACY1,FACILITY DYNAMICS ENGINEERING CORPORATION,www.facilitydynamics.com,https://linkedin.com/company/facility-dynamics-engineering-corp.
DUNKJD796CA8,"WARD - BOLAND ASSOCIATES, INC.",,
DUNNRXJLHJG8,PLAINS WELDING SUPPLY INC,,
DUQDLJC8L7E8,VACUUM INSTRUMENT CORPORATION,,
DUVYRHB9PMJ5,LABORATORY CORPORATION OF AMERICA HOLDINGS,https://www.labcorp.com/,https://linkedin.com/company/labcorp
DV44JY3MFBM1,"ELECTROFILM MANUFACTURING COMPANY, LLC",http://www.ITT.com,https://linkedin.com/company/itt
DV8PNH7LGKA8,"GI4, LLC",http://www.gi4.us,https://linkedin.com/company/gi4-llc
DVBRGNKKBKD7,"VHJ GROUP, LLC",http://www.vhjgroup.com,
DVCFVJHNXYZ2,MONTREAL BRONZE LIMITED,,
DVCTJ3YC6818,HELOGICAL GROUP LLC,www.helogicalgroup.com,https://linkedin.com/company/helogical-group
DVEXTMMUZHN9,"AK CONSULTING, INC",,
DVKGENLRBQK5,NORSEMAN DEFENSE SERVICES INC,,
DVKNB2QVA3K8,SYSTEMS ENGINEERING SOLUTIONS CORPORATION,http://www.sescorporation.com,https://linkedin.com/company/ses-corporation
DVKXGN7LJVD9,"CEPEDA SYSTEMS & SOFTWARE ANALYSIS, INC.",www.cepedasystems.com,https://linkedin.com/company/c-s-s-a
DVL1CMRMWRN9,CHILDREN'S HOSPITAL LOS ANGELES,Chla.org,https://linkedin.com/company/childrensla
DVQBMN7BJ5K7,"VISION RESEARCH, INC",www.phantomhighspeed.com,https://linkedin.com/company/vision-research
DVWBH1L44QD1,STARKS INDUSTRIES INC.,https://www.starks-industries.com,https://linkedin.com/company/starks-industries
DVYZAD8GXL45,"SAFRAN DEFENSE & SPACE, INC.",http://www.safran-dsi.com,https://linkedin.com/company/safran-dsi
DVZ7EQ6NDG47,"FLUID SYSTEM COMPONENTS, INC.",www.fscinc.com,https://linkedin.com/company/fluid-system-components-inc.
DW34QVCVBMA6,"KENNON SURVEYING SERVICES, INC.",,
DW56CLFHDJX7,SIMIO LLC,http://www.simio.com,https://linkedin.com/company/simio-llc
DW5ZPCHJXL25,"EDR INDUSTRIES, INC.",,
DW9CLS1M2ZL5,"OPEN TEXT PUBLIC SECTOR SOLUTIONS, INC",https://www.otpss.com,https://linkedin.com/company/open-text-us-public-sector-solutions
DWAZNKUK1UL1,PRECISION GEAR INDUSTRIES LLC,www.precisiongearinc.com,https://linkedin.com/company/precision-gear-incorporated
DWBFTJCK32F8,POSEIDON INDUSTRIAL LLC,Poseidon-Industrial.com,https://linkedin.com/company/poseidonindustrial-llc
DWBFW7QWLBX5,"LBE, INC.",www.lbeeng.com,https://linkedin.com/company/lbe-inc
DWF3K5WRVRG5,"BUDNEY INDUSTRIES, INC",budney.com,https://linkedin.com/company/budney-industries
DWH7EESLSJK1,GROVE ENGINEERING INC,http://www.radiationsoftware.com,https://linkedin.com/company/grove-engineering-inc-
DWLGLRH9LJV6,"SOLID-SCOPE MACHINING COMPANY, INC.",,
DWMEGPGHBGY5,GENERAL DIGITAL CORP,https://generaldigital.com/,https://linkedin.com/company/general-digital-corporation
DWT1XD8JT8M4,NEW RIVER SYSTEMS CORPORATION,http://www.newriversystems.com,https://linkedin.com/company/new-river-systems
DWU8TLAVC1G5,NORMSHIELD INC,www.blackkite.com,https://linkedin.com/company/normshield
DWUHNL9BC3U7,HOWELL LABORATORIES INC,http://www.howelllabs.com,https://linkedin.com/company/howell-laboratories-inc.
DWVJA4E1MD88,BOBBIE JESSIE LLC,http://www.jestechllc.com,https://linkedin.com/company/jes-tech
DWY2KGNB4KJ7,"REALMONE, INC.",www.realmone.com,https://linkedin.com/company/realm-one
DWZHTCKFHDQ5,THERMO FISHER SCIENTIFIC (ASHEVILLE) LLC,http://www.thermofisher.com,https://linkedin.com/company/thermo-fisher-scientific
DWZXVTBQN535,"TELOS, INC.",,
DX5JULG8AMF6,C2 LABS INC,www.c2labs.com,https://linkedin.com/company/c2-labs-inc-
DX6NKJAURTU4,AVO MULTI-AMP CORP,http://www.megger.com,https://linkedin.com/company/megger
DX8KTH7JHYC6,"FIBERTEK, INC.",http://www.fibertek.com,https://linkedin.com/company/fibertek
DXAGE74WZWD6,"CONNEY SAFETY PRODUCTS, LLC",http://www.conney.com,https://linkedin.com/company/conney-safety-products
DXEERLKK5LK5,GOLDEN ALTOS CORPORATION,https://www.goldenaltos.com,https://linkedin.com/company/goldenaltos
DXEHHLQKYZM5,"FISICA APPLIED TECHNOLOGIES, INC.",www.Fisica.com,https://linkedin.com/company/fisica-inc
DXG2BJEHBB33,"MTECH MECHANICAL TECHNOLOGIES GROUP, INC.",www.mtechg.com,https://linkedin.com/company/mtech-mechanical
DXJMS3LJLUK1,BRAVENT LLC,braventsystems.com,
DXK1G4FFG8J4,APPLIED SCIENCE & TECHNOLOGY RESEARCH ORGANIZATION OF AMERICA CORP,http://www.astroa.org,https://linkedin.com/company/astro-america
DXKKX4H3L2C5,"KAPSTONE TECHNOLOGIES, INC.",https://www.kapstonetech.com,https://linkedin.com/company/kapstone-technologies
DXKKZCUW2KK7,MILLENNIUM PRECISION LLC,http://www.millenniumprecision.com,https://linkedin.com/company/millennium-precision
DXKMHXMJBVR9,"VALIDATA CHEMICAL SERVICES, INC.",www.validatausa.com,
DXLJCHPCGWJ7,"VARUSO VENTURES, L.L.C.",,
DXLMUB52GPV9,D&H DISTRIBUTING COMPANY,www.dandh.com,https://linkedin.com/company/dandhdistributing
DXM1VFLADTY3,"WOODRUFF, ROBERT",,
DXMNB3CZ3P15,"DYNAQUAL, LLC",www.DynaQual.com,https://linkedin.com/company/dynaqualtestlabs
DXMYWCBFQQY1,"HCL AMERICA, INC.",http://www.hcltech.com,https://linkedin.com/company/hcltech
DXQNDRLMNY25,GS ENGINEERING INC,http://www.gsengineering.com,https://linkedin.com/company/gs-engineering
DXU9MC3WAEW7,DAVOL INC,http://www.davol.com,https://linkedin.com/company/bard-davol
DXUGG1KDB2X3,GREENE TWEED & CO INC,www.gtweed.com,https://linkedin.com/company/greene-tweed
DXUMQ9SKM6M4,"ACUMENTRICS RUPS, LLC",http://www.acumentrics.com,https://linkedin.com/company/acumentrics-inc
DXUNWV7UH817,B & H FOTO & ELECTRONICS CORP.,http://www.bhphotovideo.com,https://linkedin.com/company/b&h-photo-video
DXUYQDBKRLJ9,"TECHNOLOGY SOLUTIONS PROVIDER, LLC",http://www.tspi.net,https://linkedin.com/company/tspi
DXW1NX44AL61,GLOBAL ENGINEERING & TECHNOLOGY INC,http://www.getinc.org/,https://linkedin.com/company/global-engineering-and-technology-inc.
DXW7PFC9J1M1,"CONKLIN METAL INDUSTRIES, INC.",,
DXWMSKX79S43,BLINDSIDE NETWORKS INC.,https://blindsidenetworks.com/,https://linkedin.com/company/blindside-networks
DXXDGLAV9SN5,KAD INFOTECH LLC,,
DY1FJMHJ2P53,MUTATIO INC.,http://www.mutatioinc.com,https://linkedin.com/company/mutatio-inc-
DY1GTQUNQNA7,MISTRAL INC,,
DY2CDK1K5G11,"BOYD NIAGARA, LLC",,
DY2JXQ22MA14,KSARIA SERVICE CORPORATION,www.ksaria.com,https://linkedin.com/company/ksaria
DY4KK2WP5RW5,PACIFIC SCIENTIFIC ENERGETIC MATERIALS COMPANY (CALIFORNIA LLC),www.psemc.com,https://linkedin.com/company/pacific-scientific
DY7HQC35G4F7,SAHEL PLUS LOGISTICS AND SERVICES,,
DY7HUDJGRAE7,KIND INC,http://www.supportkind.org,https://linkedin.com/company/kids-in-need-of-defense-kind-
DY85B2CKRUA1,PHOTONIS SCIENTIFIC INC,www.photonis.com,https://linkedin.com/company/photonis
DY8PR7LASD55,MIDSTATE EQUIPMENT INC,,
DY99JHPK2J89,"ENTROPYZERO CONSULTING, LLC",http://www.ent0.com,https://linkedin.com/company/entropyzero-consulting-llc
DY9KSWE8EJB8,INTEGRAL MOLECULAR INC,www.integralmolecular.com,https://linkedin.com/company/integral-molecular
DYC4U3L3MBD9,ENSOLUTIONS INC,,
DYD3TUBQ6A86,"SERVICE MACHINE SHOP, INCORPORATED",www.servicemachineshopinc.com,https://linkedin.com/company/service-machine-shop-inc.
DYDXU96MBRN5,"WISE BUYS, LLC",,
DYELXT54UKJ8,"VPIPHOTONICS, INC.",www.vpiphotonics.com,https://linkedin.com/company/vpiphotonics
DYERY9Y51GM3,"PACIFIC AEROSPACE & ELECTRONICS, LLC",http://www.pacaero.com/,https://linkedin.com/company/pacaero
DYGCKQ3CBRJ7,"NORTEX CYBER SOLUTIONS, LLC",https://www.nortexcyber.com,https://linkedin.com/company/nortex-cyber-solutions
DYGJGPKVUAZ1,"INTELLIPOINT CONSULTING, INC.",www.intellipoint.com,https://linkedin.com/company/intellipoint-consulting-inc.
DYJKNJAM9BB8,DESIGN INTERFACE INC,,
DYKCBMJP3LK3,SMARTWYN TECHNOLOGIES INC.,www.smartwyn.com,https://linkedin.com/company/smartwyn-technologies-inc
DYM6AT9YATH5,SYNGENTA CROP PROTECTION AG,,
DYMYZ78NPLE9,DELTA COMPUTER SOLUTIONS INC,http://www.deltacs.com,https://linkedin.com/company/delta-computer-solutions-inc
DYNBCGZ4DEE9,"A1C PARTNERS, LLC",http://www.a1cpartners.com,https://linkedin.com/company/a1c-partners-llc
DYQEFCSVJN78,"DAP USA, INC.",,
DYUJNEB77N44,RAPISTAK CORPORATION,,
DYV5P3KPC474,"BOULEVARD CONSULTING GROUP, LLC, THE",www.boulevardcg.com,https://linkedin.com/company/the-boulevard-consulting-group
DYWEZKK4D5X5,WST UMWELTGEOLOGISCHE UND HYDROGEOLOGISCHE ERKUNDUNGEN GMBH,,
DYX4WBB2K7C3,KATRICE D. JACKSON,,
DYXAP3RGMDJ4,"SPECTRA TECH, INC.",http://www.spectratechinc.com,https://linkedin.com/company/spectra-tech-inc.
DZ3VGNA1GDX9,UE SYSTEMS INC,http://www.uesystems.com,https://linkedin.com/company/ue-systems
DZ4JXAPAU222,"UNITED RENTALS, INC.",http://www.unitedrentals.com,https://linkedin.com/company/united-rentals
DZ5XSD8TSKQ5,4 RIVERS EQUIPMENT LLC,,
DZ95X1ZK66K4,"VECTOR MANAGEMENT SYSTEMS, LLC",http://www.vector-mgt.com,https://linkedin.com/company/vector-management-llc
DZ9XM5UDFN29,"STANDARD-BLAZAR, LLC",sbllc.com,
DZAWMRSUEAK3,KNF CLEAN ROOM PRODUCTS CORPORATION,http://www.knfcorporation.com,https://linkedin.com/company/knf-clean-room-products-corporation
DZEAZ6GUAST3,CB INFORMATION SERVICES INC,www.cbinsights.com,https://linkedin.com/company/cb-insights
DZEBKFRD1ZN6,UNIVERSITY CORPORATION FOR ADVANCED INTERNET DEVELOPMENT,http://www.internet2.edu,https://linkedin.com/company/internet2
DZELRQ46PK75,TRINITY ELECTRIC LLC,,
DZEVEAKKSLD5,"ALLMOND & CO, LLC",http://allmondcpa.com,https://linkedin.com/company/allmondcpa
DZLAT1TPGTC5,"MOUNTCHOR TECHNOLOGIES, INC.",www.mountchor.com,https://linkedin.com/company/mountchor-technologies
DZN8NYWLC748,UP AEROSPACE INC,https://www.upaerospace.com,https://linkedin.com/company/up-aerospace-inc
DZNWTKJHDQF5,MILLER ENGINEERING & RESEARCH CORP,www.merc-md.com,https://linkedin.com/company/merc-md
DZQFRMG8EAU3,JONES CHRISTOPHER,,
DZQMMN82JER8,"CAROLINA COMMERCIAL CLEANING COMPANY, INC.",,
DZR3YHG6WBM5,"HUNTRIDGE LABS, LLC",huntridgelabs.com,https://linkedin.com/company/huntridgelabs
DZRUYMC2LJM6,TK ELEVATOR CORPORATION,,
DZTSBK8E1C49,AMCO METAL PRODUCTS INC,http://www.amcometalproducts.com,
DZWDMQBMGBD8,"SUPPLYFORCE.COM, LLC",http://www.supplyforce.com,https://linkedin.com/company/supplyforce
DZXWD6BZBLJ3,ALPHA OMEGA GROUP LLC,https://www.alphaogroup.com,https://linkedin.com/company/alphaomegagroupllc
DZZFRQ8FLMP2,"QUINSTAR TECHNOLOGY, INCORPORATED",http://www.quinstar.com,https://linkedin.com/company/quinstar-technology-inc.
E12PNWJGMEG3,NET SOURCE INC.,http://www.netsourcesecure.com,https://linkedin.com/company/net-source-inc.
E145JGXUWH24,GENERAL DYNAMICS LAND SYSTEMS - CANADA CORPORATION,,
E14HF9LAZCF3,"AVMATS MIDAMERICA, LLC",www.avmats.com,https://linkedin.com/company/avmats
E14VYCEW9YG8,"LASER THERMAL ANALYSIS, INC",www.laserthermal.com,https://linkedin.com/company/laser-thermal
E16QHE3CGWA7,"WASTE MANAGEMENT OF COLORADO, INC.",www.wm.com,https://linkedin.com/company/waste-management
E17WLYP194M6,Q-LAB CORP,http://www.q-lab.com,https://linkedin.com/company/q-lab-corporation
E19YZB6V2LN7,JE DUNN CONSTRUCTION GROUP INC,www.jedunn.com,https://linkedin.com/company/je-dunn-construction
E1BFJCVK2L19,TRI COUNTY REFRIGERATION INC,http://www.tricountyrefrigeration.net,https://linkedin.com/company/tri-county-refrigeration
E1CYEVTCX4Q9,"NORTHWEST POWER, INC.",,
E1D9Z1JVXC89,BLUE CLOAK LLC,www.blue-cloak.com,https://linkedin.com/company/bluecloakllc
E1HDJGJSNKB7,EICHROM TECHNOLOGIES LLC,WWW.EICHROM.COM,https://linkedin.com/company/eichrom-technologies-llc
E1KJG94MCPL7,"INNOVATIVE MANAGEMENT CONCEPTS, INC",http://www.imcva.com,https://linkedin.com/company/innovative-management-concepts-inc.
E1LKDL4JLD91,AES ELECTRIC SUPPLY INC,www.aes-electric.com,https://linkedin.com/company/aes-electric-supply-inc-
E1PAWGKZSBC8,J SQUARED LLC,https://www.jam-it.us,https://linkedin.com/company/j2am-it
E1R3NLB27ZM8,"TRIMBLE SUSTAINMENT ENGINEERING, INC.",www.trimbleeng.com,https://linkedin.com/company/trimble-sustainment-engineering-inc
E1RRNBH77KS5,SCHEIB CORPORATION,http://www.burtcrane.com,https://linkedin.com/company/burtcraneandrigging
E1Y7PS9K4L85,"GENERAL DYNAMICS INFORMATION TECHNOLOGY, INC.",http://www.gdit.com,https://linkedin.com/company/gdit
E21JC8KJQHG5,"SCREWMATIC, INC.",,
E21NGNBA6J23,"CHICAGO SOFT, LTD.",http://www.chicago-soft.com,
E21VP9DNS4N8,"HONEYWELL INTERNATIONAL, INC",http://www.honeywell.com,https://linkedin.com/company/honeywell
E233UAKS6E25,TLG AEROSPACE LLC,http://www.tlgaerospace.com,https://linkedin.com/company/tlg-aerospace-llc
E24LAMYG7RZ8,"DOME TECHNOLOGY, LLC",https://www.dometechnology.com/,https://linkedin.com/company/dome-technology-llp
E28KYWCTL7V4,"RICHARD MANUFACTURING CO., INC.",http://www.richardmanufacturing.com,
E292QJRUGXF7,"HAXTON MASONRY, INC",www.haxtonmasonry.com,https://linkedin.com/company/haxton-masonry-llc
E2A9FFAP9N23,DOMINKNOW INC.,,
E2BDMEJG1399,"TRELLEBORG SEALING SOLUTIONS US, INC.",,
E2BMXYHMFN58,UNIVERSITY OF NORTH CAROLINA AT CHAPEL HILL,http://www.kenan-flagler.unc.edu,https://linkedin.com/company/university-of-north-carolina-at-chapel-hill
E2DLZMNA2361,GOHYPERSONIC INCORPORATED,www.gohypersonic.com,https://linkedin.com/company/gohypersonic-incorporated
E2GGQWNBJFM5,AUTOSCRIBE INFORMATICS INC.,www.autoscribeinformatics.com,https://linkedin.com/company/autoscribe-informatics
E2GKBK34ARN9,ROJAC TRUCKING INC,,
E2GLH6UQ9VM1,INTELLIC INTEGRATION LLC,,
E2GZG7JCNHH3,CEMS ENGINEERING INC,http://www.cems-ae.com,https://linkedin.com/company/cems-engineering
E2H8NC2E3ZZ7,"ZAYO GROUP HOLDINGS, INC.",,
E2JQUCNKLE93,KURT J LESKER CO,www.lesker.com,https://linkedin.com/company/kurt-j--lesker-company
E2KNALKNJMK8,"MINER, LTD.",minercorp.com,https://linkedin.com/company/the-miner-corporation
E2N5TXXYYYP7,"EMERGING CONSULTING, LLC",www.EmergingConsultingGroup.com,https://linkedin.com/company/emergingconsulting
E2NYLCDML6V1,MASSACHUSETTS INSTITUTE OF TECHNOLOGY,web.mit.edu,https://linkedin.com/company/massachusetts-institute-of-technology-masdar-institute-cooperative-program
E2PHGXXFKM91,THE KENIFIC GROUP LLC,https://pantheon-data.com/,
E2QCEKQXLN48,"DVORAK, LLC",http://www.dvorakllc.com,https://linkedin.com/company/dvorak-llc
E2SNQECKXA98,CALNET INC,https://www.calnet.com,https://linkedin.com/company/calnet
E2T5XWDUKEP4,"SIGMA HEALTH CONSULTING, LLC",www.sigma-hc.com,https://linkedin.com/company/sigma-health-consulting
E2VNJBPTUPJ5,A & B INTEGRATORS LLC,www.security101-raleigh.com,
E2VNNXQ63MH8,"SMITHS INTERCONNECT AMERICAS, INC.",https://www.smithsinterconnect.com/,https://linkedin.com/company/smiths-interconnect
E2WALWZNMT18,"APEX MACHINE TOOL COMPANY, INC.",,
E2YSTNG9R2P8,SAP NATIONAL SECURITY SERVICES INC,https://www.sapns2.com,https://linkedin.com/company/sapns2
E2ZBMLQY6496,CARDINAL STATE CONSTRUCTION LLC,https://cardinalstateconstruction.com,https://linkedin.com/company/cardinal-state-construction-llc
E328LLY55EK4,"VSC FIRE & SECURITY, INC.",www.vscfire.com,https://linkedin.com/company/vsc-fire-and-security
E32JH7C6LW39,"MANAGEMENT AND BUDGET, OFFICE OF",,
E33LN3HLJ4U8,BRIGGS INDUSTRIAL SOLUTIONS INC,http://www.briggsequipment.us,https://linkedin.com/company/briggs-equipment
E34XGKUXCEC1,"HAYNES INTERNATIONAL, INC.",http://www.haynesintl.com,https://linkedin.com/company/haynes-international
E36CGYSNFR74,BRAYMAN TECHNICAL SERVICES LLC,www.brayman-tech.com,https://linkedin.com/company/brayman-technical-services-llc
E377PAKXSDZ7,NAHER AL JABIL COMPANY,,
E3B3M9D6NLM8,POWELL ELECTRICAL SYSTEMS INC,https://www.powellind.com,https://linkedin.com/company/powell
E3DJAYRKFXP3,"PALLETS OF UTAH NORTHERN DIVISION, INC.",,
E3DQCF9VHLD9,TELLABS ENTERPRISE INC,www.tellabs.com,https://linkedin.com/company/tellabs
E3ENFDLKPMK3,"MANTIS TECH, LLC",https://mantisx.com,https://linkedin.com/company/mantisx
E3FDXZ6TBHW3,BROWN UNIVERSITY,www.brown.edu,https://linkedin.com/company/brown-university
E3G1FZJ5KHQ9,EDDYFI CORP,www.eddyfi.com,https://linkedin.com/company/eddyfitechnologies
E3HYKKLT5ZT1,GENERAL ELECTRIC COMPANY,http://www.geaerospace.com/,https://linkedin.com/company/geaerospace
E3HZGE13EJV5,"LEAN MED, LLC",,
E3J7GEHJSTM8,"AVIATOR GEAR, INC",http://www.aviatorgear.com,https://linkedin.com/company/aviator-gear
E3JAK1WLKGD9,"BLOSSOM MACHINE & MANUFACTURING, INC.",,
E3NCF6LSMDQ7,"PROMETHEUS GROUP ENTERPRISES, LLC",www.prometheusgroup.com,https://linkedin.com/company/prometheusgroup
E3NSTL3WEZH3,STAR SOAP DETERGENT INDUSTRIES P L C,,
E3PWNKEQMR67,LOYALTY SUPPORT SERVICES,https://www.lss.jo/,https://linkedin.com/company/loyalty-support-services
E3SCD9PU1Y99,USINAGE DEUX RIVES INC,,
E3TKG91NV1J3,"COALFIRE SYSTEMS, INC.",,
E3VLQ35ALNP3,"ALL FLEX SOLUTIONS, INC.",www.allflexinc.com,https://linkedin.com/company/all-flex-solutions
E3W3M92ASRQ5,"GOVERNMENT MARKETING AND PROCUREMENT, LLC",www.gmpgov.com,https://linkedin.com/company/gmpgov
E3ZJQ81HDZL4,DYNAMIC CAPTIONING LLC,,
E414F13MY365,"US ECOLOGY MICHIGAN, INC.",www.republicservices.com,https://linkedin.com/company/republic-services-inc
E41LV9AJGHQ1,PARAGON MICRO INC,http://www.paragonmicro.com/,
E422A91WKZ57,"GENERAL DYNAMICS MISSION SYSTEMS, INC.",https://gdmissionsystems.com,https://linkedin.com/company/gdms
E435SFWNU876,MTA ARCHITECTURAL CONSULTING,,
E43LHKZUEML6,"SF BOAT SUPPORT, LLC",https://sfboatsupport.com/,https://linkedin.com/company/sf-boat-support-llc
E43UD5X5GUC5,"TELEDYNE ETM, INC.",teledyneetm.com/,
E47KTEVT5JV3,SET ENVIRONMENTAL INC,http://www.setenv.com,https://linkedin.com/company/set-environmental-inc.
E4AGJFH354J4,"CACI, INC - FEDERAL",http://www.caci.com,https://linkedin.com/company/caci-international-inc
E4ARSMMSTEL3,"ULTIMATE HYDROFORMING, INC.",www.uhigroup.com,https://linkedin.com/company/ultimate-hydroforming-inc
E4AXLNDBFDQ1,BOYD LACONIA LLC,www.boydcorp.com,https://linkedin.com/company/boydcorporation
E4FKYWEEQRP3,"ERIN PLANTE, MSW, LICSW",,
E4G8DS9L3G77,AIR & SEA PAK CO.,www.corriganairsea.com,https://linkedin.com/company/corriganairsea
E4J3LA3DZA85,PERILLO INDUSTRIES INC.,www.centuryelectronics.us,https://linkedin.com/company/century-electronics
E4K1X4PHAAF7,"MILLERWILSON CONSULTING, LLC",http://www.millerwilson.com,https://linkedin.com/company/millerwilson-consulting
E4KGA1HAQ8U5,"ROTATING PRECISION MECHANISMS, INC.",http://www.rpm-psi.com/,https://linkedin.com/company/rpm-psi-inc
E4LKQUJEKEU6,APPLIED COMPANIES,www.appliedcompanies.net,https://linkedin.com/company/applied-companies
E4NKQWJRBJM5,AGREA AGRICULTURAL COMMUNITIES INTERNATIONAL FOUNDATION INC.,,
E4PYLU3XDL39,"LANTANA CONSULTING GROUP, INC",http://www.lantanagroup.com,https://linkedin.com/company/lantana-consulting-group
E4S8XBDQ4AN1,"EXPERIMENTAL PATHOLOGY LABORATORIES, INC.",www.epl-inc.com,https://linkedin.com/company/epl_2
E4SBHLKCEBJ1,"WATCHMAN PROJECT MANAGEMENT, LLC",www.watchmanpm.com,https://linkedin.com/company/watchman-project-management
E4TDAJJYLG86,"WOMACK MACHINE SUPPLY CO., LLC",https://www.evolutionmotion.com/,https://linkedin.com/company/evolution-motion-solutions
E4TLWLHJFNJ4,"AMA ANALYTICAL SERVICES, INC.",http://www.amalab.com,https://linkedin.com/company/arquitectura-integral-especializada
E4TRBQJRJQL5,ENCENTRIC INC,http://www.encentric.net,https://linkedin.com/company/encentric-inc.
E4VMDALA6MR3,CROWN POINT SYSTEMS INC.,www.crownpointsystems.com,https://linkedin.com/company/crown-point-systems
E4X3BLZPPPX3,NORTHROP GRUMMAN SYSTEMS CORPORATION,http://www.es.northropgrumman.com/index.html,
E4XJVWL3B111,HERC RENTALS INC,,
E4XRRLCUQGB5,"MACH I, INC.",https://machichemicals.com,https://linkedin.com/company/mach-i-inc
E4ZLQNT4Z1F5,PRAXSYM INC,www.praxsym.com,https://linkedin.com/company/praxsym-inc.
E4ZQM4DEJZB5,"PRECISE SYSTEMS, INC.",HTTP://WWW.GOPRECISE.COM,https://linkedin.com/company/precise-systems-inc-
E51UF29TEXN8,"VALVE & ACTUATION SERVICES, LLC",http://www.candksouth.com,
E52NYKNA4FV8,UNIFIED MANAGERS LLC,www.unifiedmanagers.com,
E56EMJGVZ3Q1,INTELLIDINE CORP.,,
E57CG415HEZ5,"MAYVIN, INC.",http://www.mayvin.com,https://linkedin.com/company/mayvin
E5DNKR1BPQR6,"SILVUS TECHNOLOGIES, INC.",http://www.silvustechnologies.com,https://linkedin.com/company/silvus-technologies-inc.
E5E9U25JD3B6,"MOBILE RIDER NETWORKS, LLC",https://www.mobilerider.com/,https://linkedin.com/company/mobilerider-networks
E5EJDNHPNJM5,"VERDACITY, LLC",www.verdacity.us,https://linkedin.com/company/verdacity
E5FDH4M1B857,FIELDTECH AVIONICS & INSTRUMENTS INC,http://www.ftav.com,https://linkedin.com/company/fieldtech-avionics-&-instruments
E5H2P83JPY91,"HUESTIS & SMITH TOXICOLOGY, LLC",,
E5J4Y4AU14S6,"INTEGRITY MANAGEMENT CONSULTING, INC.",http://www.consultwithintegrity.com,https://linkedin.com/company/integrity-management-consulting
E5JFJHPYTEM3,"REDCOM LABORATORIES, INC.",http://www.redcom.com,https://linkedin.com/company/redcom-laboratories-inc-
E5JYCJ79BWP8,"BLUE RIDGE OPTICS, L.L.C.",www.blueridgeoptics.com,https://linkedin.com/company/blue-ridge-optics
E5LDAZJQDX73,JET MICRO CORP,www.jetmicro.com,https://linkedin.com/company/jet-micro-corp
E5M4QMNBPTJ5,CLOSEDLOOP COMMUNICATIONS INC,http://www.closedloopcomm.com,https://linkedin.com/company/closed-loop-communications-inc
E5M7LKNGFL23,"TRIVAD, INC.",http://www.trivad.com,https://linkedin.com/company/trivad-inc.
E5MNNKSSL826,COMMIT ENTERPRISES INC,www.commitent.com,https://linkedin.com/company/commit-enterprises-inc-
E5N8BJ3ZUSD8,ALIGN PRECISION ARUNDEL LLC,www.alignprecision.com,https://linkedin.com/company/align-precision
E5NZAXG4MNB7,MURRAY BENJAMIN ELECTRIC COMPANY LLC,HTTP://WWW.MBELECT.COM,https://linkedin.com/company/murray-benjamin-electric-co.-l.p.
E5R2FX3ZC7L4,"PEI/GENESIS, INC.",,
E5R8L9CN3JG5,"SUMARIA SYSTEMS, LLC",http://sumaria.com,https://linkedin.com/company/sumaria-systems-inc
E5UNM33163F1,"NORSHIELD SECURITY PRODUCTS, LLC",www.norshield.net,https://linkedin.com/company/norshield-security-products-llc
E5V5E5UCSPU8,SCHEDMD LLC,https://www.schedmd.com/,https://linkedin.com/company/schedmd-llc
E5WGKV623LH5,"SDV INTERNATIONAL, LLC",https://www.sdvinternational.com/,https://linkedin.com/company/sdv-international-llc
E5ZYZUG9J3K4,"IRAQ LAW ALLIANCE, PLLC",,
E65NWNLNERQ5,ANTENNA PRODUCTS CORPORATION,http://www.antennas.com,https://linkedin.com/company/anthony-roofing-tecta-america-
E67HWCD5M4E7,OSCEOLA INC,www.oesolarnm.com,
E69LVKHF35D1,"GREENWOOD INDUSTRIES, LLC",www.greenwoodindustries.com,https://linkedin.com/company/greenwood-industries-inc.
E69VEBEW83K7,THE NET.AMERICA CORPORATION,www.discovernetamerica.com,https://linkedin.com/company/thenetamericacorporation
E69XVKB6AMK3,"NATIONWIDE SUPPLIES, L.P.",,
E6AVPM83ZHB5,PALMETTO EMERGENCY MANAGEMENT AND ENVIRONMENTAL CONSULTING LLC,,
E6B3NC87U785,BENDER CONSULTING SERVICES INC,http://www.benderconsult.com,https://linkedin.com/company/bender-consulting-services-inc
E6E2BTANMBF4,HCA INC.,,
E6HJLKKFGAH4,"WARD ENG SUPPORT SERVICES, INC.",WWW.WESSGRP.COM,https://linkedin.com/company/ward-eng-support-services
E6J6BLKV8Q21,MINUTEMAN GROUP LLC,minuteman-group.com,https://linkedin.com/company/minuteman-group-llc
E6JAJU4RUGS7,"HV TECHNOLOGIES, INC.",www.hvtechnologies.com,https://linkedin.com/company/hv-technologies-inc.
E6JFJLBFNC21,"NAVIGATOR DEVELOPMENT GROUP, INC.",WWW.NDGI.COM,https://linkedin.com/company/navigator-development-group-inc.
E6JYMJJGRC23,LUNSETH PLUMBING & HEATING CO,,
E6K1LJSRMFQ1,"DURAG, INC",https://www.durag.com,https://linkedin.com/company/durag-group
E6KQEMMCJ9B6,"ATRENNE COMPUTING SOLUTIONS, LLC",www.atrenne.com,
E6LBN7R7N423,"RGB SYSTEMS, INC",http://www.extron.com,https://linkedin.com/company/extron-
E6M1RA2QXMH5,KLB ENTERPRISES CORP,WWW.KLB-ENTERPRISES.COM,https://linkedin.com/company/klb-enterprises-inc
E6PFB8W7EY55,LAZY LABS LLC,,
E6PSE16WAXM7,DEVSHYAM CORP,,
E6R7JR7ZFY23,TRIPLE B CLEANING INC,,
E6RNVQE9JG26,"CONCUR, INC.",http://www.concurinc.com,
E6S8NUG2D9F3,"NINE HILL TECHNOLOGIES, LLC",www.ninehilltech.com,https://linkedin.com/company/nine-hill-tech
E6SNF3PR4A87,MILES FIBERGLASS & COMPOSITES INC,https://www.milesfiberglass.com,https://linkedin.com/company/miles-fiberglass-&-composites-inc.
E6UBH1UE4UJ5,GOODRICH CORPORATION,https://www.goodrichdeicing.com/,
E6XUUEZ287H5,ABI CUBE CORP.,https://www.abicube.com,
E6YXQDJ4VB56,INQWEST INC.,https://www.inqwestinc.com,https://linkedin.com/company/inqwest-inc
E71KZAMT5MD8,HELIOS DEFENSE SOLUTIONS LLC,www.heliosdsllc.com,https://linkedin.com/company/helios-defense-solutions
E73NB4BS4LR7,EVENSONBEST LLC,www.evensonbest.com,https://linkedin.com/company/evensonbest-llc
E75XA56A4F13,"DMG MORI FEDERAL SERVICES, INC.",https://dmgmori-fs.com/,
E765XJZCPQQ1,"MERCURY SYSTEMS, INC.",,
E76EZRS5G4B3,MICROMERITICS INSTRUMENT CORPORATION,http://www.micromeritics.com,https://linkedin.com/company/micromeritics-instrument-corporation
E77CY9CYFMN1,OMNITRUST SECURITY LLC,www.omnitrust.com,
E77NK81B2GB5,FELLOWS STATISTICS INCORPORATED,http://www.fellstat.com,https://linkedin.com/company/fellows-statistics-incorporated
E782WBX6LC15,MICHAEL KARI,www.mpkpublicworks.com,
E79WJ8NWL474,STRATEGIC TECHNOLOGY CONSULTING LLC,https://stc.arcfield.com/,
E7B4AJ3F7W89,"LENCO INDUSTRIES, INC.",www.lencoarmor.com,https://linkedin.com/company/lenco-armored-vehicles
E7CLPJXEJWN4,"CONCORDIA TECHNOLOGIES, LLC",https://www.concordiati.com,https://linkedin.com/company/concordia-technologies-inc
E7D1XW43Q981,"UNITED AVIONICS, INC.",http://www.unitedavionicsinc.com,
E7D8GJDUYJE8,"AMERICAN COMPUTER DEVELOPMENT, INCORPORATED",www.acdi.com,https://linkedin.com/company/acdi
E7FGZVWHWKA8,"SALAS O'BRIEN FEDERAL, LLC",www.salasobrien.com,https://linkedin.com/company/salas-o'brien
E7FJTLM5VJX6,SAFRAN LANDING SYSTEMS CANADA INC,,
E7H8FXPWDFE5,HANCOCK & SON PLUMBING LLC,www.hancockandsonplumbing.com,https://linkedin.com/company/hancock-and-son
E7HCXBG14ZD7,CELLBLOCK FCS LLC,www.cellblockfcs.com,https://linkedin.com/company/cellblock-fcs-llc
E7JJRJ7JELM5,THE HOLDEN CORPORATION,http://www.mrjohnpit.com,https://linkedin.com/company/mr.-john
E7LDCBNJ7A21,"EUNOMIA RESEARCH & CONSULT, INC.",,
E7LUVCUX7HM4,BLANCHARD CONTRACTING LTD CO.,www.blanchardcontractingltd.com,
E7M3RG4AJTK3,ELYSIUM INC,https://www.elysium-global.com/en/,https://linkedin.com/company/elysium3d
E7MNH2RM5V19,AERO TRADES MFG. CORP.,http://www.aerotrades.com,
E7NQC6R9QG17,"PYRAMID SYSTEMS, INC.",http://www.pyramidsystems.com,https://linkedin.com/company/pyramidsystems
E7PUFUJLNTG8,"MISSION ANALYTICS GROUP, INC.",http://www.missionanalyticsgroup.com,https://linkedin.com/company/mission-analytics-group
E7QGLSCAJMN8,"TAIT ENVIRONMENTAL SERVICES, INC.",http://www.tait.com,https://linkedin.com/company/tait-&-associates-inc
E7RKEQ2U1Y26,"DOMAILLE ENGINEERING, LLC",http://www.DomailleEngineering.com,https://linkedin.com/company/domaille-engineering-llc
E7RRWZMHYG13,AKIRA TECHNOLOGIES INC.,http://www.akira-tech.com,https://linkedin.com/company/akira-technologies-inc
E7TUNVFKGK99,"SPARTACUS CONSULTING, INC.",http://www.scicpa.com,https://linkedin.com/company/spartacus-consulting-inc.
E7VBYU4VVRR5,OAK LEAF ENGINEERING CORP.,WWW.OAKLEAFENGINEERING.NET,https://linkedin.com/company/oak-leaf-engineering-group
E7XWKERHVVD9,"TVAR SOLUTIONS, LLC",http://www.tvarsolutions.com,https://linkedin.com/company/tvar-solutions
E7ZDLXJANSF1,APOGEE INTEGRATION LLC,http://www.apogeeintegration.com,https://linkedin.com/company/apogee-integration-llc
E81UBT5HXLA5,"DOCPOINT SOLUTIONS, LLC",http://www.docpointsolutions.com,https://linkedin.com/company/docpoint-solutions
E82BK4M5X4B1,CISION US INC,www.cision.com,https://linkedin.com/company/cision
E82MVP4BREY1,ATLANTIC CONSTRUCTORS LLC,http://www.acibuilds.com,https://linkedin.com/company/atlantic-constructors
E863HNLEFL69,EQUIPMENTSHARE.COM INC,https://www.equipmentshare.com/,https://linkedin.com/company/equipmentshare
E86UEFDHJWK6,"AXILLON AEROSPACE (ROCKMART), LLC",www.axillonaerospace.com,https://linkedin.com/company/axillonaerospace
E87SJN3S4BJ5,"KULAIWI ARCHAEOLOGY, LLC",https://kulaiwiarchaeology.com/,
E89MJN8WNAH4,CNC SOFTWARE LLC,https://www.mastercam.com/company/,https://linkedin.com/company/mastercam
E89QVPKN2XH6,"SYNERGIS TECHNOLOGIES, LLC",http://www.synergis.com,
E8AASNB13TK8,"ABBOTT INDUSTRIES, INC",http://www.covingtonaircraft.com,https://linkedin.com/company/covington-aircraft
E8AGTGFKYR38,"DORADO SERVICES, INC.",http://www.doradosi.com,https://linkedin.com/company/dorado-services
E8DBUYKJHDP1,USEFUL FICTION LLC,https://www.useful-fiction.com,https://linkedin.com/company/useful-fiction-llc
E8FPTDAX76J7,ADVANTEDGE LLC,,
E8FXXNJ5HC26,PETROLEUM RECOVERY & REMEDIATION MANAGEMENT INC,www.petromgt.net,https://linkedin.com/company/petroleum-management-inc-
E8J9MN5T32U7,GE AVIATION SYSTEMS LIMITED,,
E8JMQ4KHT4J5,INTERAGENCY C5I CORPORATION,iC5i.com,https://linkedin.com/company/ic5i
E8JQXP454XH3,AIMPOINT INC,http://www.aimpoint.com,https://linkedin.com/company/aimpointab
E8LRHE8MKPF5,SCIENTIA LLC,www.scientiallc.com,https://linkedin.com/company/scientia-llc
E8MTH5LMD3T4,VALCOM MANUFACTURING GROUP INC.,http://www.valcommfg.ca,https://linkedin.com/company/valcom-manufacturing-group-inc
E8PBA9MVDXE5,TREPA TECHNOLOGIES LLC,www.trepatech.com,https://linkedin.com/company/trepa-technologies
E8PUKACGRDH1,NET 100 LLC,http://www.instrata.com,https://linkedin.com/company/teaminstrata
E8Q8GNJKJJN3,"H I S PAINTING, INC",www.hispaintinginc.com,https://linkedin.com/company/h.i.s.-painting-inc.
E8QJAN3YGWV9,"THOMAS ELECTRONICS, INC",www.thomaselectronics.com,https://linkedin.com/company/thomas-electronics
E8QLCKVNN137,"PEARL STREET SYSTEMS, LLC",WWW.PEARLSTREETLED.COM,https://linkedin.com/company/pearl-street-led-lighting-systems
E8QRLFCHHAJ5,CLAYTON ENGINEERING CO,http://www.claytonengineering.com,https://linkedin.com/company/clayton-engineering-company
E8S1DTDJCZL8,INNOVATIVE REASONING LLC,www.innovativereasoning.com,https://linkedin.com/company/innovative-reasoning-llc
E8SUX37MNLC6,"BLUE SKY NETWORK, LLC",,
E8VWJXMMUQ67,"THE MEDICAL COLLEGE OF WISCONSIN, INC.",http://www.mcw.edu/,https://linkedin.com/company/medical-college-of-wisconsin
E8YHQMBM7K77,PARKER HANNIFIN CORP,http://www.parker.com/,https://linkedin.com/company/parker-hannifin
E91MMG46M2S7,MORRISON EQUIPMENT,,
E959P1JR87Z9,JONA MANUFACTURING SERVICES INC,,
E96FYRDQ9N11,"BISHOP LIFTING PRODUCTS, INC.",https://www.lifting.com,https://linkedin.com/company/bishoplifting
E96SVMJYCB39,"ALLOY PRECISION TECHNOLOGIES, INC",www.alloyprecisiontech.com,https://linkedin.com/company/alloy-precision-technologies
E972D5H64NM8,ALAKAI MECHANICAL CORP,,
E993R6DMXSM1,"FAULCONER CONSTRUCTION COMPANY, INCORPORATED",www.faulconerconstruction.com,https://linkedin.com/company/faulconer-construction
E9BGHP851HS3,NATIONAL SAFETY COUNCIL,nsc.org,https://linkedin.com/company/national-safety-council
E9BZF3JBXB99,SRPM INC,srpm.com,https://linkedin.com/company/srpm-inc.
E9DPDYLGPRF5,ADKOS,,
E9ESL57JHZ65,ZUKEN USA INC,,
E9FMJ1ESWH86,NEXGEN TECHNOLOGIES INC.,http://www.nexgeninc.com,https://linkedin.com/company/nexgen-technologies-inc.
E9GNEULRKEK6,PUREOPS LLC,www.pureops.com,https://linkedin.com/company/pureops
E9GQDHMLYLE5,TECHNICAL SPECIALISTS LLP,,
E9HBJKV1MGV5,MICRO-OPTICS PRECISION INSTRUMENTS INC,www.Micro-Optics.com,https://linkedin.com/company/micro-optics-precision
E9JEP9ACJHD1,"AIRGAS USA, LLC",www.airgas.com,https://linkedin.com/company/airgas
E9K5P3QFLG16,BGC ENGINEERING USA INC.,www.bgcengineering.com,https://linkedin.com/company/bgc-engineering-services-ltd
E9KNWFM7ESD1,"CURTISS-WRIGHT DS, INC.",www.curtisswrightds.com,https://linkedin.com/company/curtiss-wright-controls-defense-solutions
E9KUAY237RT5,KHP LOGISTICS LLC,khplogistics.com,
E9KWANGRVQH3,REVEILLE GROUP LLC,https://www.reveille-group.com/,https://linkedin.com/company/reveille-group-llc
E9LBLGQ3FUU7,"BRISTOL COMMUNICATION & POWER SYSTEMS, LLC",https://www.bristol-companies.com/,https://linkedin.com/company/bristol-alliance-of-companies
E9M2WBH3K8J6,ADVANCE DIGITAL SYSTEMS INC.,http://www.advancedigitalsys.com,https://linkedin.com/company/advancedigitalsystems
E9N7W9EJPEG3,"PAR-KUT INTERNATIONAL, INC.",http://www.parkut.com,https://linkedin.com/company/par-kut-international
E9NLB5289YR8,DIGITRAN TECHNOLOGIES INC.,www.digitrantech.com,https://linkedin.com/company/digitran-technologies-inc
E9QPGV9K2EV8,"MATRIXOWL, LLC",matrixowl.com,https://linkedin.com/company/servicesrevenue
E9RJQWMDQBQ5,UTILITY TRAILER SALES OF COLORADO LLC,HTTP://WWW.UTILITYTRAILER.NET,https://linkedin.com/company/utility-trailer-interstate-conmwy
E9RWCUWK1YP8,RADIX2 CONSULTING INC,,
E9SBHEXEQW83,"CINCERE, LLC",,
E9V4DJBM2NQ8,BLACKBERRY CORP,,
EA12AK95J3W8,BOLSTER ENGINEERING LLC,https://bolsterengineering.com/,https://linkedin.com/company/bolster-engineering
EA1NKL41K8M8,ASSOCIATION FOR UNMANNED VEHICLE SYSTEMS INTERNATIONAL,http://www.auvsi.org,https://linkedin.com/company/auvsi
EA27XHW813M5,MARMAN INDUSTRIES INC,,
EA3MU6D46997,"DALET DIGITAL MEDIA SYSTEMS USA, INC",www.dalet.com,https://linkedin.com/company/dalet-digital-media-systems
EA4MBE1SXGR9,"NEAERA CONSULTING GROUP, LLC.",https://www.neaeraconsulting.com,https://linkedin.com/company/neaera-consulting-group-llc.
EA53ZNXYUVS6,"AMERISTAR CONTRACTING GROUP, INC.",www.ameristargroup.com,https://linkedin.com/company/ameristar-contracting-group-inc
EA6JBMEJGTY8,BALODEMAS ARCHITECTS CHARTERED,www.balarch.com,https://linkedin.com/company/balodemas-architects-chtd
EA7ZQLGHPSP9,MOTIVE FLOW LLC,,
EA89QMEFPCK4,"MTI PARTNERS, LLC",http://www.mtialbany.com,https://linkedin.com/company/metal-technology
EA91MQA97L85,"HARRIS MOUNTAIN WEST, LLC",www.harriscompany.com,https://linkedin.com/company/harriscompany
EAA4PJ9SLJ68,"Z C & R COATING FOR OPTICS, INC.",,
EAC7URBUMTJ4,PROTOTYPE PRODUCTIONS INC,http://www.protoprod.com,https://linkedin.com/company/prototype-productions
EACWBKJV6636,ZAYO GROUP LLC,https://www.zayo.com/,https://linkedin.com/company/zayo-group
EADLFP7Z72E5,GEORGE MASON UNIVERSITY,www.gmu.edu,https://linkedin.com/company/george-mason-university
EAEQY3QEBWN9,"TANNER HEAVY EQUIPMENT CO., L.L.C.",,
EAFRLAM81JK4,"TRUTH TECHNOLOGY, INC.",https://www.trutechi.com,https://linkedin.com/company/truth-technology-inc-
EAGCA1HUAP44,"TEXAS OILTECH LABORATORIES, L.P.",www.tol-lp.com,https://linkedin.com/company/texas-oiltech-laboratories
EAHYUK1UYAD9,"ZOIC LABS, LLC",https://www.zoiclabs.com/,https://linkedin.com/company/zoiclabs
EAJ9N7LUNUK8,"1 POINT PROCUREMENT SOLUTIONS, LLC",www.1pointps.com,https://linkedin.com/company/1-point-procurement-solutions-llc
EAKBPFPGJJ65,"II CORPS CONSULTANTS, INC.",https://www.iicorps.com,https://linkedin.com/company/ii-corps-consultants-inc.
EAKNYZ8XCQ97,THREE SEAS INC,https://threeseasinc.com/,https://linkedin.com/company/threeseasinc
EAL5AXH5UMN3,YSI INC,http://www.ysi.com,https://linkedin.com/company/ysi
EAL6AAJE3ZP8,"THE CONNECTIVITY CENTER, INC.",,
EAL6S3JREVY3,MCCONNELL & JONES L.L.P.,http://www.mcconnelljones.com/,https://linkedin.com/company/mj-cpa
EANSA1SCLJV6,"R3 GOVERNMENT SOLUTIONS, LLC",https://www.r3consulting.com,https://linkedin.com/company/r3-government-solutions
EANUXHL4XTW7,LA SERVICES LLC,www.laservicesllc.com,
EAPJGATJY253,MWAVE INDUSTRIES LLC,https://mwave.alaris.tech/?aff=3,
EAXMYAR1KRA8,APERIO GLOBAL LLC,www.aperioglobal.com,https://linkedin.com/company/aperioglobal
EAXSJ78ZCXM6,OSPREY DISTRIBUTED CONTROL SYSTEMS LLC,ospreydcs.com,https://linkedin.com/company/osprey-dcs
EAYLHEN5VUR4,CAMBRIDGE VALLEY MACHINING INC,http://www.cvmusa.com,https://linkedin.com/company/cambridge-valley-machining-inc
EAYVJSPKYRW5,SOFTPRO INC,,
EAZVTUEVK9J9,AIRLINE HYDRAULICS CORP,http://www.airlinehyd.com,https://linkedin.com/company/airline-hydraulics-corporation
EB1EH1M4KJW5,"ENSIGN POWER SYSTEMS, INC.",http://www.ensignpower.com,https://linkedin.com/company/ensign-power-systems-inc.
EB1UAMULJPE3,"HERA TECHNOLOGIES, LLC",https://www.heratechnologies.com/,https://linkedin.com/company/heratechnologies
EB2BZTZX2FK8,AZTEC STEEL CORP,,
EB2KNC1ETJ68,"DARI MOTION, INC",www.darimotion.com,https://linkedin.com/company/darimotion
EB3JU482ZK95,"PHIOGEN, INC",,
EB51DZH2CV55,NEWSPACE SYSTEMS (PTY) LTD,,
EB56Y68SJKK9,TRUE FITNESS TECHNOLOGY INC,https://truefitness.com/,https://linkedin.com/company/true-fitness
EB5YRUQ63ML5,RAZOR TALENT LLC,www.razor-gov.com,https://linkedin.com/company/razor-talent-llc
EB6LPDELZEW1,"COHERENT NA, INC.",https://coherent.com,https://linkedin.com/company/ii-vi-incorporated
EB7XW4128N89,NORTHRAMP LLC,www.northramp.com,https://linkedin.com/company/northramp-llc
EB8ASJBCFER9,TRUSTEES OF DARTMOUTH COLLEGE,https://home.dartmouth.edu/,
EB8QTC6575E7,LIFE TECHNOLOGIES CORPORATION,www.thermofisher.com,https://linkedin.com/company/thermo-fisher-scientific
EBC8TT6W1LR7,"PLURIBUS DIGITAL, INC",https://pluribusdigital.com/,https://linkedin.com/company/pluribusdigital
EBCRHYHGVNH8,WAI.ORG INC,,
EBD3SM6LH8D3,"COLUMBIA HELICOPTERS, INC.",http://www.colheli.com,https://linkedin.com/company/columbia-helicopters
EBD9AKJ8QXT9,"CRAWFORD CONSULTING SERVICES, INC.",http://www.crawfordcs.com,https://linkedin.com/company/crawford-consulting-services-inc-
EBHPGDLGQLB5,DEV TECHNOLOGY GROUP INC,http://www.devtechnology.com,https://linkedin.com/company/dev-technology-group-inc.
EBKNK89HKJR7,CORUS AMERICA INC,,
EBKNUM13T7A8,"AMERICAN STANDARD CIRCUITS, LLC",www.asc-i.com,https://linkedin.com/company/american-standard-circuits-inc-
EBLRKPC8YFN3,"SAFETY SUPPLY ILLINOIS, LLC",www.emergentsafety.com,https://linkedin.com/company/emergent-safety-supply
EBMPA6MTMM15,VALSOFT CORPORATION INC.,https://www.valsoftcorp.com,https://linkedin.com/company/valsoft-corporation
EBMZBYJ88NJ4,PROMINDS INC.,www.promindsinc.com,https://linkedin.com/company/prominds-inc
EBNLNM6A9J16,JEWISH FAMILY & CHILDREN'S SERVICE OF PITTSBURGH,http://www.jfcspgh.org,https://linkedin.com/company/jfcspgh
EBNNSGN1QSW9,J B TOOL DIE & ENGINEERING CO INC,www.jbtool.com,https://linkedin.com/company/j-b-tool-die-&-engineering-inc.
EBPNMMDTMVS3,"CONTINENTAL RESOURCES, INC.",https://www.conres.com,https://linkedin.com/company/conres-it
EBPYG6SDG7U4,"WALTER R MCDONALD & ASSOCIATES, INC.",www.wrma.com,https://linkedin.com/company/wrma-incorporated
EBQTFRE1YJY7,"INTRA MANAGEMENT SOLUTIONS, INC.",www.intramanagement.us,https://linkedin.com/company/intra-management-solutions-inc.
EBR2SAM78E98,KPRO TECHNOLOGY SOLUTIONS LLC,,
EBS1APU148D7,SHELTON INDUSTRIAL PATTERN INC.,,
EBU7YETPLK66,"TSAY SERVICES, INC.",www.tsayfcg.net,https://linkedin.com/company/tsay-professional-services-inc.
EBUKVBEHZJD3,"CHANGEIS, INC.",www.changeis.com,https://linkedin.com/company/changeis-inc-
EBZDSEBLLSN5,"FUN PROMOTIONAL & MARKETING, LLC",,
EBZEDJKGEHJ3,COMBUSTION SERVICE & EQUIPMENT CO,www.combustionservice.com,https://linkedin.com/company/combustion-service-&-equipment
EC1SDFSMKGD8,ULTRAFLEX POWER TECHNOLOGIES CORP,http://www.ultraflexpower.com,https://linkedin.com/company/ultraflexpowertechnologies
EC2EAM566KK4,"SEAL SOURCE, INC",,
EC2HXDJ4ABY9,"ARMY, UNITED STATES DEPARTMENT OF THE",,
EC3PSNPJBWQ5,4 D TECHNOLOGY CORPORATION,www.4dtechnology.com,https://linkedin.com/company/4d-technology-corporation
EC59Z4DDUZH5,"CHA FIRE PROTECTION SERVICES, LLC",www.chasolutions.com,https://linkedin.com/company/chasolutions
EC6KKUUNA869,T.P.S. AVIATION INC,www.tpsaviation.com,https://linkedin.com/company/tps-aviation-inc.
EC89R8K2EAM1,GO VIRTUAL HUB LLC,www.govirtualhub.com,
ECAMF3T6JDK3,INFORMATION MANAGEMENT GROUP INCORPORATED,http://www.imgva.com,https://linkedin.com/company/information-management-group-inc-
ECC4QSJR4V29,HORIZON BLKL LLC,,
ECDGPWAKQLM5,HI-TEMP INSULATION INC,www.hi-tempinsulation.com,https://linkedin.com/company/hi-temp-insulation-inc.
ECEBCMT23L95,"YOUR RECRUITING COMPANY, INC.",http://www.yrci.com,https://linkedin.com/company/yrci
ECERJT8MXGY7,USFALCON INC,http://www.usfalcon.com,https://linkedin.com/company/usfalcon
ECJRKPLAC6X6,TMC DESIGN CORP,www.kbr.com,https://linkedin.com/company/kbr-inc
ECLEMFCQLBA3,"IRONCLAD ENVIRONMENTAL SOLUTIONS, INC",www.ironcladenvironmental.com,https://linkedin.com/company/ironclad-environmental-solutions
ECLHS3KB9BG9,ITT AEROSPACE CONTROLS LLC,,
ECLMHG6B3V55,49CHESTNUT LLC,http://shop.boselec.com,
ECMBGGMPLGG1,OTRS INC.,,
ECMFUQKJH6J5,AITECH DEFENSE SYSTEMS INC,www.aitechsystems.com,https://linkedin.com/company/aitech
ECMMFNMSLXM7,ERNST & YOUNG LLP,http://www.ey.com,https://linkedin.com/company/ernstandyoung
ECN9QQAS3RR7,"KWAAN BEAR IT SOLUTIONS, LLC",https://www.kwaan.tech,https://linkedin.com/company/kwaan-tech
ECNQBMECLWV8,"PRECISE TOOL & GAGE CO., INC.",,
ECP3DVGMJ178,"GENERAL DYNAMICS MISSION SYSTEMS, INC.",https://gdmissionsystems.com/,https://linkedin.com/company/gdms
ECQEYCHRNKJ4,LOUISIANA STATE UNIVERSITY,,
ECSAUZAF2L27,LIVYANA SOLUTIONS LLC,https://livyana.com,https://linkedin.com/company/livyana4u
ECT6DLK37A17,ENVIROS LLC,http://www.enviros.co,https://linkedin.com/company/enviros-llc
ECTJB433GHK9,"SIERRA CIRCUITS, INC.",http://www.protoexpress.com,https://linkedin.com/company/sierra-circuits-inc
ECU1JFCNQEL9,"UPTIME POWER SERVICES, INC.",,
ECVGTC9M42A5,PHANTOM CONSULTING LLC,www.phantomfed.com,
ECVKKAQVS745,NORTHROP GRUMMAN SYSTEMS CORPORATION,,
ECVNHKM2CLS9,"PICKERING INTERFACES, INC",http://www.pickeringtest.com,https://linkedin.com/company/pickering-interfaces-ltd
ECVUGNM64KJ9,"DEMARIA BUILDING COMPANY, INC.",http://www.demariabuild.com,https://linkedin.com/company/demaria-build
ECYDXWY42NE8,"GRAYBAR ELECTRIC COMPANY, INC.",http://www.graybar.com,https://linkedin.com/company/graybar
ECYYGVFCEBD9,"MICHAEL BAKER INTERNATIONAL, INC.",www.mbakerintl.com,https://linkedin.com/company/michael-baker-corporation
ED1FUMLGV8J8,EHMKE MANUFACTURING CO INC,http://www.ehmkemanufacturing.com,https://linkedin.com/company/ehmke-manufacturing-co-inc
ED38JFBQ5HJ1,FEDERAL EMPLOYMENT LAW TRAINING GROUP LLC,www.feltg.com,https://linkedin.com/company/federal-employment-law-training-group
ED3UKEMZW1L4,"MID-SOUTH INSTITUTE OF SELF-DEFENSE SHOOTING, INC.",WWW.SHAWSMIDSOUTH.COM,
ED44Y3W6P7B9,UNIVERSITY OF ARIZONA,,
ED4PY22BJ736,INTXUS LLC,,
ED4YYJ9HHU48,"HEITECH SERVICES, LLC",https://www.heitechservices.com,https://linkedin.com/company/heitech-services-llc
ED67D3S7GM79,NEW MEXICO STATE UNIVERSITY,,
ED68VX9VGWJ7,STRATEGIC ACI INC.,www.strategicaci.com,https://linkedin.com/company/strategic-alliance-consulting-inc-strategic-aci-
ED69KELJPL56,"ADVANCED INTEGRATED TOOLING SOLUTIONS, LP",www.aint.com,https://linkedin.com/company/advanced-integration-technology
ED9EEK4ZRZG4,SPACE MICRO INC,https://voyagertechnologies.com/,https://linkedin.com/company/voyager-space-holdings
EDFBY99K5FK8,AMENTUM SERVICES INC,WWW.AMENTUM.COM,https://linkedin.com/company/amentumcorp
EDFYQDDHQFQ7,BC INDUSTRIAL SUPPLY INC,www.bcwirerope.com,https://linkedin.com/company/bc-wire-rope-&-riggin
EDHQH5AXXQZ5,INTERNATIONAL BUSINESS MACHINES CORPORATION,www.ibm.com,https://linkedin.com/company/ibm
EDJPMQN1HSJ1,"MSA SAFETY SALES, LLC",http://us.msasafety.com,
EDJRHYWPGSD5,ZENITH AEROTECH INC.,www.zenithaerotech.com,https://linkedin.com/company/zenith-aerotech
EDNNTCM7SUS8,"IMIA, LLC",http://www.imiallc.com,https://linkedin.com/company/imiallc
EDPHZ76ZJ8S4,WOLF ADVANCED TECHNOLOGY CANADA INC.,https://wolfadvancedtechnology.com/,https://linkedin.com/company/wolf-industrial-systems
EDPJWWXFRS78,THOMAS R GRAMAGLIA,,
EDQMKDZR8L13,"FRANKLIN YOUNG INTERNATIONAL, INCORPORATED",https://www.franklinyoung.com,https://linkedin.com/company/franklin-young-international-incorporated
EDRPWMZNBE53,GATR TECHNOLOGIES INC,cubic.com,https://linkedin.com/company/cubic
EDSLG26M93P5,"WEY TECHNOLOGY, INC.",http://www.weytec.com,https://linkedin.com/company/wey-technology
EE22MN8C8Y66,MCB CONSULTING SERVICES LLC,www.blueprintits.com,
EE24CE9R36K5,"SYMAGO, L.L.C.",https://www.symago.com,https://linkedin.com/company/symagollc
EE24TREN1C63,EATON AEROSPACE LLC,https://www.eaton.com,https://linkedin.com/company/eaton
EE4DFDZXL9T4,VICTORY SALVAGE INC.,http://www.victorygse.com,https://linkedin.com/company/victory-ground-support-equipment
EE4QC8ZMMMG1,"CAL TECH PRECISION, INC.",https://www.caltechprecision.com,https://linkedin.com/company/cal-tech-precision-inc
EE51DXLB2EM9,"PATRIOT MACHINE, INC.",http://www.PatriotMachine.com,https://linkedin.com/company/patriot-machine-inc-
EE56U1NBJD28,"IMG LARKIN, LLC",lpmachining.com,https://linkedin.com/company/larkin-precision-machining-inc
EE68NLUN7935,ALIGNMENT INNOVATIONS LLC,alignmentinnovations.com,
EE7VPMSQ35B9,SIDDALL MEDICAL SERVICES INC,siddallmedical.com,https://linkedin.com/company/siddall-medical-services-inc.
EE8QGC6K5GM3,TST FAB & MACHINE LLC,www.tstfab.com,https://linkedin.com/company/tst-fab-machine
EEAHNCM5YLP6,"BERING AIR, INC.",http://www.beringair.com,https://linkedin.com/company/bering-air
EEANN2A3SSQ4,"INTERNATIONAL SOS GOVERNMENT MEDICAL SERVICES, INC.",www.internationalsos.com,https://linkedin.com/company/international-sos
EED2KNVTFKM4,PCM INNOVATION INC,http://www.lucasindustries.com,https://linkedin.com/company/lucas-industries1
EEEVF1V2TDK4,NETWORK RUNNERS INC,http://www.networkrunners.com,https://linkedin.com/company/network-runners-inc.
EEGBDCZNJBV8,ALPHA METALS INC,WWW.Macdermidalpha.com,https://linkedin.com/company/macdermid-alpha-electronics-solutions
EEJNYT8354R5,"2 CIRCLE, INCORPORATED",www.2circleinc.com,https://linkedin.com/company/2-circle-consulting-inc-
EEJPJ342F3P1,"TABET MANUFACTURING COMPANY, INC.",www.tabetmfg.com,https://linkedin.com/company/tabet-manufacturing
EEK3FKG37MH1,XENTEGRA LLC,www.xentegra.com,
EEKNG1Q8RHC5,"RUCHMAN AND ASSOCIATES, INC.",http://www.ruchman.com,https://linkedin.com/company/ruchman-and-associates-inc.
EEL5LCLB97W5,TRACE SYSTEMS INC.,https://www.tracesystems.com,https://linkedin.com/company/tracesystems
EELCNMZG4SQ9,"REXEL USA, INC",www.rexelusa.com,https://linkedin.com/company/rexelusa
EELNFQLNS977,"PHOENIX LOGISTICS, LLC",http://www.phxlogistics.com,
EEMGLBKJMXW4,"SAFETY & SECURITY INTERNATIONAL, INC.",www.safesecint.com,https://linkedin.com/company/safety-security-international-inc
EEPLYFLLCT75,"MIRION TECHNOLOGIES (CANBERRA), INC.",www.mirion.com,https://linkedin.com/company/mirion
EEQVRPF47MA4,APHASE II INC,http://www.aphaseii.com/,https://linkedin.com/company/aphase-ii-inc-
EETHKKLA2VB4,"TECOLOTE RESEARCH, INC.",http://www.tecolote.com,https://linkedin.com/company/tecoloteresearch
EEU5PKJS1MG9,ITS CONSULTING INC.,https://www.itsconsultingincorporated.com,
EF1MPLQXCGP5,PM CONSULTING GROUP LLC,http://www.Vistantco.com,https://linkedin.com/company/pm-consulting-group
EF5CK4DHMCX7,JOHNSON TECHNOLOGY SYSTEMS INC,http://www.jtsusa.com,https://linkedin.com/company/johnson-technology-systems-inc
EF5SVYPKG783,"DPM PHOTONICS, LLC",http://www.dpmphotonics.com,
EF8AMXMGG8W5,INIMMUNE CORP,www.Inimmune.com,https://linkedin.com/company/inimmune
EFAJMASTF3J7,HEWLETT PACKARD ENTERPRISE COMPANY,www.hpe.com,https://linkedin.com/company/hewlett-packard-enterprise
EFLUMXMDT5V5,VENABLE CORPORATION,http://www.venableinstruments.com,https://linkedin.com/company/venable-instruments
EFLWWRKBVJK7,COMPTECH ASSOCIATES INC,http://www.comptechassoc.com,https://linkedin.com/company/comptech-associates-inc.
EFMJMBBKTH98,VANTAGE POINT CONSULTING INC.,https://www.vantagepoint-inc.com,https://linkedin.com/company/vantage-point-inc.
EFN1E1RKJCB5,HUMAN SYSTEMS INC,www.humansys.com,https://linkedin.com/company/humansystems
EFNQK7LCF373,BCG FEDERAL CORP.,,
EFPUBFLRS1M5,AKS INDUSTRIES INC,aks.com,https://linkedin.com/company/aksindustries
EFQEHBXKNK93,"SOUTH BAY WIRE AND CABLE COMPANY, LLC",,
EFRNQ23VLW91,STRATEGIC TECHNICAL SERVICES LLC,www.stechservices.com,
EFUJRGGDQJQ8,AMETEK THERMAL SYSTEMS INC,www.ametek.com,https://linkedin.com/company/ametek
EFVAHN5V5X91,JAMES H. MALOY INC,,
EFVKMVKJ7WA4,FIBA TECHNOLOGIES INC,http://www.fibatech.com,https://linkedin.com/company/fiba-technologies-inc.
EFYZT2F4ZJ41,NASA/GEORGE C MARSHALL SPACE FLIGHT CENTER,,
EG1CUF4ECMN1,THERMO-CALC SOFTWARE INC.,http://www.thermocalc.com,https://linkedin.com/company/thermo-calc-software-ab
EG2FPZ1TYDC1,"FABRICATION DESIGNS, INC.",http://www.febr.us,
EG31A3FJCTJ4,"BABINGTON TECHNOLOGY, INCORPORATED",https://www.babingtontechnology.com,https://linkedin.com/company/babington-technology
EG51SSFUKAK5,"ORION ENVIRONMENTAL, LLC",https://www.orionsvcs.com,https://linkedin.com/company/orion-llc
EG7PZBJWSY56,HACIENDA HOME CENTERS INC,,
EG8PA9FTHJ49,"TONBERRY TECHNOLOGY, LLC",,
EGANCC4RAPA4,WAYNE J GRIFFIN ELECTRIC INC,http://www.waynejgriffinelectric.com,https://linkedin.com/company/wayne-j.-griffin-electric-inc.
EGBDNT5CHJT5,PRODIGY RESOURCES LLC,www.prodigyr.com,https://linkedin.com/company/prodigy-resources
EGBPZ9KZLFY3,GXA CONSULTING LLC,www.gxaconsulting.com,https://linkedin.com/company/gxaconsulting
EGC6VHPD1ZN9,"DELULLO, JAMES STONE SALES INC",,
EGDGLKK86XC4,"UFA, INC.",http://www.ufainc.com,https://linkedin.com/company/ufa-inc
EGEKMFMMJTP5,PREMIER MAGNESIA LLC,www.premiermagnesia.com,https://linkedin.com/company/premier-magnesia-llc
EGFEH8RLVSG4,SAITECH INC,http://www.saitechincorporated.com,https://linkedin.com/company/saitech-inc
EGG7N128UTU5,BAYBRENT CONSTRUCTION CORP.,,
EGG9MAKS16P7,"LEXMARK INTERNATIONAL, INC.",http://www.lexmark.com,https://linkedin.com/company/lexmark
EGH3SHQPQJN9,"CATERPILLAR, INC",http://www.caterpillar.com,https://linkedin.com/company/caterpillar-inc
EGJVFEKF3M23,IDEAL AEROSMITH INC,http://www.ideal-aerosmith.com,https://linkedin.com/company/ideal-aerosmith-inc.
EGLKRQ5JBCZ7,TEXAS TECH UNIVERSITY SYSTEM,https://www.ttu.edu,https://linkedin.com/company/texas-tech-university
EGLQXZHXXJM4,"NACEDA, INC",http://www.communityopportunityalliance.org,https://linkedin.com/company/communityopportunityalliance
EGM7CNQL4YT9,TITAN FIRE PROTECTION INC,www.titanfls.com,
EGMVALUJ9VA8,PROFESSIONAL RESOURCES INC,,
EGTSKWG112H3,"SAN DIEGO BAY PILOTS ASSOCIATION, INC",sdpilotage.com,
EGUJR2HGY9W8,"HAGERTY CONSULTING, INC.",http://www.hagertyconsulting.com,https://linkedin.com/company/hagerty-consulting
EGUJX219CR33,"ISOFTECH, INC.",http://www.isoftechus.com,https://linkedin.com/company/isoftech-inc
EGW4NKMMT7B8,ZILLION TECHNOLOGIES LLC.,www.zilliontechnologies.com,https://linkedin.com/company/zillion-technologies
EH1RW7J692F6,"AGILENT TECHNOLOGIES, INC.",http://www.agilent.com,https://linkedin.com/company/agilent-technologies
EH2ULQUQ2KG9,COLSA CORP,http://www.colsa.com,https://linkedin.com/company/colsa
EH4EX6TS7GQ8,WINTER COMPLIANCE LLC,,
EH5ZQ4MCMXU9,PREMISE DATA CORPORATION,http://www.premise.com/,https://linkedin.com/company/premise-data-corporation
EH81AMF2GNR4,"FPOLISOLUTIONS, LLC",,
EH99UMFGDJG4,"BOULDER MOUNTAIN REPAIR, INC.",,
EHA9FV16C2J5,"CLARITYMINDED CONSULTING, INC.",https://www.clarityminded.com,https://linkedin.com/company/clarityminded-consulting-inc
EHAHGTL47WJ9,GREAT FLOORS LLC,http://www.greatfloorscommercial.com,https://linkedin.com/company/great-floors
EHAHZYYA4RK6,"DPA LABS, INC.",,
EHCCRL4SKH88,DMY ENGINEERING CONSULTANTS INC,http://www.dmyec.com,https://linkedin.com/company/dmy-engineering-consultants-llc
EHD6UHNJVH66,"BARRIOS TECHNOLOGY, LLC",http://www.barrios.com,https://linkedin.com/company/barrios-technology
EHDKD39SMZV4,CHARTIS CONSULTING CORPORATION,http://www.chartisfed.com/,https://linkedin.com/company/chartis-federal
EHEEAGYKUB87,PARALLAX ADVANCED RESEARCH CORP,https://parallaxresearch.org/,https://linkedin.com/company/parallaxadvancedresearch
EHENDFR91X94,"MADISON AEROSPACE, INC.",http://www.madisonaerospace.com,https://linkedin.com/company/madison-aerospace-inc.
EHFEGVQLLNB5,ADAPTIVE AEROSPACE GROUP INC,https://www.adaptiveaero.com/,https://linkedin.com/company/adaptive-aerospace-group
EHG9DNG7MTD5,ENVIROSYSTEMS MANAGEMENT INC,www.esmaz.com,https://linkedin.com/company/envirosystems-management
EHGSKPUJFD97,INTEGRATED SOLUTIONS FOR SYSTEMS INC,www.is4s.com,https://linkedin.com/company/integrated-solutions-for-systems
EHH5T6JZ3Q81,"OUTDOOR RESEARCH, LLC",,
EHHTAJH4JGL7,"TENET 3, LLC",https://tenet3.com,https://linkedin.com/company/tenet-3
EHHXV9BXH3A8,"TOBII TECHNOLOGY, INC",http://www.tobii.com,https://linkedin.com/company/tobii
EHJJDG7BA2X3,"REDWIRE SPACE ENTERPRISES, INC.",www.redwirespace.com,https://linkedin.com/company/redwire
EHJKHN7FE8D7,"ECONOMETRICA, INC.",http://www.EconometricaInc.com,https://linkedin.com/company/econometrica-inc-
EHLAQ9ZLDUF9,"RADIUS AEROSPACE-FORT WORTH, INC.",http://www.radiusaerospace.com/,https://linkedin.com/company/radius-aerospace-inc
EHMKJSKZBFT3,GLOBAL COOLING INC,http://www.stirlingultracold.com,https://linkedin.com/company/stirlingultracold
EHMMZUCV4NU9,FOURTH FACTOR ENGINEERING,http://www.fourth-factor-engineering.com,https://linkedin.com/company/fourth-factor-engineering-llc
EHPEH285KRZ3,"CHESAPEAKE SYSTEMS, LLC",http://www.chesapeakesystems.com,https://linkedin.com/company/chesapeake-systems-llc
EHPVXELVBJ59,HRG TECHNOLOGIES LLC,https://www.HRG-Tech.com,https://linkedin.com/company/hrg-tech
EHQ4FU1KTDF9,"C.M. MUNDEN, L.L.C",www.cmmunden.com,https://linkedin.com/company/cm-munden
EHRJCSUERKU3,EATON AEROSPACE LLC,http://www.eaton.com,https://linkedin.com/company/eaton
EHRUT1GL6GE3,LIRO ENGINEERS INC,http://www.liro-hill.com,
EHRWVB3NWNS5,"INFINITE ELECTRONICS INTERNATIONAL, INC",www.transtector.com,
EHX1E95M1144,ORBIT LOGIC INCORPORATED,http://www.auria.space,https://linkedin.com/company/auriaspace
EHYSH7TAMJL3,"APPLIED TECHNICAL SERVICES, LLC",www.atslab.com,https://linkedin.com/company/applied-technical-services-inc-
EJ1JELCLTMH8,SKC9221 LP,,
EJ1VNLDN7AH7,"SEMITORR GROUP, LLC",,
EJ2KR2BE6DB9,"N.O.M.E.S CO.,LTD.",,
EJ36VJG7FA16,CENSEO INSIGHT INC,,
EJ3DR587JSD6,NEW GRANITE CORP,,
EJ3KVNFHQY35,FLOW GRINDING CORP.,www.flowgrinding.com,https://linkedin.com/company/winbro-flow-grinding
EJ3UF7TK8RT5,MONTANA STATE UNIVERSITY,www.montana.edu,https://linkedin.com/company/montana-state-university
EJ5KDPJ8C3E7,FUTURE RESEARCH CORP,http://www.future-research.com,https://linkedin.com/company/future-research-corporation
EJ5VRDCHXGD5,CIANNA TRADING,,
EJ7FQTKXMF19,"PUBLIC-PRIVATE ENTERPRISE, INC.",www.eaprincipals.com,https://linkedin.com/company/ea-principals-inc.
EJANP1ZNPM53,R E DYE MANUFACTURING CORP,http://www.dyemfg.com,https://linkedin.com/company/r-e-dye-mfg-corp
EJB6ZB4NKGJ7,"MAIN INDUSTRIES, INC.",http://www.mainindustries.com,https://linkedin.com/company/main-industries
EJBNYDDBZ8M8,"ALLEGIS GLOBAL SOLUTIONS, INC.",http://www.allegisglobalsolutions.com/,https://linkedin.com/company/allegis-global-solutions
EJC5MLA1EDR6,"ALLIANCE CONSULTING GROUP, INC.",,
EJC9NRS6VMV6,"NORTEK, INC.",www.nortekinc.net,
EJEYW5EHKS33,"CIVIL CONSTRUCTORS, LLC",www.civilconstructors.com,https://linkedin.com/company/civil-constructors-llc
EJFEUDHTNE34,WOODROW WILSON INTERNATIONAL CENTER FOR SCHOLARS,http://www.wilsoncenter.org,https://linkedin.com/company/woodrow-wilson-international-center-for-scholars
EJFZBVL8KBE8,INTRACOM DEFENSE S.A.,http://www.intracomdefense.com,https://linkedin.com/company/intracom-defense
EJGAG5JRGQ78,PYRODRONE INC,https://pyrodrone.com,
EJHLK4EPCLK4,"HAMMER TECHNOLOGIES, INC.",http://www.hammer.com,https://linkedin.com/company/empirix
EJJEPK6T3C58,"BOCA SYSTEMS, INC.",https://bocasystems.com/,https://linkedin.com/company/boca-systems
EJJMMJHYDFH6,SOFTWARE INFORMATION RESOURCE CORP.,https://sirc.net/,https://linkedin.com/company/sirc
EJJXKDYPAH95,"SUMMIT ENGINEERING & DESIGN, INC",http://www.sumedi.com,
EJLLKG23UGB7,SMR ACQUISITION LLC,www.smrtech.com,https://linkedin.com/company/smrtech
EJMBJAWAJ281,A 1 ROOFING & SIDING OF LONG ISLAND INC,,
EJMPGBMM7SZ5,"INQU, LLC",http://www.inqullc.com,https://linkedin.com/company/inqullc
EJPHDA25YKA3,"PEACOCK INDUSTRIES, INC.",,
EJRGNJY3K667,"ALAMO AIRCRAFT, LTD.",http://www.alamoaircraft.com,https://linkedin.com/company/alamo-aircraft
EJTJCEU4NEY7,"CAPTURA GROUP, INC.",capturagroup.com,https://linkedin.com/company/captura-group-
EJU3YXNJ73W7,LASER MECHANISMS INC,www.lasermech.com,https://linkedin.com/company/laser-mechanisms-inc.
EJVEQ287C115,CRESTVIEW AEROSPACE LLC,www.gov2x.com,https://linkedin.com/company/v2x-inc
EJVGS1ALXWL7,BEST THERATRONICS LTD,,
EJXJZ82WWFH5,"GETTY IMAGES (US), INC.",www.gettyimages.com,https://linkedin.com/company/getty-images
EJY3BKKEPM74,L-W RESOURCES INC.,,
EJYGG1L82NJ7,TASCOSA OFFICE MACHINES INC,https://www.tascosaofficemachines.com,https://linkedin.com/company/tascosa-office-machines-inc.
EK1EJJKJGY54,PROCESS OPTIMIZATION CORP,www.processopt.com,
EK1ESH43JLG1,LIGHTING SOLUTIONS INC,lightingsolutionsal.com,https://linkedin.com/company/lighting-solutions-inc
EK1RWL88YCD7,"CANTADA, INC.",www.cantada.com,https://linkedin.com/company/cantada-inc
EK2VPHAM8ZA3,ILC ASTROSPACE LLC,https://ilcdoverastrospace.com/,https://linkedin.com/company/ilcdoverastrospace
EK38FYR4WKJ7,VECTOR RESOURCE INC,,
EK4EVQQNEFC6,"HEXAGON MANUFACTURING INTELLIGENCE, INC.",www.HexagonMI.com,https://linkedin.com/company/hexagon-manufacturing-intelligence
EK4KQRG7Y3T3,"WORLDWIDE TECHNOLOGY, INC.",,
EK5HS5TQGC65,ACCELERA SOLUTIONS INC,http://www.accelerasolutions.com,https://linkedin.com/company/accelera-solutions
EK6BCL7SP8J3,"COMPUTER CORNER, INC.",http://www.compcorner.com,https://linkedin.com/company/computercornerabq
EK6TS63CVX56,TRACTORS SINGAPORE LIMITED,,
EK8EX4UJ13Q3,N2L INC,https://n2linc.com/,
EK8QHEWKLQW4,SAICON CONSULTANTS INC,http://www.saiconinc.com,https://linkedin.com/company/saicon
EKBDFNN2WVW1,MICROSS ADVANCED INTERCONNECT TECHNOLOGY LLC,www.micross.com,https://linkedin.com/company/micross-components
EKBPFWMJ11Z5,"VERA INSTITUTE OF JUSTICE, INC.",www.vera.org,https://linkedin.com/company/verainstitute
EKBPUFBW5SX4,WORLEY GROUP INC.,http://www.worley.com,https://linkedin.com/company/worley
EKC3M5MM9LU5,SENSEEKER CORP,http://www.senseeker.com,https://linkedin.com/company/senseeker
EKC8RDWNPJR7,DORSCH ENGINEERS GMBH,www.dorsch.de,
EKCMJWXN6HZ5,BLUESTONE ANALYTICS LLC,www.caci.com,https://linkedin.com/company/caci-international-inc
EKCQA7QFM295,OE ENTERPRISES INC,oeenterprises.org,https://linkedin.com/company/oe-enterprises-inc
EKCUFTMPGEK7,"DAVIES OFFICE REFURBISHING, INC.",http://www.daviesoffice.com,https://linkedin.com/company/davies-office
EKEAY6L6H8G9,RUSHKAR LLC,,
EKENLJGYWSK3,APPLIED OPTICAL SYSTEMS INC,https://www.occfiber.com,https://linkedin.com/company/optical-cable-corporation
EKJAU49TD249,"SIEMENS INDUSTRY, INC.",,
EKL7NMZENLK8,"COHERENT AEROSPACE & DEFENSE, INC.",,
EKM9XMFTDJM5,"INNOVA SOLUTIONS, INC.",https://www.innovasolutions.com/,https://linkedin.com/company/innova-solutions
EKMHNNLB2P76,"AJAY GLASS & MIRROR CO., INC.",http://www.ajayglass.net,https://linkedin.com/company/ajay-glass-co-
EKMNJ5BTKTS7,OUVERTURE CONSULTING SERVICES LLC,www.blackengtech.com,https://linkedin.com/company/black-rock-engineering-and-technology
EKMZLAM9SJH3,CAPITAL RESEARCH CORPORATION,,
EKN2B3KBYLV3,"AMERICAN INTEGRATED SERVICES, INC.",http://www.americanintegrated.com,https://linkedin.com/company/american-integrated-services
EKPBDWREDBT6,MISSION MECHANICAL CORP,MissionMechanical.com,https://linkedin.com/company/missionmechanical
EKPDJ8D9VKE8,AUTERION GOVERNMENT SOLUTIONS INC,https://auterion-gs.com,https://linkedin.com/company/auterion-gs
EKQZFQZDGP25,FEDEX LOGISTICS INC,,
EKW2G9CMSJF3,PAYDARFAR INDUSTRIES INC,,
EKWNHZLXL6G8,LIBURDI DIMETRICS CORPORATION,http://www.liburdi.com,
EKX7NH3L3111,"SAFRAN DEFENSE & SPACE, INC.",https://www.safran-dsi.com/,https://linkedin.com/company/safran-dsi
EL1RSYJBCLE5,"MONUMENT CONSTRUCTION SERVICES, LLC",http://www.monumentnh.com,
EL2JPJYHKBL6,"AERO STRUCTURES LONG ISLAND, INC.",www.aerostructuresli.com,https://linkedin.com/company/aerosli
EL3DX8UD3EG6,PACIFIC PROPELLER INTERNATIONAL LLC,https://www.pacprop.com,https://linkedin.com/company/pacific-propeller-international
EL49KF26RWQ6,"FLYCAST PARTNERS, INC.",www.flycastpartners.com,https://linkedin.com/company/flycast-partners
EL4HDQG6X4S4,EVIDENCE PRIME INC,https://evidenceprime.com,https://linkedin.com/company/evidence-prime
EL55BFRTMJE4,FLEET CANADA INC.,www.fleet.ca,https://linkedin.com/company/fleet-canada-inc
EL5HLLUJJ9P8,ESPHERA CONCEPTS LLC,http://www.espheraconcepts.com/,https://linkedin.com/company/esphera-concepts-llc-
EL5SEMJZ2N39,POLARIS SALES INC,www.polaris.com,https://linkedin.com/company/polarisinc
EL6NBA2J7UH1,CPD INDUSTRIES,http://www.casecruzer.com,https://linkedin.com/company/casecruzer
EL87FVGWGUL3,"KRATOS S1, INC.",https://www.kratosdefense.com,https://linkedin.com/company/kratos-defense-and-security-solutions
EL89M5HYCR13,"KRAMER AND SONS OVERHEAD DOOR SERVICES, LLC",kramerandsonsohd.com,
EL8HLY7JAJ21,"NEWTEX INDUSTRIES, INC.",http://www.newtex.com,https://linkedin.com/company/newtex
EL92C1MBLGU8,"INTEGRATED TECHNOLOGIES, INC.",https://intecaero.com/,https://linkedin.com/company/integrated-technologies-inc-intec
ELA3HTZ25FJ3,"PACIFIC MOBILE STRUCTURES, INC.",https://www.pacificmobile.com,https://linkedin.com/company/pacificmobile
ELACKPEFHNE5,WOMACK MACHINE SUPPLY CO. - WEST,http://www.womack-machine.com/,https://linkedin.com/company/womack-machine-supply
ELDGXGH6UF76,DAYLIGHT SOLUTIONS INC,http://www.daylightsolutions.com,https://linkedin.com/company/daylight-solutions
ELDKUA1HMQQ9,AL-NAQEEB INTERNATIONAL,www.an-intl.com,
ELE6PBNNCKE9,"CPU SALES & SERVICE, LLC",http://www.cpusales.com,https://linkedin.com/company/cpu-sales-&-service-inc
ELEFWKAQ58N7,SHIELDING RESOURCES GROUP INC,http://www.shieldingresources.com,https://linkedin.com/company/shielding-resources-group
ELEGNCQLEDE5,"CORTICAL METRICS, LLC",,
ELFBBGLV6M27,CALCEF INNOVATIONS,www.newenergynexus.com,https://linkedin.com/company/newenergynexus
ELFPMGFEDEM9,"JOE SPECHT, INC.",,
ELGCK76CQE17,"HAMILTON SUNDSTRAND SPACE SYSTEMS INTERNATIONAL, INC",https://www.collinsaerospace.com/what-we-do/Space,https://linkedin.com/company/collins-aerospace
ELHDQLWTSNB7,"10NOVATE, INC.",https://10novate.com,https://linkedin.com/company/10novate-inc-
ELHLDHHK7TE6,TLD AMERICA CORPORATION,https://www.tld-group.com,https://linkedin.com/company/tld
ELJKT2HM49Y4,EDAC SYSTEMS INC,edacsystems.com,
ELJLLT7UPF36,VDL RISK SOLUTIONS LLC,,
ELKWFWEMPGU4,LIFEPORT LLC,http://www.lifeport.com,https://linkedin.com/company/lifeport
ELLUAG55SBL1,TRIMTECK LLC,http://www.trimteck.com,https://linkedin.com/company/trimteck-llc
ELMJG6KLSMH5,BGRS RELOCATION INC,www.bgrs.com,https://linkedin.com/company/bgrs
ELMMA6E1Z5C6,NASIM AL-DHILAL FOR TRADING AND GENERAL TRANSPORTATION LLC,https://www.nasimaldhilal.com,
ELN2HKKM8T59,CAREERWISE COLORADO,,
ELPFR9KUQP89,ALOHA HOUSE INC,www.mbhr.org,
ELR4RJU5QA31,HUTCHINSON SEAL DE MEXICO STILLMAN SEAL DIVISION,www.hutchinson.com,https://linkedin.com/company/hutchinson
ELRCC8X6PB75,FLORIDA EQUIPMENT AND RESTORATION INC.,www.fear-us.com,https://linkedin.com/company/florida-equipment-and-restoration-inc
ELRJA5VU2TC4,"GIGLI ENTERPRISES, INC.",www.giglienterprises.com,https://linkedin.com/company/giglienterprises
ELXCVGUKZN69,ROZENDAL ASSOCIATES INC,HTTP://WWW.ROZENDALASSOCIATES.COM,
ELXFYJCQ3VZ5,UNITED STATES BOMB TECHNICIAN ASSOCIATION CORP.,www.usbta.us,https://linkedin.com/company/usbta
ELYTLF4DNVL4,SCHAEFFLER AEROSPACE CANADA INC,,
ELZ9V5YDVCM4,TVI SUPPLY LLC,www.tvisupply.com,https://linkedin.com/company/tvisupply
EM1ZJ3TXF729,JRH ELECTRONICS L.L.C.,https://www.jrhelec.com/,
EM2KFMQPL9B7,"ENVISION TECHNOLOGY, LLC",www.envision-tek.com,https://linkedin.com/company/envision-technology-llc
EM32MLK73164,"MARATHONNORCO AEROSPACE, INC.",,
EM47C85HN775,TRADEWIND SERVICES LLC,http://www.tradewindllc.com,https://linkedin.com/company/tradewind-services-llc
EM58XMSLM5F4,TARRANT COUNTY ASSOCIATION FOR THE BLIND,http://lighthousefw.org/,https://linkedin.com/company/tarrant-county-association-for-the-blind
EM5JLEWNEW93,"ROSENBAUER MINNESOTA, LLC",www.rosenbaueramerica.com,https://linkedin.com/company/rosenbauer-america
EM69BA824383,NP COMPLETE SOLUTIONS LLC,,
EM6BJKLFQ7K3,CRYE PRECISION LLC,http://www.cryeprecision.com,https://linkedin.com/company/crye-precision-llc
EM6BVL2XKUB4,NOVARIS TECH SERVICES LLC,www.novaristechllc.com,
EMACGJ3EEAT5,DIGITAL MANAGEMENT LLC,http://www.dminc.com,https://linkedin.com/company/dmi-digital-management-inc-
EMB5BQCKBTE7,SEAWORKS GROUP LLC,www.seaworksgroup.com,https://linkedin.com/company/seaworks-group-llc
EMB6F6ML48D9,AGELIX CONSULTING LLC,www.agelixconsulting.com,https://linkedin.com/company/agelix-consulting-llc
EMD9C1DDTNK5,"ASC SUNSTONE CIRCUITS, LLC",www.sunstone.com,https://linkedin.com/company/sunstone-circuits
EMDBKPF8P4C6,HYATT HOTELS CORPORATION OF MARYLAND,,
EMDENLGQ3PS7,HERZOG ROOFING INC,www.herzogroofing.com,https://linkedin.com/company/herzog-roofing-inc
EMDWMA6A2NN6,"VIKING PRECISION, INC",,
EMEFAF4SLNK8,ONTARIO SPECIALTY CONTRACTING INC,https://oscinc.com,https://linkedin.com/company/osc-inc-
EMETZPF1MPA5,"WILSON & COMPANY, INC., ENGINEERS & ARCHITECTS",http://www.wilsonco.com,https://linkedin.com/company/wilson-&-company-inc--engineers-and-architects
EMFNZND66N54,"WISS, JANNEY, ELSTNER ASSOCIATES, INC.",http://www.wje.com,https://linkedin.com/company/wiss-janney-elstner-associates-inc-
EMHYSDGNGLW6,"ONYX POINT, LLC",http://www.onyxpoint.com,https://linkedin.com/company/onyx-point-inc.
EMJGDZ9CM743,KNOWLES CAZENOVIA INC.,www.knowles.com,https://linkedin.com/company/knowles-electronics
EMK7XKM8PCL6,"LINQ I OF, LLLP",,
EMLJFKJANN78,SHORELINE TECHNICAL SOLUTIONS LLC,,
EMLLPMMKHNP5,"SPECTRA SERVICES, INC.",http://www.spectraservices.com,https://linkedin.com/company/spectra-services-inc.
EMMNR34H2XV9,"MADDOX INDUSTRIAL TRANSFORMER, LLC",www.maddox.com,
EMN7PDHGMKV6,MARINE FENDERS INTERNATIONAL INC,http://www.marinefendersintl.com,https://linkedin.com/company/marine-fenders-international-inc-
EMPENQAAXNP7,"GREYNOISE INTELLIGENCE, INC",,
EMQPJUELXEK3,AEOLIS RESEARCH INC,http://www.aeolisresearch.com/,
EMSJF133EBY9,"TECAN U.S., INC.",https://www.tecan.com/,https://linkedin.com/company/tecan
EMT5K9HHKBU5,"OBJECT CTALK, INC.",http://www.octalk.com,https://linkedin.com/company/object-ctalk-inc.
EMTBV5JZRDD7,GEOPHYSICAL SURVEY SYSTEMS INC,https://WWW.GEOPHYSICAL.COM,https://linkedin.com/company/geophysical-survey-systems-inc.
EMW9FC8J3HN4,GEORGIA TECH RESEARCH CORP,https://gtrc.gatech.edu/,https://linkedin.com/company/georgia-tech-research-institute
EMXDXET56K76,FLORIDA INSTITUTE FOR HUMAN & MACHINE COGNITION INC,http://www.ihmc.us,https://linkedin.com/company/ihmc
EMXMDALWD1F3,STRAITSYS INC,http://www.straitsys.com,https://linkedin.com/company/straitsys
EN1YLEESWCU8,"THE PRECISION GROUP, LLC",www.precision-solutions.com,https://linkedin.com/company/precision-solutions
EN2KJWF82J61,INTEGRITY WIRE EDM INC,,
EN2MEYLMUK51,"BENTLEY SYSTEMS, INCORPORATED",http://www.bentley.com,https://linkedin.com/company/bentley-systems
EN35MBKFJEG1,E-QUALITY PARTNERS LLC,www.e-qualitypartners.com,
EN4JNYETU5R1,VERITAS INC,http://www.veritas-inc.us,
EN4KV5WHRFJ7,"BRESA TECH, LLC",,
EN4SSCLGGXT3,"OLSON BROTHERS PRO-VAC, LLC",www.pro-vac.com,https://linkedin.com/company/pro-vac-llc
EN6CLK9LN1Y3,MINDRUM PRECISION INC.,https://www.Mindrum.com/,https://linkedin.com/company/mindrum-precision-products
EN6YSARNJWK8,"CONCERT TECHNOLOGIES GROUP, INC.",www.concerttech.com,https://linkedin.com/company/concert-technologies
EN8HK9ZA9HH1,"WHEELER PAVING, INC.",,
EN94BAJ13GL5,"ALLIED HIGH TECH PRODUCTS, INC.",https://www.alliedhightech.com,https://linkedin.com/company/allied-high-tech-products-inc-
EN99GMCBAZ57,"FOUNDATION FOR EARTH SCIENCE INFORMATION PARTNERS, INC",esipfed.org,https://linkedin.com/company/earth-science-information-partners
ENAGJDNFD6K4,"MIDWEST AEROSPACE, LTD.",,
ENB6VFMNJHP1,"ASHLEY SLING, LLC",http://www.ashleysling.com,https://linkedin.com/company/ashleysling
ENBLDJUN4N73,THE REGENTS OF THE UNIVERSITY OF CALIFORNIA,http://www.lbl.gov,https://linkedin.com/company/lawrence-berkeley-national-laboratory
ENC9Y8JGL3E9,RAYTHEON COMPANY,https://www.rtx.com/,https://linkedin.com/company/raytheontechnologies
ENCHWG48KJU9,"STATE SYSTEMS, LLC",https://www.statesystemsinc.com,https://linkedin.com/company/state-systems
ENCTGACNWY35,UNIFIRST CORPORATION,www.unifirst.com,https://linkedin.com/company/unifirst-corporation
ENEPB5X29E23,UNIVERSITY OF ARIZONA APPLIED RESEARCH CORPORATION,https://www.kylinstitute.org,https://linkedin.com/company/the-university-of-arizona-applied-research-corporation
ENEWEG155JF5,"3RD STAR RESOURCE & CONSULTING GROUP, LLC",www.3rdstarrcg.com,
ENFMGE9JQE55,GOLDEN MAX LLC,www.OptimalMax.com,https://linkedin.com/company/optimal12701
ENG5KSE6FZV5,"ANALYTICAL MECHANICS ASSOCIATES, INC.",http://www.ama-inc.com,https://linkedin.com/company/analytical-mechanics-associates-inc.
ENGMGKYMQVC7,CONCERAS LLC,http://www.conceras.com,https://linkedin.com/company/conceras
ENHQHJ59WGB4,MILTOPE CORPORATION,www.mymiltope.com,https://linkedin.com/company/vt-miltope
ENK5VCY549F3,"ELECTRO OPTICAL COMPONENTS, INC",http://www.eoc-inc.com,https://linkedin.com/company/electro-optical-components-inc-
ENKAZ8PHSNU5,AERO INDUSTRIAL SALES INC,www.aero-ind.com,
ENKEEGPLQM86,COMPUNETIX INC,http://www.compunetix.com,https://linkedin.com/company/compunetix
ENLFGEEA4119,"MERCURY PARTNERS USA, LLC",https://mercuryfederal.com/,https://linkedin.com/company/mercury-federal
ENLSN31RWYQ5,"FIRSTSPEAR, LLC",www.first-spear.com,https://linkedin.com/company/firstspear
ENLWH8J14KF5,"KOOPS, INC",http://www.koops.com,https://linkedin.com/company/koops-automation-systems
ENMABJK5ABM6,WA ZEPP INC,,
ENMFLGV87MS4,"L3HARRIS TECHNOLOGIES, INC.",www.l3harris.com,https://linkedin.com/company/l3harris-technologies
ENMLGBLF5SY5,"INDIAN EYES, LLC",http://www.indianeyesllc.com,https://linkedin.com/company/indian-eyes-llc
ENNFZQ3K6J44,DLS ELECTRONIC SYSTEMS INC,http://www.dlsemc.com,https://linkedin.com/company/d.l.s.-electronic-systems-inc
ENNMWN7J4QN5,"BELL AND HOWELL, LLC",bellhowell.net,https://linkedin.com/company/bell-and-howell-llc
ENPBYBAKH6M5,2022 ENVIRONMENTAL SCIENCE ZA (PTY) LTD,,
ENR9ZAAGMWJ5,THE KINETIC GROUP SALES LLC,https://www.thekineticgroup.com/,https://linkedin.com/company/thekineticgrp
ENRQGFMFYX65,"THE GLIMPSE GROUP, INC.",https://www.theglimpsegroup.com/,https://linkedin.com/company/the-glimpse-group
ENRRHNF52PZ6,INTERMECH INC,http://www.intermechinc.com/,https://linkedin.com/company/intermech-inc.
ENU8H2FDQUR3,"W-L CONSTRUCTION & PAVING, INC.",,
ENUPN2UD6CE5,OVERLY DOOR CO,http://www.overly.com,https://linkedin.com/company/overlydoor
ENW7GKKSMWA9,INSTRUMENT DEVELOPMENT COMPANY LLC,http://www.idcwi.com,https://linkedin.com/company/instrument-development-corp-
ENWEMNJABJB3,PCI GOVERNMENT SERVICES LLC,,
ENYPY5579423,"DON WOOD, INC.",WWW.DONWOODINC.COM,https://linkedin.com/company/don-wood-inc
ENYZQJX3AM49,STRATIVUS GROUP LLC,strativusgroup.com,https://linkedin.com/company/strativusgroup
ENZETSPLL1U6,STRATEGIC HARDWARE LLC,www.strategicintegrators.com,https://linkedin.com/company/strategic-integrators
EP2TN3E6Z624,COASTAL MECHANICAL SYSTEMS LLC,,
EP2TYJCSSC34,"SMOKEY VALLEY STONE COMPANY, INC.",https://www.smokeyvalleystone.com,https://linkedin.com/company/smokey-valley-stone-company
EP2YV334RU54,PAINTS WELL WITH COLORS LLC,,
EP5JCCEJF3W1,"TELOS IDENTITY MANAGEMENT SOLUTIONS, LLC",,
EP5XD6YJ48S4,JENNIFER GOTO SABAS,,
EP6JXEP15RF3,"GENUINE CABLE GROUP, LLC",www.seacoastusa.com,https://linkedin.com/company/seacoast-usa
EP8HTN6PUJW3,"TWO SIX LABS, LLC",www.twosixtech.com,https://linkedin.com/company/twosixtechnologies
EPB9SA8M5Y24,"ORANGE POWER GROUP, LLC",www.ditchwitchok.com,https://linkedin.com/company/ditch-witch-of-oklahoma-and-arkansas
EPCMJG5L37F8,TECHNOSOFT CORPORATION,https://www.apexon.com,https://linkedin.com/company/apexon
EPE8N2747L14,TREWON TECHNOLOGIES LLC,http://www.trewon.com,https://linkedin.com/company/trewontechnologies
EPF8L1HD9967,"ECLIPTIC ENTERPRISES, LLC",http://www.eclipticenterprises.com,https://linkedin.com/company/ecliptic-enterprises-corp
EPFDKHMDZD49,L3 TECHNOLOGIES INC,www.L3Harris.com,https://linkedin.com/company/l3harris-technologies
EPGEDJENXKP5,MOSEBACH MANUFACTURING CO,mosebachresistors.com,https://linkedin.com/company/mosebach-manufacturing-company
EPGKAM995LG8,"AGAPE PRECISION MANUFACTURING, LLC",www.agapeprecision.com,https://linkedin.com/company/agape-precision-manufacturing
EPHAWTK3GTC3,K-INTERIORS INC,,
EPHBJMLFMGL7,"STACO SYSTEMS, INC.",http://www.stacosystems.com,https://linkedin.com/company/stacosystems
EPHWNNESLJP8,INTERIOR OFFICE SOLUTIONS LLC,,
EPJUMJ21D9N7,"ALPHA ANALYTICAL, INC.",WWW.PACELABS.COM,https://linkedin.com/company/paceanalytical
EPJXJJAXYF38,"AMENTUM ENVIRONMENT & ENERGY, INC.",WWW.AMENTUM.COM,https://linkedin.com/company/amentumcorp
EPK7A98BB4B6,"HEILIND MIL-AERO, LLC",www.trekconnect.com,
EPKJDHG86395,GREATBATCH LTD,http://www.electrochemsolutions.com,
EPM4K66RGC53,PILLER POWER SYSTEMS INC,http://WWW.PILLER.COM,https://linkedin.com/company/piller-power-systems
EPNEY4E87QD5,Q MISSION CORP,www.qmission.net,https://linkedin.com/company/q-mission
EPS4KK8K2894,"CERTASIM, LLC",www.certasim.com,https://linkedin.com/company/certasim-llc
EPSXPD13DQA6,DIGITAL PROSPECTORS CORP,www.digitalprospectors.com,https://linkedin.com/company/digital-prospectors
EPSYXPS5MK39,NORTHROP GRUMMAN SYSTEMS CORPORATION,,
EPUGRG9KBQN4,"BRENNER AEROSTRUCTURES, LLC",https://atlasgroupaero.com/,https://linkedin.com/company/atlas-group-aero
EPUTKD1TNYL6,CIPHER TECH SOLUTIONS INC,http://www.ciphertechsolutions.com,https://linkedin.com/company/cipher-tech-solutions-inc-
EPUXNLX5EYC4,"AECOM TECHNICAL SERVICES, INC.",https://www.aecom.com,https://linkedin.com/company/aecom
EPXRZEYFHHG7,PREMIER AEROSPACE GROUP LLC,https://jbkmfg.com/,https://linkedin.com/company/jbk-manufacturing
EPYHURDCL7F8,CAMPBELL SCIENTIFIC INC,www.campbellsci.com,https://linkedin.com/company/campbell-scientific
EPZRSJ58NBZ7,"METRO AUTOMATED GATES, INC",,
EQ4HBHW29VJ1,AEROVIRONMENT INC,www.avinc.com,https://linkedin.com/company/aerovironment
EQ58YATMAN73,RON WITHERSPOON INC,http://www.rwinc.com,https://linkedin.com/company/ron-witherspoon-inc
EQ6FZK8R7A75,COILCRAFT INC,http://www.coilcraft.com/,https://linkedin.com/company/coilcraft
EQ8JN83A1DU5,GP IONICS LLC,,
EQA8MRHUYJR3,UNIVERSAL SWITCHING CORPORATION,HTTP://WWW.USWI.COM,https://linkedin.com/company/universal-switching-corporation
EQCDVVCRKGS1,TIO-TEK LLC,www.tio-tek.com,
EQEMFC4FVBV8,"MACKAY COMMUNICATIONS, INC",http://www.mackaycomm.com,https://linkedin.com/company/mackay-communications-inc-
EQEPN9S7L8Q4,"BROWN INDUSTRIAL PARTS SERVICES, INC.",https://www.bipskc.com,https://linkedin.com/company/brown-industrial-parts-services
EQGGN3DKP8K3,FN AMERICA LLC,http://www.fnamerica.com,https://linkedin.com/company/fnamericallc
EQK6ANC33QN9,ONODI TOOL & ENGINEERING CO,www.onoditool.com,https://linkedin.com/company/onodi-tool-&-engineering-company
EQKADCNZX2T3,SECMATION LLC,www.secmation.com,https://linkedin.com/company/secmation
EQKEFPFYKMV3,SHAW CONTRACT FLOORING SERVICES INC (GA),,
EQKJNHM96DP4,"SCIENTA OMICRON, INC.",WWW.SCEINTAOMICRON.COM,
EQNEE5E4NXY7,MINING EQUIPMENT LTD,http://www.miningequipmentltd.com,https://linkedin.com/company/mining-equipment-limited
EQSCMMEHPAZ5,VEDO CORPORATION,www.vedocorp.com,https://linkedin.com/company/vedo-corporation
EQTFF27MRQG9,THORNTON SERVICE INC,www.thorntonservice.com,https://linkedin.com/company/thornton-service-inc
EQUVFFZ94F73,JLB MEDIA PRODUCTIONS INC,,
EQXLPPNKZHW7,"RESODYN ACOUSTIC MIXERS, INCORPORATED",http://www.resodynmixers.com,https://linkedin.com/company/resodyn-acoustic-mixers
ER1GY7796WG8,"ELDER RESEARCH, INC.",http://www.elderresearch.com,https://linkedin.com/company/elder-research-inc
ER3HYJPQQ417,THERMOTIVE LLC,thermotive.com,https://linkedin.com/company/thermotive-llc
ER64HRTRKFY3,"ASCENTRIA COMMUNITY SERVICES, INC",http://www.ascentria.org,https://linkedin.com/company/ascentria
ER7GLEL2CE99,ENTERPRISE HORIZON CONSULTING GROUP,http://www.enterprisehorizon.com,https://linkedin.com/company/enterprise-horizon-consulting-group
ERBBNGZMLG41,TRINITY LOGISTICS SOURCE FOR GENERAL TRADING LTD,https://www.trinity-source.com/,
ERBHURS13TY9,"ROCKY BRANDS, INC.",,
ERELBGK8YGP5,"CICON ENGINEERING, INC.",http://www.cicon.com,https://linkedin.com/company/cicon-engineering-inc-
ERF8V1HCSFH4,TA AEROSPACE CO,http://www.transdigm,
ERFQFCMJ32J1,"STANLEY ENGINEERING COMPANY, LLC",http://www.stanleyeng.com,https://linkedin.com/company/stanley-engineering-co-inc
ERG8RS43VGN9,PASTEL HEALTH INC,olive.legal,
ERH4W7BGMEG6,BRIJ INC.,,
ERK6KJGJC299,WING AVIATION CHARTER SERVICES LLC,www.wingaviation.com,https://linkedin.com/company/wing-aviation
ERKKPKBHXHH3,ACOUSTICAL SOLUTIONS LLC,http://www.acousticalsolutions.com,https://linkedin.com/company/acoustical-solutions
ERMDZBE4J8Q9,BAE SYSTEMS MARITIME SOLUTIONS NORFOLK INC.,https://www.baesystems.com/en,https://linkedin.com/company/bae-systems
ERNPCD8HKLD7,ALRO STEEL CORPORATION,,
ERNZW25Z6W33,"SPECTRUM EXCHANGE, LLC",www.spectrum-exchange.ai,
ERR8H6291884,INTERNATIONAL TRANSPORTATION LEARNING CENTER,www.transportcenter.org,https://linkedin.com/company/transportation-learning-center
ERU1D8LLAHR8,OLYMPIC TOOL & MACHINE CORP,http://www.olymtool.com,https://linkedin.com/company/olympic-tool-&-machine
ERWUKDUF3MR1,NEXTANT AEROSPACE LLC,http://www.nextantaerospace.com,https://linkedin.com/company/nextant-aerospace-llc
ERWXLW98LM84,SIERRA LOBO INC,https://www.sierralobo.com/,https://linkedin.com/company/sierra-lobo-inc
ERZXXZP232S6,"ARROW SCIENCE AND TECHNOLOGY, L.L.C.",www.arrowscitech.com,https://linkedin.com/company/arrow-science-and-technology
ES2KQH5UGQT5,FACE US INC,,
ES3DF64A6DP3,JOMAPEMO LTD,http://www.jomapemo.com/,
ES42G35VZBN5,ALLIANCE CALIBRATIONS GROUP LLC,www.acalgroup.biz,https://linkedin.com/company/alliance-calibrations-group-llc
ES4ETZFJ96C3,INTEGRIFY INC,http://www.integrify.com,https://linkedin.com/company/nutrient-workflow
ES5SR32JX1L8,"STAR CRYOELECTRONICS, LLC",http://www.starcryo.com,https://linkedin.com/company/star-cryoelectronics-llc
ES6RTUBDKBJ4,"CREATIVE BUSINESS SOLUTIONS, INC.",http://www.cbsxcels.com,https://linkedin.com/company/creative-business-solutions-inc-
ES9EE3NDCAF6,"CLIFFORD & GARDE, LLP",http://www.cliffordgarde.com,https://linkedin.com/company/clifford-garde
ESB8L9J8TBA7,REPSS INC,http://www.repss.com,https://linkedin.com/company/repss
ESDXUKGKLSK8,LYNKBLOX TECHNOLOGIES LLC,www.LynkBlox.com,https://linkedin.com/company/lynkblox
ESFSYWUJK814,CYTEC ENGINEERED MATERIALS INC,,
ESH9KNPZJRK3,CAHABA SAFEGUARD ADMINISTRATORS LLC,,
ESK7N8LZRNZ5,MILLER CASTINGS INC,,
ESKCQHNAAFY5,"VISSAT SOLUTIONS, INC.",,
ESL9JF3B52H5,MOTHERS2MOTHERS SOUTH AFRICA,http://www.m2m.org,https://linkedin.com/company/mothers2mothers
ESLMDF1N2T29,HARPER RAINS KNIGHT & CO PA,www.hrkcpa.com,https://linkedin.com/company/harper-rains-knight
ESM2MLG8DFV5,ASTRONICS ADVANCED ELECTRONIC SYSTEMS CORP.,,
ESMVMN19MH48,"STRATON INDUSTRIES, INC.",www.straton.com,https://linkedin.com/company/straton-industries
ESNMBHB4VS76,"AMORIM CORK COMPOSITES, INC.",https://amorimcorksolutions.com/,
ESQCGXT91RJ3,MACH 33 ENGINEERING LLC,https://www.mach33engr.com,https://linkedin.com/company/mach-33-engineering
ESQPWY8J1AL9,MGA RESEARCH CORPORATION,http://WWW.MGARESEARCH.COM,https://linkedin.com/company/mgaresearchcorp
ESTKWDKHRVX9,THE LOCKWOOD GROUP LLC,http://www.thelockwoodgroupllc.com/,https://linkedin.com/company/the-lockwood-group---tlg
ESUANLG7YEX8,ELMET EUCLID LLC,,
ESY3CTEH56A7,"NOMAD GLOBAL COMMUNICATION SOLUTIONS, INCORPORATED",http://www.nomadgcs.com,https://linkedin.com/company/nomad-global-communication-solutions
ESYLJKM43MY7,DELTA TECHNICAL & ENGINEERING SERVICES LLC,https://dtesllc.com/,
ESYLQF6CYGZ6,"THE NORTHBRIDGE GROUP, INC.",https://nbenvironmental.com,https://linkedin.com/company/northbridge-environmental-management-consultants
ESYSBKWUAJK1,"BERG MANUFACTURING, INC.",http://www.bergco.com,https://linkedin.com/company/berg-companies
ET1LS5Q2DQK5,"BEYOND PRECISION, LLC",www.beyondprecisionllc.com,
ET58J92C1VZ3,VENTMEDIC CORP.,https://ventmedic.com/,https://linkedin.com/company/ventmedic
ET8YA292H6U3,"SYNERGY MODULAR, INC.",www.synergymodular.com,https://linkedin.com/company/synergy-modular-inc
ET9EA71EPAL4,AMD AL-MUSTAQBAL COMPANY FOR GENERAL TRADING AND TRANSPORTATION LTD,www.amtt.iq,https://linkedin.com/company/amttiq
ETAYPHXJDDH8,"LITMOS US, L.P.",,
ETBLZTA6ANU5,"OCEUS NETWORKS, LLC",http://www.oceusnetworks.com,https://linkedin.com/company/oceus-networks
ETCNBDJ2QBR8,CABRAC INC,www.cabrac.com,https://linkedin.com/company/cabrac-inc
ETD8RU5EQ6Y6,ALPHA LOGISTIC LLC,alphalogistic.com,
ETE2HHEYPAV7,"GREENSTONE BIOSCIENCES, INC.",,
ETFQV88B1W18,SAFEGUARD CORP,,
ETGMYV7CKAJ7,THE NEMOURS FOUNDATION,http://www.nemours.org,https://linkedin.com/company/nemours
ETJFGLAAD9M5,CROWN CASTLE USA INC,HTTP://WWW.CROWNCASTLE.COM,https://linkedin.com/company/crown-castle
ETKMJPNLVG19,"MINITAB, LLC",https://www.minitab.com,https://linkedin.com/company/minitab
ETKZFET4FWE5,GOLDEN SECURITY SERVICES US INC,www.goldensecurityservices.com,https://linkedin.com/company/goldensec
ETLSLL3N6YJ7,WAGSTAFF INC,http://www.Wagstaff.com,https://linkedin.com/company/wagstaff-incorporated
ETMGB9KR3GG4,"IMMUNARTES, LLC",WWW.IMMUNARTES.COM,https://linkedin.com/company/immunartes-llc
ETNSNKEFER15,"CUTTING DYNAMICS, LLC",https://cdi.rebuildmanufacturing.com/,
ETNVA5F96KF5,BNC CORP.,WWW.BERKELEYNUCLEONICS.COM,https://linkedin.com/company/berkeley-nucleonics-corporation
ETPLF3NKK9B5,SYNERTECH PM INC.,http://www.synertechpm.com,https://linkedin.com/company/synertech-pm-inc.
ETSUAEVNQVM9,CONCEPT GROUP LLC,conceptgroupllc.com,https://linkedin.com/company/concept-group-inc.
ETTEQ8ECU817,IAC LTD.,http://www.iac-ltd.com,https://linkedin.com/company/iac-ltd-international-aviation-composites
ETU7NSL5FF49,LAYER ONE INC.,http://www.layeronecorp.com,https://linkedin.com/company/layerone-corp
ETX3J8MHFDJ5,NORTHROP GRUMMAN SYSTEMS CORPORATION,,
ETYEBB3LWWS9,"AIRCRAFT EXTRUSION, LLC",https://aircraftextrusion.com,https://linkedin.com/company/aircraft-extrusion-co.
ETYTVVN1FCQ4,EDGESOURCE CORPORATION,http://www.edgesource.com,https://linkedin.com/company/edgesource
ETZRQZ7X6C99,AVIATION GROUND EQUIPMENT CORP,http://www.AviationGroundEquip.com,https://linkedin.com/company/s3systemsllc
EU1GX94KJA89,ALSCO INC.,www.alsco.com,https://linkedin.com/company/alscouniforms
EU2EL431X1D5,VAMCOS PTE. LTD.,www.vamcos.com,
EU3DVVXGPZN8,"PRECISION MARKETING & SALES, INC",www.LogoStop.com,https://linkedin.com/company/precision-marketing-&-sales-inc.
EU6PKNC4QSA3,FORTITUDE INTERNATIONAL LLC,www.fortitudesys.com,https://linkedin.com/company/fortitude-systems-llc
EU7KCCCDJ115,VK TECHNOLOGIES CORP.,,
EU7NBPBLED89,BACS INC,,
EUCUMYSMAAP5,"M.K. MARLOW COMPANY, VICTORIA, L.L.C.",,
EUGCFUHQFKJ5,MSI-VIKING GAGE LLC,http://www.msi-viking.com,https://linkedin.com/company/msi-viking-gage-llc
EUGCV319UUW8,"SYSTEMS INTEGRATION PLUS, LLC",http://www.vme.com,https://linkedin.com/company/systemsintegrationplus
EUJ1N9NNLPE8,"CH2M HILL CONSTRUCTORS, INC.",,
EUJMJN6CDBN7,"LEAN COMMISSIONING GROUP, LLC",,
EUK1KTVCBCN5,"SUPPLYNET, INC.",http://www.thesupplynet.com,https://linkedin.com/company/supplynet-inc
EUKJANSMSJJ7,FIRE AND SAFETY COMMODITIES INC,,
EUKNN2GGF514,WORLD RESOURCES INSTITUTE,https://www.wri.org,https://linkedin.com/company/world-resources-institute
EUL2TR2LM5Z3,ENQUIZIT LLC,http://www.enquizit.com,https://linkedin.com/company/enquizit-incorporated
EUL7TR9MX1H9,INDUSTRIAL SCIENTIFIC CORPORATION,www.indsci.com,https://linkedin.com/company/industrial-scientific
EULWGLS7QNF6,AARCORP,www.aarcorp.com,https://linkedin.com/company/aar-corp
EUMFCC4SMUJ7,MAYAK INTELLIGENCE,https://mayak-intelligence.com/,
EUTQHPK4K2Q7,CE THURSTON & SONS INC,http://WWW.CETHURSTON.COM,https://linkedin.com/company/ce-thurston-and-sons
EUVJLBSXGLG5,THALES COMPONENTS CORP,http://www.tccus.com,
EUXNBKLC23G1,ROCKET LAB USA INC,www.rocketlabcorp.com,https://linkedin.com/company/rocket-lab-corp
EV3JRRL1LUA3,KLINGE CORPORATION,http://www.klingecorp.com,https://linkedin.com/company/klinge-corporation
EV3LKM8BVEY1,ASEGURADORA GENERAL S.A.,,
EV4TNZ8BKCJ8,"SOLUTIONSMET, LLC",https://www.solutionsmet.com,https://linkedin.com/company/solutionsmet
EV58RCKFSQN6,HERDT CONSULTING INC,http://www.herdtconsulting.com,https://linkedin.com/company/herdtconsulting
EV72PEFM1L89,JUNK OF ALL TRADES LLC,www.junktwincities.com,
EV9DMNHEEKP3,"NORTH END TELESERVICES, LLC",www.northendteleservices.com,https://linkedin.com/company/north-end-teleservices-llc
EVCTPLME1HP5,"ARIES BUILDING SYSTEMS, LLC",WWW.ARIESBUILDINGS.COM,https://linkedin.com/company/aries-building-systems-llc
EVDVM8BWKJK1,"CAPITAL BUILDING SERVICES, INC",www.buildwithcapital.com,https://linkedin.com/company/capital-building-services-inc
EVFYYBAPR6C1,"TESTCO, LLC",www.testco-inc.com,https://linkedin.com/company/testcollc
EVGULX2RAN18,"FEDERAL CUSTOM CABLE, LLC",WWW.FCCABLE.COM,https://linkedin.com/company/federal-custom-cable
EVJDNJGPM8H5,DKPSYSTEMS LLC,,
EVJJETY9ZF95,BETA SHIM CO.,www.betashim.com,https://linkedin.com/company/beta-shim
EVKRJ4AF5DD6,"POWELL ELECTRONICS, INC.",,
EVMJGHN9NPW6,PINNACLE X-RAY SOLUTIONS LLC,www.pxsinc.com,https://linkedin.com/company/pinnaclexray
EVN9MLVGYYC9,BACARELLA TRANSPORTATION SERVICES INC,http://www.btxglobal.com,https://linkedin.com/company/btx-global-logistics
EVQ6KGBKY1F3,"ABSOLENT, INC.",www.avanienvironmental.com,https://linkedin.com/company/avani-environmental
EVQMNLL1FBL9,B3H CORPORATION,http://www.b3h.com,https://linkedin.com/company/b3h-corporation
EVRRFFF9BGV6,KENDALL HOLDINGS LTD,www.PHPK.com,https://linkedin.com/company/phpk-technologies
EVTSTTLCEWS5,UNIVERSITY OF OKLAHOMA,,
EVYDEUBLVBT1,"MAVERICK SPACE SYSTEMS, INC.",www.maverickspace.com,https://linkedin.com/company/maverick-space-systems
EVYTGUN9DUM5,ALPHA OMEGA TRANSLATIONS,www.alphaomegatranslations.com,https://linkedin.com/company/alpha-omega-translations
EVYTVCU8SSY5,"MASTECH DIGITAL TECHNOLOGIES, INC.",http://www.mastechdigital.com/,https://linkedin.com/company/mastech
EVZBHNH8CC85,"ENTERPRISE SOLUTIONS TECHNOLOGY GROUP, INC.",http://www.estgi.com,
EVZMB1757DW5,"STEELFAB, INC",http://www.steelfab-inc.com,https://linkedin.com/company/steelfab-inc
EW3FH7DKB3M9,"NEWTON RESEARCH LABS, INC",http://www.newtonlabs.com,https://linkedin.com/company/newton-research-labs
EW4GCCB6XVH9,LOCKHEED MARTIN CORPORATION,http://www.lockheedmartin.com,https://linkedin.com/company/lockheed-martin
EW6AFY1SLGV5,CJC SUPPORT SERVICES LLC,www.cedelis.com,https://linkedin.com/company/cedelis
EW6SAJ5XUGA6,"FRANKLIN EDGE SOLUTIONS, LLC",https://franklinedge.com,https://linkedin.com/company/franklin-edge-solutions-llc
EW7ERS3X6QG5,IMANAGEMENT CONSULTING LLC,https://imanagement.io/,https://linkedin.com/company/imanagement-consulting-llc
EW8VBEM2CWB8,AZ TECHNOLOGY INC,https://www.aztechnology.com,https://linkedin.com/company/az-technology
EW97MHKPD1P8,"TRM LABS, INC.",www.trmlabs.com,https://linkedin.com/company/trmlabs
EW9AVMK54EY8,GRAY ROCK CONSULTING LLC,www.grayrc.com,https://linkedin.com/company/gray-rock-consulting-llc
EWACV4UUAYD6,"TESSA PRECISION PRODUCTS, INC",http://www.tessaprecision.com,https://linkedin.com/company/tessa-precision-products-inc-
EWENWBX5J8G5,MSI DEFENSE SOLUTIONS LLC,http://www.msidefense.com,https://linkedin.com/company/msi-defense-solutions-llc
EWEZQEMQSPJ9,SATURN PCB DESIGN INC,https://www.saturnpcb.com,https://linkedin.com/company/saturn-pcb-design-inc-
EWFECZE8MTT8,"LUMINUS ANALYTICS, LLC",http://www.luminusanalytics.com/,https://linkedin.com/company/luminus-analytics
EWFJWRG3HLU7,"SEI - WASHINGTON D.C., LLC",www.sei.com,https://linkedin.com/company/systemsevolutioninc-
EWGQAYG9KDK9,BATTELLE MEMORIAL INSTITUTE,WWW.BATTELLE.ORG,https://linkedin.com/company/battelle
EWH5TX5ARNF9,"PLANNING COMMUNITIES, LLC",http://www.planningcommunities.com,https://linkedin.com/company/planningcommunities
EWJKZ8AMGY26,EASY AEROSPACE PURCHASES LLC,,
EWKEP4KZVKM8,SOKAT CONSULTING LLC,www.sokat.com,https://linkedin.com/company/sokat-co
EWLGWLZX6H41,TIBER CREEK CONSULTING INC,http://www.tibercreek.com,https://linkedin.com/company/tiber-creek-ai
EWMQQNKJ3YZ8,MEDCHEMEXPRESS LLC,www.medchemexpress.com,https://linkedin.com/company/medchemexpress-llc
EWPALUHK3KX3,"ADVANCED CLUSTERING TECHNOLOGIES, INC.",http://www.advancedclustering.com,https://linkedin.com/company/advanced-clustering-technologies
EWQ8CLAKBSJ5,"HENRY PRODUCTION, INC.",http://www.pumpsandservice.com,https://linkedin.com/company/pumps-and-service
EWREJDW1K877,EURO FMCG LTD EOOD,www.euro-fmcg.com,
EWRPNBA9UW26,"STATE OF THE ART, INC.",www.resistor.com,https://linkedin.com/company/state-of-the-art-electronics
EWSUH3VPFN47,EXCALIBUR SYSTEMS INC,www.mil-1553.com,https://linkedin.com/company/excalibur-systems
EWU9WS6BMGT1,PERKINELMER U.S. LLC,www.perkinelmer.com,https://linkedin.com/company/perkinelmer
EWUVHW7VS5E3,"M & R SHEET METAL & MFG., INC.",,
EWZBB5D1RFQ8,"INERTIA SWITCH, INC.",http://www.inertiaswitch.com,https://linkedin.com/company/inertia-switch-inc.
EX2TTM9JHVX5,EASTMAN KODAK CO,,
EX4CFJCUSRZ5,MCMASTER-CARR SUPPLY CO,www.mcmaster.com,https://linkedin.com/company/mcmaster-carr
EX4HJUYU9Q59,CCC GROUP INC,http://www.cccgroupinc.com,https://linkedin.com/company/ccc-group-inc.
EX4XVAJL7MU5,"INTERNATIONAL ASSOCIATION OF PLUMBING AND MECHANICAL OFFICIALS, A NON-PROFIT CORPORATION",,
EX69DHE3ULN7,"PRODUCT DEVELOPMENT SOLUTIONS, INC.",https://www.1pds.com/,https://linkedin.com/company/product-development-solutions
EX7VR9EY5MP9,REBEL SYSTEMS LLC,www.rebelsys.com,https://linkedin.com/company/rebel-systems-llc
EX8HYFAF1M78,HACIENDA JARDIN DU FOUTA,,
EXA7VJV6NMQ5,STANCIL CORP,http://www.stancilcorp.com,https://linkedin.com/company/stancil-corporation
EXAHRDZ4B9G8,WINDLE MECHANICAL SOLUTIONS INC,www.windlemechanical.com,https://linkedin.com/company/windle-mechanical-solutions-inc
EXAWDKRALAD5,ATEC INC,http://www.atec.com,https://linkedin.com/company/atec-inc.
EXE6V7DKDFA6,IREALIS LLC,,
EXEABMT6UHH6,"ENGINEERED MAGNETICS, INC.",www.engineeredmagnetics.net,https://linkedin.com/company/engineered-magnetics-inc-
EXEYN7TNGWH7,"1 SOURCE CONSULTING, INC.",http://www.go-bti.com,https://linkedin.com/company/1-source-consulting-inc.
EXGMSFRXG2G5,"HODGES TRANSPORTATION, INC.",www.natc-ht.com,https://linkedin.com/company/nevada-automotive-testing-center
EXJKM7CNN9M5,"RECHTIEN INTERNATIONAL TRUCKS, INC",www.rechtien.com,https://linkedin.com/company/rechtientrucks
EXJYHHK5FEY1,IDEAL FENCING CORP,http://www.idealfencingcorp.com,https://linkedin.com/company/ideal-fencing-corp
EXKCNWUE1AS6,"VIGIL ENTERPRISES OF NEW MEXICO, INC.",http://www.vigilenterprises.com,https://linkedin.com/company/vigil-enterprises-inc-
EXKRM2L72Z15,UNIVERSITY OF TEXAS AT AUSTIN,https://extendededucation.utexas.edu/,
EXLCUL9E7QQ7,NORTHSTAR TECHNOLOGIES INC,https://www.n-s-tech.net/,
EXMKFGKSLQ63,"THE BECHDON COMPANY, LLC",http://www.bechdon.com,https://linkedin.com/company/the-bechdon-company-inc.
EXMMJ4B9D4L8,HARVEY VOGEL MANUFACTURING CO,www.harveyvogel.com,https://linkedin.com/company/harvey-vogel-manufacturing-co
EXMTZWAW4VE9,"GEODESIC SOLUTIONS, LLC",,
EXNTYZTJ7HZ4,TETRA TECH INC,www.tetratech.com,https://linkedin.com/company/tetra-tech
EXP9LRUH5RF1,"VERONA SAFETY SUPPLY, INC",www.veronasafety.com,https://linkedin.com/company/verona-safety-supply
EXSKLKNNBQK1,"L & W EMERGENCY SERVICES EQUIPMENT, INC.",,
EXUTQ383XLJ3,"MEG TECHNOLOGIES, INC.",https://www.mtifast.com/,https://linkedin.com/company/mtifast
EXZCVTGQ4UT7,TRIVECTOR SERVICES INC,www.trivector.us,https://linkedin.com/company/trivector-services-inc.
EXZVPWZBLUE8,NORTHWESTERN UNIVERSITY,http://www.northwestern.edu/,https://linkedin.com/company/nuintlrel
EY17BXM9P9G1,"EDWARDS SUPPLY COMPANY, INC.",http://www.edwardssupply.com,https://linkedin.com/company/edwards-supply-co-inc
EY1FBTRAJ2N6,ABACUS DATA SYSTEMS,,
EY6JJM79UJ44,MICHAEL O CARRIAGA,,
EY6QS5J3VKB1,FEDTEC LLC,https://fedtec.com/,https://linkedin.com/company/freealliance.com-llc
EYC4JKCBA7J9,TOPTICA PHOTONICS INC,http://www.toptica.com,https://linkedin.com/company/toptica-photonics
EYHDNJZ6X6L3,SELECTECH LLC,www.selectech.io,
EYHLE7YTGF55,"OPTIVOR TECHNOLOGIES, LLC",www.optivor.com,https://linkedin.com/company/optivor-technologies-llc
EYJMFYGVJPC7,"KOZA, INC.",http://www.kozas.com,https://linkedin.com/company/koza's-inc-
EYK7NMPV19M4,505NDE LLC,www.505nde.com,https://linkedin.com/company/brighterjourneyfoundation
EYKKCWS6DDR5,SABRE COMMUNICATIONS CORP,http://www.sabreindustries.com,
EYLLZ1F2GX95,"R. F. BURTON MARINE & FABRICATION, LLC",www.rfburton.co,
EYM6AAA2VQM4,"BRACKET LABS, LLC",https://taskray.com/,https://linkedin.com/company/taskray
EYMJXLN2MFB4,RESEARCH INSTITUTE AT NATIONWIDE CHILDREN'S HOSPITAL,,
EYPQJDKAKXC6,HANDICARE USA LLC,http://www.handicare.com,https://linkedin.com/company/handicare-group
EYSNMM4RPAJ5,"MERRIMAC INDUSTRIES, INC",http://www.craneae.com,https://linkedin.com/company/craneae
EYSXHJ3R7S53,"REDWIRE SPACE TECHNOLOGIES, INC.",www.redwirespace.com,https://linkedin.com/company/redwire
EYT3W4HTNRL5,"WMDTECH, LLC",https://www.wmdtech.com/,https://linkedin.com/company/wmdtech-llc
EYVQG5BYG291,COMUNIDADES INDIGENAS EN LIDERAZGO CORP,,
EYWYMFFL53R6,"J. A. WOOLLAM CO., INC.",http://www.jawoollam.com,https://linkedin.com/company/j-a-woollam-co-inc-
EZ2KTA5FMSD4,LEAN SCALED ARCHITECTS LLC,https://lsadigital.com,https://linkedin.com/company/lsadigital
EZ4LV6NMX7C5,OASIS CORPORATE HOUSING INC,,
EZ5GN68ZNDN9,TECHWERKS LLC,www.technologywerks.com,https://linkedin.com/company/techwerks
EZ61FKLKRVG8,U THREE SYSTEMS WORK INTERNATIONAL PLC,,
EZ9NN8MAEZU9,PILOT CATASTROPHE SERVICES INC,www.pilotcat.com,https://linkedin.com/company/pilot-catastrophe-service
EZAFPH5GL3E9,"CHEROKEE NATION FEDERAL CONSULTING, L.L.C.",cherokee-federal.com,https://linkedin.com/company/cherokee-federal
EZAQPCJS8XS3,ATLANTIC FASTENERS CO LLC,,
EZEFWE39DFG6,ADVANCED CONVERSION TECHNOLOGY INC,ACTPower.com,https://linkedin.com/company/advanced-conversion-technology-inc-
EZF1YDZHELX1,THE BELMONT GROUP INC,,
EZGFXRCDNAZ1,GENERAL STANDARDS CORP,http://www.generalstandards.com,https://linkedin.com/company/general-standards-corporation
EZGMDFPR3NK4,PRAXIS RESOURCES INC,http://www.praxisresources.com,https://linkedin.com/company/praxis-resources-inc-
EZJPQJ3K6PS5,"AVANCHOR, LLC",www.avanchor.com,
EZK6DU8RJXN8,AGGREKO LLC,https://www.aggreko.com/en-us,https://linkedin.com/company/aggreko
EZKXS4RRCS14,"AEROPARTS MANUFACTURING & REPAIR, INC",aeroparts.aero,https://linkedin.com/company/aeroparts-manufacturing-and-repair-inc-
EZMHKCRK1F13,"TRILLIUM ENGINEERING, LLC",http://www.trilliumeng.com/,https://linkedin.com/company/trillium-engineering
EZMQWLZU68Q7,"WINDSOR TECHNOLOGY, INC",http://www.windsortec.com,https://linkedin.com/company/windsor-technology
EZQ1YEP34MH4,"BLUE LEAF TECHNOLOGIES, INC.",www.blueleaf-tech.com,https://linkedin.com/company/blue-leaf-technologies-inc.
EZRGNLZ325B3,SOFTEK ENTERPRISES LLC,https://www.softek-llc.com,
EZWLVL7JU9Y6,EPS GROUP INC.,epsgroupinc.com,https://linkedin.com/company/eps-group-inc
EZZWJW2GY617,SKOLNIK INDUSTRIES LLC,http://www.skolnik.com,https://linkedin.com/company/skolnik-industries-inc.
F125YU6SWK59,BATTELLE MEMORIAL INSTITUTE,www.battelle.org,https://linkedin.com/company/battelle
F12KWZCR7ZM4,METAL FORMING SOLUTIONS LLC,www.metalformingsolutions.com,https://linkedin.com/company/metal-forming-solutions
F13AWGW9G3H1,GUIDEHOUSE INC.,guidehouse.com,https://linkedin.com/company/guidehouse
F14JJL7BTEQ6,MISSION SYSTEMS DAVENPORT INC.,,
F16BJBHBU9A8,VOCAL TECHNOLOGIES LTD,www.vocal.com,https://linkedin.com/company/vocal-technologies
F16QCTN8WQW8,ABU DHABI SUPPLIES & COMMERCIAL SERVICES- SOLE PROPRIETORSHIP L.L.C.,http://www.ascsgulf.com,
F17EVN9J5WJ5,S & K GLOBAL SOLUTIONS LLC,http://www.skgs-llc.com,
F188WNWMNUS3,PRECISION TOOL & DISTRIBUTION LLC,www.pt-d.com,
F19SMGXQTED5,SUSTAINABLE SCIENCES INSTITUTE,http://www.sustainablesciences.org,https://linkedin.com/company/sustainable-sciences-institute-ssi-
F1BJV7SERB55,SPIN GLOBAL LIMITED LIABILITY COMPANY,,
F1BNQ68LSJ61,INDUSTRIAL ECONOMICS INC,http://www.indecon.com/,https://linkedin.com/company/industrial-economics
F1FQNMK3LM87,"SPECIALIZED TESTING, INC.",www.specializedtesting.com,https://linkedin.com/company/specialized-testing-inc-
F1HBX9MLMBM8,A F TECHNOLOGIES INC,www.aftechno.com,https://linkedin.com/company/a-f-technologies-inc
F1HCVJLTS316,SYSMATICS INC,,
F1JBQXRYW3R9,SKYTECH INC,www.skytechinc.com,https://linkedin.com/company/skytech-inc
F1MCKGM3KEL7,SAFELOGIC INC,www.safelogic.com,https://linkedin.com/company/safelogic
F1N2KDGBDTU8,"DLT SOLUTIONS, LLC",http://www.dlt.com,https://linkedin.com/company/tdsynnexpublicsector
F1NXQ68RNFM4,EXPONENT INC,http://exponent.com,https://linkedin.com/company/exponent
F1PENFHJ45S5,"HARDIGG INDUSTRIES, LLC",http://www.Pelican.com,https://linkedin.com/company/pelican-products-inc-
F1QKYLW68TR3,TEAM CORPORATION,,
F1QWE7BE2T17,"GEMCO MANUFACTURING CO, INCORPORATED",,
F1QZXZNLZJF2,SKYLIGHT INC.,www.skylight.digital,https://linkedin.com/company/skylight-hq
F1SGSCN3LYL9,RIA ADVISORY LLC,http://riaadvisory.com,https://linkedin.com/company/riaadvisory
F1UZPBD1VBH9,"LYME COMPUTER SYSTEMS, INC.",http://www.lyme.com,https://linkedin.com/company/lyme-computer-systems
F22NPARUG233,"LITEFIGHTER SYSTEMS, LLC",http://www.litefighter.com,https://linkedin.com/company/litefighter-systems
F24LL2G4AX83,HIGUERA & VANDERHOEF PLLC,,
F277KH4T9GD1,EXTREME CONCRETE LLC,,
F27KDXZMF9Y8,UNIVERSITY OF ROCHESTER,,
F287YJLGSUL4,IVERSON B HOPSON DDS,,
F28HDPCVHEL8,"EVIDENT SCIENTIFIC, INC.",,
F298RKM6EVH9,BOREALIS ENTERPRISES LLC,www.ntvifederal.com,https://linkedin.com/company/ntvi-federal-inc
F2D6X4FF2MP5,ALBANY DRIVING LESSONS LLC,,
F2E3FC1K2874,NORDSON CORP,https://www.nordson.com,https://linkedin.com/company/nordson-corporation
F2G2AUJR7MU7,NEXTAXIOM TECHNOLOGY INC.,http://www.nextaxiom.com,https://linkedin.com/company/nextaxiom
F2GFDVGN9JJ6,"WINDROSE VISION, LLC",www.windrosevision.com,https://linkedin.com/company/windrosevision
F2HUNL2KKYZ5,"SHILOG, LTD",https://shilog.com/,
F2JAYNNVCPU7,"MERCURY SYSTEMS, INC.",www.mrcy.com,https://linkedin.com/company/mercury-systems
F2JET4CV2J15,INVISIO COMMUNICATIONS INC,www.invisio.com,https://linkedin.com/company/invisio-tactical-communication-systems
F2K7LCEKZBK1,TELEFLEX LLC,,
F2KGMKVZD9J6,THALES ALENIA SPACE BELGIUM SA,,
F2KGQCH4L385,"OPEN SOLUTIONS GROUP, LLC",www.bigbear.io,https://linkedin.com/company/bigbear-inc.
F2KSX22KK1E4,BLOOMY CONTROLS INC,http://www.bloomy.com,https://linkedin.com/company/bloomy-controls
F2KVAXTNCCX4,"AIR INNOVATIONS, LLC",http://www.airinnovations.com,https://linkedin.com/company/air-innovations
F2LEAK3EK9R3,GRAHAM CORP,https://graham-mfg.com,https://linkedin.com/company/graham-corporation
F2LNMXNJ3GN1,"MCR FEDERAL, LLC",www.spa.com,https://linkedin.com/company/systems-planning-and-analysis-inc
F2MXNENR4W15,WSC INC,https://www.3keysoft.com/,
F2N5L75K5LQ1,QUICK SERVICES LLC,http://www.quickservicesllc.com,https://linkedin.com/company/quickservicesllc
F2N7P99SKUP1,MATERIALS DATA MANAGEMENT INC,https://mdmi.com,
F2NJTEX7Q319,"TELEXPRESS, INC.",www.telexpresslive.com,https://linkedin.com/company/telexpress-inc
F2PDGUGFGHP8,"MEDIFIT CORPORATE SERVICES, INC.",,
F2Q4PDXCZR63,KOEPSELL CAREER COUNSELING LLC,,
F2QQLFJNXAN1,HOWDEN ROOTS LLC,www.howden.com,https://linkedin.com/company/howden
F2R3KLFSSA27,"ACAP, LLC",,
F2R4K6MU5JJ1,"WELCH MECHANICAL DESIGNS, LLC",http://WWW.WELCHMECHANICALDESIGNS.COM,
F2SMLAV4HHM4,PRIME ONE GROUP GENERAL TRADING AND CONTRACTING COMPANY WLL,https://www.primeonegroup.com,https://linkedin.com/company/www.primeonegroup.com
F2UFGNARTN86,"WARN INDUSTRIES, INC.",http://www.warn.com,https://linkedin.com/company/warn-industries
F2VSMAKDH8Z7,UNIVERSITY OF MEMPHIS,www.memphis.edu,https://linkedin.com/company/university-of-memphis
F2VUDLQD66B7,"NTVI SOLUTIONS, LLC",http://www.ntvifederal.com,https://linkedin.com/company/ntvi-federal-inc
F2ZVNBBTRUL8,"SHORELINE NETWORKS, INC",www.stillwatercomm.com,https://linkedin.com/company/stillwatercomm
F337NT5JJBN4,METASTABLE LABS LLC,metastablelabs.com,
F36XJTSHKRT4,HANNA ACQUISITION CORPORATION,www.hannarubber.com,
F38YCQNJTVY5,INDIGO ARC LLC,http://indigoarc.com,https://linkedin.com/company/indigo-arc-llc
F39KWCHKA2G2,HI-WATT INC,,
F3BBJDRJMHQ7,"H & B TOOL & ENG. CO., INC",http://www.h-btool.com,https://linkedin.com/company/h-&-b-tool-&-engineering-co.-inc.
F3BCDWPMDT67,"CASELLA MAJOR ACCOUNT SERVICES, LLC",www.casella.com,https://linkedin.com/company/casella-waste-systems
F3C9LH84RXG3,CALIFORNIA AMFORGE CORPORATION,cal-amforge.com,https://linkedin.com/company/california-amforge
F3F2GDGWDLX9,ADVANTECH WIRELESS TECHNOLOGIES (USA) INC,www.advantechwireless.com,https://linkedin.com/company/advantech-wireless-technologies
F3H8XS2L3D27,"ELECTRO-MAGNETIC APPLICATIONS, INCORPORATED",ema3d.com,https://linkedin.com/company/electro-magnetic-applications-inc.
F3J3KF4VJ8Z5,"AMERIGAS PROPANE, L.P.",https://www.amerigas.com,https://linkedin.com/company/amerigas-propane
F3JRFEKAZ8A4,SKY PARK CONSULTING LLC,,
F3LUT5BU1GH8,"GLOBE ENGINEERING CO., INC",http://www.globeeng.com,https://linkedin.com/company/globe-engineering
F3MKMCHLJVW3,FEHR & PEERS,http://www.fehrandpeers.com,https://linkedin.com/company/fehr-&-peers
F3NQAATK4LK5,"ADVANCED PROGRAMS, INC.",http://www.advprograms.com,https://linkedin.com/company/advanced-programs-inc.
F3NQVCRRJDU9,AMERICAN EQUIPMENT SYSTEMS LLC,amquipinc.com,https://linkedin.com/company/american-equipment-holdings
F3P1VDB11MQ6,"MARKURY SCIENTIFIC, INC.",,
F3S7R7XULVR8,PIERCE ALUMINUM CO INC,http://www.piercealuminum.com,https://linkedin.com/company/pierce-aluminum
F3XKPA82MHQ5,"NAG, LLC",http://www.nagmarine.com,https://linkedin.com/company/nag-marine
F3XXATTWH1E1,"CODESECURE, INC.",www.codesecure.com,https://linkedin.com/company/codesecureinc
F44GT7RAL3M1,"CANAL BARGE COMPANY, INC.",,
F46FUEHRLN57,"STERLING PRECISION MACHINING, INC",,
F481BZWYCZA7,TRIPLE CANOPY INC,http://www.constellis.com,https://linkedin.com/company/constellis
F4A2KT1B3YM4,AKSUM INC. (US),https://aksuminc.com,
F4CPFD6DQY45,MILLENNIUM FIRE PROTECTION CORPORATION,www.mfpc.us,https://linkedin.com/company/millennium-fire-protection-corporation
F4EQF8UKA2K5,"ALETHIX, LLC",intellibridge.us,https://linkedin.com/company/intellibridge
F4EVAJHGWSU5,REXEL USA INC,www.platt.com,https://linkedin.com/company/platt-electric-supply
F4FLM3NP2N46,"ROHDE & SCHWARZ USA, INC.",www.rohde-schwarz.com/us,https://linkedin.com/company/rohde-&-schwarz
F4GNMTCCXGM8,"HUTCHINSON INDUSTRIES, INC",http://www.hutchinsoninc.com/,https://linkedin.com/company/hutchinson-industries-inc.
F4GRGSX9C5K1,"WESTON SOLUTIONS, INC.",http://www.westonsolutions.com,https://linkedin.com/company/weston-solutions-inc-
F4JWAJHGXRG9,CNF TECHNOLOGIES CORPORATION,http://www.cnftech.com,https://linkedin.com/company/cnftechnologies
F4KVK3JBE8N5,B & B TILE AND MASONRY CORPORATION,,
F4LKBLUFNK13,"FERGUSON ENTERPRISES, INC.",,
F4LKD1LKGCR1,"EUROFINS ENVIRONMENT TESTING SOUTH CENTRAL, LLC",,
F4LPLNG3S7L1,"PACIFIC INK, INC.",http://www.pacificink.com,
F4M9NB1HD785,COLOSSAL CONTRACTING LLC,https://www.colossal-llc.com/,https://linkedin.com/company/colossal-contracting-llc
F4N1QNPB95M4,THE TRUSTEES OF COLUMBIA UNIVERSITY IN THE CITY OF NEW YORK,http://www.columbia.edu,https://linkedin.com/company/columbia-university
F4NYD5JGEUS8,KIMBALL INTERNATIONAL INC,http://www.kimball.com,https://linkedin.com/company/kimball-international
F4PFMHQVJ5B9,"SPRY METHODS, INC.",http://www.sprymethods.com,https://linkedin.com/company/spry-methods-inc-
F4Q9D5L8Z455,LEGACY CULTURAL RESOURCES LLC,,
F4QHT5GS54L8,"SOLAR ELECTRIC CO., INC.",,
F4R4MCEL51X7,"KAYA ASSOCIATES, INC.",www.kayacorp.com,https://linkedin.com/company/kaya-associates
F4UJPWQKZ419,"HILINE ENGINEERING & FABRICATION,INC.",http://www.hilineeng.com,https://linkedin.com/company/hiline-engineering-&-fabrication-inc.
F4UUJN9V4W28,"GLOBALIMPACT, INC",,
F4WXEG7NCJ13,"NOVUS CAPSTONE, LLC",Www.novuscapstone.com,https://linkedin.com/company/novuscapstone
F4XQPBFE27V4,TOTAL QUALITY SYSTEMS INC,www.tqsinc.com,https://linkedin.com/company/total-quality-systems
F515SMJ689R9,RODRIGUEZ MARKETING LLC,,
F51LP6NHEHL4,ISSE SERVICES LLC,http://www.isse-services.com,https://linkedin.com/company/isse-services
F52XQ77NTEF8,"GELSIGHT, INC.",www.gelsight.com,https://linkedin.com/company/gelsight
F54PKUREBN41,EAS SYSTEMS INC,http://www.eas-pr.com,https://linkedin.com/company/easpuertorico
F56JLBDKM7T9,ESSNER MANUFACTURING LP,http://www.essner.com,https://linkedin.com/company/essner-manufacturing
F57LPR8JAL87,SALIENT SOLUTIONS INCORPORATED,,
F57SV7MHMBU5,VIVACE INTERNATIONAL LLC,http://vivace.com,https://linkedin.com/company/vivace-international-corporation
F59AV7CHJU79,DGG TECHNOLOGY SERVICES LIMITED LIABILITY COMPANY,virtualhealthinformatics.com,https://linkedin.com/company/virtual-health-informatics
F5DJVWCQ7GW8,"VALKYRIE ENTERPRISES, INC.",WWW.VALKYRIE.COM,https://linkedin.com/company/valkyrie-enterprises
F5DNCETLUBN5,SOUTHWEST RESEARCH INSTITUTE,www.swri.org,https://linkedin.com/company/southwest-research-institute
F5F4LD8ZLSV3,"KING STAR COMPUTER, INC.",www.kingstarusa.com,https://linkedin.com/company/king-star-usa
F5F8BNA9WJQ9,TRC ENVIRONMENTAL CORP,http://www.trcsolutions.com/,
F5FJCGTEHK26,"CENTRAL POWER SYSTEMS & SERVICES, LLC",http://www.cpower.com,https://linkedin.com/company/cpowersystems
F5MDKFCYLFS7,KMC INC,http://www.KMCCorp.com,
F5MUM3PDL463,OTEEMO INC,www.oteemo.com,https://linkedin.com/company/oteemo
F5NNBARZWM32,GEOENGINEERS INC,http://www.geoengineers.com,https://linkedin.com/company/geoengineers
F5P5K3L3ZMH5,RS AMERICAS INC,https://us.rs-online.com,
F5Q4KA1C2EH9,"BETA DYNE, INC.",www.betadynepower.com,https://linkedin.com/company/beta-dyne-inc.
F5RGHGLNN297,"NTS LABS, LLC",www.element.com,https://linkedin.com/company/element-materials-technology
F5RKU4BQXJ75,ECHO ORIGIN LLC,https://www.echoorigin.com,https://linkedin.com/company/echo-origin
F5THA4R2JJW4,"CHELTON AVIONICS, INC",www.transdigm.com,https://linkedin.com/company/transdigmgrp
F5U3A65UKCU3,NORTHWEST DEMOLITION & DISMANTLING INC,,
F5UJSLJH1J21,"ALLTECH INTERNATIONAL, INC",http://www.alltech.net,https://linkedin.com/company/alltech-international
F5VFZH3XVKB7,"L3 TECHNOLOGIES, INC.",https://www.l3harris.com,https://linkedin.com/company/l3harris-technologies
F5VJXR8LLZP5,"JEPPESEN FOREFLIGHT, INC.",jeppesenforeflight.com,https://linkedin.com/company/jeppesen-foreflight
F5Z8R4G65BP8,ROMEO SIX LLC,,
F5ZLRHM34UT6,"T4 SOLUTIONS, LLC",https://t4solutions.org,
F62LCL2HLUD6,"PRINCETEL, INC",www.wendon.com,https://linkedin.com/company/wendon-engineering
F62TKJFZBMK7,UPSTATE WHOLESALE SUPPLY INC,http://www.brite.com,https://linkedin.com/company/brite-computers
F64LW4KCK2C1,DB TECHNOLOGY SOLUTIONS INC,http://www.taigrp.com,https://linkedin.com/company/taig
F65NQD9MMN87,"BLACK HILLS PROFESSIONAL PAINTING, INC.",,
F65SGFW2TUC6,"SABEL SYSTEMS TECHNOLOGY SOLUTIONS, LLC",http://www.sabelsystems.com,https://linkedin.com/company/sabel-systems-technology-solutions-llc
F67HF3Q7UHP3,FRONTIER MEDIA INC,,
F67SDLWMJH17,THEISS RESEARCH,http://www.theissresearch.org,https://linkedin.com/company/theiss-research
F6AZSBBERTB8,KANALOA STAFFING & CONSULTING LLC,https://www.kanaloa.us,https://linkedin.com/company/kanaloa-consulting
F6C6H3YML5S7,CONTAINER PROVIDERS INC.,,
F6CDBLRJ36M3,3 J INC,http://3jinc.com,https://linkedin.com/company/3j-inc-
F6FDTGCVN3U4,TRANS UNION LLC,www.transunion.com,https://linkedin.com/company/transunion
F6G8RN6MP3P7,KIZER FLOORING LLC,,
F6GAEKH3V239,TROY WEB CONSULTING LLC,,
F6H2LT9M8QA8,"CDCE, INC.",https://www.cdce.com,https://linkedin.com/company/cdce-inc.
F6HAC13PFYG5,PRAMA SOFTWARE SOLUTIONS INC.,,
F6LYPANVGFL7,THE F.A. BARTLETT TREE EXPERT COMPANY,,
F6MFQC9ZGHC6,"LOS ALAMOS TECHNICAL ASSOCIATES, INC.",http://www.lata.com,https://linkedin.com/company/los-alamos-technical-associates
F6MJAKGH5SM8,MIKE HOFFMANS EQUIPMENT SERVICE INC,MIKEHOFFMANSEQUIPMENT.COM,
F6MMMGFVJE78,"UNITED RIVERHEAD TERMINAL, INC",http://www.urtny.com,
F6NGPMHRPCK9,"TRIUMVIRATE ENVIRONMENTAL, LLC",http://www.triumvirate.com,https://linkedin.com/company/triumvirate-environmental
F6NMHL3KV2A8,CG STRATEGY INC,http://www.cgstrategy.com,https://linkedin.com/company/coray-gurnitz-consulting
F6P2V9JBHX23,"PECORARO, INC.",,
F6PNKHM4UF43,ADAPTUS LLC,www.adaptus.com,https://linkedin.com/company/adaptus
F6S8W9NJP4E4,AUTOMATIC DOOR DR INC,www.automaticdoordoctor.com,https://linkedin.com/company/automatic-door-doctor-inc
F6T1V2X9SCU4,CBC PAINTING,,
F6TLKT1EDFK3,THE SABAN ENGINEERING GROUP INC,www.sabancorp.com,https://linkedin.com/company/saban
F6WKYLHJYFK7,"JONES, EDMUNDS & ASSOCIATES, INC.",http://jonesedmunds.com/,https://linkedin.com/company/jones-edmunds
F6XLTRUQJEN4,UNIVERSITY OF NEW MEXICO,http://www.unm.edu,https://linkedin.com/company/the-university-of-new-mexico
F6Z1LMV9DZY3,"VESTIS SERVICES, LLC",,
F71UZK3D7DS4,"LABSPHERE, INC.",http://www.labsphere.com/,https://linkedin.com/company/labsphere-inc.
F75LMLT8CGM5,ACTION TARGET INC,http://www.actiontarget.com,https://linkedin.com/company/action-target
F769RWMVTKH7,SAMUEL SON & CO. (USA) INC.,www.samuel.com,https://linkedin.com/company/samuel-son-&-co-limited
F78ZEWHTZZH8,TECHNETICS GROUP LLC,www.techneticsgroup.com,
F79KKLCT2LG1,"RADEUS LABS, INC.",radeuslabs.com,https://linkedin.com/company/radeus-labs-inc-
F7AQMN9MMQZ4,"NTS TECHNICAL SYSTEMS, LLC",www.elementdefense.com,https://linkedin.com/company/element-defense
F7ASDFN4GAC3,SPRIGHTBULB LLC,http://www.sprightbulb.com,https://linkedin.com/company/sprightbulb
F7AWDNE78B17,"VALLEY METALS, LLC",www.valleymetals.com,
F7B8L1BW55F5,"KEYSOURCE, INC.",www.thekeysource.com,https://linkedin.com/company/the-keysource-group-inc-
F7CMUEJR2B27,HARTZELL PROPELLER LLC,http://hartzellprop.com,https://linkedin.com/company/hartzell-propeller
F7DTS5UKVJN4,"JAMA SOFTWARE, INC",http://www.jamasoftware.com,https://linkedin.com/company/jama-software
F7FGR7GJM1U4,TANNAS CO INC,http://www.tannasco.com,
F7G8SHTEHNU7,CORNERSTONE RESEARCH GROUP INC,https://www.crgrp.com,
F7J2LEA17J39,"APEX SYSTEMS, LLC",http://www.apexsystems.com,https://linkedin.com/company/apex-systems
F7J9AMMXQYL4,ALMANSOUR ENGINEERING COMPANY,www.almnsourengineering.com,
F7JQU6KVM463,"KARDEX STORAGE SYSTEMS, LLC",kardexstoragesystems.com,https://linkedin.com/company/kardex-storage-systems
F7JZAQVAV929,"PACIFIC SOUTHWEST STRUCTURES, INC",www.pssiconcrete.com,https://linkedin.com/company/pacific-southwest-structures-inc-pssi
F7K7R1WCPQ32,LIGHTWORKER PHOTONICS LLC,,
F7MVK4Z7WQP1,ABSTRIUM,,
F7QZPTAS8MU2,MAREK BROTHERS SYSTEMS LLC,http://www.marekbros.com,https://linkedin.com/company/marek-family-of-companies
F7RGJJCNHMA4,"UNIVERSITY OF HONG KONG, THE",http://www.hku.hk/,https://linkedin.com/company/the-university-of-hong-kong-taught-postgraduate-admissions
F7TJJKF71DH3,"SQA SERVICES, INC.",https://www.sqaservices.com,https://linkedin.com/company/sqa-services-inc-
F7W3FBBBMK21,"CATE INDUSTRIAL SOLUTIONS, LLC",,
F82LCS3LM4Q9,MUESER RUTLEDGE CONSULTING ENGINEERS PLLC,http://www.mrce.com,https://linkedin.com/company/mueser-rutledge-consulting-engineers
F832VALPFBD1,SAVAGE ENGINEERING & SALES INC,http://www.savagepress.com,https://linkedin.com/company/savage-hydraulic-presses
F84HFYAPKBT3,"HALLIWELL ENGINEERING ASSOCIATES, LLC",www.halliwellglobal.com,https://linkedin.com/company/halliwell-engineering-associates
F862A56BASL5,HURRICANE FENCE CO,www.hurricanfenceco.com,
F898QJTPKJY9,CHARLES REED KNIGHT JR,www.knightarmco.com,https://linkedin.com/company/knight's-armament-company
F8ANJQ5WMKZ2,"DELAWARE ELEVATOR, INC.",,
F8AXG8LJZQL3,"GREENE METAL PRODUCTS, INC.",,
F8AYK11JYE17,LOGC2 INC,http://www.LogC2.com,https://linkedin.com/company/connected-logistics
F8CYM1SVMHZ3,"TDY INDUSTRIES, LLC",www.ATImetals.com,
F8E1NMZ4NK46,9150-6584 QUEBEC INC.,rprhydro.com,https://linkedin.com/company/rpr-hydro
F8G4FTQNUZT7,BRAVIUM CONSULTING INC.,www.braviumconsulting.com,https://linkedin.com/company/bravium-consulting-inc.
F8GUESLHSWJ7,"GAP SOLUTIONS, INC.",http://www.gapsi.com,https://linkedin.com/company/gap-solutions-inc
F8GZDR9994A3,THE KALT MANUFACTURING COMPANY,www.kaltmfg.com,https://linkedin.com/company/kalt-manufacturing-co
F8HYA4PRJHN6,FCX PERFORMANCE INC,http://www.fcxperformance.com,https://linkedin.com/company/fcx-performance
F8K8TCHU5G19,"INTELLIPOWER, INC.",https://www.intellipower.com,https://linkedin.com/company/ametek-intellipower-inc
F8M5LJA6LJL4,"SARGENT AEROSPACE & DEFENSE, LLC",,
F8P9F19U6JV3,MACHM INDUSTRIES LLC,,
F8Q6Q81LJW84,"TRUESTONE, LLC",http://www.truestonefed.com,https://linkedin.com/company/truestone-llc
F8RCZ7U1JT73,"CHRISTOPHER F. CONLEY AND ASSOCIATES, LLC",,
F8S8T3ZK1B41,"AIRBOSS DEFENSE GROUP, LLC",www.adg.com,https://linkedin.com/company/airboss-defense-group
F8VLK2LN9JY7,"CHOMAC GROUP, INC",,
F8XDH4GWGAD4,"GM DIECRON, LLC",http://www.gmdiecron.com,https://linkedin.com/company/general-machine-diecron
F8XLNVM6CBC7,"GMS METAL WORKS, INC.",www.gmsmetalworks.com,https://linkedin.com/company/gms-metal-works-inc
F93SDMLCLPZ8,GULF AEROSPACE INC,gulfaerospace.com,https://linkedin.com/company/gulf-aerospace-inc
F95BF9VWNRL3,TESTERACT LLC,www.testeract.com,https://linkedin.com/company/testeract
F98TZC6J5XV1,ARC TECHNOLOGIES LLC,www.hexcel.com,https://linkedin.com/company/hexcel-corporation
F99DB1LKAAV1,PEAK ELECTRICAL SERVICES LLC,,
F99GXBC5TMS7,PARKER-HANNIFIN CORP,http://www.parker.com/,https://linkedin.com/company/parker-hannifin
F9AVUZ8YBGQ6,BAE SYSTEMS INFORMATION AND ELECTRONIC SYSTEMS INTEGRATION INC.,https://www.baesystems.com,https://linkedin.com/company/bae-systems
F9F2TNJMKY25,"PD INNOVATIVE, LLC",,
F9H6MEHE2FY4,SIAE MICROELETTRONICA INCORPORATED,,
F9J1SXHZH5A8,"CHAKRABARTI MANAGEMENT CONSULTANCY, INC.",http://www.c-mci.com,https://linkedin.com/company/cmci
F9JBUBGBR358,DAMUTH SERVICES INC,www.damuth.com,https://linkedin.com/company/damuth-trane
F9KSDU7L9VP6,DELOITTE & TOUCHE LLP,http://www.deloitte.com,https://linkedin.com/company/deloitte_china
F9KYRN7FM2B7,HONEYWELL INTERNATIONAL INC.,http://www.honeywell.com,https://linkedin.com/company/honeywell
F9LHTTXX37K1,"HEATCON COMPOSITE SYSTEMS, INC.",https://www.heatcon.com,https://linkedin.com/company/heatcon-composite-systems
F9MBNPMJ6W51,FABER ASSOCIATES INC,https://www.faberinc.com,https://linkedin.com/company/faber-industrial-technologies
F9MJP8XDNUL3,SYNAPSE BUSINESS SYSTEMS INCORPORATED,www.synapsebsystems.com,https://linkedin.com/company/synapse-business-systems-inc
F9N1TKAE5NH3,CROWBAR SECURITY SOLUTIONS LLC,,
F9PAEKAAXGB6,NORTHROP GRUMMAN SYSTEMS CORPORATION,,
F9PCHLUKLRE5,GOODRICH CORPORATION,,
F9Q6HT58HJG3,"THROUGHLINE, INC",www.throughline.com,https://linkedin.com/company/throughlineinc
F9QJAGTTJHL6,"RADIUS AEROSPACE, INC.",https://radiusaerospace.com,https://linkedin.com/company/radius-aerospace-inc
F9R7Y2J79LE3,DORSIA ALLIANCE LTD.,https://www.spacetimeengineering.com/,https://linkedin.com/company/spacetimeengineering
F9RKXNQNP6M5,METAMAGNETICS INC,www.mtmgx.com,https://linkedin.com/company/mtmgx
F9RRZ9DYHFA6,CALIFORNIA METAL & SUPPLY INC.,http://www.CaliforniaMetal.com,https://linkedin.com/company/california-metal-supply-inc
F9RXQHXHNHR3,"KCA ELECTRONICS, INC",www.summitinterconnect.com,
F9SVZ8SPQHZ9,EVAPORATED METAL FILMS CORP.,HTTPS://WWW.EMF-CORP.COM,https://linkedin.com/company/emf-corporation
F9T7KTL6J1Q4,INFINITY LABS LLC,i-labs.tech,https://linkedin.com/company/infinity-labs-llc
F9VMUEXXEZB6,QUARTZ SCIENTIFIC INC,http://www.qsiquartz.com/,https://linkedin.com/company/quartz-scientific-inc.
F9W1PFD4Y232,EURAVIA ENGINEERING & SUPPLY CO LIMITED,https://www.euravia.aero/us,https://linkedin.com/company/euravia
F9YFDP7QVMT7,"CHROME ELECTRIC, LLC",,
F9ZPC3FWAAY3,BSK ASSOCIATES,www.bskassociates.com,https://linkedin.com/company/bsk
FA1DPUD6JPQ1,LINARO LIMITED,www.linaro.org,https://linkedin.com/company/linaro
FA3EB44NCGN3,CELLICS THERAPEUTICS INC,http://cellics.com/,https://linkedin.com/company/cellics-therapeutics-inc
FA3MS5GWHUJ5,NEW RIVER ELECTRICAL CORPORATION,,
FA3ZFY5EZLP1,"BLUETRITON BRANDS HOLDINGS, INC.",,
FA4PLBQ8M4S9,"CUSTOM AIR PRODUCTS & SERVICES, INC.",,
FA4QN5MCJC46,DOMAINTOOLS LLC,http://www.domaintools.com,https://linkedin.com/company/domaintools
FA6NQ9BT83M4,ANTRUST LLC,www.AnTrust.us,https://linkedin.com/company/antrust-us
FAC6KS3N2S14,PEOPLE INC.,www.people-inc.org,https://linkedin.com/company/people-inc
FACDA3GN1CD3,SIMON INDUSTRIES INC,http://www.c-a-design.com,https://linkedin.com/company/c-a-design-inc-
FACXKY7FULJ4,"PRECISION FABRICATING & CLEANING COMPANY, INC.",http://www.precgroup.com/pfc,https://linkedin.com/company/precision-companies
FAD9PS8TNZA5,EMMERT WELDING & MANUFACTURING CO,,
FADJGKN9J2Q3,"KASKASKIA TOOL AND MACHINE, INC.",http://www.kaskaskia.com,https://linkedin.com/company/kaskaskia-tool-&-machine
FAFGT2XJKM88,AGEISS INC,http://www.ageiss.com/,https://linkedin.com/company/ageiss
FAFJDF7SPLF1,"CFR ENGINEERING CONSULTANTS, INC.",http://www.cfrengineering.com,https://linkedin.com/company/cfr-engineering-consultants-inc-
FAHMKDSUM9H9,DIGI-KEY CORP,www.digikey.com,
FAJ6EMPRBN34,"PANTHER HELICOPTERS, INC.",,
FAJEBMMN2342,"HELICOMB INTERNATIONAL, INC.",http://www.pccaero.com,https://linkedin.com/company/pcc-aerostructures
FAK2EF1XQB13,"LONG FENCE COMPANY, INC.",www.longfence.com,https://linkedin.com/company/long-fence
FAK5JKUKRXJ1,INFORMATION SYSTEMS LABORATORIES INC,http://WWW.ISLINC.COM,https://linkedin.com/company/information-systems-laboratories
FAK7LNGRNAN5,SCIENTIFIC RESEARCH CORPORATION,http://www.scires.com,https://linkedin.com/company/scientific-research-corporation
FALZPQ7LVMU5,"DLP ENTERPRISES, INC.",http://www.paigedecking.com,https://linkedin.com/company/dlp-enterprises-inc
FAMRAS2F9MW7,TECH MASTERS LLC,www.techmastersca.com,
FAMSFNXZFJN2,"SC GENERAL INSIGHT, LLC",,
FAP4HJHRMJU3,NAKUPUNA CONSULTING LLC,www.nakupuna.com,https://linkedin.com/company/nakupunacompanies
FAPFQUR5GVN3,CLEARESULT ENERGETICS LLC,clearesult.com,https://linkedin.com/company/clearesult
FARLM1J6SB25,PRODUCTION ENGINEERING CORPORATION,http://www.pecorp.net,
FAS6ELEG65M5,"STRATEGIC VALUE SOLUTIONS, INC.",https://www.svs-inc.com,https://linkedin.com/company/strategic-value-solutions-inc.
FAYFE1X6CZJ5,"DELMARVA VETERAN BUILDERS, LLC",www.delmarvaveteranbuilders.com,https://linkedin.com/company/delmarva-veteran-builders
FAYLNLMNBBJ9,PRINTABLE PROMOTIONS,,
FAYUP2RZEMQ7,WASHINGTON MILLS ELECTRO MINERALS CORPORATION,https://washingtonmills.cpm,
FAZEJLQRCCS5,"TYONEK TECHNICAL SERVICES, LLC",www.tyonek.com,https://linkedin.com/company/tyonek-native-corp
FAZLLG9DFJP8,MAVEN GROUP LLC,www.mavengroupsolutions.com,https://linkedin.com/company/mavengroupsolutions
FAZYHYULJBN7,"DOMINION ENGINEERING, INC.",www.domeng.com,https://linkedin.com/company/dominion-engineering-inc.
FB1RPJXDSK18,"NCS TECHNOLOGIES, INC.",http://www.ncstech.com,https://linkedin.com/company/ncs-technologies
FB2BBN5LKK55,UK RESEARCH & INNOVATION,http://www.ukri.org,https://linkedin.com/company/stfc
FB2HLKGTNE48,SYZYGY INTEGRATION LLC,,
FB2THGYMJG33,EASTERN WIRELESS TELECOM INC,http://www.ewtfilters.com,https://linkedin.com/company/eastern-wireless-telecomm-inc
FB38HB3GHWG3,ALTANA TECHNOLOGIES INC,altana.ai,https://linkedin.com/company/altana-ai
FB45K4C7MF21,KSA INTEGRATION LLC,www.ksaintegration.com,https://linkedin.com/company/ksa-integration
FB5MYW2FU4Q7,"ADVANCEDPCB, INC.",http://www.advancedpcb.com,
FB8GQKV32CJ9,C E NIEHOFF & CO,http://www.ceniehoff.com,https://linkedin.com/company/c-e--niehoff
FB8SXSEEVAP1,ATLAS TECHNICAL CONSULTANTS LLC,www.oneatlas.com,https://linkedin.com/company/atlastechnicalconsultants
FB9HKYU6S7V4,"DBD, INC.",http://dbdinternational.com,https://linkedin.com/company/dbd-ltd
FBBFCLM9BP15,"NANOVEA, INC.",www.nanovea.com,https://linkedin.com/company/nanovea
FBC1JGCPRLD4,LOGIC SPA,,
FBFKX6PZSHK7,NIMBUS NINE IT SOLUTIONS LLC,https://latitudeits.com,https://linkedin.com/company/latitudeits
FBGGFQKXSGB7,PERRY JOHNSON REGISTRARS INC,https://www.pjr.com/,https://linkedin.com/company/perry-johnson-registrars-cdm--clean-development-mechanism
FBJLYH7L73Z9,"KCLT HOLDINGS, CO.",,
FBKGUN8BFVF3,THERMO EBERLINE LLC,www.thermofisher.com,https://linkedin.com/company/thermo-fisher-scientific
FBNZGDGCNLM6,QAL-TEK ASSOCIATES LLC,http://www.qaltek.com,https://linkedin.com/company/qal-tek-associates
FBR5HFMNBSU7,VADATECH INC,http://www.vadatech.com,https://linkedin.com/company/vadatech-inc.
FBRMCGPMN963,"ENTERPRISE TECHNOLOGY SOLUTIONS, INC.",https://etsig.com/,
FBRSJB6V4LW8,"TELEDYNE BROWN ENGINEERING, INC.",http://www.tbe.com,https://linkedin.com/company/teledynebrown
FBTTZQ8ZLK26,RAYTHEON COMPANY,https://www.rtx.com,https://linkedin.com/company/raytheontechnologies
FBUAMHNNJ9D9,"CUTTING EDGE COATING SERVICES, LLC",,
FBWQMKLMMFG1,"FLUX RESOURCES, LLC",,
FBY5DR99VMM3,NEI CORPORATION,,
FBYMGMHW4X95,TRUSTEES OF BOSTON UNIVERSITY,www.bu.edu,https://linkedin.com/company/boston-university-college-of-engineering
FBZUHK85HRA4,"MIDDLEBURY FENCE CO., LLC",,
FC1YS56MS5E6,"WELDING METALLURGY, INC.",,
FC25MJYWJQJ3,GENERAL DEVICES CO INC,http://www.generaldevices.com,https://linkedin.com/company/general-devices-co.-inc.
FC2CNDSY8CL9,"WOVEN ELECTRONICS, LLC",www.collinsaerospace.com,https://linkedin.com/company/collins-aerospace
FC2DMY2DXH24,BUCHI CORP,http://www.buchi.com,https://linkedin.com/company/büchi-labortechnik-ag
FC2VKRD7E9D3,"UES PROFESSIONAL SOLUTIONS, INC.",www.teamues.com,https://linkedin.com/company/universal-engineering-sciences-inc
FC36AZ5Z6MM7,MTS PARTNERS INC,www.iprinttechnologies.com,https://linkedin.com/company/iprint-technologies
FC36M1XZA255,"PARAMOUNT MACHINE, INC.",https://www.paramount-machine.com/,https://linkedin.com/company/paramount-machine-inc
FC3BF4GHX183,AIREON LLC,www.aireon.com,https://linkedin.com/company/aireon-llc
FC49KKA276X6,FOREIGN POLICY RESEARCH INSTITUTE INC,http://www.fpri.org,https://linkedin.com/company/foreign-policy-research-institute
FC83TNZ6EMF6,WALL COLMONOY CORP,www.wallcolmonoy.com,https://linkedin.com/company/wall-colmonoy
FCBNRNMA4KG4,AMERICAN DEMOLITION & NUCLEAR DECOMMISSIONING INCORPORATED,http://www.americandnd.com,https://linkedin.com/company/american-demolition-and-nuclear-decommissioning-incorporated
FCE2Z2TT2WX1,SHANICA COMPANY FOR TRANSPORTING AND REMOVING MINES IMPORTING EXPLOSIVE MATERIALS AND GENERAL TRADING LTD,,
FCF1M7LMWD36,THE LONGFIELD GROUP LLC,www.longfieldgroup.com,https://linkedin.com/company/the-longfield-group-llc
FCG2UPF2AAA6,ACCEL INNOVATION CORP,www.accelinnovationcorp.com,https://linkedin.com/company/accelinnovationcorp
FCJBL43FMD15,GALORATH INCORPORATED,,
FCLLEEEUMMW9,EMPOWER SOLUTIONS LLC,www.empowersolutions.com,https://linkedin.com/company/empower-solutions
FCMPZKYCYKH5,VAISALA INC.,vaisala.com,https://linkedin.com/company/vaisala
FCPHQEA1HEQ7,TROY MECHANICAL INC,www.troymechanical.com,https://linkedin.com/company/troy-mechanical-inc.
FCPKABNNLCH5,STORMWIND LLC,http://www.stormwind.com,
FCS4UNZ4F1D1,"JKM ELECTRIC, LLC",http://www.jkmelectric.com,https://linkedin.com/company/jkm-electric-llc
FCSYTFE2LWB7,"INFORMATION SYSTEMS LABORATORIES, INC.",http://www.islinc.com,https://linkedin.com/company/information-systems-laboratories
FCTZNTHKWNM1,ARIA TECHNOLOGY SOLUTIONS LLC,,
FCUMDMGJBZN4,THORNTON TOMASETTI WILSON JOINT VENTURE,,
FD13WCJ3NRE7,"ELECTRIC POWER SYSTEMS, INC.",www.epsinc.com,https://linkedin.com/company/electric-power-systems-inc-
FD1LHNJNFNW5,TAYLOR FIRE PROTECTION SERVICES LLC,http://www.taylorfire.com/,https://linkedin.com/company/taylor-fire-protection-services-llc
FD1MUDH7VBK8,J2C ENTERPRISE LLC,www.j2centerprise.com,https://linkedin.com/company/j2c-enterprise-llc
FD2GSFH6K163,ADVANCED MANUFACTURING SOLUTIONS LLC,,
FD3WPNHSJU46,"WALKER BROTHERS MACHINERY MOVING, INC.",,
FD4QJJQK9WH7,STERILE SERVICES CO.,https://ssc1.com/,https://linkedin.com/company/ssc1
FD5TGBC3CVQ3,ODA GLOBAL LLC,www.oda-global.com,https://linkedin.com/company/oda-global
FD83JSMSL9K1,S C & A INC,https://www.scainc.com,https://linkedin.com/company/sc&a
FD9WGFKHHRL4,CELEEN LLC,https://commandholdingspqt.com/wwc-federal-2/,
FDAHDLG2HKC8,DLC ELECTRIC LLC,www.dlcelectric.net,https://linkedin.com/company/dlc-electric-co
FDAYWZDYECL7,"TANLIE SERVICES, INC.",,
FDB3JQRXYMG3,NORTHROP GRUMMAN SYSTEMS CORP,,
FDEBHRY3KWF3,"REXEL USA, INC.",http://www.gexpro.com,https://linkedin.com/company/gexpro
FDEWLNEMNFT5,DATA DEVICE CORP,http://www.ddc-web.com,https://linkedin.com/company/data-device-corporation
FDF9LFCLNB18,"SOUDER, MILLER & ASSOCIATES, INC.",http://www.soudermiller.com,https://linkedin.com/company/souder-miller-&-associates
FDGPB4TVYAV3,"TEMPOSONICS, LLC",www.temposonics.com,https://linkedin.com/company/temposonics
FDGWBLN8VJA6,"SPITFIRE CONCRETE, LLC",,
FDJFUMFC3BK3,ANIXTER INC.,http://www.anixter.com,https://linkedin.com/company/anixter
FDLEQSJ8FF63,UNIVERSITY OF ALASKA FAIRBANKS,http://www.uaf.edu/ogca,https://linkedin.com/company/university-of-alaska-fairbanks
FDM2Q2MKX7F8,PIONEER AEROSPACE CORP,,
FDN3FDLKE113,HARRIS LARRY,,
FDNGCFYJB5J7,SPIRENT FEDERAL SYSTEMS INC,http://www.spirentfederal.com,https://linkedin.com/company/spirent-federal-systems
FDNHBEGNKUM4,EMMANUEL T. KPABITEY,,
FDNQCADCMMT9,"CLARUS GROUP, LLC",http://www.clarusgroup.com,https://linkedin.com/company/clarus-group
FDNXEFHELMW3,SOURCE CODE LLC,www.sourcecode.com,https://linkedin.com/company/source-code-corporation
FDQGDDQRC5P7,L2T LLC,www.layer2-tech.com,
FDR5YF2K32X5,UNIVERSITY OF WYOMING,https://www.uwyo.edu/,https://linkedin.com/company/university-of-wyoming
FDRQEYZZDMF6,HONEMATIC MACHINE CORPORATION,http://www.pcxaero.com,https://linkedin.com/company/pcx-aerostructures
FDV6C75AFJ75,"BRK ELECTRICAL CONTRACTORS, LLC",www.brk-electric.com,https://linkedin.com/company/brk-electrical-contractors-llc
FDW2F3TLZ4X7,"NEWGEN TECHNOLOGIES, INC",http://www.newgentechnologies.com,https://linkedin.com/company/newgen-technologies-inc
FE1KVS3Q5FX3,"FLORABAMA GEOSPATIAL SOLUTIONS, LLC",www.fgs-surveyors.com,https://linkedin.com/company/fgs-surveyors
FE41S3SKJNN6,PARKLAND USA CORPORATION,www.conradbischoff.com,https://linkedin.com/company/conrad-bischoff-inc-
FE5ADPL8DPB3,HADCO METAL TRADING CO LLC,http://www.hadco-metal.com,https://linkedin.com/company/hadco-metal-trading-co.-llc
FE6LAJ81JKF9,"ADVANCED INTERNET MARKETING, INC.",http://www.thegbsgroup.us,https://linkedin.com/company/the-gbs-group
FE6PK4RFXJ28,SIEMENS INDUSTRY SOFTWARE INC.,https://www.sw.siemens.com/en-US/,https://linkedin.com/company/siemenssoftware
FE71DET4RML7,"MATHESON TRI-GAS, INC.",www.mathesongas.com,
FE8JLZNFBJR3,REDWOOD STRONG LLC,redwoodstrong.com,https://linkedin.com/company/redwood-strong-llc
FEB8H4HLL6L5,"MET-CON, INC.",http://www.metconinc.com,https://linkedin.com/company/met-con-inc.
FEBXZLMW7TE3,PAAL TECHNOLOGIES INC,www.paaltech.com,https://linkedin.com/company/paal-technologies-inc
FEFJYJM6F4H5,EXPRESSION NETWORKS LLC,expr.ai,
FEH7MM4YLTU5,"FENCECORP, INC.",www.fencecorp.us,
FEHCFENZRVU4,"AMETEK PROGRAMMABLE POWER, INC.",www.programmablepower.com,https://linkedin.com/company/ametek-programmable-power
FEJ6JXEKXM33,"HAMA, INC",WWW.HAMACORP.COM,
FEMMC5NQRV83,"GEOPATOM, LLC",www.geopatom.com,
FENMHNNGBYL9,KEEPER INC,www.mykeeper.com,https://linkedin.com/company/keepermemorials
FENSSV95CXM1,AI SOLUTIONS INC,http://WWW.AI-SOLUTIONS.COM,https://linkedin.com/company/aisolutionsinc
FEPNND8HMMA3,MILLER MARINE LLC,millermarine.us,https://linkedin.com/company/miller-marine-greater-san-diego-
FEV7WTNRL9V8,MARKON LLC,www.markonsolutions.com,https://linkedin.com/company/markon-solutions
FF1MKYK1SXF9,ELECTRIC POWER RESEARCH INSTITUTE INC,www.epri.com,https://linkedin.com/company/epri
FF69FMFKBBH7,MW INTERNATIONAL VENTURES LLC,https://www.nexamobility.com,https://linkedin.com/company/nexamobility
FFAKSS16QE39,DAVISTAR INTERNATIONAL LLC,,
FFBLGPAP83N3,T J TECHNOLOGY LLC,http://www.t-j-technology.com,
FFDQYKT9MVJ3,"MOTORCAR PARTS OF AMERICA, INC",www.motorcarparts.com,https://linkedin.com/company/motorcar-parts-of-america
FFEAH6Z5CK27,"STOTTLER HENKE ASSOCIATES, INC",https://www.stottlerhenke.com,https://linkedin.com/company/stottler-henke
FFEEWA9Q4EB5,HEXCEL CORP,http://www.hexcel.com,https://linkedin.com/company/hexcel-corporation
FFFBN9JMAKK3,"POWERTRAIN, INC.",http://www.powertrain.com,https://linkedin.com/company/powertrain-inc
FFJAX4J2KE25,COHNREZNICK LLP,https://www.cohnreznick.com,https://linkedin.com/company/cohnreznick-llp
FFJBFCK9WME5,"CHIP SUPPLY, INC.",http://WWW.MICROSS.COM,https://linkedin.com/company/micross-components
FFL3UP4KSG67,"ISTO, INC.",http://www.isto.org,
FFMCRGJTZ913,"CITY-STATE, LLC",http://www.cslpro.com,https://linkedin.com/company/city-state-llc
FFNSLCVKTJU4,"SETTY ENTERPRISES, INC",http://www.e-bti.com,https://linkedin.com/company/setty-enterprises-inc-
FFNYP46C9E57,MONTEREY TECHNOLOGIES INC,https://www.montereytechnologies.com,https://linkedin.com/company/monterey-technologies-inc-
FFQ4TDMKMGU5,MASONRY IV INC,,
FFR6QKAMJBU3,WEST COAST-ACCUDYNE INC.,http://www.accudyneeng.com,https://linkedin.com/company/west-coast-accudyne-inc
FFSKL21D5M54,"INFOEXPERTS, INC.",http://www.infoexpertsusa.com,https://linkedin.com/company/infoexperts
FFSRZJCTE4M4,SMOOTH ON INC,http://www.smooth-on.com,https://linkedin.com/company/smooth-on-inc
FFSSK2D6MD53,"HAZEN AND SAWYER, D.P.C.",https://www.hazenandsawyer.com/,https://linkedin.com/company/hazen-and-sawyer
FFTHE5WSPBL8,BOW WAVE LLC,bowwavellc.com,https://linkedin.com/company/bow-wave-llc
FFVUPJ95VBQ3,THERMAL TECHNOLOGY LLC,http://thermaltechnology.com,https://linkedin.com/company/thermal-technology-llc
FFW2RM588PP3,ENCORE GROUP USA LLC,https://encoreglobal.com/,https://linkedin.com/company/encoreglobal
FFWEMWYJ73R4,PUBLIC COUNSEL,http://www.publiccounsel.org,https://linkedin.com/company/public-counsel
FFXCMLM9JDN9,"JAMES, COOKE & HOBSON, INC",www.jchinc.com,https://linkedin.com/company/james-cooke-and-hobson-inc
FFY8UTLR36G9,SOLAR ATMOSPHERES MANUFACTURING INC,,
FG2YDR5FMXV2,"TRACKVIA, INC.",www.trackvia.com,https://linkedin.com/company/trackvia-inc
FG3UX7CB1631,TECHICON INC,http://techicon.net,https://linkedin.com/company/techicon-inc.
FG41DG32EGC3,GLOBAL LIFE SCIENCES SOLUTIONS USA LLC,http://www.cytiva.com,
FG5GTBKHLGY4,ABM ELECTRICAL POWER SOLUTIONS LLC,,
FG6HWSDCCJC8,"COURTAVENUE, LLC",,
FG6PP9H5ADD6,"UNITECH, INC.",,
FG7CGCHSNML9,"LEIDOS SECURITY DETECTION & AUTOMATION, INC.",,
FG7HKV9NTDK5,"DRS SUSTAINMENT SYSTEMS, INC",http://www.drs.com,
FG8BJ7UY8NK3,AQUIFER DRILLING & TESTING INC,https://www.cascade-env.com/subsidiaries/aquifer-drilling/,https://linkedin.com/company/cascade-environmental-llc
FGCPNND12MW4,"VERIFY, INC.",http://www.verifyglobal.com,https://linkedin.com/company/verifyglobal
FGD3HLN2YG31,"OXFORD GOVERNMENT CONSULTING, LLC",http://www.oxfordgc.com,https://linkedin.com/company/oxford-government-consulting
FGF9KAKL2AE7,"AVO PHOTONICS, INC",http://www.avophotonics.com/,https://linkedin.com/company/avo-photonics
FGFCWE45JBW4,STAPLES INC,http://staples4government.com,
FGH1NL69G6L5,ILLINOIS TOOL WORKS INC.,www.buehler.com,https://linkedin.com/company/buehler
FGHSDQW6X5H5,"CACTUS TRANSPORT II, LLC",https://cactusasphalt.com/,https://linkedin.com/company/cactus-asphalt
FGHYBJKLMGY1,IMAGINEERING ENTERPRISES INC,www.iftworldwide.com,https://linkedin.com/company/imagineering-finishing-technologies
FGHYJUWJ4NV3,"OBJECTIVE AREA SOLUTIONS, LLC",www.objectivearea.com,https://linkedin.com/company/objectivearea
FGKEVGYL3ZF3,FLYWHEEL DATA LLC,www.flywheeldata.com,https://linkedin.com/company/flywheel-data
FGKRNWHGNM75,CINEDESIGN GROUP LLC,www.cinedeck.com,https://linkedin.com/company/cinedeck
FGKTDUUD7TG8,PACE SYSTEMS INC,HTTP://WWW.PACE-SYSTEMS.COM,https://linkedin.com/company/pace-systems-inc.
FGKVT3HK1FL8,SUNCOAST INFRASTRUCTURE INC,http://www.Suncoastinfrastructure.com,https://linkedin.com/company/suncoast-infrastructure-inc
FGLJL6AY3KB8,PAVCON LLC,http://www.pavconllc.com,https://linkedin.com/company/pavcon-llc
FGM3XHY88UA1,NEUSOFT LLC,,
FGMGUMPD1LG2,TODD ROBINSON PAINTING INC,https://trpainting.com/,https://linkedin.com/company/todd-robinson-painting-inc
FGMVAJCJF9T5,"JAKEN MEDICAL INC., A CALIFORNIA CORPORATION",http://www.jakenmedical.com,https://linkedin.com/company/jaken-medical-inc
FGNGM1DJVEP5,21 CONSULTING GROUP INC,,
FGNMA4HKRZH3,TECHNOLOGY MANAGEMENT SOLUTIONS LLC,https://tmsllc.us.com/,https://linkedin.com/company/tmsolutions-llc
FGNNM7KNUPF6,KARTHIK CONSULTING LLC,http://www.karthikconsulting.com,https://linkedin.com/company/karthik-consulting
FGQEEXJ55B21,CANADIAN BABBITT BEARINGS LTD,cbb.ca,https://linkedin.com/company/canadian-babbitt-bearings-ltd
FGRKX2N2WAE4,MILITARY & COMMERCIAL FASTENERS CORP,www.mcfcorp.com,https://linkedin.com/company/military-&-commercial-fasteners-corp.
FGS4H2GPVFZ3,BRIAN T GRIST,,
FGSEZJ5LNH27,E & C JOHNSON COMPANY,,
FGTLXKXRUGZ2,"GIGNAC CONSTRUCTION, LLC",,
FGYHQBYSAQD1,HARVEY ECONOMICS COMPANY,www.harveyeconomics.com,https://linkedin.com/company/harvey-economics
FH17M9HXNZ17,REVENUE SERVICE TECHNOLOGIES LLC,www.rstechllc.com,https://linkedin.com/company/revenue-service-technologies-llc
FH1LJB8FZX93,"ALTIUM, INC.",www.altium.com,https://linkedin.com/company/altium
FH1LU5DUJL48,CODIT LLC,https://cod-it.tech,https://linkedin.com/company/codit-llc
FH1WLR4G2MF9,"GOLDEN ENGINEERING, INC.",https://www.goldenengineering.com,https://linkedin.com/company/golden-engineering-inc.
FH46NQVC93V3,HECO PACIFIC MANUFACTURING INC,http://www.hecopacific.com,https://linkedin.com/company/heco-pacific-manufacturing-inc.
FH6JDZAYKYR4,MAINSPACE OFFICE SOLUTIONS LLC,,
FH72JYU4C3P6,"DR. ROOF, INC.",http://www.drroofinc.com,
FH7ML8E9EWJ7,"DYNETICS, INC.",www.dynetics.com,https://linkedin.com/company/dynetics-inc-
FH8KQEYJMGL3,LORD CORPORATION,https://www.parker.com/us/en/divisions/lord-division.html,https://linkedin.com/company/parker-hannifin
FH9VFZGGPC21,"SOUTHERN MANUFACTURING TECHNOLOGIES, INC",http://www.smt-tampa.com,https://linkedin.com/company/southern-manufacturing-technologies-inc.
FHA1LCSXT7V3,"KNOTT'S PEST CONTROL, INC.",http://www.knottspest.com,https://linkedin.com/company/knott's-pest-control-inc.
FHA7EXMLDXZ6,OJF INTERNATIONAL INC.,,
FHDAH5M7NNF6,GREEN NATURE CO. FOR GENERAL CONTRACTING LTD.,www.greennatureco.com,
FHDLXXCVXCX8,"TALON ANALYTICS, LLC",,
FHDQN2GNSRP3,"PACTEC, INC.",http://www.pactecinc.com,https://linkedin.com/company/pactec-inc-
FHELSES88M54,YO'CARE SOUTH SUDAN,https://www.yocare.org/,https://linkedin.com/company/yo-care-south-sudan
FHG3RPYEDJB1,"CRFS, INC.",www.crfs.com,https://linkedin.com/company/crfs
FHGSVH3GDT79,THE SHERWIN-WILLIAMS COMPANY,,
FHHEPQJL34L3,"HD SONIC DRILLING, INC.",,
FHHXK6FJG9N4,"WATERFRONT CONSTRUCTION, INC.",https://waterfrontconstruction.com/,https://linkedin.com/company/waterfront-construction
FHJVTB5NFT74,STEELVILLE MANUFACTURING CO,http://steelvillemfg.com,https://linkedin.com/company/steelville-manufacturing-co
FHJYG4BAAZ36,"WORLD EDUCATION, INC.",http://www.worlded.org,https://linkedin.com/company/world-education
FHK8S6MD6NN5,SPIRITUS SYSTEMS COMPANY,www.spiritussystems.com,https://linkedin.com/company/spiritus-systems
FHKLJV1NP651,SMITHS DETECTION INC.,http://www.smithsdetection.com,https://linkedin.com/company/smiths-detection
FHLPHFQBMDX9,ZETA ASSOCIATES INC,,
FHNCUMP16GP5,LACREEK DEVELOPMENT CORP,Lacreekdevelopment.com,
FHQFHK3P16V4,M J BRADLEY CO INC,www.bradleyfloors.com,https://linkedin.com/company/m-j-bradley-co-inc
FHR8NT66UED6,RAYTHEON COMPANY,https://www.rtx.com/,https://linkedin.com/company/raytheontechnologies
FHSDPLFJL677,"MURPHY, ELIZABETH O",,
FHT2GPMG5YM8,"XOMETRY, INC.",www.xometry.com,https://linkedin.com/company/xometry
FHTCKU2Y6PF6,"DHPC TECHNOLOGIES, INC.",www.peraton.com,https://linkedin.com/company/peraton
FHTXXVBLL1P8,DRY COOLERS INC,http://www.drycoolers.com,https://linkedin.com/company/dry-coolers-inc
FHUJYGF4FPB9,BCS SWITCHGEAR INC,,
FHX9JYL2J879,POLYGON PARTNERS LLC,,
FJ39JWYQ1BR3,DESMARK INDUSTRIES INC,www.amerisewn.com,https://linkedin.com/company/amerisewn
FJ3CJ5QSECH6,"TECHNICAL RESEARCH AND MANUFACTURING, INC.",https://www.quantictrm.com/,https://linkedin.com/company/trm-microwave
FJ3ECK7YNA53,SPER CONTRACTING CORPORATION,,
FJ3MERN7QFA6,"MICHAEL BAKER INTERNATIONAL, INC.",http://www.mbakerintl.com,https://linkedin.com/company/michael-baker-corporation
FJ3STGVA7MG6,DGM ELECTRONICS INC,,
FJ4NVG91NT15,DNB ENGINEERING INC,http://www.dnbenginc.com,https://linkedin.com/company/dnb-engineering-inc.
FJ4RENXLJ219,CONTROLLED ENVIRONMENT SYSTEMS LLC,www.cesweb.com,
FJ5KUWG5MEQ3,BORG DESIGN INC,http://www.borgdesign.com,https://linkedin.com/company/borg-design-inc-
FJ6AD9GF9C91,"B.T. MANCINI CO., INC.",,
FJ7YBPFPWR88,MAYA SIMULATION TECHNOLOGIES LTD,https://www.mayahtt.com,https://linkedin.com/company/mayahtt
FJ8NY24LFMM8,BOYD CORPORATION (WOBURN) INC,www.boydcorp.com,https://linkedin.com/company/boydcorporation
FJ9DFULFSNS8,"ABUNDANCE OF LOVE AND CARE HEALTHCARE FACILITY, LLC",https://abunoflove21.com/,
FJAVFFKN2LE3,"WATTEREDGE, LLC",http://www.watteredge.com,https://linkedin.com/company/watteredge-llc
FJAYZZ4ZTQS7,DANILO JESUS VILLEGAS VIVES,,
FJBEKKXACPS3,"ENTHALPY ANALYTICAL, LLC",www.montrose-env.com,https://linkedin.com/company/montrose-environmental-group
FJBNLGHXPVP7,PERATON INC.,www.peraton.com,https://linkedin.com/company/peraton
FJBUS1QKPBW3,"PRACTICAL ENERGETICS RESEARCH, INC",per-hq.com,https://linkedin.com/company/practical-energetics-research-llc
FJBZEEDEVRK8,CREATIVE MICROSYSTEMS CORPORATION,http://www.creativemicro.com,https://linkedin.com/company/creativemicrosystems-corporation
FJC4D6Z2HNH5,"ALL FLEX SOLUTIONS, INC.",http://www.allflexinc.com,https://linkedin.com/company/all-flex-solutions
FJETAHSF4SB1,"KNOWLEDGELAKE, INC.",http://www.knowledgelake.com,https://linkedin.com/company/knowledgelake
FJFHALLBGLW3,AMPERSAND SOLUTIONS GROUP INC,www.ampsg.com,https://linkedin.com/company/ampersandsg
FJG5L7UJMVA8,ZULKOM TRADING FZC,,
FJGGLHGUKPR5,INUSSUK A/S,,
FJGXTA8BBK41,DEROYAL INDUSTRIES INC,http://www.deroyal.com,https://linkedin.com/company/deroyal
FJH7JTLQZZE7,"COMFORT SYSTEMS USA SOUTHWEST, INC",,
FJHEBK9QHTY7,"ALEXANDRIA INSIGHTS, INC.",www.axinsights.com,https://linkedin.com/company/alexandria-insights
FJHEY7ELG417,"PRODUCTIVE ENGINEERING SYSTEMS, INC",,
FJK1VFB44WP3,ATACCAMA CORP. U.S.,www.ataccama.com,https://linkedin.com/company/ataccama
FJLDR15CVW29,"ADVANCE MANUFACTURING TECHNOLOGY, INC.",www.advancemfgtech.com,https://linkedin.com/company/advance-manufacturing-technology-inc-
FJLMN2N34M93,GARDAWORLD FEDERAL SERVICES LLC,www.garda-federal.com,https://linkedin.com/company/1adsa
FJM8WZ8EF8K6,VIGYAN INC,www.vigyan.com,https://linkedin.com/company/vigyan-inc.
FJMXSPL8MKG3,THE MEANINGFUL CONSULTING GROUP LLC,,
FJQ7YJWKDBE4,"CABINET TECH, L.L.C.",,
FJQ9AFWPN7K4,EMPYREAN BENEFIT SOLUTIONS INC,www.goempyrean.com,https://linkedin.com/company/empyrean-benefit-solutions
FJQMSBGAVSR1,"MICHAEL BAKER INTERNATIONAL, INC.",http://www.mbakerintl.com,https://linkedin.com/company/michael-baker-corporation
FJS8P9C6B368,DCS CORPORATION,https://www.dcscorp.com,https://linkedin.com/company/dcs-corp
FJSXRBM2UMU5,CYBERLUX CORP,http://www.cyberlux.com,https://linkedin.com/company/cyberlux-corporation
FJVDP1ZUAHD3,"STRUCTURAL INTEGRITY ASSOCIATES, INC",www.structint.com,https://linkedin.com/company/structural-integrity-associates
FJW1PRGQN184,"CONSTRUCTION HELICOPTERS, INC.",https://chiaviation.com/,https://linkedin.com/company/chi-aviation-inc-
FJX9Q623XDK5,"WANCO, INC.",http://www.wanco.com,https://linkedin.com/company/wanco
FJXGGLK4K1J8,A & P POWER SYSTEMS LTD,,
FJZNZVL5HE13,"ASSET EXCHANGE II, LLC",,
FK14K8UG5KT5,SAYARI LABS INC,sayari.com,https://linkedin.com/company/sayarilabs
FK47X9ANKAL8,MIRA GEOSCIENCE,,
FK4HW4Y4SRV1,RMS ELECTRICAL SERVICES INC,http://www.rmselectricalinc.com/,https://linkedin.com/company/rms-electrical-services-inc
FK5ZRHDCZLX5,BRPH ARCHITECTS ENGINEERS INC,https://brph.com/,https://linkedin.com/company/brph
FK9TREHJEB16,TERRASENSE LLC,,
FKA7P3EC8GV3,"ZONE 5 TECHNOLOGIES, LLC",www.zone5tech.com,https://linkedin.com/company/zone-5-technologies
FKAZY5LLQD78,WELDWORX FABRICATION LLC,weldworxfabllc.com,
FKBHDS7BRJF4,"HONEYWELL SAFETY PRODUCTS USA, INC.",,
FKBXQHP7E9H2,ABDULLAH SHAILA,http://myhouseofdesign.com,
FKCCNJXL9TM7,"BARD PERIPHERAL VASCULAR, INC.",,
FKCFEAQAS111,"CENTURY CONSTRUCTION GROUP, INC.",,
FKCKEGWMK8K7,"GREAT LAKES ENVIRONMENTAL CENTER, INC",http://www.glec.com,https://linkedin.com/company/great-lakes-environmental-center
FKCWZFJULJE3,GLOBAL CALIBRATION LLC,globalcal.net,https://linkedin.com/company/global-calibration-llc
FKDBZQPKJTQ4,"CLEAN MANAGEMENT ENVIRONMENTAL GROUP, INC",www.cleanmanagement.com,https://linkedin.com/company/clean-management-environmental-group-inc-
FKDRQLPJ53L9,MILLSPAW ELECTRONICS LLC,https://MillspawElectronics.com,https://linkedin.com/company/millspaw-electronics
FKEYGBAYJLH3,"MERCURY SYSTEMS, INC.",www.mrcy.com,https://linkedin.com/company/mercury-systems
FKFNXNLKBAG5,SECURITY RISK SOLUTIONS INC,http://www.SecurityRiskSolutions.com,https://linkedin.com/company/security-risk-solutions-inc.-srs-
FKFZBQRZF1G3,"ACG SYSTEMS, INC.",www.acgsys.com,https://linkedin.com/company/acg-systems-inc
FKG5MLJMF4A3,"ANI, LLC",,
FKHES1PAWAS6,"COMSEC, LLC",https://ComSecLLc.com,https://linkedin.com/company/comsec-llc
FKHLGJSMNP31,SECURITY 101 HOLDINGS LLC,www.security101.com,https://linkedin.com/company/security-101
FKJDKJ5MZJR6,GLOBAL RESEARCH & DEVELOPMENT INC,https://globalprocesstechnology.com/,
FKJECQRV42E1,NIC4 INC,www.networkinv.com/market/us-government,https://linkedin.com/company/network-innovations
FKJWA9VNRNC9,"PECKHAM VOCATIONAL INDUSTRIES, INC.",http://www.peckham.org,https://linkedin.com/company/peckham-inc.
FKJWLYVKDNK8,"VISION POINT SYSTEMS, INC.",http://www.visionpointsystems.com,https://linkedin.com/company/vision-point-systems
FKKAC9UY6B34,THERMECH CORPORATION,,
FKKMU6VJEEQ8,"PACIFIC AEROSPACE & ELECTRONICS, LLC",http://www.pacaero.com,https://linkedin.com/company/pacaero
FKL7FG5MRMB3,HEADWALL PHOTONICS INC,https://www.headwallphotonics.com,
FKLFMEX68KD7,APACHE STAINLESS EQUIPMENT CORP,https://www.apachestainless.com,https://linkedin.com/company/apache-stainless-equipment-corporation
FKLYBY1R3XE4,SMITHERS MSE INC,https://www.smithers.com/home,
FKM6EKZ4CKL6,"K2M DESIGN, INC",http://www.k2mdesign.com,https://linkedin.com/company/k2m-design
FKM6YFJ3NK59,EXECUTIVE SHUTTLE SERVICES,,
FKMJEM549HL3,"PRECISION GLASS AND ALUMINUM, INC.",,
FKN6CUU1EKW3,"TESTAMERICA LABORATORIES, INC",www.EurofinsUS.com/Env,
FKQ3GVT3KAN8,"REBEL SOUND SYSTEMS, INC.",,
FKQUUNBBFP75,"BENCHMARK EMS PHOENIX, INC.",www.bench.com,https://linkedin.com/company/benchelec
FKT3MJJ4SCJ4,PJS LLC,http://www.libertyairlv.com,https://linkedin.com/company/liberty-heating-air-conditioning-&-refrigeration
FKTQMK1BRNL5,"ELECTRONIC SOURCE COMPANY, LLC",https://www.electronic-source.com,https://linkedin.com/company/electronic-source-company
FKUCYGRK1EQ3,"ORACLE AMERICA, INC",www.oracle.com,https://linkedin.com/company/oracle
FKVCXN2ML7K3,"PACIFIC COAST CONTRACTING SERVICES, INC",https://www.pacificcoastcontracting.com,https://linkedin.com/company/pacific-coast-contracting
FKX1HDVV9BT3,"CYBERSECURE IPS, LLC",www.cybersecureips.com,https://linkedin.com/company/cybersecure-ips
FKXBD17QZNE3,MCCALL INDUSTRIAL SUPPLY CO LLC,http://www.mccallsupply.com,https://linkedin.com/company/mccall-industrial-supply
FKYLCP22DGR2,ACCRUENT LLC,https://www.accruent.com/,https://linkedin.com/company/accruent
FKZYBBYD3CJ7,DEFENSE CONTRACTING INC,,
FL4ANB1N5NN5,SATCOM SOLUTION AND RESOURCES LLC,www.satcomresources.com,https://linkedin.com/company/satcom-resources
FL4AUYLFP7E8,GEORGIA SOUTHERN UNIVERSITY RESEARCH & SERVICE FOUNDATION INC,,
FL5CPD2Z71Z7,ELMA ELECTRONIC INC,,
FL6ACVUJMGN9,SIMPSON GUMPERTZ & HEGER INC.,https://www.sgh.com,https://linkedin.com/company/sghengineering
FL6GV84CKN57,YALE UNIV,http://www.yale.edu,https://linkedin.com/company/yale-university
FL8UNYTG72D1,"J. CRAIG VENTER INSTITUTE, INC.",http://www.jcvi.org,https://linkedin.com/company/j-craig-venter-institute
FLAQN7M3V2X4,"LOADPATH, LLC",www.redwirespace.com,https://linkedin.com/company/redwire
FLB3TQSNLVG3,"WARD/DAVIS ASSOCIATES, INC.",http://www.warddavis.com,https://linkedin.com/company/warddavis-associates
FLCCDN9E58J6,DATABASE CONSULTING CONSORTIUM LLC,,
FLCEJE8JMAQ4,THE WILL-BURT COMPANY,HTTP://WWW.WILLBURT.COM,https://linkedin.com/company/thewillburtcompany
FLF5UU5LLJN3,NATIONAL COMPUTER COMPANY,,
FLFDRT9ZC8W6,KARPINSKI ENGINEERING INC,www.karpinskieng.com,https://linkedin.com/company/karpinski-engineering
FLFWG4KZ3FZ5,BARRE MCNEELY INVESTMENTS LLC,,
FLG1XUAK82F2,"IKAIKA GLOBAL STRATEGIC SOLUTIONS, LLC",www.igssservices.com,https://linkedin.com/company/ikaikaglobalstrategicsolutions
FLGVB1A2ZKN4,LA LA LAND PRODUCTION & DESIGN,www.LaLaLand-Design.com,https://linkedin.com/company/la-la-land-design-and-production
FLH8FDF4NW31,"7H SERVICES, INC.",,
FLHAZHKHHDR5,DELAWARE ELEVATOR MANUFACTURING CORPORATION,,
FLJ7DQKLL226,THE GENERAL HOSPITAL CORPORATION,www.massgeneral.org,https://linkedin.com/company/massachusetts-general-hospital
FLKAMJTNTDY1,"ETEGENT TECHNOLOGIES, LTD.",https://etegent.com/,https://linkedin.com/company/etegent-technologies-ltd.
FLKBB6PP15C8,ROCKHURST UNIVERSITY,http://www.rockhurst.edu,https://linkedin.com/company/rockhurst-university
FLKTBZ4K2UB8,OMEGA BUSINESS SYSTEMS LLC,http://www.omegabiz.com,https://linkedin.com/company/omega-business-systems-llc
FLKUJS3LKRE5,"CARVALHO & GOOD, PLLC",http://www.carvalhogood.com,https://linkedin.com/company/carvalho-&-good-pllc
FLLAXSJS5ZX4,"CONVERGEONE GOVERNMENT SOLUTIONS, LLC",www.c1gov.com,https://linkedin.com/company/convergeone-government-solutions-llc
FLLRPTP8S7N4,"KRATOS TECHNOLOGY & TRAINING SOLUTIONS, INC.",http://www.kratosdefense.com,https://linkedin.com/company/kratos-defense-and-security-solutions
FLM3QKPK2WC9,SCHNEIDER ELECTRIC IT CORPORATION,https://www.se.com/us/en/brands/apc/,
FLMJLL523F85,RWDI USA LLC,www.rwdi.com,https://linkedin.com/company/rwdi
FLN7GYVCS5M7,"BENDER CCP, INC.",http://www.benderccp.com/index.html,https://linkedin.com/company/bender-u-s-
FLNDFSTCU615,"LUTFI ENTERPRISES, LLC",,
FLQBBHCV5XK4,AMERICAN CRANE & EQUIPMENT CORP,http://www.americancrane.com,https://linkedin.com/company/american-crane-and-equipment-corporation
FLQYG6WY28S3,DARI CONCEPTS LLC,www.daricon.com,https://linkedin.com/company/dari-concepts-llc
FLRKZRGJFXN6,CONMED CORP,www.conmed.com,https://linkedin.com/company/conmed-corporation
FLUHUJVED9T3,"BALLARD INDUSTRIAL, INC.",http://www.ballardindustrial.com/,https://linkedin.com/company/ballard-industrial
FLW9C9N4SLG9,"INTEGRIWARD, LLC",www.integriward.us,
FLWJZYPVVW22,LACROSSE FOOTWEAR INC,,
FLWQVLFLMEL3,OLYMPUS AMERICA INC,olympusamerica.com,https://linkedin.com/company/olympus
FLXCYLEKKVF9,"EASTERN AERO MARINE, INC.",eamworldwide.com,https://linkedin.com/company/eastern-aero-marine
FLXDKNNS2VB7,"ULBRICH STAINLESS STEELS & SPECIAL METALS, INC.",http://www.ulbrich.com,https://linkedin.com/company/ulbrich-stainless-steels-&-special-metals
FLY2L22JEVJ3,INFORMATICA LLC,http://www.informatica.com,https://linkedin.com/company/informatica
FLYKR3CDM937,"TATTERSALL SUPPLY, LLC",www.gov.tattersallinc.com,
FLZ4SYA9U2D1,"INSIGHT PUBLIC SECTOR, INC.",http://www.ips.insight.com,
FM1QY7CA5VD5,"SATCOM DIRECT GOVERNMENT, LLC",www.satcomdirect.com,https://linkedin.com/company/satcom-direct
FM25JRF32YT2,QUESENBERRYS INC,quesenberrysconstruction.com,
FM2HRJBQWMJ9,"Q. A. TECHNOLOGIES, INC.",https://www.qat.com,https://linkedin.com/company/qat
FM2KJG6M5363,"COPPER RIVER INFORMATION TECHNOLOGY, LLC",http://www.copperriverit.com,https://linkedin.com/company/copper-river-it
FM2PALAE1CH2,"LARSON ELECTRONICS, LLC",http://www.larsonelectronics.com/,https://linkedin.com/company/lakeland-mental-health-center
FM2UE2MPQC77,"BERG EQUIPMENT & SCAFFOLDING CO., INC.",www.bergscaffold.com,https://linkedin.com/company/berg-equipment-and-scaffolding-co.-inc
FM3KCUXJ2J61,VAISALA INC,,
FM6DNMZ56DB4,WASTE MANAGEMENT OF ARKANSAS INC.,www.wm.com,https://linkedin.com/company/waste-management
FM6KEJSWSPF1,"FOURINOX, INC.",http://www.fourinox.com,https://linkedin.com/company/fourinox
FM6VC5MAK939,LEONARD JACKSON PE PLLC,,
FM7GT4YQQAN1,CYMSTAR LLC,http://www.cymstar.com,https://linkedin.com/company/cymstar-llc
FMAHLC1JL7A9,"BIG TEXAS SKY, INC.",,
FMAXVEZHLB34,EX LIBRIS USA INC,http://www.exlibrisgroup.com,https://linkedin.com/company/ex-libris
FMBZV2YB4JB7,"STEVENS & STRAIN PAINTING, INC",paintbrevard.com,https://linkedin.com/company/stevens-&-strain-painting-inc
FMCKHWS7NY69,GUIDON DESIGN INC,http://www.Guidon.com,
FMCPYJMNWJW7,H2O PARTNERS INC,http://www.h2opartnersusa.com,https://linkedin.com/company/h2o-partners-inc-
FMD9S7DJ6VJ3,"KAIYUH SERVICES, LLC",https://ganaayoo.com/kaiyuh-services/,https://linkedin.com/company/ganaayoolimited
FMDGKULLPMQ8,OHIO MACHINERY CO,www.ohiocat.com,https://linkedin.com/company/ohio-cat
FMEGH8N4HWN5,"PRICE ENGINEERING COMPANY, LLC",http://www.priceeng.com,https://linkedin.com/company/price-engineering
FMHAF7KDLFD5,SYSTEL INC,http://www.systelusa.com,https://linkedin.com/company/systelusa
FMHGG2CM9J66,"COLLINS ELBIT VISION SYSTEMS, LLC",,
FMJTG9XMH7H6,"PVP ADVANCED EO SYSTEMS, INC.",www.pvpaeo.com,https://linkedin.com/company/pvp-advanced-eo-inc.
FMKVFDDBUXZ4,"ENVIRONMENTAL DATA SERVICES, LIMITED",,
FMMAEB6M4C29,SEA WIRE & CABLE INC,http://www.sea-wire.com/,https://linkedin.com/company/sea-wire-and-cable
FMNVM66XGFY7,"WIND RIVER SYSTEMS, INC.",http://www.windriver.com,https://linkedin.com/company/wind-river
FMNXG2RGM9Q5,"L3 TECHNOLOGIES, INC.",http://www.L3harris.com,https://linkedin.com/company/l3harris-technologies
FMR1DK2QUMT9,KARA CO INC,http://www.karaco.com,
FMRSZ8FK4CZ4,"PADOVA TECHNOLOGIES, INC.",http://www.padovatech.com,https://linkedin.com/company/padova-technologies
FMSPBKR88J19,"IVCI, LLC",http://www.ivci.com,https://linkedin.com/company/ivci
FMVPEWNJGLM1,MICROSOFT CORPORATION,http://www.microsoft.com,https://linkedin.com/company/microsoft
FMWVU3EYSVF7,CHEROKEE NATION SYSTEM SOLUTIONS LLC,cherokee-federal.com,https://linkedin.com/company/cherokee-federal
FMZPJ4FFAPY2,"DEVELOPMENT WORKSHOP, INC.",www.dwinc.org,https://linkedin.com/company/development-workshop-inc
FMZUYY3NQMK9,"ADVANTAGE TECHNICAL RESOURCING, INC.",www.advantagetechnical.com,https://linkedin.com/company/advantage-technical
FN1WV5NUGLG4,OPTICAL FILTER CORPORATION,https://www.corning.com/media/worldwide/global/documents/Brochure%20Aerospace_Defense_PI_2014_04_29_v3.pdf,https://linkedin.com/company/corning-incorporated
FN2EEKHLD363,"ORLANDO CENTER FOR JUSTICE, INC.",www.orlandojustice.org,https://linkedin.com/company/orlando-center-for-justice
FN2YCS2YAUW3,UNIVERSITY OF TENNESSEE,http://utk.edu,https://linkedin.com/company/university-of-tennessee
FN3CQ8DXNPW8,"AMPHENOL CABLE AND INTERCONNECT TECHNOLOGIES, INC.",https://www.amphenol-cit.com/,
FN5MJ9DKCRS7,EASON ENTERPRISES L.L.C,www.easonokc.com,https://linkedin.com/company/eason-enterprises
FN5XL188LME5,GENERAL DYNAMICS PRODUITS DE DÉFENSE ET SYSTÈMES TACTIQUES- CANADA VALLEYFIELD INC.,,
FN7FWMWNK2V8,A DA Z CONCRETE,,
FN88MPRBG4M7,"TESTAMERICA LABORATORIES, INC",www.EurofinsUS.com/Env,
FNAQFDGE56M6,"AUTO-VALVE, INC",http://www.autovalve.com,https://linkedin.com/company/auto-valve-inc.
FNBAMFZ3GD53,NORTHROP GRUMMAN SYSTEMS CORPORATION,http://www.northropgrumman.com,https://linkedin.com/company/northrop-grumman-corporation
FNCSHNWFZKR8,"CLEAN WAVE MANAGEMENT, INC.",www.impactbearing.com,https://linkedin.com/company/impact-bearing
FNDJDBCH8138,REDMATTER SOLUTIONS LLC,,
FNELX8M8GAH7,CLEAR FRACTURE LLC,http://www.clearfracture.ai,https://linkedin.com/company/clearfracture
FNFCW6U5SSJ1,"M3 ENVIRONMENTAL, LLC",,
FNGMQW4WNC49,"GALEN DRISCOL, LLC",www.galendriscol.com,https://linkedin.com/company/galen-driscol
FNH6JS2JGKM5,IMAGEMOVERMD INC,,
FNJKWMCCCH18,WAVETHERM CORP,www.wavetherm.com,https://linkedin.com/company/wavetherm-corporation
FNKFHMMG52T6,"UNICOM GOVERNMENT, INC.",http://www.unicomgov.com,https://linkedin.com/company/unicomgov
FNKGSE4LW6R6,"AIR INDUSTRIES MACHINING, CORP.",,
FNL9G3GG43Z7,"MAJESTIC12 ELECTRONICS, INC.",www.majestic12electronics.com,https://linkedin.com/company/majestic12-electronics
FNLJJS7GDMH4,"ALLTEMP INSULATIONS, INC.",,
FNLMZ2CPC7N8,"INTEGRAL AEROSPACE, LLC",http://www.pcxaero.com,https://linkedin.com/company/pcx-aerostructures
FNMWYKJBNKT8,"CAREEN, INC.",www.windings.com,https://linkedin.com/company/windings-inc-
FNNGJMMHDUP9,"RHOTHETA INTERNATIONAL, INC",www.rhothetaint.com,https://linkedin.com/company/rhothetaint
FNNTAKLH4JW5,"MODERN DOOR AND EQUIPMENT SALES, INC.",http://www.moderndoor.com,https://linkedin.com/company/modern-door-and-equipment-inc
FNP7CJXMQZP5,MIL SERVE INTERNATIONAL DMCC,http://www.mil-serve.com,https://linkedin.com/company/mil-serve-international-dmcc
FNQXG459BUX7,THE FULLWAVE GROUP LLC,www.thefullwavegroup.com,
FNSLL13B9KT4,EMCORE LLC,www.emcore.com,https://linkedin.com/company/emcore
FNSQNGYLSBM5,C T S I CORPORATION,HTTP://WWW.INFORMATION-DYNAMICS.COM,https://linkedin.com/company/information-dynamics
FNSWEDARMK53,DEERE & COMPANY,www.johndeere.com,
FNSYW529QGT3,"SOUTHLAND TECHNOLOGY, INC.",http://www.southlandtechnology.com,https://linkedin.com/company/southland-technology-inc.
FNUAJRS3HWU3,APPLIED SPECIALTIES INC. OF CALIFORNIA,www.asicalifornia.com,https://linkedin.com/company/applied-specialties-inc.-of-california
FNUHPKSAFPP2,BURNS CONCRETE INC,,
FNVJEFY7JL69,"ADVANCED SHEETMETAL ASSOCIATES, LLC",www.TinKnockerCT.com,https://linkedin.com/company/advanced-sheetmetal-associates-llc
FNX4LATMJ271,SUMMIT HEALTHCARE SOLUTIONS LLC,www.SummitHCS.Health,https://linkedin.com/company/summit-healthcare-solutions-llc
FNZ6XZDNXHR4,CONCURRENT TECHNOLOGIES CORPORATION,www.ctc.com,https://linkedin.com/company/concurrent-technologies-corporation
FNZAZ68E1J57,TEAM K CLEANING SERVICES LLC,https://www.teamkcleaningservicesllc.com/,
FNZFG585K6U3,"GLOBAL ATMOSPHERIC TECHNOLOGIES AND SCIENCES, INC.",http://www.gats-inc.com/,https://linkedin.com/company/gats-inc
FNZGNWHTXVL4,BAE SYSTEMS INFORMATION AND ELECTRONIC SYSTEMS INTEGRATION INC.,www.baesystems.com,https://linkedin.com/company/bae-systems
FP1VD1HU5HV7,MONTEFIORE MEDICAL CENTER,,
FP3PDFFLNRV9,"SUMMIT TECHNOLOGY CONSULTING GROUP, LLC",https://allocore.com,https://linkedin.com/company/allocore
FP41DRCYNME5,"KOH YOUNG AMERICA, INC.",https://kohyoungamerica.com/,https://linkedin.com/company/koh-young-america-inc
FP65KCMLPM31,CENTURY FLOOR COVERINGS INC,,
FPBGXA1XH326,"ELAVON, INC.",https://www.elavon.com/,https://linkedin.com/company/elavon-inc
FPDUX2GHLJE3,CARTODB INC,http://www.carto.com,https://linkedin.com/company/carto
FPDVLL2ELAD8,EASTERN POWER TECHNOLOGIES INC,http://easternpowertech.com/products/industrial-supplies-mro/,https://linkedin.com/company/eastern-power-technologies-inc
FPH5B2VGHKD3,"IM SOLUTIONS, LLC",https://www.im.solutions,https://linkedin.com/company/im-solutions-inc-
FPHEL7PD1A25,"EMI TECHNOLOGIES, INC.",www.emitechnologies.com,https://linkedin.com/company/emi-technologies-inc-
FPK4CKBLFRD5,"ELECTRONIC TECHNOLOGY CONSULTING SOLUTIONS, INC.",www.etcsol.com,https://linkedin.com/company/etc-solutions-inc-
FPLTN9DHSDU4,"CLAYTON INTERNATIONAL, INC.",www.claytonintl.com,
FPNLRXHZ72D9,CLINICIAN-DRIVEN QUALITY SOLUTIONS LLC,www.cdq-solutions.com,
FPPLJBY9ZN32,HUI HULIAU,,
FPQ4PNML81E5,PROSCOPEO LLC,www.proscopeo.com,https://linkedin.com/company/proscopeo
FPQLMV9G9BH4,"MATTCO FORGE, INC.",http://www.mattcoforge.com,https://linkedin.com/company/mattco-forge-inc-
FPU6XGFXMBE9,UNIVERSITY OF NOTRE DAME DU LAC,research.nd.edu,https://linkedin.com/company/undresearch
FPUND7E6VZF3,TRIUMPH GEAR SYSTEMS INC,http://www.triumphgroup.com/,https://linkedin.com/company/triumph-group
FPV1Q99JWYB6,"LEIGH ESSEX SCIENTIFIC, INC.",www.les-usa.com,
FPVJBR6CXML9,TECHNICA CORPORATION,http://www.technicacorp.com,https://linkedin.com/company/technica-corporation
FPXSULJQ5M51,IPG PHOTONICS CORPORATION,www.ipgphotonics.com,https://linkedin.com/company/ipg-photonics
FPYNDBMUS9Z5,TOROTEL PRODUCTS INC,,
FQ61TDWMU1N6,YURTECH LLC,http://yurtechfed.com/,https://linkedin.com/company/yurtech-federal
FQ6UXNSLGGN9,EATON CORPORATION,,
FQ9BRLCMRLN5,"DYNAMIC AVIATION GROUP, INC.",http://www.dynamicaviation.com,https://linkedin.com/company/dynamic-aviation
FQA2ZWJED224,BOARD OF TRUSTEES OF SOUTHERN ILLINOIS UNIVERSITY,siu.edu,https://linkedin.com/company/southern-illinois-university
FQDYM8GWH4K5,MILLER ELECTRIC CO,www.mecojax.com,https://linkedin.com/company/miller-electric-company
FQE6P3JJXAL3,"ARENDT CONSULTING, LLC",www.agcs-inc.com,https://linkedin.com/company/agcs-inc-dba-arendt-consulting-llc
FQERUHRWKZC6,"ADVANCEDPCB, INC.",www.advancedpcb.com,
FQGNVX4L1JT7,"MACROLINK, INC.",www.collinsaerospace.com,https://linkedin.com/company/collins-aerospace
FQJ2HHTHBAB3,JAQUELINE A LYNCH,,
FQJTKZNF6GY5,THE HILLER COMPANIES LLC,www.hillerfire.com,https://linkedin.com/company/hiller-systems-inc
FQKFHNVVTBN3,PEARL INTERACTIVE NETWORK LLC,http://pinsourcing.com,https://linkedin.com/company/pearl-interactive-network
FQLLNM449KF1,PROJECT HOSTS INC,http://www.projecthosts.com,https://linkedin.com/company/project-hosts
FQR5JABDJ9D3,"PROFESSIONAL PROJECT SERVICES, INC.",http://www.p2s.com,https://linkedin.com/company/pro2serve
FQSENZ2KJDZ8,"SUMMER CONSULTANTS, INC.",http://www.summerconsultants.com,https://linkedin.com/company/summer-consultants-inc-
FQSUWCQ4WXJ9,"INTEGRATED VITAL MEDICAL DYNAMICS, LLC",https://www.ivmedicaldynamics.com,https://linkedin.com/company/ivmd
FQT4ZAGJXKW3,RINCON RESEARCH CORPORATION,https://www.rincon.com/,https://linkedin.com/company/rincon-research-corporation
FQTUNBGDDGJ6,SFL MISSIONS INCORPORATED,sflmissions.com,
FQTWAZ8ENJW3,"THE SQUIRES GROUP, INC.",http://www.squiresgroup.com,https://linkedin.com/company/the-squires-group
FQU8M8BNJRE1,"PARADIGM ENVIRONMENTAL SERVICES, INC.",www.paradigmenv.com,https://linkedin.com/company/paradigm-eviromental-services-inc.
FQUHDE77RMN4,ROXTEC INC,http://www.roxtec.com,https://linkedin.com/company/roxtec-group
FQVENFFJ4ZM9,"BASSEC, LLC",www.bassec.net,https://linkedin.com/company/bassecllc
FQY6CHLEBKB5,"SYMBOLIC DISPLAYS, INC",http://www.symbolicdisplays.com,https://linkedin.com/company/symbolic-displays-inc-
FQYJZ1KBAUP7,"AHNETWORKS, INC.",www.ah-networks.com,https://linkedin.com/company/ah-networks
FQZKH9DMD3L1,"CYBERSOURCE, LLC",www.cybersourcers.com,https://linkedin.com/company/thrivecounselcenter
FR4AGW27MJN8,"INTERNATIONAL TRADE ASSET GROUP, INC.",HTTPS://WWW.ITAGEQUIPMENT.COM,https://linkedin.com/company/itag-equipment
FR6CXENXZC17,"BERTHOLD TECHNOLOGIES U.S.A., LLC",https://www.berthold.com/en,https://linkedin.com/company/berthold-technologies
FR7WWCCNBQZ6,DK MACHINE INC,http://www.dkmachine.com,https://linkedin.com/company/d-k-machine
FR7ZK1JWY994,ADDITIVE MANUFACTURING LLC,www.additivemanufacturingllc.com,https://linkedin.com/company/additive-manufacturing-llc
FR89BPV293Q4,MADDEN PLUMBING & HVAC INC,https://www.madden-ph.com,
FR91N4P9GAR3,SPS TECHNOLOGIES LLC,,
FRC2A5A3NRA9,GHD SERVICES INC,,
FRF4M7Y1VWN3,ADVACAM S.R.O.,www.advacam.com,https://linkedin.com/company/widepix-s-r-o-
FRFKV7XJK3K6,ALTAY INC,www.altayinc.com,
FRFLJNSKVBU4,MORRISON SUSAN D,,
FRGMJFKMQCL6,"PRECISION CONCRETE CONSTRUCTION, INC.",http://www.precisionconcreteinc.com/,
FRHLARG4FM33,PC CONNECTION SALES CORP,www.connection.com,
FRJKHHZYFLG3,TRIDEUM CORPORATION,http://www.trideum.com,https://linkedin.com/company/trideum-corporation
FRJQGQHDX4J3,"L3 TECHNOLOGIES, INC.",http://www.L3Harris.com,https://linkedin.com/company/l3harris-technologies
FRKLULJ27LJ6,PAE DESIGN AND FACILITY MANAGEMENT,,
FRLPLN3HVV95,LUCIDWORKS INC,http://www.lucidworks.com,https://linkedin.com/company/lucidworks
FRMGAU71PTM8,"SCIF SOLUTIONS, INC.",http://www.scifsolutions.com,https://linkedin.com/company/scif-solutions
FRPTLUW7GQS5,ATMOSPHERIC & ENVIRONMENTAL RESEARCH INC,http://www.aer.com,https://linkedin.com/company/atmospheric-and-environmental-research
FRT4K4SYCFL9,"CARVER MACHINE WORKS, INC.",http://www.cmwglobal.com,https://linkedin.com/company/carver-machine-works-inc.
FRTPGTHERJU3,"ALLEN CONSTRUCTION COMPANY, INC",,
FRUFEYA77LP8,"ROGERS MACHINERY COMPANY, INC.",https://rogers-machinery.com/,https://linkedin.com/company/rogers-machinery-company-inc
FRV2FAGRNND3,HLB CONSULTING LLC,www.thehlb.com,https://linkedin.com/company/hlbtech
FRX7J929XHM2,"JONES GLASS, LLC",,
FRX8KHDL2QE8,"CCA LANDSCAPE ARCHITECTS, INC",WWW.ccalandscapearch.com,https://linkedin.com/company/cca-landscape-architects-inc
FRY4JGVEVJQ3,WATER DISTRIBUTION SOLUTIONS LLC,,
FRZLAGT12T19,FLIGHT MICROWAVE CORPORATION,flightmicrowave.com,
FS3NHA1B4ED9,OEI INC,www.olsson.com,https://linkedin.com/company/weareolsson
FS7GAVE76286,HOLT AG SOLUTIONS LLC,,
FSANWS2P3835,"ACARA SOLUTIONS, INC.",https://acarasolutions.com/,https://linkedin.com/company/acarasolutions
FSCVYRKLD455,QBE LLC,http://WWW.QBE.NET,https://linkedin.com/company/quality-business-engineering
FSEJP7NFE9Q6,"ALTA IT SERVICES, LLC",www.altaits.com,https://linkedin.com/company/alta-it-services
FSG3N6XPVG38,"C.R.W. MECHANICAL, INC.",http://www.crwmechanical.com,https://linkedin.com/company/crw-mechanical
FSGCMDSVBKX7,"PLANAR MONOLITHICS INDUSTRIES, INC.",http://www.pmi-rf.com,
FSHSPCDHFQ55,ATDEPTH MRV INC.,https://www.atdepth.org,https://linkedin.com/company/atdepth-mrv
FSHZLF3JMN44,BAY MACHINE INC.,,
FSLNFJH3CGD1,THE BUCKEYE STAMPING COMPANY,https://buckeyeshapeform.com/,https://linkedin.com/company/buckeye-shapeform
FSMMJD92FBA7,CELERIS SYSTEMS INC,http://www.celeris-systems.com,https://linkedin.com/company/celeris
FSV6JWJBNXJ5,"INNOVATIVE SATELLITE SOLUTIONS, LLC",http://www.iss-usa.net/,https://linkedin.com/company/innovative-satellite-solutions
FSVNT66U8VW3,L & H INDUSTRIAL INC,WWW.LNH.NET,https://linkedin.com/company/l&h-industrial-inc-
FSW4JYGYVAU7,SAUDI ARCHIRODON CO LTD,www.archirodon.net,https://linkedin.com/company/archirodon-group-n-v-
FSWLL5D93KU4,DEVANEY SIGN SERVICE LLC,,
FSY4LVSBGWB7,PALANTIR TECHNOLOGIES INC.,,
FSZEBNCHN7E6,BRUKER AXS LLC,www.bruker.com,https://linkedin.com/company/bruker-corporation
FT1FUJDWGZD3,TINIUS OLSEN TESTING MACHINE COMPANY,www.tiniusolsen.com,https://linkedin.com/company/tinius-olsen
FT1UMG7Q52B9,"FLATIRON CRANE OPERATING COMPANY, LLC",,
FT2NX8HJCMT1,"DALLAS AVIATION, INC.",www.dallasaviation.com,https://linkedin.com/company/dallas-aviation-inc
FT2TZA6CMFL7,EPSILON TECHNOLOGY CORPORATION,https://www.epsilontech.com,https://linkedin.com/company/epsilon-technology-corp
FT37BZMTAJZ6,"SAN JUAN CONSTRUCTION, INC.",http://sanjuanconstruction.com,https://linkedin.com/company/san-juan-construction_2
FT44PBD97917,"BEAUTY-N- BROKENNESS COUNSELING SERVICES, LLC",,
FT6XNFUDMTN7,F. H. PETERSON MACHINE CORPORATION,http://www.fhpetersonmachine.com,https://linkedin.com/company/f-h--peterson-machine-corp-
FT76SA6KAWC5,"BRYANT HAMMETT & ASSOCIATES, L.L.C.",http://www.bha-engineers.com,https://linkedin.com/company/bryant-hammett-and-associates-llc
FT7DZ9W6QXA8,"EASTER'S LOCK & ACCESS SYSTEMS, INC.",http://www.easterslock.com,https://linkedin.com/company/easter-s-lock-security-solutions
FTAAW94S6LC6,PRAIRIE VIEW A&M UNIVERSITY,www.pvamu.edu,https://linkedin.com/company/prairie-view-a&m-university
FTDHBDUWJMA5,"SUNDANCE CONSULTANTS, LLC",http://www.sundance-inc.net,https://linkedin.com/company/sundance-consulting-inc-
FTEMBMQ3SGR5,JJR SOLUTIONS LLC,http://www.jjrsolutions.com,https://linkedin.com/company/jjr-solutions-llc
FTG7MBA46EJ1,CHARTER TRADING CORP,http://www.chartertrading.com,https://linkedin.com/company/charter-trading-corporation
FTHGGLGZT995,SECUREYE S.R.O.,,
FTHGQG4P4HV8,"ONEIDA BUSINESS ENTERPRISES, INC.",OBEGOV.com,https://linkedin.com/company/oneida-business-enterprises-inc
FTHHCHVEPDD6,ECOLAB INC,www.ecolab.com,https://linkedin.com/company/ecolab
FTJGTKCCH1Z7,"SEEGARS FENCE COMPANY, INC.",www.seegarsfence.com,https://linkedin.com/company/seegars-fence-company
FTJNCKQVZHT5,D-2 INCORPORATED,http://www.d-2.com,https://linkedin.com/company/d-2-incorporated
FTLFHAJWXJ39,"BRG MACHINERY CONSULTING, LLC",http://www.brgmachinery.com,https://linkedin.com/company/brg-machinery-consulting
FTMTDMBR29C7,THE JOHNS HOPKINS UNIVERSITY,www.jhu.edu,https://linkedin.com/company/johns-hopkins-university
FTNXUJFAAMM3,MOMENTO USA LLC,http://www.momentousa.com,https://linkedin.com/company/momento-usa-llc
FTQ1AWJZ7ML1,"J. UNO & ASSOCIATES, INC.",www.j-uno-associates.com,https://linkedin.com/company/j-uno
FTQFR3EFAFG4,DRAGONFLY EDITORIAL LLC,www.dragonflyeditorial.com,https://linkedin.com/company/dragonfly-editorial
FTVCUG2C3SJ7,"EPTAM WEST, LLC",,
FTVWMNNHDEA7,CONTROLS GROUP USA,,
FTVZTM9W2ZP9,SIKA CORPORATION,www.sika.com,https://linkedin.com/company/sika
FTXGTUCMPEW9,CAMBIUM NETWORKS INC,http://www.cambiumnetworks.com,https://linkedin.com/company/cambium-networks
FTYFUW94T9T8,CAROLINA IMMIGRATION LAW,https://vialegalimmigration.org,https://linkedin.com/company/carolina-immigration-law
FU2ZLX1AHN71,"LEGIS CONSULTANCY, INC.",https://www.legisconsultancy.com/,https://linkedin.com/company/legis-consultancy-inc.
FU75KX4TS5B3,"ANDERSON'S EROSION CONTROL, INC",,
FU8FK4GKA115,PENNY & GILES AEROSPACE LIMITED,www.curtisswrightds.com,https://linkedin.com/company/curtiss-wright-controls-defense-solutions
FU9LCQB88HK3,"RESOLVESOFT, INC.",www.resolvesoft.com,https://linkedin.com/company/resolvesoft
FU9XEFXNUKK8,"DOCUSIGN, INC",http://www.docusign.com,https://linkedin.com/company/docusign
FUENZZ7CP922,"SNAP, INC",http://www.snapinc.net,https://linkedin.com/company/snap-inc
FUG1MUJL6AV8,READY COMPUTING GOVERNMENT SOLUTIONS LLC,www.readycomputing.com,https://linkedin.com/company/ready-computing
FUJBQFTWPPH6,"TYTO ATHENE, LLC",http://www.gotyto.com,https://linkedin.com/company/gotyto
FUMNCVBLD8H8,"THE INTELLEKT GROUP, LLC",https://theintellektgroup.com,https://linkedin.com/company/the-intellekt-group-llc
FUN1ZFUJ3GM9,FOTRONIC CORPORATION,http://www.testequipmentdepot.com,https://linkedin.com/company/fotronic-corporation
FUPBY1L1EEA8,MADISON SPRINGFIELD INC,www.madisonspringfield.com,https://linkedin.com/company/madison-springfield
FUSZYC2UWZ82,METREA SPECTRUM OPERATIONS LLC,metrea.aero/solutions/mso,https://linkedin.com/company/metreaaero
FUWQCLB7LL38,"MANAGEMENT & TRAINING RESOURCES, LLC",https://www.mtr-llc.com,https://linkedin.com/company/management-and-training-resources-llc
FUXHH3UC1NN9,ZINC NETWORK LIMITED,http://www.zincnetwork.com,https://linkedin.com/company/zincnetwork
FUYKYYM9YCQ9,VANTOR SERVICES INC.,www.vantor.com,https://linkedin.com/company/vantortech
FV2AX5XH4NT3,"SHANNON & WILSON, INC.",http://www.shannonwilson.com,https://linkedin.com/company/shannon-&-wilson-inc-
FV5MAAQ7LUM8,"FORVIS MAZARS, LLP",www.forvis.com,https://linkedin.com/company/forvis-mazars-us
FV5WK6YTN215,"BLUEHALO, LLC",,
FV6VAFMWHVG7,RICHARDSON RFPD INC,,
FVA5A7JJYXM7,ANARK CORPORATION,WWW.ANARK.COM,https://linkedin.com/company/anark
FVAFCAWGKYC6,JOHN D HAMELMANN,,
FVAYLHQJNJ63,SPARTRONICS LOGAN LLC,www.spartronics.com,https://linkedin.com/company/spartronics
FVBWPT59EZM7,ODDBOX HOLDINGS INC.,www.purpleplatypus.com,https://linkedin.com/company/purple-platypus
FVCHHT6VCJT9,"TLC NURSING ASSOCIATES, INC",www.tlcnursing.com,https://linkedin.com/company/tlc-nursing-associates
FVDMZK5NAY21,BRIAN DRESSEL,,
FVDZRH1NEQL6,ENVIZAGE INC,http://www.envizageinc.com,
FVEJMJCDJQE9,"GEOLOGIC ASSOCIATES, INC.",www.geo-logic.com,https://linkedin.com/company/geo-logic-associates-inc
FVENB2MJ1NM3,SPECTRUM CONTROL INC,www.spectrumcontrol.com,https://linkedin.com/company/api-technologies-corp-
FVF4MKNL6QT3,"RM ADVISORY SERVICES, LLC",www.rmadvisory.com,https://linkedin.com/company/rm-advisory-services-llc
FVGBDLUW6AD4,"PREVAILANCE, INC.",https://www.prevailance.com,https://linkedin.com/company/prevailance-inc.
FVMNCCDF24B1,NORTHSTRAT INCORPORATED,http://www.northstrat.com,
FVS5XMMJZML7,"DATASTRONG, LLC",http://www.datastrong.com,https://linkedin.com/company/datastrong
FVSEZFPCQ316,NORTHROP GRUMMAN SYSTEMS CORPORATION,northropgrumman.com,https://linkedin.com/company/northrop-grumman-corporation
FVUABJC3ZMT7,"REINHART FOODSERVICE, LLC",www.performancefoodservice.com,https://linkedin.com/company/performance-foodservice
FVYAJL8KT4B1,MICHIGAN ADVOCACY PROGRAM,http://miadvocacy.org,https://linkedin.com/company/michigan-advocacy-program
FVYBWJA1NWT3,H2B INC,http://www.h2bengineers.com,https://linkedin.com/company/h2b-inc-
FW3LGLEHAG64,ROCK GATE CAPITAL LLC,www.160drivingacademy.com,https://linkedin.com/company/160-driving-academy
FW4LDJJ765C3,TMF HEALTH QUALITY INSTITUTE,www.tmf.org,https://linkedin.com/company/tmf-health-quality-institute
FW7QMKG69S97,ISLAND PYROCHEMICAL INDUSTRIES CORP,http://www.islandgroup.com,https://linkedin.com/company/island-group-enterprises
FW9WDP2HN4B6,LECO CORP,http://WWW.LECO.COM,https://linkedin.com/company/leco
FWAEZ1V8JPC8,"AMERIDIAL, INC.",http://www.ameridial.com,https://linkedin.com/company/ameridial-inc
FWBTKV82L1D1,"TEKNIRVANA, LLC",http://TekNirvana.com,https://linkedin.com/company/teknirvana
FWC4H6WTL7U7,HAWK AVIATION TECH INC,www.aquilaex.com,
FWF8QBPCGLG3,GENERAL TOOL COMPANY,https://www.gentool.com,https://linkedin.com/company/general-tool-company
FWJ2YB9J97A5,INNOVATIVE OFFICE SOLUTIONS LLC,www.innovativeos.com,https://linkedin.com/company/innovative-office-solutions-22
FWJ8EKLSKGU5,COMTRONICS INC,HTTP://WWW.COMTRONICSNOW.COM,https://linkedin.com/company/comtronics-cobalt-av
FWJSGP5QH4C7,PRIME TECHNICAL SERVICES INC,www.prime-ts.com,https://linkedin.com/company/prime-technical-services-inc-
FWN4CQJCJNH5,INFINITY STRATEGIC SPACE SOLUTIONS LLC,,
FWN7SZ7KAU66,"CHERRY PAINTING COMPANY, LLC",www.cherrycoatings.com,https://linkedin.com/company/cherrycoatings
FWNQDK9PGV97,ROYAL BATTERY DISTRIBUTORS INC,www.royalbattery.com,
FWPAS2JNJDK7,SUFIAN MUNIR INC.,http://www.ClaryBusinessMachines.com,
FWQSARM7MLT7,CORE ONE SOLUTIONS LLC,www.coreone.com,https://linkedin.com/company/coreone
FWS2B962ZQK8,BUREAU VERITAS INSPECTION AND INSURANCE COMPANY,,
FWSBGKXA3SC5,NETWERX LLC,,
FWTACC36F4L8,GIGSTER LLC,https://gigster.com/,https://linkedin.com/company/gigster
FWXJBSB6GZ15,LEIDOS INC,,
FWXYRDUN7KL8,"DIGITAL ENTERPRISE SOLUTIONS, INC.",ILikeDESI.com,https://linkedin.com/company/disk-enterprise-solutions-inc
FX2UEEFNYBF2,"ITM MARKETING, INC.",http://www.itmmarketing.com,https://linkedin.com/company/itm-marketing-inc
FX4XHN6JM2F3,MODERN WEST ADVISORY INC.,,
FX6YECLGJ3D4,STRUCTURE PROBE INC,https://www.2spi.com,
FXCMQ9MANME8,"ROCKWEST TECHNOLOGY GROUP, INC.",www.multicard.com,https://linkedin.com/company/multicard_2
FXDZDHWUJM89,M-DEN INC,,
FXE4V35RJ2P4,HUMAN SYSTEMS INTEGRATION INC,www.humansystemsintegration.com,https://linkedin.com/company/human-systems-integration-inc
FXEHYJUAZHA4,AETOS LLC,https://www.aetosllc.com/,https://linkedin.com/company/aetos-llc
FXFAKPJBRR35,ATREIDES CASERI US INC,https://www.atreidesusa.com,https://linkedin.com/company/atreides-usa
FXG8C518SXB5,"DATA PAPERS, INC.",,
FXHTR7MS6GC5,INNOVELOCITY INC,,
FXKCCRKP21A5,"DAVIS INTERIORS, LTD.",www.davisinteriors.com,https://linkedin.com/company/davis-interiors
FXKMA43NTV21,BAYLOR COLLEGE OF MEDICINE,www.bcm.edu,https://linkedin.com/company/baylor-college-of-medicine
FXM2K4N2HTH3,FATHOM MANUFACTURING LLC,www.fathommfg.com,https://linkedin.com/company/fathommfg
FXMLFJC5AL55,"CONSOLIDATED FOUNDRIES, INC",www.cppcorp.com,https://linkedin.com/company/consolidated-precision-products-corp-
FXNAFRNEA3M7,"WESTERN STATES SALES, INC",http://www.CleanroomWorld.com,https://linkedin.com/company/wss-cleanroomworld
FXSXNCFC6XJ3,"REBECCA SCHULTZ DESIGNS, LLC",,
FXUELLTB7QJ1,"STALLINGS, DAVID MICHAEL",www.pleasurepointelectric.com,
FXVBJ3D82V29,"THE CONCOURSE GROUP, LLC",http://www.theconcoursegroup.com,https://linkedin.com/company/the-concourse-group-llc
FXZ8WTJ9BGF7,TIDAL FEDERAL SOLUTIONS INC,http://www.tidal-group.com,https://linkedin.com/company/tidal-technologies
FYA6PS65S1T5,SHAPE SHIFTERS INC,www.shapeshiftersin.com,
FYBMC85CMDA5,AI AIMJAD FOR TRADING AND CONTRACT GENERAL LTD,https://www.alamjad.com,https://linkedin.com/company/alamjad-trading-company-l.l.c
FYCNMM9FC863,FULL VISIBILITY LLC,http://www.fullvisibility.com,https://linkedin.com/company/full-visibility-llc
FYDWBRMLRJM7,"KBR WYLE SERVICES, LLC",www.kbr.com,https://linkedin.com/company/kbr-inc
FYETNHDKT963,"TIDEWATER FLEET SUPPLY, LLC",http://www.tidewaterfleetsupply.com,https://linkedin.com/company/tidewater-fleet-supply
FYETUBXY2D48,"PDS DEFENSE, INC.",https://www.pdsdefense.com/,https://linkedin.com/company/pds-defense
FYGDGM95TZK5,"SPACE OPTICS RESEARCH LABS, LLC",sorl.com,https://linkedin.com/company/space-optics-research-labs
FYHNA5WC8XD7,LOCKHEED MARTIN CORP,http://www.lockheedmartin.com/,https://linkedin.com/company/lockheed-martin
FYJRN5XK7EM5,WOLFF & MÜLLER GOVERNMENT SERVICES GMBH & CO. KG,,
FYKKAPKGXYE8,"TUSCO PERIMETER SECURITY, LLC",http://www.tuscoinc.com,https://linkedin.com/company/tusco-inc.
FYLAKMN93AK5,HEWLETT PACKARD ENTERPRISE CO,www.hpe.com,https://linkedin.com/company/hewlett-packard-enterprise
FYNNRLBD9DJ9,KERN PRECISION INC.,https://en.kern-microtechnik.com/,
FYV3NRJG3MJ7,ECCO SELECT CORPORATION,http://www.eccoselect.com,https://linkedin.com/company/ecco-select
FYVVA4P9LXJ6,PRESTIGE PACIFIC TOURS & TRAVELS LIMITED,,
FYXWGJBL9SB1,"DTN, LLC",https://www.dtn.com,https://linkedin.com/company/dtnllc
FZ3HLBWL4H17,POTOMAC ENVIRONMENTAL INC,https://www.potomacenv.com,https://linkedin.com/company/potomac-environmental-inc.
FZ3QMN2REUJ5,"MARINE VACUUM SERVICE, INC.",http://www.marinevacuum.com,https://linkedin.com/company/marine-vacuum-service
FZ4NTBRD1KG1,"ANDWORX, LLC",www.andworx.com,https://linkedin.com/company/andworx
FZ5HN69FGXX8,AVI SYSTEMS INC,http://www.ourforte.com,https://linkedin.com/company/our-forte
FZ5YYTJEE5F3,GLOBAL MEMORY PROCUREMENT CORPORATION,www.memory.net,https://linkedin.com/company/memorydotnet
FZ7RQNZ831N7,CHARA SOFTWARE LLC,https://www.charasoftwarellc.com,https://linkedin.com/company/chara-software-llc
FZ9HFBGAQ9J3,"V.J. TECHNOLOGIES, INC",http://www.vjt.com,https://linkedin.com/company/vj-technology-inc--
FZCKSGJ43Q74,"MCCOLLISTER'S TRANSPORTATION SYSTEMS, INC",http://www.mccollisters.com/index.php,https://linkedin.com/company/mccollister's-transportation
FZCUA4C7DN29,CHAMPS SOFTWARE INC,http://www.champsinc.com,https://linkedin.com/company/champs-software
FZDMLJAJ1JA1,"TORAY ADVANCED COMPOSITES USA, INC.",www.toraytac.com,https://linkedin.com/company/torayadvancedcomposites
FZE5S8MZUCN8,THALES BELGIUM,,
FZFJFU3C5DL7,"AMPLITECH, INC.",http://www.amplitechinc.com,
FZG5H96FF1V4,RISE8 INC,rise8.us,https://linkedin.com/company/rise8
FZK7KZZJYNQ9,FEDERAL RESOURCES CORPORATION,https://www.fedresources.com,https://linkedin.com/company/frcnext
FZL4MA2G8BK9,"23XC SOLUTIONS, LLC",,
FZLAJS2MPCF6,"AWC, INC.",,
FZLFNRUBTA45,THOMPSON CONTRACTING,,
FZLMALFG77T5,QARBON AEROSPACE FOUNDATION LLC,https://qarbonaerospace.com,https://linkedin.com/company/qarbonaerospace
FZM6H44LFFX1,WESTERN EXPLOSIVES SYSTEMS CO,wescoexplosives.com,https://linkedin.com/company/wesco-western-explosives-systems
FZMMP3JNCH23,PIGLER AUTOMATION LLC,www.PIGLERAUTOMATION.COM,https://linkedin.com/company/pigler-automation-llc
FZMVTVLNW1V4,MASTERGRAPHICS INCORPORATED,http://www.mastergraphics.com,https://linkedin.com/company/mastergraphics
FZNCSKF4X6D9,CREDENCE MANAGEMENT SOLUTIONS LIMITED LIABILITY COMPANY,http://www.credence-llc.com,https://linkedin.com/company/credence-management-solutions-llc
FZNZJD7228P5,IRIS TECHNOLOGY CORPORATION,http://www.iristechnology.com,https://linkedin.com/company/iris-technology
FZQ1YDKSSJN6,PRECISION MEASUREMENT INC,http://www.pmicals.com,https://linkedin.com/company/precisionmeasurementinc
FZR6Q96PYGD5,"EAGLE GLOBAL SCIENTIFIC, LLC",,
FZRNFQTKADH1,UNIVERSITY OF NEBRASKA,,
FZS8HFK3GDJ3,SPACES INC,www.spacesok.com,
FZTAC9UNKBN5,"NWL, INC.",https://www.nwl.com,https://linkedin.com/company/nwl
FZY7VTQEZ4G4,"ARKWIN INDUSTRIES, INC.",,
G11WN3JARNJ5,DELAIRE USA INC,http://www.delaireusa.com,https://linkedin.com/company/delaire-usa-inc-
G129UVCADTP3,"WALKME, INC",https://www.walkme.com/,https://linkedin.com/company/walkme
G12FGVBGCKL3,TECTA AMERICA CORP,http://www.tectaamerica.com,https://linkedin.com/company/tecta-america-corp
G12PM5AUBE49,AGILITY CONSULTANTS LLC,https://agilitydc.com,https://linkedin.com/company/agilityconsultants
G148YE6F45Q4,"A-B COMPUTER SOLUTIONS, INC.",http://www.a-bcomputers.com,https://linkedin.com/company/a-b-computer-solutions
G15AG3BLLMH4,BOARD OF REGENTS OF THE UNIVERSITY OF NEBRASKA,http://www.unmc.edu/,https://linkedin.com/company/university-of-nebraska-medical-center
G15SK46B3QB3,TRI MODELS INC,http://WWW.TRIMODELS.COM,https://linkedin.com/company/tri-models-inc.
G15SWMLGAX81,"JOHNSON CONTROLS BUILDING AUTOMATION SYSTEMS, LLC",https://johnsoncontrols.com,https://linkedin.com/company/johnson-controls
G16JXJVLKN88,"THINKY U.S.A., INC.",WWW.THINKY-USA.COM,
G195KLK89CD8,"TDC ENGINEERING, LLC",,
G1BMX6FZV4L3,METAL SOLUTIONS DESIGN & FABRICATION LLC,http://www.msdf1.com,https://linkedin.com/company/metal-solutions-design-&-fabrication-llc
G1C8J1N84J51,"RPL ELECTRIC, INC",https://www.rplelectric.com,
G1CXSM6SGQ36,"DEL MAR AVIONICS, LLC",http://www.dma.com,https://linkedin.com/company/del-mar-avionics
G1E9WJF36845,BLACK SAGE TECHNOLOGIES INC,www.dzyne.com,
G1GNACDVEQ14,"WEAVER CONSULTANTS GROUP, LLC",http://www.wcgrp.com,https://linkedin.com/company/weaver-consultants-group
G1GRKJMCSEX7,LOGOS IMAGING LLC,http://www.logosimaging.com,https://linkedin.com/company/logos-imaging
G1J9VNH96TK1,WORKSPACE TECHNOLOGY LIMITED,www.workspace-technology.com,https://linkedin.com/company/workspace-technology
G1JCDLKBE3E1,FOUNDATION FOR PROFESSIONAL DEVELOPMENT (PTY) LTD,http://www.foundation.co.za/,https://linkedin.com/company/fpd-school-of-public-health
G1JJR5PB93F5,"AUTHENTIC8, INC",www.authentic8.com,https://linkedin.com/company/authentic8
G1K6NSNALMJ8,GROUP W INC,http://www.groupw.com,https://linkedin.com/company/group-w
G1LWSDJVZD35,"REV-CAP COMPANY, INC.",,
G1MLK11SYJ99,REID PRODUCTS INC.,http://reidproducts.com/,https://linkedin.com/company/reid-products-inc
G1N7T8SNJ6Y3,RADA TECHNOLOGIES LLC,,
G1PFEJGBS6J5,PROPELLED TECHNOLOGIES LLC,https://www.propelledtech.com,https://linkedin.com/company/propelled-technologies
G1PMX8473K14,HUGHES NETWORK SYSTEMS LLC,http://www.hughes.com,https://linkedin.com/company/hughesconnects
G1Q1MGSD2HJ9,OPTIMAL PAINTING,,
G1RDG9USB127,"CONTRAST CREATIVE, INC",http://www.contrastcreative.com,https://linkedin.com/company/contrast-creative-inc-
G1RYL9DLXEX8,WELL EQUIPPED LLC,https://www.ampumpdrilling.com/,https://linkedin.com/company/americanpump
G1S8TMZUWVR1,WALARIS LLC,,
G1THVER8BNL4,THE UNIVERSITY OF MISSISSIPPI,http://www.olemiss.edu,https://linkedin.com/company/university-of-mississippi
G1UFCBLM51D1,ASSESSMENT AND TRAINING SOLUTIONS CONSULTING CORP.,http://www.atscc.net,https://linkedin.com/company/assessment-&-training-solutions-consulting-corporation
G1YHD6DHECG8,MAC-PLANTS INC.,macplantsinc.com,
G21FNALKEKX9,"RANDALL BUSINESS INTERIORS, INC.",http://www.randallbi.com,
G249Q3H25M81,MOUNTAIN LIFT INC,https://towlift.com/,https://linkedin.com/company/towlift-inc-
G275EG1YL9L3,"INSTRUMENT CALIBRATION SOLUTIONS, LLC",www.instrumentcs.com,https://linkedin.com/company/instrumentcalibrationsolutions
G28PXFMTN4C1,ENASHIPAI RESORT AND SPA LIMITED,,
G2BLGYMXKK48,PLEXUS CORP.,HTTP://WWW.PLEXUS.COM,https://linkedin.com/company/plexus
G2CUS5NZ2BF4,ALLIED AUTOMATION INC,http://www.allied-automation.com,https://linkedin.com/company/allied-automation-inc-
G2D4Q7UKR5P5,"CTG FEDERAL, LLC",www.ctgfederal.com,https://linkedin.com/company/ctgfednat
G2DDT5BK9TX8,DIAL INTERACTIVE INC,https://www.dialinteractive.com/,https://linkedin.com/company/dial-interactive
G2E1VCENBUF6,CAROLINA NARROW FABRIC CO,http://www.carolinanarrowfabric.com,https://linkedin.com/company/carolina-narrow-fabric
G2F1JNM6HCL4,THE BOSTON CONSULTING GROUP INC,https://www.bcg.com/,https://linkedin.com/company/boston-consulting-group
G2G9S5DZJGP7,"HADRIAN AUTOMATION, INC.",https://www.hadrian.co/,https://linkedin.com/company/hadrianautomation
G2HKNQJB1Z47,OLIVER WYMAN GOVERNMENT SERVICES LLC,www.oliverwyman.com,https://linkedin.com/company/oliver-wyman
G2JLENJJRSG3,"EMSRX, LLC",http://www.emsrx.com/,https://linkedin.com/company/emsrx
G2L5NRL6EHL1,ENVIRONMENTAL DATA SERVICES INC,http://www.env-data.com,https://linkedin.com/company/environmental-data-services-inc.
G2LUXP8ND8U6,"MOTOROLA SOLUTIONS, INC.",https://www.motorolasolutions.com/en_us.html,https://linkedin.com/company/motorolasolutions
G2MAQCKH5DR1,"M2 TECHNOLOGY, INC.",http://www.m2ti.com,https://linkedin.com/company/m2-technology-inc.
G2NECKSKC458,CARRIER GUAM INC,,
G2NEVSFVF3Y5,AERO SPECIALTIES INC,http://www.aerospecialties.com,https://linkedin.com/company/aero-specialties
G2NSCWQW77Z7,MAKERS ARCHITECTURE AND URBAN DESIGN LLP,http://www.makersarch.com,https://linkedin.com/company/makersarch
G2PNCJKGBRK3,COMMON FOUNDATION,https://OurCOMMONFoundation.org,https://linkedin.com/company/ourcommonfoundation
G2QHABYVMYK8,"EAGLE STAINLESS, INC.",WWW.EAGLESTAINLESS.COM,https://linkedin.com/company/eagle-stainless-container
G2TDAD7PQ427,"R2 TECHNOLOGY SOLUTIONS, LLC",www.r2techsolutuions.net,
G2TETZJTELL4,"REVVITY HEALTH SCIENCES, INC.",http://www.revvity.com,https://linkedin.com/company/revvity
G2UKWT5AL7E1,"WHOLEPOINT SYSTEMS, LLC",www.wholepointsystems.com,https://linkedin.com/company/wholepoint-systems
G2UZDMH8WB31,RAM CUSTOM CRATING LLC,www.flatworldgs.com,https://linkedin.com/company/flat-world-supply-chain
G2V5Q3QJEQB9,TRIDENT MILITARY SYSTEMS LLC,tridentmilitarysystems.com,https://linkedin.com/company/international-simulation-and-training-systems
G2W1NL736LE8,SIGMATECH INC,http://www.sigmatech.com,https://linkedin.com/company/sigmatech
G2WCRLHJHD47,UNIVERSITY OF ALASKA FAIRBANKS,http://www.gi.alaska.edu/,
G2WEUTVF76Y9,"AMPHENOL CABLE AND INTERCONNECT TECHNOLOGIES, INC",www.amphenol-cit.com,
G2YTFFGV6AH7,"EUROFINS ENVIRONMENT TESTING NORTH CENTRAL, LLC",www.EurofinsUS.com/Env,
G32BMDP4R3P3,NH HVAC SYSTEMS INC,,
G32XN6YMCRD1,TEN-8 FIRE & SAFETY LLC,,
G33YTWF8ZKM1,INTELLIGENT TECHNOLOGIES INC,http://www.iti-na.com,https://linkedin.com/company/iti-na
G35SJ1JMQFX5,"RILEY ENGINEERING, LLC",www.riley-eng.com,https://linkedin.com/company/riley-engineering
G36KNDJR6JL3,"TRION COATINGS, LLC",,
G37HFMAE2NC7,"N4 SOLUTIONS, LLC",www.n4solutionsllc.com,https://linkedin.com/company/n4solutions
G382HNQQVRJ8,"SILVER STATE WIRE ROPE AND RIGGING, LLC",,
G389MFAYJNG9,UNIVERSITY OF NEW MEXICO,http://hsc.unm.edu/financialservices/preaward/index.shtml,
G38NGDKANJ94,"WINDY CITY WIRE CABLE AND TECHNOLOGY PRODUCTS, LLC",,
G396FGQMKLX8,"GENERAL DYNAMICS MISSION SYSTEMS, INC.",https://gdmissionsystems.com/,https://linkedin.com/company/gdms
G39YDVQG3ZH8,"EC AMERICA, INC",www.immixgroup.com,https://linkedin.com/company/immixgroup
G3AWNBSKQPE6,MASSACHUSETTS INSTITUTE-TECH,,
G3CWCJKNY8Q7,"BATTIST CONSTRUCTION, LLC",,
G3FMDEWF7YV3,INTELSAT GENERAL COMMUNICATIONS LLC,http://www.sessd.com,https://linkedin.com/company/ses-government-solutions
G3GXLLKRC2R3,DHL ANALYTICAL INC,http://www.dhlanalytical.com,
G3HNDKHH83S8,APC SPECIALIST LLC,,
G3MDK3Z5GHH7,SIGNIFICANCE INC,http://www.significanceinc.com,https://linkedin.com/company/significanceinc
G3MPMA2NZ9G9,NORTH POINT DEFENSE INC,www.northpointdefense.com/,https://linkedin.com/company/north-point-defense-inc
G3N8GRRP31C9,POWER MATTHEW H,,
G3NFTZEVYND6,"ABG CAULKING CONTRACTORS, INC.",,
G3PTY76GD827,C.L. SOLUTIONS LLC,http://www.transparentarmorsolutions.com,https://linkedin.com/company/transparent-armor-solutions-inc.
G3RHCA4PEU15,"AVATAR MACHINE, LLC",www.avatarmachine.com,https://linkedin.com/company/avatar-machine-llc
G3TLLSF8JGJ3,MB IT ASSOCIATES LLC,,
G3UJV497QGU3,FERGUSON ENTERPRISES LLC,http://www.ferguson.com,https://linkedin.com/company/ferguson-enterprises
G3UXXXR9DY23,MOORE POWER & REPAIR,,
G3VVK4VZB6M3,JAGUAR PRECISION MACHINE LLC,https://www.jaguarpm.com/,https://linkedin.com/company/jaguar-precision-machine-corp
G3WHHC5L2781,"SHAREPOINTXPERTS, LLC",http://www.sharepointxperts.com,https://linkedin.com/company/sharepointxperts
G3WLDNNV2D35,ALL POINTS LOGISTICS LLC,,
G3XGVNAQGTM1,"CHARLES TOMBRAS ADVERTISING, INC.",http://www.tombras.com,https://linkedin.com/company/the-tombras-group
G3XZPY3K89Q8,"SAFE & SOUND ENVIRONMENTAL, LLC",www.safesoundenv.com,https://linkedin.com/company/safesoundenv
G41BFWVS2PD7,MCI COMMUNICATIONS SERVICES LLC,http://www.Verizon.com,https://linkedin.com/company/verizon
G435LCVMRBM3,DARYA COMPANY,www.daryacompany.com,
G44XUJLFP3A1,TANDEMLOC INC,http://www.tandemloc.com,https://linkedin.com/company/tandemloc-inc.
G44YQMAKFBW5,"NORTHRIDGE CONSULTING, LLC",,
G48KCYDD2E43,ARTESIA FIRE EQUIPMENT INC,http://www.artesiafire.com,https://linkedin.com/company/artesiafireequipment
G48KPNN4NP35,"BLACK CANYON CONCEPTS, LLC",www.serketusa.com,https://linkedin.com/company/serketusa
G49PPTMNL3N3,ACT1 FEDERAL LLC,http://www.act1federal.com,https://linkedin.com/company/act1federal
G49RJL6FN535,PURCELL P & C LLC,http://www.purcellpainting.com,https://linkedin.com/company/purcell-p-&-c-llc
G4BJXL61EVH9,OCEANIA INTERNATIONAL LLC,www.samaterials.com,https://linkedin.com/company/samaterials
G4D1TFX9YTK9,"CENTRAL TEXAS COMMERCIAL AIR CONDITIONING AND HEATING, INC.",http://www.ctcair.com/,https://linkedin.com/company/ctca-rental-chillers
G4EJQFNLVLJ4,"HSA ENGINEERING, INC.",,
G4G5N4QDVY38,"MULTI-MACHINING CO., INC.",http://www.multi-machining.com,https://linkedin.com/company/multi-machining-co-inc
G4J1RJ94JBU1,EVERFOX LLC,http://www.everfox.com,https://linkedin.com/company/everfox
G4J5JP8MQV99,CHARLES E. GILLMAN COMPANY,http://www.gillman.com,https://linkedin.com/company/charles-e-gillman-company
G4KDGE4JFFK7,LOCKHEED MARTIN CORPORATION,http://www.lockheedmartin.com/,https://linkedin.com/company/lockheed-martin
G4KQL5NDRBX1,EW AIKEN INC,https://ewaiken.com/,https://linkedin.com/company/ewaiken-inc
G4L6RJS94VP9,"AMERICAN WORDATA, INC",http://www.awdata.com,https://linkedin.com/company/american-wordata
G4M3KUF95AL3,"ROBERTSON FUEL SYSTEMS, L.L.C.",www.robbietanks.com,https://linkedin.com/company/robertson-fuel-systems-l-l-c-
G4NCWG2GLUN1,RELX INC,,
G4U3FH4GQ3C5,TUBE PRODUCTS INC,,
G4U7KMS2QWC3,HARDWIRE LLC,http://www.hardwirellc.com,https://linkedin.com/company/hardwire-llc
G4UFN3JM7VX1,DSR INC.,http://www.dsr-inc.com,https://linkedin.com/company/dsr-inc-
G4VBW8TNKKS1,"JANSON COMMUNICATIONS, INC.",http://www.jansoncom.com,https://linkedin.com/company/janson-communications
G4VRZGZLJQD5,"DIGITAL CONSULTANTS, LLC",www.digiconintl.com,
G4WWNBB28Z63,BRANDHOW SRL,,
G4YQLMDJHC57,BISCO INDUSTRIES INC,www.biscoind.com,https://linkedin.com/company/bisco-industries
G4YRFM5NCD13,"ARBIN INSTRUMENTS, INC.",https://www.arbin.com,https://linkedin.com/company/arbin-instruments
G4ZFVK8Q77K2,CONSOLIDATED ELECTRICAL DISTRIBUTORS INC,,
G544EGE53UF1,"PARALLEL VENTURES, INC.",http://www.parallelventures.com,https://linkedin.com/company/parallel-ventures1
G564D9MTQAC6,AVELLA ELECTRIC LLC,avellaelectric.com,https://linkedin.com/company/avella-electric-llc
G56HZYLHMXY6,"OPTICAL COATING LABORATORY, LLC",,
G56PUALJ3KT5,CORNELL UNIVERSITY,http://www.cornell.edu,https://linkedin.com/company/cornell-mars-iftsa-product-development-team
G59NFMSCQ9C3,"KBR WYLE SERVICES, LLC",,
G5BEJ6KGRK65,"SYSCO USA I, INC.",,
G5G3FL1CGY56,"STRICKLAND FIRE PROTECTION, LLC",www.stricklandfire.com,https://linkedin.com/company/stricklandfireprotection
G5H7F153BNH7,"DANTEC DYNAMICS, INC.",https://www.dantecdynamics.com,https://linkedin.com/company/dantec-dynamics
G5H7HWC4L2R5,HII MISSION TECHNOLOGIES CORP,https://hii.com,
G5JDT15FEW64,WESCO AIRCRAFT HARDWARE CORP.,http://www.incora.com,https://linkedin.com/company/incoraglobal
G5JHZ7DAK9A9,"CYTEC ENGINEERED MATERIALS, INC.",,
G5L9DEASM2G4,DELTA GROUP ELECTRONICS INC,http://www.deltagroupinc.com,https://linkedin.com/company/delta-group-electronics-inc
G5LQM1ZT3QD8,BASIS POLICY RESEARCH LLC,www.basispolicyresearch.com,https://linkedin.com/company/basis-policy-research-llc
G5M7EZJN4UU9,N.I.C. SYSTEMS CORPORATION,www.nicsystems.com,https://linkedin.com/company/nic-systems-corporation
G5NJKNAMHH13,DOMINION AIR & MACHINERY CO.,http://www.dominionair.com,https://linkedin.com/company/dominion-air-and-machinery
G5PDWT6S7AA4,HI TECH COMMUNICATIONS INC,,
G5SSLSS7MAC7,LUMIVERO LLC,,
G5T3PR5M7689,RIGHT CHOICE ELECTRIC INC,,
G5TRNN1QZLM1,SSC SPACE US INC,www.sscspace.com,https://linkedin.com/company/ssc-swedish-space-corporation
G5X3GJZKZUB3,"C.A.G, LLC",,
G5YUJ964Z5C7,WALTER J BARNES ELECTRIC CO INC,www.wjbe.com,https://linkedin.com/company/barnes-electric
G5YVRE6E1J33,OAK RIDGE TECHNOLOGIES I LLC,,
G5YZQ42E1AR4,TEC ASSOCIATES INC,,
G61JTLKNB9P6,"USM AEROSTRUCTURES, CORP",https://www.usmaero.com,https://linkedin.com/company/usm-aerostructures-corp
G61TZZQKC3L9,MAKPAR CORPORATION,https://www.makpar.com/,https://linkedin.com/company/makpar-corporation
G62XKQN4A4Q4,"LASER SHOT, INC.",http://www.lasershot.com,https://linkedin.com/company/laser-shot-inc.
G66RMLDUJ8U8,"S. F. INDUSTRIAL, INC.",,
G68SW8U2WVM4,MOTION CONTROL SYSTEMS INC,,
G6A3V6LJ8LN9,"TTM TECHNOLOGIES, INC.",www.ttm.com,https://linkedin.com/company/ttmtechnologies
G6ALM8B272D5,CONTRAILS INDEPENDENT CONSULTING LLC,,
G6EAMUMCNKT8,"ALPHA TECHNOLOGIES USA, INC",https://alphait.us/,https://linkedin.com/company/alpha-technologies-usa-inc.
G6EXBZ7K6MR5,TRIUMVAR SOLUTIONS LLC,triumvar.com,
G6F8FB2KRB65,"COMERCIALIZADORA BGO, SOCIEDAD ANONIMA",https://www.bogu-tech.com,https://linkedin.com/company/bogutech
G6FEENJMEYB5,"PK INDUSTRIAL, LLC",,
G6G3JNB3NMP5,TECHLAW CONSULTANTS INC,www.techlawconsultants.com,https://linkedin.com/company/techlaw-holdings-inc.
G6GTEF2DABF7,"RELIASOURCE, INC.",http://www.reliasource.net,https://linkedin.com/company/reliasource
G6J1C8BNNNC1,AVANOS MEDICAL INC,https://www.avanos.com,
G6K4GN5NDK95,SURGE IT INC.,,
G6K8K338V573,"NORAN, INC.",http://www.toddmarine.net,https://linkedin.com/company/todd-marine-electrical-supply
G6KMS54LWQM9,NEER INC.,,
G6MCJMNYBHD4,ARIZONA/ALBUQUERQUE VALVE & FITTING CORPORATION,https://southwest.swagelok.com/en,https://linkedin.com/company/swagelok-southwest-co-
G6MUM9HQHHU8,DEOSI LLC,www.deosi.com,https://linkedin.com/company/deosi-llc
G6NZHEMVSUH1,SOFX TECHNOLOGY PARTNERS LLC,https://set-of-x.com/,https://linkedin.com/company/s-of-x-technology-partners
G6Q6CKN8H8L7,RIDGE SAFETY SALES INC,http://www.ridgesafetysales.com,
G6XLJL1JMQ75,"ANTENNA ASSOCIATES, INC.",http://www.antennaassociates.com,https://linkedin.com/company/antenna-associates-inc-
G6ZEWHPSV5D9,FLIGHTSAFETY DEFENSE CORPORATION,http://www.flightsafety.com,https://linkedin.com/company/flightsafety-international
G73GZJERK4V7,TACTICA MANAGEMENT SERVICES LLC,,
G77DWKA65A77,"GENERAL WELDING AND FABRICATING, INC.",https://www.gwfab.com,https://linkedin.com/company/general-welding-and-fabricating
G78AAHETQMT3,IMS ENGINEERED PRODUCTS LLC,http://www.amcoenlosures.com,
G79DRGD5P3C6,WASTE CONTROL SPECIALISTS LLC,http://www.wcstexas.com,https://linkedin.com/company/wcstexas
G7CDHDD41TJ1,"AM MACHINING, INC.",http://www.apvmfg.com,https://linkedin.com/company/apv-manufacturing-&-engineering
G7DMHM3N6KM3,BRP US INC,https://www.brp.com/en/,https://linkedin.com/company/brp
G7DPAK2M4HP1,"GALLS, LLC",www.galls.com,https://linkedin.com/company/galls
G7FXBELSN3N8,"AVIO CONSULTING, LLC",https://www.avioconsulting.com,https://linkedin.com/company/avio-consulting
G7GXDFRKR9R2,DRIVING HOPE FOUNDATION,www.southbayhope.com,https://linkedin.com/company/driving-hope-foundation
G7HCR4EXGBB3,IOWA STATE UNIVERSITY AMES LABOR,http://www.ameslab.gov,https://linkedin.com/company/ames-laboratory
G7JGSXM1RU84,OMANG TECHNOLOGIES & TRADING L.L.C,www.omangtech.com,https://linkedin.com/company/omang-technologies-and-trading-llc
G7JSGHQ6PGH8,PAN AMERICAN POWER CORP,http://www.panamericanpower.com,https://linkedin.com/company/pan-american-power
G7K6K9Q46CZ9,"UPLAND SOFTWARE, INC.",https://uplandsoftware.com/,https://linkedin.com/company/upland-software
G7KVDRUSUUT3,"FLYER DEFENSE, LLC",http://www.flyerdefense.com,https://linkedin.com/company/flyer-defense-llc
G7NBCELR8E85,"DANNER, INC.",http://www.danner.com,
G7NFLEJZBRH8,"VERSTAR GROUP, INC",www.thatsaccurate.com,https://linkedin.com/company/thats-accurate
G7RPMR7GT9P9,OTIS ELEVATOR COMPANY,www.otis.com,https://linkedin.com/company/otis_elevators
G7RVYQFJ6FP3,THROWE ENVIRONMENTAL LLC,Throwe-Environmental.com,https://linkedin.com/company/throwe-environmental
G7UFQNL64QF5,RGT SERVICES LLC,,
G7WGK6L5ES76,"TELEDYNE FLIR DEFENSE, INC.",http://www.flir.com,https://linkedin.com/company/flir-systems
G7ZFJT7GD2D8,SARTOGRAPHY LLC,https://spiff.works,
G81WE37X47B9,KRAHE-Z DESIGNS LLC,,
G83AVSHYY3K4,"SOLO EFFECTS, LLC",,
G83GKUC1ELJ5,"SUPERIOR INDUSTRIAL MAINTENANCE COMPANY, LLC",http://www.gosuperior.net,https://linkedin.com/company/superior-industrial-maintenance-company-inc-
G84CVRRK12H4,OFFSHORE AVIATION LLC,www.offshoreaviation.com,https://linkedin.com/company/offshoreaviationgroup
G84FCF6LEWF5,MICROSEMI CORP. - RF SIGNAL PROCESSING,https://www.microsemi.com/,https://linkedin.com/company/microsemi
G85TV2NLF689,SUPPORTING EFFORT LLC,https://www.supportingeffort.com,
G86UL1A2Y6W6,EARTH DATA NORTHEAST INC,https://www.earthdatane.com,https://linkedin.com/company/earth-data-northeast-inc
G86VNCELJ5R3,AGISOL LLC,www.agisol-llc.com,https://linkedin.com/company/agisol-llc
G877VNXYE7E3,MTN ENGINEERING,mtnengr.com,https://linkedin.com/company/mtnengr
G882MXXMPTU6,MAGNA TOOL INC.,https://www.magnatoolinc.com/,https://linkedin.com/company/magna-tool-inc-
G88KLJR3KYT5,UNIVERSITY OF SOUTHERN CALIFORNIA,https://dcg.usc.edu/,
G8BEYPJRQQK5,T & T MATERIALS INC,http://www.tandt-materials.com,https://linkedin.com/company/tandt-materials-inc
G8BFAXH4F9B4,"FRANKLIN INTERIORS, INC",www.franklininteriors.com,https://linkedin.com/company/franklininteriors
G8BQKNZXC174,"DAN SOLUTIONS, INC.",http://www.dansolutions.com,https://linkedin.com/company/dan-solutions
G8CXJ2PMKN76,G & E INDUSTRIAL SUPPLIES INC,www.geindustrialsupplies.com,https://linkedin.com/company/g-e-industrial-supplies-inc
G8DZHNRKWTN3,"KENNESAW STATE UNIVERSITY RESEARCH AND SERVICE FOUNDATION, INC",,
G8GKWHV8VBL9,HELMHOLTZ-ZENTRUM FUER INFEKTIONSFORSCHUNG GMBH,www.helmholtz-hzi.de,https://linkedin.com/company/helmholtz-centre-for-infection-research
G8J8K5KUWK59,"GESTRA ENGINEERING, INC.",http://www.gestrainc.com,https://linkedin.com/company/gestra-engineering
G8JKL23X8N58,HEXCEL CORP,http://www.hexcel.com,https://linkedin.com/company/hexcel-corporation
G8LCAVK5AVW7,NORSEMAN INC,http://www.norseman.com,https://linkedin.com/company/norseman-defense-technologies
G8LJCB75MDK4,"GREY MARKET LABS, PBC",,
G8LMKLVVNSS4,"CELLTRON, INC.",www.celltron.com,https://linkedin.com/company/celltron-inc.
G8LTRP7BFMZ3,CAREERARC GROUP LLC,,
G8RKLSZLL3J9,"YELLOW JACKET DRILLING SERVICES, LLC",www.yjdrilling.com,
G8VPNT9Q99P3,CELINA TENT INC,https://www.celina.com/,https://linkedin.com/company/the-celina-company-llc
G8X5AYHAEMK8,ULINE INC,http://WWW.ULINE.COM,https://linkedin.com/company/uline
G8Z2WNSJ3ML3,"OPEN INTELLIGENCE, LLC",http://www.openintelligence.com,
G92NRG8HA548,XSOPTIX LLC,http://www.xsoptix.com,https://linkedin.com/company/xsoptix-llc
G94KUW95T227,"PTR - PRECISION TECHNOLOGIES, INC.",http://www.ptreb.com/,https://linkedin.com/company/ptr-precision-technologies-inc.
G95RZMHZME14,HAIGH-FARR INC,haigh-farr.com,https://linkedin.com/company/haigh-farr-inc.
G95TQKGLAKE7,COASTAL ASSOCIATION OF OBGYN PC,,
G96QG1CWPAN1,"DAVIS FURNITURE COMPANY, LLC.",http://www.davisseating.com,
G974WJBLLMP6,TELDATA SYSTEMS INC,http://www.teldatainc.com,
G975T5P8QZ95,ACCUSEMBLE ELECTRONICS INC,http://www.accusemble.com,https://linkedin.com/company/accusemble-electronics-inc-
G97BATNHPLB6,GLAXOSMITHKLINE BIOLOGICALS,,
G98NLLBM5EB8,REFURBUPS.COM INC,HTTP://WWW.REFURBUPS.COM,https://linkedin.com/company/refurbups-inc
G9BYFTLWF5K5,SIEMENS INDUSTRY SOFTWARE INC.,https://www.sw.siemens.com/en-US/,https://linkedin.com/company/siemenssoftware
G9CFE47C2GS6,DS GOVERNMENT SOLUTIONS CORP,www.3ds.com,https://linkedin.com/company/dassaultsystemes
G9D2G6BLZMY7,DANIEL BOVILL,,
G9DFFBRC81V3,RELIABLE GOVERNMENT SOLUTIONS INCORPORATED,http://www.rgsfederal.com,https://linkedin.com/company/reliable-government-solutions-inc.
G9GAP26M76N3,BEHAVIORAL INSIGHTS (US) INC.,www.bi.team,https://linkedin.com/company/behavioural-insights-team
G9GRLUNKF3T4,"NEWWAVE TELECOM AND TECHNOLOGIES, INC.",http://www.newwave.io,https://linkedin.com/company/newwave_technologies
G9HKMXL5L973,"OIL STATES INDUSTRIES, INC.",www.oilstates.com,https://linkedin.com/company/oil-states
G9HPQ8EYG9A6,PERATON INC,http://www.peraton.com,https://linkedin.com/company/peraton
G9J6J99YGX15,"D & D MECHANICAL, INC.",www.ddmech.com,https://linkedin.com/company/d-&-d-mechanical-inc.
G9J9VH4UE7B8,EL PUEBLO,www.elpueblo-ms.org,https://linkedin.com/company/el-pueblo-mississippi
G9K8ML8K25Q8,"CASELLA WASTE MANAGEMENT, INC.",http://www.casella.com,https://linkedin.com/company/casella-waste-systems
G9KBLPBKA2K4,"SCIENS INNOVATIONS, LLC",www.sciensinnovations.com,https://linkedin.com/company/sciens-innovations
G9L3E5CJSKS7,"ELMO MOTION CONTROL, INC",http://www.elmomc.com,https://linkedin.com/company/elmomotioncontrol
G9LFGDW722P3,"SHIN-ETSU MICROSI, INC",microsi.com,https://linkedin.com/company/shin-etsu-microsi-inc-
G9MXAV7GUA78,MMS GROUP LLC,,
G9N3KMPCHHK3,TECH62 INC,http://www.Tech62.com,https://linkedin.com/company/tech62-inc
G9NEBUJJYE13,THERMO SCIENTIFIC PORTABLE ANALYTICAL INSTRUMENTS INC.,http://www.thermoscientific.com,https://linkedin.com/company/サーモフィッシャーサイエンティフィック（株）
G9NEK4N279W4,RESULTANT LLC,www.resultant.com,https://linkedin.com/company/thrivewithresultant
G9R8NT9TMSC4,"CONCEPTS BEYOND, LLC",http://www.conceptsbeyond.com,https://linkedin.com/company/concepts-beyond
G9TJN6CGMG27,ASSURX INC.,www.assurx.com,https://linkedin.com/company/assurx
G9V7R7L5R341,"TYKMA ELECTROX, LLC",www.permanentmarking.com,https://linkedin.com/company/tykma-lasers-for-marking
G9VHE1NKYLD4,"RIIMIC, LLC",,
G9VLMNZNKQP3,"THE GUND COMPANY, INC.",thegundcompany.com,https://linkedin.com/company/the-gund-company
G9VNEDNG9TV7,CONSULTRX LLC,,
G9WAK45JXQ39,"STARDOG UNION, INC.",www.stardog.com,https://linkedin.com/company/stardog-union
G9YBLWMPTV33,"OWN, INC.",http://www.weareown.com,
GA2XVEJCFAL6,JAY HARKINS COMPANY,,
GA3JG74HHLX6,"INCITE AUTOMATION, LLC",https://inciteautomation.com,https://linkedin.com/company/inciteautomation
GA6MEPMQ8WB1,BEIT ELMAQDESS SURVEYING SERVICES,,
GA6PXNBL4LZ1,"STERLING PHARMA USA, LLC",,
GA6WQ2UKN7Q1,DIVERSIFIED CONSTRUCTION COMPANY WLL,,
GAJ1F3WQCWY5,THE SHERWIN-WILLIAMS COMPANY,,
GAJDDSFFPD89,ELEMENT MATERIALS TECHNOLOGY IOWA CITY INC.,www.jmilabs.com,https://linkedin.com/company/jmi-laboratories
GAN6KM459QL3,SPICA TECHNOLOGY CORPORATION,http://www.spicatek.com,
GANRBGTTLKY8,ENTERPRISE NETWORK RESOLUTIONS CONTRACTING LLC,www.enrcontracting.com,https://linkedin.com/company/enr-contracting
GATMHEB7K6N3,PARKER-HANNIFIN CORPORATION,http://www.parker.com,https://linkedin.com/company/parker-hannifin
GATMP1WNYC73,"ELGIN POWER SOLUTIONS, INC.",https://www.elginpowersolutions.com/,https://linkedin.com/company/elgin-power-solutions
GAW3RK6W5J77,WYS STRATEGIES LLC,https://www.wysstrategies.com,
GAZBULQN1HG1,"VERTEX WIRELESS, L.L.C",www.vertexwireless.com,https://linkedin.com/company/vertex-wireless-llc.
GB1NR48QC7E5,"CRITICAL PATH SOLUTIONS, LLC",,
GB1SKH11E3W7,"TARGETSOLUTIONS LEARNING, LLC",,
GB2QDKVY9A43,"SELECT GROUP FEDERAL, LLC THE",HTTP://WWW.SELECTGROUP.COM,https://linkedin.com/company/the-select-group
GB38ANKDXYM6,"EXECUTIVE DECISIONS, LLC",,
GB46HHKL3SH6,"DELAWARE RESOURCE GROUP INTERNATIONAL, LLC",,
GB4BX3BCFKN3,BEYONDSOA SOLUTIONS INC,www.beyondsoa.com,https://linkedin.com/company/beyondsoa
GB7NCKY4HR93,ALPHA DATA INC,www.alpha-data.com,https://linkedin.com/company/alpha-data-parallel-systems-limited
GB7YLL97PNA3,"PREMIER TRAILER LEASING, INC.",,
GB9HCQ5188M7,"ADVANCED RESOURCES INTERNATIONAL, INC",http://www.adv-res.com,https://linkedin.com/company/advanced-resources-international
GBABK3ZCZLN7,ENERGY TECHNOLOGIES INC,WWW.RUGGEDSYSTEMS.COM,https://linkedin.com/company/energy-technologies-inc.
GBANU43LMV63,"E TECHNOLOGIES, INC.",etechnologies.com,https://linkedin.com/company/e-technologies-inc
GBATY3ZJ6N43,GKN AEROSPACE ST. LOUIS LLC,,
GBCAU7GYCDR8,GBL SYSTEMS CORPORATION,http://www.gblsys.com,https://linkedin.com/company/gbl-systems-corporation
GBD5NGRLNM83,"MILLENNITEK, LLC",www.millennitek.com,https://linkedin.com/company/millennitek
GBEFG4KMVCH3,"ALL FLEX SOLUTIONS, INC.",http://www.allflexinc.com,https://linkedin.com/company/all-flex-solutions
GBFSTN7L8GK3,FEIGUS INCORPORATED,,
GBK9PKZNADD9,PERIMETER INTERNATIONAL,http://www.shippgl.com,https://linkedin.com/company/perimeter-logistics
GBL5A68JAZE4,TRACETECH COMMISSIONING LLC,,
GBN5K3MQJLN7,VISHAY DALE ELECTRONICS LLC,www.thinfilm.com,https://linkedin.com/company/applied-thin--film-products-inc
GBNGC495XA67,UNIVERSITY SYSTEM OF NEW HAMPSHIRE,http://www.unh.edu,https://linkedin.com/company/university-of-new-hampshire
GBNLCB2ZJWK9,COASTAL SATELLITE INC,http://www.coastalmediagroup.com,
GBQRLMLFEAA1,JSD PROFESSIONAL SERVICES INC,https://www.jsdinc.com,https://linkedin.com/company/jsd-professional-services-inc-
GBQXABSVN2B5,"BUREAU VERITAS NORTH AMERICA, INC.",bvna.com,https://linkedin.com/company/maxxam-analytics
GBV3VA4ZQ2S5,ICYBER CORPORATION,,
GC2NLWEYLL54,ANA SOURCING LLC,www.anasourcing.com,https://linkedin.com/company/a&a-glove-&-safety-co.
GC3AWA1BAB33,YETISPACE INC,,
GC51JCDRQP95,SENTURE LLC,http://www.senture.com,https://linkedin.com/company/senture-llc
GC7MKAN5DG35,IN-DEPTH ENGINEERING CORPORATION,https://www.indepth.com/,https://linkedin.com/company/indepthengineering
GC8FK4JNVP64,ZELUS USA LLC,www.teamzelus.com,https://linkedin.com/company/zelus-usa
GC8VLK5UHTA5,SUPER IPAAS INTEGRATION LLC,,
GC9HNPDBRM14,"J TOOL, INC",,
GC9HS6AKJQF3,"SIEMENS ENERGY, INC.",,
GCBYRGEMHJQ1,ALABAMA POWER COMPANY,https://www.alabamapower.com/,https://linkedin.com/company/alabama-power
GCC9JMJ1JN39,MIL-AERO SOLUTIONS INC,WWW.MILAEROSOLUTIONS.COM,https://linkedin.com/company/mil-aero-solutions
GCDLCGGYBFR3,"LOUISIANA ENERGY SERVICES, LLC",www.urencousa.com,https://linkedin.com/company/urenco-usa
GCFNN76413N3,ACROLECT SOLUTIONS LLC,www.endurancegroup.us,https://linkedin.com/company/endurancegroup-acrolect
GCFVEMNUMLM7,JAMES M PLEASANTS CO INC,http://www.jmpco.com,https://linkedin.com/company/james-m-pleasants
GCGEZJNUNZ24,"FEDERAL TECHNOLOGY SOLUTIONS, INC",http://www.federalsales.com,https://linkedin.com/company/federal-technology-solutions-inc-ftsi-
GCHLDMYJNGL3,"KOMODO CONSTRUCTION, LLC",https://www.komodoconstruction.net,
GCHVPJDK8669,MARSHALL OF CAMBRIDGE AEROSPACE LIMITED,https://marshallgroup.com/en,https://linkedin.com/company/marshall-of-cambridge-holdings-limited
GCJNYKYE93F6,"GOLDBELT FRONTIER, LLC",http://www.goldbelt.com/,https://linkedin.com/company/goldbelt-incorporated
GCJUA1BQYL93,1000 ISLAND AIRBOATS LLC,https://www.1000islandairboats.com/,https://linkedin.com/company/1000-island-airboats
GCKDGL4JTUX1,TEMPTRONIC CORP,www.intestthermal.com,https://linkedin.com/company/intest-thermal-solutions
GCMBE1FWKCL5,"EAST/WEST INDUSTRIES, INC.",http://www.eastwestindustries.com,https://linkedin.com/company/east-west-industries-inc-
GCMMHL63F6V8,BOB STALL CHEVROLET,,
GCNLD3CL8AS1,CYBER POINT INTERNATIONAL LLC,www.cyberpointllc.com,https://linkedin.com/company/cyberpoint-international
GCSUPV1WRDA8,"ASCENDRA, INC.",www.ascendra.com,https://linkedin.com/company/ascendra-inc
GCTJXHLASGB3,K-RISE ENTERPRISES INC,www.KRiseEnterprises.com,https://linkedin.com/company/k-rise-enterprises-inc
GCW2JMPYKQ33,"ACUITY SYSTEMS, LLC",www.acuitys.com,https://linkedin.com/company/acuity-systems-llc
GCWFKQ7PTLS5,"PUMPKIN, INC.",https://www.pumpkinspace.com,https://linkedin.com/company/pumpkin-space-systems
GCYLUNR9BTX7,THE ELEVATOR CO,,
GCZBP8KHYCE5,KINGSMAN TECHNOLOGY SOLUTIONS INC.,https://www.kingsmantech.com,https://linkedin.com/company/kingsmantech
GD1LRDNNHMN9,"GEOTESTING EXPRESS, LLC",https://www.geocomp.com/Geotesting,https://linkedin.com/company/geocomp-corporation
GD1TSUKDN8K6,COMBINED CONSTRUCTION INC,www.combinedconstructioninc.com,
GD2BV7JN9MV7,RAWLINGS MECHANICAL CORP,www.rawlingsmechanical.com,https://linkedin.com/company/rawlings-mechanical
GD7LBDXKH868,ROGUETHINK INC.,www.roguethink.com,https://linkedin.com/company/roguethink
GDA8JUBVL7E3,"INSTRUCTURE, INC.",www.instructure.com,https://linkedin.com/company/instructure-inc-
GDC4DJJYEVG7,DPK CONSULTING LLC,www.dpkconsulting.net,https://linkedin.com/company/dpkconsulting
GDDDQP44M3B7,"ACE VALLA, INC",https://www.sandiegofence.com/,https://linkedin.com/company/san-diego-fence-company
GDEHGTAJXEJ5,CATAPULT STAFFING LLC,https://catapultfs.com,https://linkedin.com/company/catapult-federal-services
GDEWWAZ3LA96,"MODULAR BUILDING CONCEPTS, INC.",www.mbconcepts.com,https://linkedin.com/company/modular-building-concepts
GDF6XZHE8DH2,GEATER MACHINING AND MANUFACTURING CO.,,
GDFDJN4QKR73,AC DC INC,,
GDHUDJ9GXGG7,PRETEK CORPORATION,http://www.pretek.com,https://linkedin.com/company/pretekcorporation
GDJDUFGMSC14,"DISCOVERY LIFE SCIENCES, LLC",http://www.dls.com/,https://linkedin.com/company/discoverylifesciences
GDJWB61KVVQ1,SYMBRANT TECHNOLOGIES INC,,
GDKYW6MF1RW5,VETERAN ENTERPRISE TECHNOLOGY SERVICES LLC,http://www.vets-llc.com,
GDLPBD4J9A39,"HILMAN, INC.",WWW.HILMANROLLERS.COM,https://linkedin.com/company/hilman-rollers
GDMKHY4M9KE3,"CLOUD HARBOR ECONOMICS, LLC",www.cloudharborllc.com,https://linkedin.com/company/cloud-harbor-economics-llc
GDMSR4G5NW61,TONY WATSON ELECTRIC INC,http://www.tonywatsoninc.com,https://linkedin.com/company/tony-watson-electric-inc
GDN9UNH8AVC7,LEDA CORPORATION,https://www.ledacorp.net,https://linkedin.com/company/leda-corporation
GDNCA387GRN5,"GFT INFRASTRUCTURE, INC.",https://www.gftinc.com/,https://linkedin.com/company/gft-inc
GDPPYJPBAMM5,"UNCHAINED LABS, LLC",www.unchainedlabs.com,https://linkedin.com/company/unchained-labs
GDQLRDFJNRD3,"MERLIN INTERNATIONAL, INC.",http://www.merlincyber.com,https://linkedin.com/company/merlin-international
GDS6GQJUMGX9,TIMSHEL GLOBAL SERVICES LLC,,
GDSKW3NPLTL1,"MARVIN TEST SOLUTIONS, INC.",http://www.marvintest.com,https://linkedin.com/company/marvin-test-solutions
GDTMZAAEM1N3,"N-ASK, INCORPORATED",http://www.nask.world,https://linkedin.com/company/n-ask
GDX2CKQMQ4H4,"PARRATT-WOLFF, INC.",www.pwinc.com,https://linkedin.com/company/parratt-wolff-inc.
GE1XKR7GAL19,CROWN PLAZA HOTEL,,
GE2SRXMY74F3,"CAMECA INSTRUMENTS, INC",www.cameca.com,https://linkedin.com/company/cameca
GE3XM7AMFKP3,"FISCHER CONNECTORS, INC.",www.fischerconnectors.com,https://linkedin.com/company/fischer-connectors
GE5DM4P2EMK9,CLEVELAND BROTHERS EQUIPMENT CO INC,http://www.clevelandbrothers.com,https://linkedin.com/company/cleveland-brothers-equipment-co
GE6SB9D2NFM3,INNOVATIVE SCIENTIFIC SOLUTIONS INC,www.innssi.com,https://linkedin.com/company/innovative-scientific-solutions-inc
GE7JLJBJP8A9,CTI-VNSFS ENVIRONMENTAL LLC,,
GE7MD1LC6VM8,ACTUARIAL RESEARCH CORPORATION,www.aresearch.com,https://linkedin.com/company/actuarial-research-corporation
GE7NW99Y9L66,"FRAUNHOFER USA, INC.",www.cla.fraunhofer.org,
GEBSQDRBMFN5,AMERICAN BOARD OF FAMILY MEDICINE INC,https://www.theabfm.org/,https://linkedin.com/company/theabfm
GEENXZBJL9E3,A3 TECHNOLOGY INC,http://www.a3technologyinc.com,https://linkedin.com/company/a3-technology
GEFLKRY5F1Y5,"POCATELLO ROOFING, INC.",,
GEGGJB6D6GN1,HAWK RIDGE SYSTEMS LLC,http://hawkridgesys.com,https://linkedin.com/company/hawk-ridge-systems
GEGMUHLFK584,TESSCO TECHNOLOGIES INC,http://www.tessco.com,https://linkedin.com/company/tessco-technologies
GEHFKM8C1DT3,"FORTRESS GOVERNMENT SOLUTIONS, LLC",https://www.fortressinfosec.com/home,https://linkedin.com/company/fortress-information-security
GEHXFK8D6AY9,"GOULD & BASS COMPANY, INC.",http://www.gould-bass.net/,https://linkedin.com/company/gould-bass-co-
GEJLVMJ2A5X9,PREVISE LLC,,
GEJSA4E8K5S3,"GMCONSTRUCTION, LLC",www.gmconstructionlv.com,https://linkedin.com/company/gmconstruction
GEKLFYEYNS33,"VECTOR TECHNOLOGIES, INC.",www.vec-tec.com,https://linkedin.com/company/vector-tooling-technologies
GEKXA2J5ETZ3,EXPERI-METAL INC,,
GELNG3K35FA5,MERCURY MISSION SYSTEMS LLC,www.mrcy.com,https://linkedin.com/company/mercury-systems
GELXK1B7AMJ3,SILENT SENTINEL INC,https://silentsentinel.com/,https://linkedin.com/company/silent-sentinel
GEN2KCQNUH53,"DXI CONSTRUCTION, INC",www.dxiconstruction.com,https://linkedin.com/company/dxi-construction-company-inc
GEN7XE2ZJKN5,ACQUIA INC,http://acquia.com/,https://linkedin.com/company/acquia
GENCJ3JK7NS1,RUSSELLS TECHNICAL PRODUCTS INC,http://www.russells-tech.com,https://linkedin.com/company/russells-technical-products
GENHF2J8A8J6,"PYRAMID TECHNOLOGIES, LLC",http://www.pyramidtechpros.com,
GENNYFCM2XE5,DE LEON ACCESS FLOORS INC,http://www.DeLeonAccessFloors.com,https://linkedin.com/company/deleon-access-floors-inc
GEQ8KFL96M35,CK COMMERCIAL PARTNERS LLC,,
GESHE3ZKEV44,"INTERMOUNTAIN ELECTRIC, INC.",www.imelect.com,https://linkedin.com/company/intermountain-electric
GETJAJHDXZY4,ENERGYSOLUTIONS SERVICES INC,http://www.energysolutions.com,https://linkedin.com/company/energysolutions
GEVDT3VN2MN3,KZ GOVTECH LLC,www.kzgovtech.com,https://linkedin.com/company/kzgovtech
GEVHU2WZ1DC8,AGC ACQUISITION LLC,www.agcincorporated.com,https://linkedin.com/company/paul-murphy
GEVVTRAVJ5P8,INTERPRO SOLUTIONS LLC,,
GEYFS4D96R55,VERIZON BUSINESS NETWORK SERVICES LLC,,
GEZSVMJCLY75,"PERMUTA TECHNOLOGIES, INC.",http://www.permuta.com,https://linkedin.com/company/permuta-technologies-inc
GF43CHHJDND3,TRACY COLLIER,,
GF4RFQCUBML4,"DHS ASSOCIATES, INC.",http://www.dhsworldwide.com,https://linkedin.com/company/dhs-worldwide-software-solutions
GF6LGQU9KWP3,APTELECOM LLC,www.aptelecom.com,https://linkedin.com/company/aptelecom
GF9WLHLNFPY6,SIERRA MICROPRODUCTS INC,http://www.sierramicroproducts.com,https://linkedin.com/company/sierra-microproducts
GFAHTQUD1AM7,ALTAMIRA TECHNOLOGIES CORP,www.altamiracorp.com,https://linkedin.com/company/altamira-corporation
GFBQHDSD2DL7,"FACTOR, INC.",https://www.factorinc.com,https://linkedin.com/company/factorinc
GFBTEVXB65X7,"PCC ROLLMET, INC",http://www.pccenergygroup.com,https://linkedin.com/company/special-metal-services-limited
GFC5PB18E5Z6,COUNTERPOINTE SOLUTIONS INC.,https://www.cpointe-inc.com/,https://linkedin.com/company/counterpointe-solutions-inc-
GFCNFVBDGM85,"ASTROTECH SPACE OPERATIONS, LLC",http://www.astrotech.com/,https://linkedin.com/company/astrotechspaceoperations
GFDQELXRLNT4,FIVE 9 NETWORK SYSTEMS LLC,http://www.five9network.com,https://linkedin.com/company/five9-network-systems
GFE7CL6S6N39,"EUROFINS ENVIRONMENT TESTING SOUTHEAST, LLC",www.EurofinsUS.com/Env,
GFFEGV4LU163,"BLUE YONDER, INC.",http://blueyonder.com,https://linkedin.com/company/blueyonder
GFHQVAFQJ1B5,"METROSTAR SYSTEMS, LLC",https://www.metrostar.com,
GFJ6HN3NNEQ5,ITEN DEFENSE LLC,https://www.itendefense.com/,https://linkedin.com/company/iten-defense-llc
GFJAMGT89GJ7,"LIGHTEL TECHNOLOGIES, INC.",http://www.lightel.com/,https://linkedin.com/company/lightel
GFJZAD59RN63,BODY EVOLUTION LLC,,
GFKFBWG2TV98,WOODS HOLE OCEANOGRAPHIC INSTITUTION,https://www.whoi.edu,https://linkedin.com/company/woods-hole-oceanographic-institution
GFLRXRHACMM9,"ARGON ST, INC.",http://www.argonst.com,https://linkedin.com/company/argon-st
GFMFYD113NL3,DESIGNED POWER ASSOCIATES LC,www.designedpower.net,https://linkedin.com/company/designed-power-associates
GFNVSV452V28,ASSOCIATED AIRCRAFT SUPPLY CO. LLC,http://associated-aircraft.com/,https://linkedin.com/company/associated-aircraft-supply
GFQBQN5PAYW3,"CONVERGE TECHNOLOGY SOLUTIONS US, LLC",www.convergetpc.om,
GFQQTN7GT7X1,"NETAPP, INC.",,
GFRHH8EFG383,AGENCE FRANCE PRESSE,http://www.afp.com,https://linkedin.com/company/afp
GFTGQRJ8F959,DEPLOYED RESOURCES LLC,http://www.deployedresources.com,https://linkedin.com/company/deployed-resources
GFYSC3GLEN39,MARINE ACOUSTICS INC,HTTP://WWW.MARINEACOUSTICS.COM,https://linkedin.com/company/marine-acoustics-inc
GG3ANSPA7YF9,THALES OPTRONICS LTD,,
GG3GACQ981B4,THE BIANDO GROUP LLC,,
GG3LX1LD9JD5,"J.E. THOMSON & COMPANY, LLC",http://www.carousel-usa.com/,https://linkedin.com/company/carousel-usa
GG3VGKLTYXZ2,"HUGHES MACHINE SHOP, INC",https://www.hughesmachineshop.com,https://linkedin.com/company/hughes-machine-shop
GG6WUM89YSF1,"FENCING BY S.K., L.L.C.",,
GG75WES61DK8,SANAMETRIX INC,http://www.sanametrix.com,https://linkedin.com/company/sanametrix-inc.
GG79V9XLWMR7,"HIGH POINT EXECUTIVE CONSULTANTS, LLC",,
GGA4SZK1H2K6,"PARALLEL 6, INC.",https://prahs.com/pra-mobile-health-platform,
GGB2PMM6JF73,"MONSOON SOLUTIONS, INC",www.msoon.com,https://linkedin.com/company/monsoon-solutions-inc
GGBSMCCQ8EG8,TGRC INC,,
GGEBV9FB95D3,"SOFTWARE AG GOVERNMENT SOLUTIONS, INC.",www.softwareaggov.com,https://linkedin.com/company/software-ag-government-solutions
GGERZB4A1FB3,WBPARTS INC,www.wbparts.com,https://linkedin.com/company/wbparts-inc-
GGFBMCXBJLY1,"TEXAS A&M UNIVERSITY SYSTEM, THE",www.tamus.edu,https://linkedin.com/company/texas-a&m-university-system
GGJCDWG1CU38,CASCADE REMEDIATION SERVICES LLC,http://www.cascade-env.com,https://linkedin.com/company/cascade-environmental-llc
GGLLGJ57URM7,QB MEDICAL INC,http://www.qbmedical.com,https://linkedin.com/company/qb-medical-inc-
GGMBJH567RW2,SUSTAINABILITY SOLUTIONS PC,,
GGMKSP7NSJ58,"S & J STEARNS, INC",,
GGNYG49TRNK5,GEIGER BROS.,http://www.geiger.com,https://linkedin.com/company/geiger
GGRLJ58EQM84,GOVERNMENT CONTRACTING SERVICES LLC,,
GGS2R5M6F9U5,"ETAVONICS, LLC",,
GGS8UJMSMFU6,AURUM SIERRA AEROSPACE LLC,https://aurumaerospace.com/,https://linkedin.com/company/aurumaerospace
GGSGJDJUPE53,GIGABITER LLC,www.gigabiter.com,https://linkedin.com/company/gigabiter-llc
GGSRVXPWG8W5,"SIGMA COMPUTING, INC.",,
GGTJB51HF4C3,GEM STATE PAPER & SUPPLY CO,http://www.gemstatepaper.com,https://linkedin.com/company/gem-state-paper-and-supply
GGU4CPEZ7ZK3,"NEPTUNE AND COMPANY, INCORPORATED",http://www.neptuneinc.org,https://linkedin.com/company/neptune-and-company-inc.
GGWDLK4YYM53,"SWARASYS, INC.",,
GH1DGHNNHS58,MISTRAS GROUP INC,www.mistrasgroup.com,https://linkedin.com/company/mistras-group.
GH25DK9F92M4,4WALL ENTERTAINMENT INC,http://www.4wall.com,https://linkedin.com/company/4wallentertainment
GH2ALB5NYNS2,"ADDITIVE INDUSTRIES NORTH AMERICA, INC.",www.additiveindustries.com,https://linkedin.com/company/additive-industries
GH3FASSL9CT7,"HI RELIABILITY MICROELECTRONICS, INC.",,
GH3RL4M4VD39,"SPECTROLAB, INC.",http://www.spectrolab.com,https://linkedin.com/company/spectrolab
GH6TKBJ1YMA4,"MINUTEMAN SECURITY TECHNOLOGIES, INC.",minutemanst.com,https://linkedin.com/company/minuteman-security-technologies
GH8MJFFB7TD8,EAST COAST SECURITY PRODUCTS INC,,
GH8QRLNKQBS6,"DANIEL'S CAULKING, LLC",www.danielscaulkingllc.com,https://linkedin.com/company/daniels-caulking-llc
GHADENUMYM95,"AMBYTH SHIPPING MICRONESIA, INC.",http://www.ambyth.com/,https://linkedin.com/company/ambyth-shipping-micronesia-inc.
GHC4KMT57KA1,"MH PROFESSIONAL ENGINEERING, PLLC",http://www.mhproengineering.com,
GHCKF9ABDRQ1,"PLOUFFE'S BOILER & MECHANICAL SERVICE, INC",WWW.PBMSVT.NET,https://linkedin.com/company/plouffe's-boiler-&-mechanical-service-inc.
GHFBHDAFA1T5,WARREN ROOFING & INSULATING LLC,http://www.warrenroofing.com,https://linkedin.com/company/warren-roofing-&-insulating-co.
GHL3JLND3KF8,CALDAN CONVEYOR INC,,
GHNZVFHEL7H4,"AMERICAS GENERATORS, INC.",http://www.americasgenerators.com/,https://linkedin.com/company/americas-generators
GHQAGY9RNUE1,BASE ONE TECHNOLOGIES INC.,http://www.base-one.com,https://linkedin.com/company/base-one-technologies-inc-
GHSABMJVJC29,OC SYSTEMS INCORPORATED,http://www.ocsystems.com,https://linkedin.com/company/oc-systems
GHSWFBNZ5EJ4,"MAINSPRING, INC.",http://www.gomainspring.com,https://linkedin.com/company/gomainspring
GHTNBMDK6H28,ALANA MULLER ENTERPRISES LLC,www.CoffeeLunchCoffee.com,
GHTVLPBYFPV4,"MID-ATLANTIC COMPUTER SERVICES, LLC",www.procustomgroup.com,https://linkedin.com/company/procustomgroup
GHV9U54HBSD7,ROBISON MEDICAL RESOURCE GROUP LLC,,
GHZGD5HPRAF1,VALIMET INC,https://valimet.com/,https://linkedin.com/company/valimet-inc-
GHZNGQ13KD23,3DML-AI,https://3dml.ai/,
GJ4HVG535VM9,"HUMAN RESOURCES TECHNOLOGIES, INC.",http://WWW.HRTEC.NET,https://linkedin.com/company/hrtec-inc.
GJ4JDJAYWV35,"THE MURPHY TECHNOLOGY GROUP, INC.",www.sourceree.com,https://linkedin.com/company/sourceree
GJ4LL85J8MF7,"KEYSTONE MASONRY, INC",http://www.keystonemasonry.biz,https://linkedin.com/company/keystone-masonry
GJ5FWVLDSXM5,H-P PRODUCTS INC,,
GJ5YALPQMCH1,"IT CONCEPTS, INC.",www.kentro.us/,https://linkedin.com/company/kentro-official
GJ7DEM3UDJ93,"MSB ANALYTICS, INC.",http://www.msbainc.com,https://linkedin.com/company/msb-analytics-inc-
GJ7EBCC4A6A8,"LUNATEK, LLC",www.lunatek.us,
GJ84E5M1TYZ5,RICHARD MANUFACTURING COMPANY,http://www.richardmfg.com,https://linkedin.com/company/richard-manufacturing-company
GJ8NH6RENBK5,FERRA ENGINEERING PTY. LTD.,ferra-group.com,https://linkedin.com/company/ferra-group
GJ9VTQDJ7WH3,AIRBUS DS GOVERNMENT SOLUTIONS INC,www.airbus-ds-gs.com,https://linkedin.com/company/airbus-ds-government-solutions
GJANJYLMYGZ1,"ARBO BOX, INC.",,
GJB6D93D8FR8,LEGION TECHNICAL SOLUTIONS LLC,https://legiontechnical.com,
GJBCLT434BK7,BATTEL ENGINEERING INC,http://www.battel-engineering.com/,
GJBUSQ35V268,"PRECISION WELDING TECHNOLOGIES, INC.",www.pwt-online.com,https://linkedin.com/company/precision-welding-technologies
GJDDKRPHXAL5,A.M. CASTLE & CO.,,
GJDJBN3KE3S9,"D & G MECHANICAL INSULATION, INC.",,
GJERK9GD7MJ7,WILSEA CORP,,
GJF1DVSWJBC6,"BONZIGGA TECHNOLOGY, INC",,
GJG1BTTDVCH4,UNITED STATES TECHNOLOGIES INC,http://www.ustechnologies.com,https://linkedin.com/company/vme-bus-technology-solution
GJGEN8MVLHQ6,AMERICAN GATEWAYS,http://www.americangateways.org,https://linkedin.com/company/american-gateways
GJGQF5RZMJM9,"SIERRA MICROWAVE TECHNOLOGY, LLC",http://www.sierramicrowave.com,https://linkedin.com/company/sierra-microwave-technology
GJHAGQ541CG3,"ENVIRONMENTAL SYSTEMS ANALYSIS, INC.",www.esatoday.com,https://linkedin.com/company/esa-inc
GJHXACV3SD26,"DOW AERO, LLC",http://www.dowaero.com,https://linkedin.com/company/dow-aero-logistics-llc
GJJCW7W8HCF5,RAYTHEON COMPANY,https://www.rtx.com/,https://linkedin.com/company/raytheontechnologies
GJJEEX4G7567,"ACUMEN SOLUTIONS, INC.",http://www.salesforce.com,https://linkedin.com/company/salesforce
GJJHN5QCGNS9,COMMERCIS GLOBAL LLC,www.commercis.com,https://linkedin.com/company/commercis-plc
GJJKSJ7UYLX3,COUNTY PETROLEUM PRODUCTS INC,countypetroleum.com,https://linkedin.com/company/county-petroleum-products-inc
GJKBB1JMY481,1013 ENTERPRISE L.L.C.,https://1013enterprise.com/,https://linkedin.com/company/1013-enterprise
GJKRSEN13H45,"TURNBERRY SOLUTIONS, INC",www.turnberrysolutions.com,
GJL8EWUBTB45,PRIME TURBINES LLC,www.primeturbines.com,https://linkedin.com/company/prime-turbines
GJL8G1CAKHA5,ENERSYS ADVANCED SYSTEMS INC,www.enersys.com,https://linkedin.com/company/enersys
GJL9FMVWXMQ9,AWETOMATON LTD,https://awetomaton.com,https://linkedin.com/company/awetomaton
GJM9ZZPDW3Y3,"ARBOLA, INC.",www.arbolainc.com,https://linkedin.com/company/arbola-inc-
GJMEHZQFN2D9,"COOK AND WEIL, INC.",http://www.cwitechsales.com,https://linkedin.com/company/cwi-technical-sales
GJMSFBCNMSK3,"ATLANTIC DIVING SUPPLY, INC.",http://www.adsinc.com,https://linkedin.com/company/ads-inc
GJN3LNCJDRN6,"TELEMETRICS, INC.",http://www.telemetricsinc.com,https://linkedin.com/company/telemetrics-inc
GJPGP56VHLB7,"RAGINGWIRE DATA CENTERS, INC.",,
GJPSNDLMGAV8,SMITH-SONDY ASPHALT CONSTRUCTION CO INC,,
GJQFDZ6LD4P3,BANDA GROUP INTERNATIONAL LLC,http://www.bandagroupintl.com,https://linkedin.com/company/banda-group-international
GJRRK76JUVX7,ROCKET CITY SUPPLY INC.,www.rocketcitysupply.com,https://linkedin.com/company/rocket-city-supply
GJSLEFN437Y9,FLOTRON,www.flotron.com,https://linkedin.com/company/flotron-inc-
GJUAK3K5UC34,INDUSTRI-TECH LLC,,
GJWCZAYPGX73,"INNOVATIVE SOLUTIONS UNLIMITED, L.L.C",www.insolves.com,https://linkedin.com/company/innovative-solutions-unlimited-llc-insolves-
GJZGJFT166Z1,"STERLING INFOSYSTEMS, INC.",www.sterlingcheck.com,https://linkedin.com/company/sterlingcheck
GJZLZS61KHW1,ISCIENCES LLC,http://www.isciences.com,https://linkedin.com/company/isciences-l-l-c-
GK1PDQV6MYQ6,FALCRON SOLUTIONS INC,www.falcronsolutions.com,https://linkedin.com/company/falcron-solutions-inc.
GK1SPLLP7231,ROBERT CLINTON YATES,,
GK1TUSHTLYR3,WAP SUSTAINABILITY LLC,,
GK3DKPJRSUR3,HALE TRAILER BRAKE & WHEEL INC,http://www.haletrailer.com,https://linkedin.com/company/haletrailer
GK49LJQ5AQG5,"XPRYME SOLUTIONS, LLC",www.xprymesolutions.com,
GK55J77VGN84,CYNERGY PROFESSIONAL SYSTEMS LLC,www.cynergy.pro,https://linkedin.com/company/cynergypros
GK6MKW6G2EM6,AERO ARC,,
GK6TFRG5E7F8,"HOOSICK VALLEY CONTRACTORS, INC.",http://hoosickvalley.com/,https://linkedin.com/company/hoosick-valley-contractors
GK6WTT1GDEN5,VATUM DIGITAL CORP,www.vatumdigital.com,
GK7KYFNWZKA8,I360TECHNOLOGIES INC.,http://www.i360technologies.com,https://linkedin.com/company/i360technologies
GK81ADJG9LH5,"PROJECTXYZ, INC.",http://www.projectxyz.com,https://linkedin.com/company/projectxyz-inc-
GK85NUFGM5H1,"S4, LLC",www.knexus.ai,https://linkedin.com/company/knexus-research-corporation
GK9RLR9NM793,LAPHAM-HICKEY STEEL CORP.,www.lapham-hickey.com,https://linkedin.com/company/lapham-hickey-steel
GKDKF6MM6LG5,"PATRIOT DISPOSAL, INC.",www.patriotdisposalservices.com,https://linkedin.com/company/patriot-disposal-services
GKDSP7FWELX6,"3LINKS TECHNOLOGIES, INC.",https://www.3linkstechnologies.com,https://linkedin.com/company/3linkstechnologies
GKDXTLNZ1BP2,"PROGRESSIVE MACHINE & DESIGN, LLC",http://www.pmdautomation.com,https://linkedin.com/company/progressive-machine-and-design
GKF8ERUXED41,"VALIANT SOLUTIONS, LLC",http://www.valiantsolutions.com,https://linkedin.com/company/valiant-solutions
GKGRRCGNE799,TECHNOLOGY MARKETING INC,http://www.tmi-slc.com,https://linkedin.com/company/tmi-slc
GKJ8XJLWC2F6,"PARADYME SOLUTIONS, LLC",http://www.paradyme.us,
GKMQFZNVUCF2,"SOLID STATE DEVICES, INC",www.ssdi-power.com,https://linkedin.com/company/solid-state-devices-inc-
GKMSN3DA6P91,MICHIGAN TECHNOLOGICAL UNIVERSITY,http://www.mtu.edu,https://linkedin.com/company/michigan-technological-university
GKMZFJJ8C9W7,"ARISTO-CAST, INC.",http://www.aristo-cast.com,https://linkedin.com/company/aristocast
GKN9HMLH1SZ1,SCIENTIFIC LIGHTNING SOLUTIONS LLC,www.sls-us.com,https://linkedin.com/company/scientific-lightning-solutions-sls-
GKNHPV85BG33,VAN WAGNER SPORTS & ENTERTAINMENT LLC,www.vanwagner.com,https://linkedin.com/company/van-wagner-sports-&-entertainment-vwse
GKNVRWLFUQR2,"UNI-CAST, LLC",https://www.uni-cast.com,https://linkedin.com/company/uni-cast-inc
GKQPK2E8N4Z6,NEXCEPTA INC,https://nexcepta.com/,https://linkedin.com/company/nexcepta
GKR4MA2VL8R3,"CANNON GOVERNMENT SOLUTIONS, LLC",,
GKSKWF5HL5H8,VSOLVIT LLC,http://www.VSolvit.com,https://linkedin.com/company/vsolvit
GKSWB2957391,"JOSEPH T. RYERSON & SON, INC.",www.ryerson.com,https://linkedin.com/company/ryerson
