subawardee_uei,subawardee_name,entity_url,company_linkedin_url
GKV2GYCBZM35,"DEVELOPMENT DIMENSIONS INTERNATIONAL, INC.",http://www.ddiworld.com,https://linkedin.com/company/ddiworld
GKVLWXS78JA5,"APPLIED AUTOMATION TECHNOLOGIES, INC.",,
GKVMZBMK7YG9,"BASECONNECT, LLC",https://www.baseconnect.com,https://linkedin.com/company/baseconnectapp
GKVNM88N5B47,SERVICE RESOURCE GROUP INTERNATIONAL LLC,www.srg-int.com,
GKWTAHYKMC62,"ENDYNA, INC.",http://www.endyna.com,
GKWTCSJKQH85,PILLAR SYSTEMS CORPORATION,http://www.pillarsystems.com,https://linkedin.com/company/pillar-systems-corporation
GKZLEMB7K1D6,ELECTROIMPACT INC.,http://www.electroimpact.com,https://linkedin.com/company/electroimpact
GL1AUGN6T6U4,MOGADISHU SERVICE,,
GL33N7Y7WX98,FUJIFILM SONOSITE INC,http://www.sonosite.com,https://linkedin.com/company/sonosite
GL3DGRVJ3T93,NEWARK ELECTRONICS CORPORATION,http://www.newark.com,
GL44UBJEKJK1,"TRENTON SYSTEMS, INC.",http://www.TrentonSystems.com,
GL4LXD56NEK5,"DRS SIGNAL SOLUTIONS, INC.",,
GL52MNUHMZ23,"ROBICHAUX AUTOMATION AND CONTROL, INCORPORATED",http://www.tridentmaritimesystems.com/,
GL7BQUY8ZJ79,"AMENTUM TECHNOLOGY, INC.",,
GL7JKJ4MVVG9,"COOPER ZIETZ ENGINEERS, INC.",www.akana.us,https://linkedin.com/company/cooper-zietz-engineers-inc.
GL85ACATYXX5,"GICHNER SYSTEMS GROUP, INC.",http://www.kratosdefense.com,https://linkedin.com/company/kratos-defense-and-security-solutions
GL99SKNWU2H5,CRO LLC,cromedical.com,https://linkedin.com/company/cro-medical-technology
GLB2VR3JYXK8,"DALLAS AIRMOTIVE, INC.",www.standardaero.com,https://linkedin.com/company/standardaero
GLCKL5BNYGL2,DINUCCI CORPORATION,http://www.dinuccicorp.com,https://linkedin.com/company/dinucci-corp
GLD4H4A7MZ46,C5T CORPORATION,www.c5t.com,https://linkedin.com/company/c5t-corporation
GLFEQLHD85H3,"DO IT WITH HELP, LLC",,
GLFYY49WKQW1,"RESOLVEIT CONSULTING, INC",www.resolveitconsulting.com,
GLGWMH9BMP76,GOVCONNECTION INC,http://www.govconnection.com,https://linkedin.com/company/govconnection
GLHRMJZCKN27,NALEJ CORP,https://nalej.com/,https://linkedin.com/company/nalejaicorp
GLHZFFJJZ8G2,WSP USA SOLUTIONS INC,,
GLJ4J66A2HK3,"SANITZ ENTERPRISES, INC.",,
GLKCSJXXRRW5,"MARYLAND MECHANICAL SYSTEMS, INC.",www.marylandmechanicalsystems.com,
GLKTPPXRFMU5,QUART CONSULTING SERVICES LLC,www.quartconsulting.com,https://linkedin.com/company/quartconsulting
GLLCK3UKSYU8,IMAGINE ONE TECHNOLOGY & MANAGEMENT LTD,http://www.imagine-one.com,https://linkedin.com/company/imagine-one_2
GLLCNMELU378,"HOLLIS LINE MACHINE CO., INC.",,
GLN2N85K5MU4,"CES CONSULTING, LLC",www.ces-consultingllc.com,https://linkedin.com/company/ces-consulting-llc
GLN7JNAYLQ63,REDSKY LLC,https://redskyus.com/,https://linkedin.com/company/redskyllc
GLPKRZJL8GM3,ALLEGHENY SCIENCE & TECHNOLOGY CORPORATION,http://www.AlleghenyST.com,https://linkedin.com/company/allegheny-science-&-technology-corporation
GLQRPRDTUN95,"NATIONWIDE ELECTRIC SUPPLY COMPANY, INC.",www.nationwideelectric.com,https://linkedin.com/company/nationwide-electric-supply-company
GLQTTLRVSAM5,"INTEGRITYPRO CONSULTING, LLC",www.integritypro.com,https://linkedin.com/company/integritypro-consulting-llc
GLRMM71HG9J5,WISCONSIN ORDNANCE WORKS LTD,www.wisord.com,https://linkedin.com/company/wisconsin-ordnance-works-ltd.
GLRVV6FC6DB3,GP STRATEGIES CORPORATION,http://www.gpstrategies.com,https://linkedin.com/company/gp-strategies-corporation
GLT9FNADUMA4,ALLIED WIRE AND CABLE LLC,http://www.awcwire.com/,https://linkedin.com/company/allied-wire-&-cable
GLTELLEMKRX3,"TELEDYNE DIGITAL IMAGING US, INC.",www.teledyne.com,https://linkedin.com/company/teledyne-technologies-incorporated
GLTJGJFF9MR2,TAPHERE! TECHNOLOGY LLC,http://www.taphere.com,https://linkedin.com/company/taphere-technology-llc
GLTQW6JJ48T4,MERRICK-SMSI JOINT VENTURE LLP,,
GLVJT8J77KD5,DYNA-EMPIRE INC,https://dyna-empire.com/,https://linkedin.com/company/dyna-empire-inc.
GLVMLEWS5G95,SAFETECH INC,safetechmontana.com,https://linkedin.com/company/safetech-inc
GLVNQ7783YC8,JABI CONSULTING LLC,www.jabiconsulting.com,https://linkedin.com/company/jabcionsulting
GLVWPTRELN29,NICHOLS MANUFACTURING INC,http://www.nicholsmfg.com,https://linkedin.com/company/nichols-manufacturing-inc
GLW6HHK4F3M3,GE AVIATION SYSTEMS LLC,,
GLWHK5VNPT63,"YUKON MANAGEMENT, LLC",https://ganaayoo.com/yukon-management/,https://linkedin.com/company/ganaayoolimited
GLXJRUYNGQM5,"CFI BLUE SKY II, L.L.C.",https://omadaint.com/,https://linkedin.com/company/omada_international
GLY6K1JCYDF4,VIRTUAL SERVICE OPERATIONS LLC,http://www.vso-inc.com,https://linkedin.com/company/virtual-service-operations
GLZJKUBM4VD9,"OPTI-FORMS, INC.",http://www.optiforms.com,https://linkedin.com/company/optiforms
GM11ZH81LBY7,"KRATOS SRE, INC.",www.kratosdefense.com,https://linkedin.com/company/kratos-defense-and-security-solutions
GM16Q45ARRV4,ACE PROFESSIONAL COATINGS INC.,,
GM1XX56LEP58,"TRUSTEES OF THE UNIVERSITY OF PENNSYLVANIA, THE",https://researchservices.upenn.edu/,
GM2EHB2GWNL3,NLB CORP,http://www.nlbcorp.com/,https://linkedin.com/company/nlb-corporation
GM3KHV63SUX4,ARACHNE LABS LLC,arachne.net,https://linkedin.com/company/arachnelabs
GM4FL5Q7KSK5,"WENZEL ASSOCIATES, INC.",WWW.QUANTICWENZEL.COM,
GM4JDCJEW5Z7,PEERLESS TECHNOLOGIES CORPORATION,http://www.epeerless.com,https://linkedin.com/company/peerless-technologies
GM4ZPYJ6BKJ9,C.L. LINFOOT CO.,HTTP://WWW.LINFOOT1893.COM,
GM54GBNAX1U6,BISCO INDUSTRIES INC,WWW.BISCOIND.COM,https://linkedin.com/company/bisco-industries
GM56NGC4D868,ROLLS-ROYCE DEUTSCHLAND LTD & CO KG,,
GM6GL69DX7H7,AXOHEK LLC,www.axohek.com,https://linkedin.com/company/axohek
GM77BDK8GP48,QUOTIENTSUB LLC,http://www.Quotient-Inc.com,https://linkedin.com/company/quotient
GM94J2EL8T19,BALL AEROSPACE & TECHNOLOGIES CORP.,http://www.ball.com/aerospace,https://linkedin.com/company/ball
GMAGVL8Q9VX6,BARNHARDT MANUFACTURING CO,ncfi.net,
GMB3K74VFA23,"PREMIER TECHNOLOGY, INC.",http://www.ptius.com,https://linkedin.com/company/premier-technology-inc.
GMB8FVTPZLD3,BRIGHT STAR SOLUTIONS LLC,https://www.bright-star.com/,https://linkedin.com/company/bright-star-solutions-llc
GMBWL9F7RXE4,MENTO PRODUCE CO INC,,
GMBYU6KAN9J3,RAYTHEON COMPANY,https://www.rtx.com/,https://linkedin.com/company/raytheontechnologies
GMC8ZJ8CAKN3,PROBO DATA GROUP INC,Probodata.com,https://linkedin.com/company/probo-data-group-inc
GMCMWNRTRGJ4,"HALL MACHINE & WELDING CO., INC.",http://www.hallmachine.com,https://linkedin.com/company/hall-machine-&-welding-co.-inc.
GMCQZPPGSCV5,"PFEIFFER VACUUM, INC.",HTTP://WWW.PFEIFFER-VACUUM.DE,https://linkedin.com/company/pfeiffer-vacuum-gmbh
GMDTEHFBYEG7,"PRECISE METAL PRODUCTS, LLC",http://www.precise-metals.com,https://linkedin.com/company/precise-metal-products-llc
GMEQMTFR93K3,"PRC - DESOTO INTERNATIONAL, INC",www.ppgaerospace.com,
GMFLH5LBEG28,"3D PERCEPTION, INC.",http://www.3d-perception.com,https://linkedin.com/company/3d-perception
GMFTALKXK637,"CRAFTSMEN INDUSTRIES, INC.",http://www.craftsmenind.com,https://linkedin.com/company/craftsmen-industries
GMHEBP6N6KK4,THREAT SYSTEM SOLUTIONS INC,www.threat-system.com,https://linkedin.com/company/threat-system-solutions
GMHRX5DU4LS5,"AEROGO, INC",http://www.aerogo.com,https://linkedin.com/company/aerogo-inc-
GMHSE2NWTAF5,RAUL CRUZ,,
GMK1MSRKPVA9,ALFA LAVAL INC,,
GMLBKAVKBJ79,NEXTMOVE TECHNOLOGIES LLC,,
GMLFM47VHL76,"THICK FILM TECHNOLOGIES, INC.",,
GMLHMNMB79G9,"ONTIC ENGINEERING & MANUFACTURING, INC",https://www.ontic.com/,https://linkedin.com/company/ontic-engineering
GMLMGCA7XKK4,WOODLEY CHARLES L,,
GMLZFDLPH7K5,"HPI FLOORS, LLC",www.hpifloors.com,https://linkedin.com/company/hpi-floors-llc
GMM1KDYMXKP5,"CYBER SECURITY PROFESSIONALS, INC.",http://www.cspsecure.com,https://linkedin.com/company/cyber-security-professionals-inc
GMPSSXME2HU5,"KEY ELECTRONIC SOLUTIONS, LLC",http://keyelectronics.net,https://linkedin.com/company/key-electronic-solutions
GMQ3C6QJJ288,"AMETEK AMERON, LLC",,
GMQ3MCMJANN1,"PYE-BARKER FIRE & SAFETY, LLC",http://www.pyebarkerfire.com,
GMQPC3ARCUU9,"CONSTRUCTORS, INC N.S.L",www.ciconstructors.com,https://linkedin.com/company/constructors-inc-
GMQRXC2EHJ43,HARTECH GROUP LLC,www.Hartechgroup.us,https://linkedin.com/company/hartech-group
GMQYJYNYMN83,LUMO SUPPLY DECK,www.lumosupply.com,https://linkedin.com/company/lumosupply
GMRKBCFJREQ1,THALES AEROSPACE COMMUNICATIONS FULLERTON INC.,,
GMTWEAHHA5C8,NOVA TECHNOLOGIES INC,http://www.novatechnologiesinc.com,https://linkedin.com/company/nova-technologies-inc
GMU6BSSLETB4,TOP WAY FOR COMMERCIAL SERVICES & CAR RENT LTD,http://top-way.biz,
GMVJD1H9JQX8,"MICROFLEX, INC.",www.microflexinc.com,https://linkedin.com/company/microflex-inc-
GMW1ZLY783J1,"MAUREEN DATA SYSTEMS, INC.",https://www.mdsny.com/,https://linkedin.com/company/maureen-data-systems
GMZ3BDXU4CL7,"FRONTIER DEVELOPMENT, INC.",https://www.frontierdevelopmentinc.com,https://linkedin.com/company/frontier-development-inc
GMZWKMEPCLE3,MEASURETECH INTERNATIONAL INC,,
GN18VRBCF1M3,AXIOM OPTICS INC,,
GN1HY4QE8381,ACW INC,,
GN2LGJWUVKJ7,"THE NAKOA COMPANIES, INC",http://www.nakoaco.com,https://linkedin.com/company/the-nakoa-companies-inc-
GN2VKJH7LBC3,TUKNIK GOVERNMENT SERVICES LLC,https://www.koniag-gs.com/tuknik-government-services/,https://linkedin.com/company/koniag-government-services
GN5HM6GB9N89,"PRECISION X-RAY, INC.",www.pxinc.com,
GN5VZ5VWR1B5,"RADIANCE TECHNOLOGIES, INC.",www.radiancetech.com,https://linkedin.com/company/radiance-technologies
GN68D7XA78R4,CFR ENGINES CANADA ULC,,
GN82WS7LRJ77,SPACE MACHINE & ENGINEERING CORP.,http://www.space-machine.com,https://linkedin.com/company/space-machine-&-engineering-corp-
GN84UHWZJMR8,"DAYTON T. BROWN, INC.",http://www.dtb.com,https://linkedin.com/company/dayton-t-brown-inc-
GNANM7SFD676,"THE RICHARDSON TRIDENT COMPANY, LLC",,
GNCCDKLN2GD3,MEGGITT AIRCRAFT BRAKING SYSTEMS CORPORATION,,
GNDXYY1GURG3,WORK MICROWAVE INC.,,
GNEVAPP5XW57,AMS NETWORKS LLC,https://amsnetworks.com,https://linkedin.com/company/ams-networks
GNGWXM39K171,"RED SIX SOLUTIONS, LLC",www.red-6.com,https://linkedin.com/company/red-six-solutions-llc
GNJ6MR1FVA45,PRAXIS ENGINEERING TECHNOLOGIES LLC,http://www.praxiseng.com,https://linkedin.com/company/praxis-engineering
GNJ7BBP73WE9,REGENTS OF THE UNIVERSITY OF MICHIGAN,http://www.umich.edu,https://linkedin.com/company/michigan-economics-society
GNKEH5GKZ779,"DATUM MACHINING, LLC",www.datumidaho.com,
GNMGEJ6HG575,CYBEREYE CONSULTING LLC,www.cybereyeconsulting.com,
GNMWESR6AKK4,"KELLY, INC",www.a1lawn.com,https://linkedin.com/company/a-1-lawn-&-landscaping
GNN3NDUFAE83,TIME WARNER CABLE ENTERPRISES LLC,,
GNN6UM3R8N91,CUTTING EDGE OPTRONICS INC,,
GNNJDFWNNEJ5,GOODRICH CORPORATION,http://www.collins.com,https://linkedin.com/company/intertrade
GNNULJEJ4183,"PACIFIC POWER TESTING, INC.",http://www.pacificpowertesting.com,https://linkedin.com/company/pacific-power-testing-inc
GNQLZGE5Q7J4,CYBERNETIQ USA INC,,
GNR3RVSCYJE4,"ALL DOMAIN STRATEGIC SERVICES (ADSS), LLC",,
GNRBAR5JWL13,"SESSLER ENVIRONMENTAL SERVICES, LLC",sesslerenv.com,https://linkedin.com/company/sessler-environmental-services
GNTSV97RVQM3,TENICA AND ASSOCIATES LLC,http://www.TENICA-GS.com,
GNU3XFET3HJ3,TAP N2 POWER LLC,,
GNVLM7NAQXT1,"ABBTECH PROFESSIONAL RESOURCES, INC.",https://WWW.ABBTECH.COM,https://linkedin.com/company/abbtech
GNWVNBNNKVQ3,"BARCOM, INC.",https://www.barcominc.com,https://linkedin.com/company/barcom-inc-
GNXBK5J9ZZZ8,THE MSJ GROUP LLC,www.themsjgroup.com,
GNXLRLFDCYJ7,"LONGENECKER & ASSOCIATES, LLC",http://www.la-inc.com,https://linkedin.com/company/longenecker-&-associates
GNXNRGLSNML9,"DATA NETWORKS, INC.",https://asrcfederal.com/companies/,https://linkedin.com/company/asrc-federal
GNXRR1MXP925,"PROCESS IMPROVEMENT ACHIEVERS, LLC",www.piachievers.com,https://linkedin.com/company/process-improvement-achievers-llc
GP28Z9MYU8T6,DEFTEC CORPORATION,www.deftec.com,https://linkedin.com/company/deftec-corporation
GP2NUPNWXPW1,"CARTRIDGE WORKS PLUS, LLC",www.cartridgeworksplus.com,https://linkedin.com/company/cartridge-works-plus-llc
GP3AU3KDP695,"ARENA FIRE PROTECTION, INC",www.arenafire.com,https://linkedin.com/company/arena-fire-protection
GP4WALRZR194,"SURVEYORS SOURCE, LLC",www.surveyorssource.com,https://linkedin.com/company/surveyors-source-llc
GP59WMW4URT5,PMC CARIB ENVIRONMENTAL CONSULTANT LLC,,
GP7MGWJE4BZ3,CALIAN ANTENNA SOLUTIONS LTD.,https://www.calian.com/service-lines/advanced-technologies/,https://linkedin.com/company/calian
GPASKFTTVQL9,DECISIONPOINT CORPORATION,www.decisionpointcorp.com,https://linkedin.com/company/decisionpoint-corporation
GPAUCHU8DD67,"EXOR SOLUTIONS, INC.",www.exorsolutions.com,https://linkedin.com/company/exor-solutions
GPC4GJ8EAY83,STEWART MECHANICAL SOLUTIONS LLC,www.stewartmechanicalsolutions.com,
GPCDG9C3JUF3,GORMLEY ENVIRONMENTAL CORP,https://www.gormleyenvironmental.com/,https://linkedin.com/company/gormley-environmental-corporation
GPCNV2L5FKP1,"STEVEN CARR AND ASSOCIATES, LLC",https://www.scaa-usa.com,
GPDRD5BG8DN1,THOR SOLUTIONS LLC,,
GPHXG29MF8W5,FLEXCO MICROWAVE INC,https://www.flexcomw.com/,https://linkedin.com/company/flexco-microwave-inc
GPJVLYP4ZBB8,"EMPIRE SOUTHWEST, LLC",,
GPK5RHKAEUG5,"YOUNG MENS CHRISTIAN ASSOCIATION OF THE GREATER HOUSTON AREA, INC",http://www.ymcahouson.org,
GPLVFREMN751,AECOM TECHNICAL SERVICES INC,https://www.aecom.com,https://linkedin.com/company/aecom
GPRERG8B8WN6,FIRSTKEM LLC,www.firstkem.com,https://linkedin.com/company/first-kem
GPS7DMKN55X5,"AL OTRO LADO, INC.",https://alotrolado.org/,https://linkedin.com/company/al-otro-lado
GPU3MCQWTBM1,N3 TECHNOLOGIES INC.,www.n3-tecnologies.com,
GPUCDPKTFSN1,HEATHWICK SOLUTIONS LLC,,
GPV4S5RX49Q8,"FLAME TECH FIRESTOP SYSTEMS, INC.",,
GPV7UH1JTDX3,COOLING AND POWER RENTALS INC,www.cprtents.com,https://linkedin.com/company/cpr-tents
GPV8EN61NBN6,INFO GAIN CONSULTING LLC,infogainconsulting.com,https://linkedin.com/company/info-gain-consulting
GPV9U5QAEL44,"MTLS365, LLC",www.mtls365.com,https://linkedin.com/company/mtls365
GPVJMN3SDG38,"WINTERTON CONSULTING, LLC",,
GPXBJDWPLNH7,"FATIGUE TECHNOLOGY, INC",http://www.fatiguetech.com,https://linkedin.com/company/fatigue-technology-inc.
GPYZJX19Q1K3,TOPGUN SEALCOATING LLC,www.topgunsealcoating.com,https://linkedin.com/company/top-gun-sealcoating
GQ1NNDXHWHK4,"TYCHON, LLC",www.tychon.io,https://linkedin.com/company/tychon
GQ3JUJ16SLK9,"SCHOTT NORTH AMERICA, INC.",www.us.schott.com,
GQ3MK4JQYEK1,PEPTILOGICS INC,,
GQ4ZQJKLJAB1,THE LINCOLN ELECTRIC COMPANY,www.lincolnelectric.com,https://linkedin.com/company/lincoln-electric
GQ65S1KJ8NK7,"BEACON SALES ACQUISITION, INC.",http://www.beaconsales.com/,https://linkedin.com/company/beacon-sales-company
GQ6UYNKVVRM8,"GRANSBERG AND ASSOCIATES, INC.",http://www.gransberg.com,https://linkedin.com/company/gransberg-&-associates-inc-
GQBMUVPJCFE5,SYMETRICA INC,http://www.symetrica.com,https://linkedin.com/company/symetrica
GQE7W3KN1QM9,ALLOY SPECIALTIES LLC,,
GQFLESEJP1G4,FIRETRACE AEROSPACE LLC,www.ftaero.com,https://linkedin.com/company/firetrace-aerospace-llc
GQHLJEULCLY8,"KONICA MINOLTA SENSING AMERICAS, INC.",www.radiantvisionsystems.com,https://linkedin.com/company/radiant-vision-systems
GQHMWHTNKLP6,ROCKY MOUNTAIN IMMIGRANT ADVOCACY NETWORK,www.rmian.org,https://linkedin.com/company/rocky-mountain-immigrant-advocacy-network
GQJZF4LKYUY9,UFP ELIZABETH CITY LLC,https://www.ufpi.com,https://linkedin.com/company/ufp-industries
GQKMR2HGKN94,THE ACT 1 GROUP INC,http://www.act1group.com,https://linkedin.com/company/act-1-group
GQMSRUCGJ833,LEONARDO S.P.A.,www.leonardo.com,https://linkedin.com/company/leonardo_company
GQN7WKAKUFM1,ENV SERVICES INC,www.envservices.com,https://linkedin.com/company/env-services
GQP2CQ5L6VB3,NEO4J INC,www.neo4j.com,https://linkedin.com/company/neo4j
GQR4CZKP99M7,"CVS, INC",http://www.cvsvideo.com,
GQSEUBPFBQZ9,EAST COAST INFRASTRUCTURE INC,https://www.eastcoastinfrastructure.com/,https://linkedin.com/company/east-coast-infrastructure-inc
GQSKD4MX91S9,INTRACOM SYSTEMS LLC,,
GQVVJK5M52W5,WILSON KITCHENS INC,http://www.wkicasework.com,https://linkedin.com/company/wilson-kitchens
GQYKMLB7EK68,"AIM SERVICES, INCORPORATED",www.aimservicesinc.com,https://linkedin.com/company/aimservicesinc
GQZ1ETATV3V3,EVANS CAPACITOR COMPANY,,
GR1VB6FAUGM7,"WATKINS ENVIRONMENTAL, INC",https://watkinsenviro.com/,https://linkedin.com/company/watkins-environmental
GR29NCN1H8Z5,"WM AMBIENTA, INC",,
GR2CKSBB4MB5,LENAPE FORGED PRODUCTS CORP,https://lenapeforge.com,https://linkedin.com/company/lenape-forged-products
GR2HJZBCKSN3,"HAGEN GLASS, WINDOWS & SIDING, INC",www.hagenglass.com,
GR2RF6CLZJJ9,BARBARICUM LLC,www.barbaricum.com,https://linkedin.com/company/barbaricum
GR4WHFMRJ8A4,"ALLUXA, INC.",www.alluxa.com,https://linkedin.com/company/alluxaopticalfilters
GR61J2AY15B6,VACHI INFO TECH INC,https://www.digitalhie.com,https://linkedin.com/company/digitalhie
GR7LVCQMALD8,STICHTING BIOMEDICAL PRIMATE RESEARCH CENTRE,http://www.bprc.nl,https://linkedin.com/company/bprc
GR86CWJ224A3,"CROSS ENVIRONMENTAL SERVICES, INC",www.crossenv.com,https://linkedin.com/company/cesenvironmental
GRAJLZ6516H5,THE CARPENTER GROUP,www.californiaswaging.com,https://linkedin.com/company/california-swaging-and-cable-products
GRANEG7MV8E8,"SCIENCE AND TECHNOLOGY ASSOCIATES, INC.",www.stassociates.com,https://linkedin.com/company/science-and-technology-associates-inc.
GRE7FRHVM919,"VANASSE HANGEN BRUSTLIN, INC.",https://www.vhb.com/,https://linkedin.com/company/vhb
GRFDMDJVVU36,RAVE GEAR LLC,http://www.ravegears.com,https://linkedin.com/company/rave-gears
GRFZGCBSSLN9,CECO INC,www.cecoinc.net,https://linkedin.com/company/ceco-inc-
GRHQE7VZ5KQ3,PATRIOT ELECTRICAL WIRING LLC,,
GRKCGCBLBJ11,"ADVANCED MANUFACTURING TECHNOLOGY VENTURES, LLC",,
GRM2K1KL6LK3,SS LANDSCAPING SERVICES INC.,,
GRNEV9L3E6A9,MOOG INC.,http://www.moog.com,https://linkedin.com/company/moog
GRRQGPH7QS29,"PD POWER SYSTEMS, LLC",www.pdpowersystems.com,https://linkedin.com/company/pdpowersystems
GRT2YN39FNW4,LVSI CORPORATION,www.LVSI-Corp.com,https://linkedin.com/company/lvsi-corporation
GRTDYGFYWBS8,FARO TECHNOLOGIES INC,http://www.faro.com,https://linkedin.com/company/faro-insight
GRXBGLAXKHA1,"MID VALLEY INDUSTRIES, LLC",https://mvii.com/,https://linkedin.com/company/mid-valley-industries-llc.
GRXMXJJSL6A8,"ASSOCIATED SPRING US, LLC",https://www.associatedspring.com,
GRZESSY9KZC4,URBAN SKY THEORY INC,www.urbansky.com,https://linkedin.com/company/urban-sky-imaging
GS3YEVSS12N6,"REGENTS OF THE UNIVERSITY OF CALIFORNIA, THE",,
GS4DLKFPDZV8,DEFENSE SCIENCES INC,http://www.dsiusa.com,https://linkedin.com/company/defense-sciences-inc
GS4UWMTGSYW5,UNITED ELEVATOR ENGINEERING LTD,,
GS86EZKNAJ86,MILL-TECH INDUSTRIES INC,,
GSBUVWV7BG93,A-VAR INC.,https://www.a-var.com,https://linkedin.com/company/a-var
GSBVJ9K2EJY5,"B.J.G. ELECTRONICS, INC.","https://electronics.fdhaero.com/#/app/layout/HomePage",
GSCDFZGKKBK6,IPAK INC,https://www.ipak.com,https://linkedin.com/company/ipak
GSHGMSLWRKH1,VECTOR SECURITY INC,www.vectorsecurity.com,https://linkedin.com/company/vector-security
GSKAN1BLE2P6,COMMUNITY INITIATIVE FOR DEVELOPMENT ORGANIZATION (CIDO),,
GSLEAHCMA2M5,"MICHIGAN MECHANICAL VENTURES, LLC",,
GSLMH62ZMMM7,KESTRAL LOGISTICS (SMC-PVT.) LIMITED,http://www.kestral-logistics.com,
GSR8LRLALQH6,OXEON LLC,,
GSS8TXEFBFH7,JCTM LLC,https://jctm.us/,https://linkedin.com/company/jctm
GSVFDJKJRP57,"UNITED TEST & BALANCE, INC.",UTAB.us,https://linkedin.com/company/unitedtab
GSVPETCMLG68,WAZUH INC,,
GSWKWQRNHDG5,CENTRION SYSTEMS INC,http://www.centrion.com,
GSWPUGW4DJ49,"CIREXX INTERNATIONAL, INC.",https://www.cirexx.com,https://linkedin.com/company/cirexxint
GSWPYGKBN533,BE-HAWTA FOR GENERAL TRADING AND COMMERCIAL AGENCIES LTD.,www.Polarisiraq.com,
GSYCU149L9Y7,RPC INDUSTRIES INC,,
GSZVJLYEWEH6,"MISSING MASS, LLC",https://missingmass.io,https://linkedin.com/company/missingmass
GT17WW2KEGR4,"BOEDEKER PLASTICS, INC.",https://www.boedeker.com,https://linkedin.com/company/boedeker-plastics-inc-
GT19KNXA1PJ1,ENSCICON CORP,http://www.enscicon.com,https://linkedin.com/company/enscicon-corporation
GT63QWWXN8Y6,PARKER-HANNIFIN CORPORATION,http://www.parker.com/,https://linkedin.com/company/parker-hannifin
GT68T3L2MPU5,OBSIDIAN WORKS LLC,www.obsidianworks.io,https://linkedin.com/company/obsidian-works
GT9NEBB11UJ7,"LEXICAL INTELLIGENCE, LLC",,
GTDXET44HDE7,I3 LLC,www.i3llc.us,https://linkedin.com/company/i3-it-solutions
GTEBEQ7F98G4,COMAP PTY LTD,,
GTELLNAX1568,INNOVIM DEFENSE SERVICES LLC,www.innovim.com,https://linkedin.com/company/innovim
GTF5NJHNDPM7,SOUTHWEST CONCRETE PAVING CO,www.swcp.us,https://linkedin.com/company/southwest-concrete-paving-co
GTFRLH4SGX76,"SYNQOR, INC",http://www.synqor.com/index.html,https://linkedin.com/company/synqor
GTJHZE4M7YK1,"THE CHARLES STARK DRAPER LABORATORY, INC.",http://www.draper.com,https://linkedin.com/company/draper
GTJYD2E71U36,"RGM DESIGN GROUP, INC",www.wildman-morris.com,https://linkedin.com/company/wildman-morris
GTK4QF9QDGG8,NAMMO (U.K.) LIMITED,www.nammo.com,https://linkedin.com/company/nammo-raufoss-as
GTKANRNA6N43,"VERTX ENTERPRISE SOLUTIONS, LLC",www.vertxes.com,https://linkedin.com/company/vertx-enterprise-solutions-llc
GTKQE7T5HFF1,P1 CONSTRUCTION LLC,,
GTNBNWXJ12D5,VANDERBILT UNIVERSITY,http://www.vanderbilt.edu,https://linkedin.com/company/vanderbilt-university
GTNTPS9Q1CC9,CONCEPTUAL ANALYTICS LLC,http://www.conceptual-analytics.com,https://linkedin.com/company/conceptual-analytics-llc
GTP8S87MBPF3,"GREENLAND ENTERPRISES, INC.",https://greenlandenterprises.com/,https://linkedin.com/company/greenland-enterprises-inc-
GTPPDJE7MKU1,"R.E. MEADOR PAINTING & WALLCOVERING, INC",,
GTTNN68QZAB9,"ANGLICOTECH, LLC",http://www.anglicotech.com,https://linkedin.com/company/anglicotech
GTURW6LHC578,"WHITE CLOUD COMMUNICATIONS, INC.",https://whitecloudcom.com/,
GTVRE7RDQ1A9,ENDRUN TECHNOLOGIES LLC,https://www.endruntechnologies.com,https://linkedin.com/company/endrun-technologies
GTW5H1Z3HNY6,"ALPHA-OMEGA SERVICES, INC.",http://www.alphaomegaserv.com,https://linkedin.com/company/alpha-omega-services
GTW5QW3RNHH5,YOUNG ENGINEERING SOLUTIONS INC,,
GU18H9NSVDD5,AFGLOBE COMMUNICATIONS INC.,http://www.acisolutions.net,https://linkedin.com/company/aci-solutions
GU4MZLMEJN94,"SEYER INDUSTRIES, INC.",http://www.seyerind.com,https://linkedin.com/company/seyer-industries-inc-
GU5MGT7B9ED7,PEGGY JO SCHELL,,
GU8QDCM2J4E3,LAKERIDGE CIRCLE ASSOCIATES LLC,http://www.lca-networks.com/,https://linkedin.com/company/lca-networks-division-of-m2-technology-
GUANWKAEUNT1,MOOG WOLVERHAMPTON LIMITED,,
GUBDT8QVT233,"LZ TECHNOLOGY, INC.",WWW.LZT.BIZ,https://linkedin.com/company/lz-technology-inc
GUCLSGA3PHM7,CORNERSTONEX LLC,www.cornerstonex.ai,https://linkedin.com/company/cornerstoneandco
GUEKEU26HPS4,TORO COMPANY (THE),http://www.thetorocompany.com,https://linkedin.com/company/the-toro-company
GUEKY8G48EZ5,LAC ASSAL SERVICES SARL,,
GUENAMAA56M5,"ROTHE DEVELOPMENT, INC",rothe.com,https://linkedin.com/company/rothe-development-inc
GUGBC8JMR6X5,"DIGITAL TECHNOLOGIES, INC.",http://www.digitaltech.com,
GUGKNVL2QF98,"FREDERICK HEALTH EMPLOYER SOLUTIONS, LLC",https://www.frederickhealth.org/Employer-Solutions.aspx,https://linkedin.com/company/frederick-health
GUGSR4KUK6R2,"ALIGN PRECISION-ANAHEIM, INC.",www.alignprecision.com,https://linkedin.com/company/align-precision
GUH1SJ2RMVX3,"BUSINESS SUPPORT ASSOCIATES, INC",http://www.bsallc.com/,
GUH6D6NM6QH7,"PRAIRIE ELECTRIC, INC.",,
GUJEKLRTGGL6,AUTO TECHNOLOGY COMPANY,www.autotechnology.com,https://linkedin.com/company/auto-technology-company
GUKKCGNH7QS7,XIMEA CORP.,www.ximea.com,https://linkedin.com/company/ximea
GUKZZ1U4B5N9,SKA INTERNATIONAL GROUP DMCC,www.ska-arabia.com,https://linkedin.com/company/skaintlgroup
GULQWW79QMS1,"DEMASE TECHNICAL SERVICES, LLC",https://demase-tech.com,https://linkedin.com/company/demase-tech
GULVPG67YBN5,"DONALD B. MURPHY CONTRACTORS, INC.",http://www.dbmcontractors.com,https://linkedin.com/company/dbm-contractors-inc.
GUMFGRN8DHH6,"QUALITY STAMPING & MACHINING, INC.",,
GUMUKEJNDFQ4,"I. B. ABEL, INC.",http://www.ib-abel.com,https://linkedin.com/company/i-b-abel-inc-
GUR6CEAAAXJ5,GEOENVIROTECH INC,http://www.geoenvirotech.com,https://linkedin.com/company/geoenvirotech-inc.
GURMFDFLENX4,"KRATOS UNMANNED AERIAL SYSTEMS, INC",http://www.kratosdefense.com,https://linkedin.com/company/kratos-defense-and-security-solutions
GUUGWAZ8MXJ3,DUSTOFF TECHNOLOGIES LLC,https://www.dustofftechnologies.com,https://linkedin.com/company/dustoff-technologies-llc
GUVUU89P78Q3,NORTHROP GRUMMAN SYSTEMS CORPORATION,,
GUVXX8DYYN75,BRAXTON-GRANT TECHNOLOGIES INC,www.BRAXTONGRANT.COM,https://linkedin.com/company/braxton-grant-technologies-inc-bgtech-
GUW6AR13Q147,"CINCH SYSTEMS, INC.",http://www.cinchsystems.com,https://linkedin.com/company/cinch-systems-inc
GUW9F5S4JU63,BETTER ROOFERS LLC,https://better-roofers.com/,
GUXLUYETMM48,"ODYSSEY SYSTEMS CONSULTING GROUP, LTD.",www.odysseyconsult.com,https://linkedin.com/company/odysseyconsult
GUXVZXJVM3W1,"GOMEASURE3D, INC",www.gomeasure3d.com,https://linkedin.com/company/gomeasure3d
GUZ5TX7GGMN6,VERITAS TECHNOLOGIES LLC,www.veritas.com,https://linkedin.com/company/veritas-technologies-llc
GUZ6SKC17JM3,"G.C. ZARNAS & CO., INC.(NE)",https://www.gczarnas.com/,https://linkedin.com/company/g-c-zarnas-company
GUZ8LNWBL7V4,CRATIS AUTOMATION SOLUTIONS LLC,https://cratis-solutions.com,https://linkedin.com/company/cratis-automation-solutions
GV14WBXV9NB9,"PRECISION POLYMERS, INC",,
GV4RFKNR2B33,LINCOLN ELECTRIC COMPANY,,
GV5STS36R658,GOODRICH ACTUATION SYSTEMS LIMITED,,
GV7PJBSRG5N9,BAE SYSTEMS TECHNOLOGY SOLUTIONS & SERVICES INC,baesystems.com,https://linkedin.com/company/bae-systems
GV9SL7JV5K83,GRAZEL FOUNDATION L.L.C,,
GVAZBHN26HL8,"GRIFFON AEROSPACE, INC.",http://www.griffonaerospace.com,https://linkedin.com/company/griffon-aerospace
GVBNKC4G6AJ8,"EDAX, LLC",WWW.EDAX.COM,https://linkedin.com/company/edax
GVFECVP1J8Q1,CRONMILLER MARKETING,,
GVH5NK36P911,RAYTHEON COMPANY,https://www.rtx.com/,https://linkedin.com/company/raytheontechnologies
GVH7JN5XLAK5,FACILITY ENGINEERING SERVICES KCP LLC,,
GVHKPFRJL8B2,PARISH TRACTOR COMPANY LLC,PARISHTRACTOR.COM,https://linkedin.com/company/parishtractor
GVHPARHHBNW7,CIMQUEST INC,https://cimquest-inc.com/scanning-2/,https://linkedin.com/company/cimquest-inc-
GVHULJ2VMWE9,"PRESIDIO COMPONENTS, INC.",www.presidiocomponents.com,https://linkedin.com/company/presidio-components-inc.
GVJ3GZGG6DA4,"RECARO AUTOMOTIVE NORTH AMERICA, INC",https://www.recaro-automotive.com/us/commercial,https://linkedin.com/company/recaro-automotive
GVJMD38LC3J5,"DECISION TECHNOLOGIES, INC.",http://www.decision-tech.com,https://linkedin.com/company/decision-technologies-inc-
GVKQY8CZJG56,STIRLING DYNAMICS LIMITED,http://www.stirling-dynamics.com,https://linkedin.com/company/stirling-dynamics
GVLGK73C9DM1,MAKAI OCEAN ENGINEERING INC,http://www.makai.com,https://linkedin.com/company/makai-ocean-engineering-inc-
GVMBF1HPM556,"CUSTOM STORAGE, INC.",www.microage.com,https://linkedin.com/company/microage
GVMRK58DBUK4,"CUSTOM CONTROLS TECHNOLOGY, INC.",,
GVYLPJTKJKA7,"MEDIX STAFFING SOLUTIONS, LLC",https://www.medixteam.com/,https://linkedin.com/company/medix-staffing-solutions
GVYWPFZLZFN3,JOHNSON MATTHEY INC.,,
GW1PL9E11KQ4,POTOMAC-HUDSON ENGINEERING INC,WWW.PHE.COM,https://linkedin.com/company/potomac-hudson-engineering-inc.
GW4HUCY8L9N5,DAVETTECHS LLC,http://www.DAVetTechs.com,https://linkedin.com/company/davettechs
GW6KSGRNB2R7,MST MANUFACTURING LLC,https://www.mstmfg.com/,https://linkedin.com/company/mst-manufacturing
GW7JEGZJPDU3,JAVIER E BIDOT & ASSOCIATES P.S.C,https://jebpr.com/,https://linkedin.com/company/jebapr
GW8VHBZ3Z875,"AUGUST RESEARCH SYSTEMS, INC",http://www.augustrs.com,https://linkedin.com/company/august-research-systems-incorporated
GW9FLBWB5625,TRILLAMED LLC,http://www.TrillaMed.com,https://linkedin.com/company/trillamed
GWBVUM3Y1DS7,"TRANSPAK, INC.",www.transpak.com,https://linkedin.com/company/transpak
GWDRNQNMMZF9,LIVELY LAW FIRM,livelylawfirm.com,https://linkedin.com/company/livelylawfirm
GWDZP6C6JBK3,JD KRUSE LLC,,
GWEWXST9MNT5,ACCURATE MACHINING INC,,
GWF8LF61YN61,"GRANT INDUSTRIAL CONTROLS, INC.",,
GWFBQY413N79,NORTHROP GRUMMAN SYSTEMS CORPORATION,www.ngc.com,
GWFBUDMWNGZ3,COX MANUFACTURING COMPANY,http://www.coxmanufacturing.com,https://linkedin.com/company/cox-manufacturing
GWFCVNLVTAJ6,"RSI-AX JV, LLC",www.team-rsi.com,https://linkedin.com/company/radial-solutions-inc
GWG9LACKGNN8,NORTHWIND VENTURES INC.,www.northwindtech.net,https://linkedin.com/company/northwind-ventures-dba-northwind-technologies-
GWHTW6Z7S3C4,TIS AEROSPACE LLC,http://tisaerospace.com,
GWJKEJRGWHJ3,"ASSOCIATION OF DEVELOPMENT FINANCING INSTITUTIONS IN ASIA AND THE PACIFIC, INC.",,
GWJQZ54U8HU7,R & J COMPONENTS CORP.,http://www.rjcomponents.com,https://linkedin.com/company/r&j-components
GWK3RNGGFCE6,GAUSS MANAGEMENT RESEARCH AND ENGINEERING INC,http://www.gmre-inc.com,https://linkedin.com/company/gmre-inc
GWK7JR3B6UR3,COMBS ENTERPRISES INCORPORATED,www.combsfabrication.com,
GWNVGYEQJB58,"AMPHENOL CABLE AND INTERCONNECT TECHNOLOGIES, INC.",,
GWQDX5KWT3E5,INDEPENDENT ROUGH TERRAIN CENTER LLC,www.irtc-tx.com,https://linkedin.com/company/irtc-tx
GWQJLM9GQJT6,TDY MEDICAL STAFFING INC,http://www.tdymedical.com,https://linkedin.com/company/tdy-medical-staffing-inc.
GWR3EPH8KT54,SOCIAL POLICY AND DEVELOPMENT CONSULTING LIMITED,,
GWWRU9BXPKR1,WHITMOR PLASTIC WIRE & CABLE CORP.,http://www.wireandcable.com,https://linkedin.com/company/whitmor-wirenetics
GWXVW5ZBYVL6,"SMARTRONIX, LLC",http://www.smartronix.com,
GWYSGX57KPJ7,"NANO MOTION, INC.",http://www.nanomotion.com,https://linkedin.com/company/nanomotion
GX34R4Y3RZ58,WOLF CREEK FEDERAL SERVICES LLC,chugachgov.com,https://linkedin.com/company/chugachgov
GX3UG12DLHL9,SPECTRA LOGIC CORPORATION,spectralogic.com/,https://linkedin.com/company/spectra-logic
GXAYGRWJPQK6,"DUCOMMUN LABARGE TECHNOLOGIES, INC.",http://www.ducommun.com,https://linkedin.com/company/ducommun-incorporated
GXD9J95JXPN3,"ZETA PERFORMANCE VEHICLE TECHNOLOGIES, LLC",www.zetapvt.com,https://linkedin.com/company/zeta-performance-vehicle-technologies
GXDUCFRLJMD8,TERRAGRAPHICS ENVIRONMENTAL ENGINEERING INC,http://www.terragraphics.com,https://linkedin.com/company/terragraphics-environmental-engineering
GXDXTLFCJXX3,TOTALSIM LLC,https://totalsim.us,https://linkedin.com/company/totalsim-us
GXE7GDDGWTL5,"EVERGREEN CONCRETE CUTTING, INC.",www.evergreenconcretecutting.com,https://linkedin.com/company/evergreen-concrete-cutting-inc-
GXHFXKJMSRQ3,DIGITAL ASSETS LLC,www.digitalassets.us,https://linkedin.com/company/digital-assets-us
GXHGZT2Z1C26,"INROADS ADVISORY, INC.",https://www.inroadsadvisory.com/,https://linkedin.com/company/inroadsadvisory
GXJ3L61FJYX3,BOSTON MECHANICAL SERVICES LLC,www.bostonmechanicalservices.com,https://linkedin.com/company/boston-mechanical-services
GXK6HT9PN3P9,KAMATICS CORPORATION,http://www.kamatics.com,
GXKQE4SF13L5,GIGATECH LLC,www.gigatech.net,https://linkedin.com/company/gigatech-llc
GXL3MKNQSYV7,NESMA AL-ZUBAIR FOR TRADING AND GENERAL CONTRACTING/ LTD,,
GXL9RAYKASF5,COMPASS POINT LLC,,
GXLTSN3XAAU5,"MITSUBISHI ELECTRIC ICONICS DIGITAL SOLUTIONS, INC.",https://iconics.com/,https://linkedin.com/company/iconics
GXNJTFDJMJ83,LERCH BATES INC,www.lerchbates.com,https://linkedin.com/company/lerch-bates-inc.
GXPFUNUL54S1,"SOUNDWAY TECHNOLOGIES, INC",https://soundwaytechinc.com,
GXPHRLD3DEL1,DURANDAL INC.,Durandal.us,https://linkedin.com/company/durandal-dev
GXPTNYLPJB34,"ALL NATIVE, INC.",,
GXRFARNF7PN3,"FISICA APPLIED TECHNOLOGIES, INC.",HTTP://WWW.FISICA.COM,https://linkedin.com/company/fisica-inc
GXRHQG8K79F3,"RMI PROPERTIES, LLC",,
GXVPMEMMDHM1,ABATIX CORP.,http://www.abatix.com,https://linkedin.com/company/abatix
GXZPSDDXU3H7,INFORMA TECH HOLDINGS LLC,,
GXZXLJAXDQA1,R1 OF WESTERN MASS LLC,www.restoration1.com/springfield-ma,https://linkedin.com/company/restoration-1-headquarters
GY23NHXQVH33,SYSTEMS AND PROPOSAL ENGINEERING COMPANY,http://www.specinnovations.com,https://linkedin.com/company/specinnovations
GY41KDZZ3ZP1,MMC GROUP LP,http://www.mmcgrp.com,https://linkedin.com/company/mmc-group-lp
GY5BEBKX7ME7,"RBC SOUTHWEST PRODUCTS, INC.",,
GY5UDT19M5C6,"PATH FORWARD CONSULTING, LLC",,
GY6CXULHJTU9,ORION INNOVATIONS SERVICES LLC,https://looktoorion.com,
GY6MUBNJAR35,HAMILTON SUNSTRAND AVIATION SERVICES INC,,
GY8NZB37EN43,"ROSSI ELECTRIC COMPANY, LLC",https://www.rossielectric.com/,
GY9HUVNL9UH1,"JEMCO COMPONENTS & FABRICATION, INC.",,
GYBQGJW61FF8,UNITED STATES GYPSUM COMPANY,http://www.usg.com,https://linkedin.com/company/usgcorp
GYDRMXLB4DH7,METTLER-TOLEDO LLC,www.mt.com,https://linkedin.com/company/mettlertoledo
GYEPYSHFAND6,BRIGHT STAR SOLUTIONS LLC,,
GYF8MBJ5CH61,"JUNIPER NETWORKS (US), INC.",,
GYFNK4D2RN39,KONGSBERG GEOSPATIAL LTD.,www.kongsberggeospatial.com,https://linkedin.com/company/kongsberg-geospatial
GYGCBJ4BNLF9,VIRTUOSO TECHNOLOGY CONSULTING LLC,WWW.VTCONSULTS.COM,
GYJKW2DNXH67,RIGID GLOBAL BUILDINGS LLC,,
GYJTYGUM2LF3,SPLUNK LLC,www.splunk.com,https://linkedin.com/company/splunk
GYKKJRXLXWR3,"KJB INDUSTRIES, INC",,
GYLDKFE322G5,MULTISTACK LLC,https://www.multistack.com,https://linkedin.com/company/multistack-llc
GYLUH9UXHDX5,VANDERBILT UNIVERSITY MEDICAL CENTER,http://www.vumc.org/,https://linkedin.com/company/vanderbilt-university-medical-center
GYLVJVA877H8,SAMTEK INC,https://samtek.io,https://linkedin.com/company/samtekinc
GYM8LAZLWV73,"TRONAIR, INC.",http://www.tronair.com,https://linkedin.com/company/tronair-inc-
GYR9G479FR41,"COMPUCOM, INC.",http://www.compucomdocumentscanning.com,
GYRVRXA6SFB8,HEPTAGON INFORMATION TECHNOLOGY LLC,www.heptagonit.com,https://linkedin.com/company/heptagon-information-technology-llc
GYTAL19LDA57,LYNN WELDING CO INC,http://www.lynnwelding.com,
GYW5L1ZDTGM9,"PETERSEN PRECISION ENGINEERING, LLC",petersenprecision.com,https://linkedin.com/company/petersen-precision-engineering
GYX7JWY17PQ4,SUPLIAEREOS USA LLC,www.aerosupplyusa.com,https://linkedin.com/company/aero-supply-usa
GYYCRA1KPP26,RAY PALMER ASSOCIATES INC,WWW.RAYPALMERASSOCIATES.COM,https://linkedin.com/company/ray-palmer-associates
GZ19HQL6HP11,"FEDTEK, INC.",http://www.fedtek.com,https://linkedin.com/company/fedtek-inc
GZ1HBES2HVG3,"DTCUBED, LLC",www.d-t3.com,
GZ1LJ4QKB8Q4,IHSE USA LLC,http://www.ihseusa.com,https://linkedin.com/company/ihseusa
GZ2BBF11ZXH5,"ZACK PAINTING CO, INC",,
GZ2DFVM6FMT1,"AURORA ERA FOR GENERAL TRADING, CLEANING SERVICES AND SUPPLY CO. LLC",https://www.aurora-era.com,https://linkedin.com/company/aurora-era
GZ7JABCEDXX5,"JENNASYS CONSULTING, LLC",,
GZ8HQK4CTZC4,PRESBYTERIAN HEALTHCARE SERVICES,www.phs.org,https://linkedin.com/company/presbyterian-healthcare-services
GZ9KVSGH2817,"HOC SERVICES, INC.",http://www.hocalaska.com,
GZA1MKSADD61,SAFRAN ELECTRICAL & POWER UK LTD,www.safran-group.com,https://linkedin.com/company/safran
GZB1AHVN6669,DYNOMAX INC,http://www.dynomaxinc.com,https://linkedin.com/company/dynomax-inc-
GZCKAM8QAEE9,ARBIN CORPORATION,www.arbin.com,https://linkedin.com/company/arbin-instruments
GZEEGAJDQC65,"LODESTAR CONSULTING, INC.",www.lodestarcs.com,https://linkedin.com/company/lodestarconsultinginc
GZENLZUBBR89,XTERRA CORPORATION,www.xterracorp.com,https://linkedin.com/company/xterracorporation
GZGDLWWS8N46,KORRY ELECTRONICS CO,korry.com,https://linkedin.com/company/korry-electronics
GZHYAK6ABHW7,GENSCRIPT PROBIO USA INC.,https://probiocdmo.com/,https://linkedin.com/company/probio-cdmo
GZKLWKCQHDQ6,COLLABORATIVE FOR EMERGENCY CARE IN AFRICA,,
GZMHL3R9LGZ3,"OAK GROVE TECHNOLOGIES, LLC",http://www.oakgrovetech.com,https://linkedin.com/company/oak-grove-technologies
GZMNALVP4ME3,"TTM PRINTED CIRCUIT GROUP, INC.",www.ttm.com,https://linkedin.com/company/ttmtechnologies
GZMUAEVD5EK1,"KRATOS SRE, INC.",www.kratosdefense.com,https://linkedin.com/company/kratos-defense-and-security-solutions
GZMXMEBAD7G7,"ACECO, L.L.C.",www.acecoworld.com,https://linkedin.com/company/aceco-llc
GZNMTH3TNKG6,DICK BUILDING COMPANY LLC,http://www.dickbuilds.com,https://linkedin.com/company/dick-building-company-llc
GZPESP7SD417,PREMIER FIRE APPARATUS,,
GZQ5LGSL3KT3,DAYLIFF SOMALIA LIMITED,,
GZQJT6MXL8N3,"BLASTMASTER HOLDINGS USA, LLC",https://www.blastone.com/,
GZS7HPH81GM3,AVI-SPL LLC,http://www.avispl.com,https://linkedin.com/company/avi-spl
GZSTMY7E9AJ3,"WRIGHT & WRIGHT MACHINERY CO., INC.",wrightandwrightmachinery.net,
GZUNN544ARH9,ALBUQUERQUE L&L ELECTRONICS INC,ABQLLE.COM,https://linkedin.com/company/albuquerque-l-&-l-electronics-inc
GZXSNU74BRF6,AWARE INC,http://www.aware.com,https://linkedin.com/company/aware-inc.
GZYVQPQNNVE3,"HEBCO, INC.",http://www.hebco.com,https://linkedin.com/company/hebco-inc.
H11HD5VHGHN3,LOCKHEED MARTIN CORPORATION,http://www.lockheedmartin.com,https://linkedin.com/company/lockheed-martin
H12VM8NVJKF4,HACK THE BOX INC,https://www.hackthebox.com/,https://linkedin.com/company/hackthebox
H16NF5J18LB8,"PROTECH SALES USA, CORP",www.protechsalesusa.com,
H191UJDVKY24,HYDRO-AIRE AEROSPACE CORP.,www.craneae.com,https://linkedin.com/company/craneae
H198B2NVS1S3,"APPLIED NETWORK SOLUTIONS, INC.",http://go-ans.com,
H19JCMD5M1G9,THE ROYAL UNITED SERVICES INSTITUTE FOR DEFENCE AND SECURITY STUDIES,http://www.rusi.org,https://linkedin.com/company/royal-united-services-institute
H1BNW3J6QNV7,"JEDCO, INC",www.jedco.us,https://linkedin.com/company/jed-co
H1C4ZVECADM6,THE BOEING COMPANY,http://www.boeing.com/,https://linkedin.com/company/boeing
H1D7JYSTHZZ1,CDA INTERCORP LLC,https://www.cda-intercorp.com,https://linkedin.com/company/cda-intercorp
H1DFZK529K81,RJ LEE GROUP INC,https://www.rjlg.com,https://linkedin.com/company/rj-lee-group
H1EGZ3F7BPH9,NORTH AMERICAN TRADE CORPORATION,www.noramcousa.com,https://linkedin.com/company/noramco
H1EJFFWJ8HE8,IPWEB INC,,
H1EPUWTEMBJ6,NEW ZEALAND INSTITUTE FOR PUBLIC HEALTH AND FORENSIC SCIENCE LIMITED,https://www.phfscience.nz/,
H1H8A5KX6MC5,"INDUSTRIAL MANUFACTURING SPECIALTIES, INC",http://www.IMSPrecisionMachining.com,https://linkedin.com/company/ims-inc
H1HNMJPJFZ69,EQUIPMENT & SUPPLY INC,http://www.equipsy.com,https://linkedin.com/company/hotel-equipment-&-supply-co-2006-ltd-hesco-
H1HYA8Z1NTM5,"UNIVERSITY OF KENTUCKY RESEARCH FOUNDATION, THE",http://www.uky.edu/,https://linkedin.com/company/university-of-kentucky-marketing-and-supplychain
H1KHJPJH9R51,"FOUR POINTS TECHNOLOGY, L.L.C.",http://www.4points.com,https://linkedin.com/company/four-points
H1KPDZLCMNR8,HENSEL PHELPS CONSTRUCTION CO,,
H1KWL9KAVKV4,FRONTIER TECHNOLOGIES INC,https://www.ftiusa.com,https://linkedin.com/company/fti-frontier-technologies-inc
H1L9EMB13GK7,"SAF-HOLLAND, INC.",https://www.safholland.com/us/en,https://linkedin.com/company/safholland
H1LCB15D4WE9,"ADVANCED PRECISION MACHINING, INC",www.advancedprecisionmachiningidaho.com,
H1LGMF7KLH37,ASHUR SCIENTIFIC BUREAU FOR PHARMACEUTICAL MARKETING,,
H1M3X8QFLJH3,2G ENGINEERING LLC,http://www.2g-eng.com,https://linkedin.com/company/2g-engineering
H1NGRDX6TSM8,EQUIPCO RENTALS,http://equipcorentals.com,
H1NKCY7NJ7D6,"HSRL OPERATING, LLC",http://www.stagebio.com,https://linkedin.com/company/stagebio
H1P7JWAMU9Z8,FLOWORKS USA LP,www.gofloworks.com,https://linkedin.com/company/floworks-international
H1PHNM8226L8,TABER DRILLING,,
H1QHMPA1K4C4,"WOODWARD ELECTRICAL CONTRACTORS, INC.",,
H1QRAAQBFJN5,"INTEGRATION INNOVATION, INC",https://i3-corps.com/,https://linkedin.com/company/integration-innovation-inc-
H1W3J79XFYT7,"OMEGA KR, LLC",,
H1WGM2HUFNB3,NDI ENGINEERING COMPANY,http://www.ndieng.com,https://linkedin.com/company/ndi-engineering-company
H1ZGG92Y2TB1,ELMET TECHNOLOGIES LLC,www.elmettechnologies.com,https://linkedin.com/company/elmettechnologies
H1ZRXJKFZ4K7,IERUS TECHNOLOGIES INC,www.IERUSTech.com,https://linkedin.com/company/ierus-technologies-inc
H1ZTP7T8TK33,"DRAGONFLY PICTURES, INC.",http://www.DragonflyPictures.com,https://linkedin.com/company/dpi-uav-systems
H234QJ88M9Q5,BURDGE MANUFACTURING GROUP LLC,,
H252FHDD6ME9,"CYBER25, LLC",,
H293LTV8R2U3,"REAL-TIME INNOVATIONS, INC.",http://www.rti.com,https://linkedin.com/company/rti
H29JGCKHEY17,"CANARY LABS, INC.",www.canarylabs.com,https://linkedin.com/company/canary-labs
H2A7BC7GGNL7,IMMIGRATION PROJECT INC,www.immigrationproject.org,https://linkedin.com/company/the-immigration-project
H2AUFMH45K24,RONCELLI PLASTICS INC,http://www.roncelli.com,https://linkedin.com/company/roncelli-plastics-inc
H2BMNX7DSKU8,CLEMSON UNIVERSITY,http://www.clemson.edu,https://linkedin.com/company/clemson-university
H2BSJPQMXBK7,"MARSHALL RADIO TELEMETRY, LLC",http://www.marshallradio.com,https://linkedin.com/company/marshall-radio-telemetry-inc-
H2CTLK49TYK3,TIM PRICE INC.,http://www.contactcorp.net,https://linkedin.com/company/tim-price-inc-dba-contact-corporation
H2EQDKB11J27,SOUTHWEST UNITED INDUSTRIES INC,HTTP://WWW.SWUNITED.COM,https://linkedin.com/company/southwest-united-industries-inc.
H2FJAEAMG8J6,"SIERRA NEVADA COMPANY, LLC",www.sncorp.com,https://linkedin.com/company/sierra-nevada-corporation
H2GERTM5PNH3,CONTACT GOVERNMENT SERVICES LLC,www.cgsfederal.com,https://linkedin.com/company/contact-government-services-cgs
H2HHJPJNSRD1,COMMERCIAL ELECTRIC OF LONG BEACH INC,https://commercialelectriclb.com/main/,
H2HSFNB6NRL3,ARROW ELECTRONICS INC,WWW.ARROW.COM,https://linkedin.com/company/arrow-electronics
H2JZQZUZXAR7,STERLING MANUFACTURING COMPANY INC.,www.eptam.com,https://linkedin.com/company/eptam-plastics-inc-
H2KHCJG3XDG8,WESTLAND RESOURCES INC,,
H2L4Y7JLEGE5,SHADOWENS SERVICES,,
H2LHWH94LQD9,TRU BROTHERS HVSTT CORP,http://www.trubrotherscorp.com,
H2LLL9NL6RC1,"RHA, LLC",TeamRHA.com,https://linkedin.com/company/teamrha
H2MEMDBMCEJ7,INDIGO GLOBAL SECURITY INC,,
H2RGSKWXKHQ5,"AMENTUM TECHNOLOGY, INC.",http://www.amentum.com,https://linkedin.com/company/amentumcorp
H2UQYMRJJJ85,ENFLITE LLC,http://www.enflite.com,https://linkedin.com/company/enflite-inc.
H2Y5TEZEAY15,CARBON SUPPLY INC,www.carbonsupplyinc.com,https://linkedin.com/company/carbon-supply-inc
H336GS4JYYV3,DANMARKS TEKNISKE UNIVERSITET DRC,http://www.dtu.dk,https://linkedin.com/company/technical-university-of-denmark
H33DK44BJZE1,HAWTHORNE MACHINERY CO.,https://www.hawthornecat.com/,https://linkedin.com/company/hawthorne-cat
H33XV7N1QDX3,ADNET SYSTEMS INC,HTTP://WWW.ADNET-SYSTEMS.COM,https://linkedin.com/company/adnet-systems-inc
H355KDCM2TZ1,"ALTVIEW ANALYTICS, LLC",https://altview.io/,https://linkedin.com/company/altview-analytics-llc
H37EPLTNBNM5,EYRIE NETWORKS LLC,www.eyrienetworks.com,https://linkedin.com/company/eyrie-networks
H38EMXWRZ9W3,N E T FEDERAL  INC.,,
H3BJSKLLEF57,"INVERIS TRAINING SOLUTIONS, INC",www.inveristraining.com,https://linkedin.com/company/inveris-training-solutions
H3C5NLJZY2Q8,"SOUTHERN PRECISION MACHINING, LLC",https://www.spm-precisionmachining.com/,https://linkedin.com/company/southern-precision-machining
H3E3WVRKNNH3,STANION WHOLESALE ELECTRIC CO INC,https://www.stanion.com,https://linkedin.com/company/stanion-wholesale
H3FZGF9MLSP8,JEMBA9 TECHNOLOGY CORPORATION,www.jemba9.com,https://linkedin.com/company/jemba9
H3JCDVGNKE49,VSE TEK,www.vsetek.com,https://linkedin.com/company/vse-tek
H3K9MUC981L8,OPTUM360 LLC,www.optum360.com,https://linkedin.com/company/optum-360
H3RFVAELHB73,"SPACE GROUND SYSTEM SOLUTIONS, INC.",http://www.sgss.com,https://linkedin.com/company/space-ground-system-solutions-inc-
H3UEVKGGU2A4,CHEVO LLC,http://www.chevollc.com,
H3VPNXGNUEV8,"VITEK, INCORPORATED",http://www.vitekconsulting.com,https://linkedin.com/company/vitek-incorporated
H41JAKKNEXY1,"CARL ZEISS MICROSCOPY, LLC",http://www.zeiss.com/microscopy/us,
H41TAJCJ13R8,"SOUTHERN COASTAL MARKETING SERVICES, INC",www.scmsinc.com,https://linkedin.com/company/scms-inc-
H42EK9L2PM86,RED TALON GROUP CORPORATION,www.redtalongroup.com,https://linkedin.com/company/red-talon-group-corporation
H42JFG4Q8NB4,"C&M MACHINE PRODUCTS, INC.",http://www.cmprecisiontech.com,https://linkedin.com/company/cmprecisiontech
H42MN1TYJ257,"L3HARRIS FUZING AND ORDNANCE SYSTEMS, INC.",,
H44MKJHBWHT1,ISO GROUP INC,https://www.iso-group.com,https://linkedin.com/company/iso-group-inc
H48GKKSYN1T7,"A T A, LLC",http://www.ata-llc.com,https://linkedin.com/company/ata-llc
H49CMDWLYRU7,OHIO TRANSMISSION LLC,https://otcindustrial.com/,https://linkedin.com/company/otc-industrial-technologies
H49PMMK3E6H3,STRATEGIC EXECUTION ALLIANCE LLC,www.strategicexecutionalliance.com,
H4A6MEU9K6J6,"SAFRAN ELECTRICAL AND POWER USA, LLC",,
H4ARTKANHCE4,TRIAD TECHNOLOGY INC,http://www.triadtechno.com/,https://linkedin.com/company/triad-technology-inc-
H4BLAWJE47J8,HALLEL SOLUTIONS INC,,
H4CAHK2RD945,PORTLAND STATE UNIVERSITY,http://www.pdx.edu,https://linkedin.com/company/portland-state-university
H4GTW5J78FL6,"AGILE GROUP, LLC",http://www.agilegroupusa.com,https://linkedin.com/company/agile-group-usa
H4JDC537WQJ7,AUTOMATED DATA DEVELOPMENT SYSTEMS LLC,www.addsllc.com,https://linkedin.com/company/automated-data-development-systems-llc
H4LGK6M3F4X9,GOLDEN RATIO MANAGEMENT CORPORATION,www.grtms.com,https://linkedin.com/company/golden-ratio-technical-management-services
H4MRDZ74CNX7,SUMMIT AVIATION INC,http://www.summit-aviation.com,https://linkedin.com/company/summit-aviation_2
H4MXBYNT35H7,CAMMS GROUP INC,,
H4NRWLFCDF43,"THE GEORGE MASON UNIVERSITY INSTRUCTIONAL FOUNDATION, INC.",www.gmuif.org,
H4Q7KC7SFPA3,"DESKTOP METAL OPERATING, INC.",,
H4RHKULEFRK3,"ONE WORKPLACE L. FERRARI, LLC",http://www.oneworkplace.com,https://linkedin.com/company/one-workplace
H4V3LBJMQN97,"DATAPATH, INC.",www.datapath.com,https://linkedin.com/company/datapath-inc-
H4VLHE49ZKW3,NEW VENTURE RESEARCH CORPORATION,http://www.nvrcorp.com,https://linkedin.com/company/new-venture-research-corporation
H4VSY85K7J83,"CDEE INSPECTION SERVICES, LLC",,
H4X9K7VRVL47,ULTIMATE HYDROFORMING INC,https://www.uhigroup.com/,https://linkedin.com/company/ultimate-hydroforming-inc
H4XQVKNQPHX5,"RIVERFRONT SAFETY & HEALTH, LC",http://rsh-stl.com,https://linkedin.com/company/riverfront-safety-health
H4YAKXWSLJK1,"CLOUDFIT SOFTWARE, LLC",http://cloudfitsoftware.com,https://linkedin.com/company/cloudfitsoftware
H4YKZ3N3UZK1,"R-V INDUSTRIES, INC.",www.rvii.com,https://linkedin.com/company/r-vindustries
H4ZMPGLLZ8D9,ART CRAFT FABRICATORS INC,http://www.collinsmachine.net,https://linkedin.com/company/collins-machine-works
H51CAWUENRS8,"LENTECH, INC",http://www.lentechinc.com,https://linkedin.com/company/lentech-inc-
H567KARNXL46,"INTECH DEFENSE, LLC",http://www.intechdefense.com,https://linkedin.com/company/intech-defense
H56RK9RJQCR8,DARRAGH COMPANY,www.darraghcompany.com,https://linkedin.com/company/darragh-company
H59JKGFZKHL7,SAN DIEGO STATE UNIVERSITY FOUNDATION,http://www.foundation.sdsu.edu,https://linkedin.com/company/sdsu-research-foundation
H5BNFJT5GCL5,FACILITY SUPPORT SERVICES LLC,www.gbfss.com,https://linkedin.com/company/gb-facility-support-services-llc
H5CEETRD4VS1,VANGUARD TECHNICAL LLC,https://vanguardtechnical.com,
H5CHKV1UHTP3,"CHANNEL COMP, LLC",http://www.channelcomp.com,https://linkedin.com/company/channel-components-inc
H5CNKFXTJ973,OMNI FED LLC,http://www.omnifederal.com,https://linkedin.com/company/omnifederal
H5CXNGVFNCC8,"ETL SYSTEMS, INC.",www.etlsystems.com,https://linkedin.com/company/etl-systems
H5H4KAHBASC7,CLARK HAROLD,https://www.atequip.com,https://linkedin.com/company/atequip
H5KSMPBC79J7,SONORAN TECHNOLOGY & PROFESSIONAL SERVICES LLC,http://www.sonorantechnology.com,https://linkedin.com/company/sonoran-technology-and-professional-services-llc
H5MQREXLN6Z9,"LC TECHNOLOGY SOLUTIONS, INC",http://www.lctechinc.com,https://linkedin.com/company/lc-technology-solutions-inc-
H5N9E1YAEBD6,CENTURION CONTAINER LLC,,
H5NTNED9RV45,532 GROUP LLC,www.532group.com,https://linkedin.com/company/532-group-llc
H5P9JEL9AX55,ENVENTION LLC,http://www.envention.com,
H5WWVVD6NEE8,NOTTHOFF ENGINEERING L. A. INC.,notthoff.com,https://linkedin.com/company/notthoff-engineering---l.a.---inc.
H5Y5K1BHQ8H4,"WAMORE, INC",www.wamore.com,https://linkedin.com/company/wamore-inc.
H5YHJ6MKAXS5,"C. S. BUSINESS SYSTEMS, INC.",http://www.csbusiness.com,https://linkedin.com/company/cs-business-solutions
H5ZLNJ2BZT21,"ASTRONOVA, INC.",http://www.astronovainc.com,https://linkedin.com/company/astronovainc
H61AA1V814L1,"TELEDYNE ADIMEC ELECTRONIC IMAGING, INC.",www.adimec.com,https://linkedin.com/company/adimec
H61LEJ47HBZ8,MI-TECH TUNGSTEN METALS LLC,,
H61NEQHGUHM7,BRETT LLC,www.brettllc.com,https://linkedin.com/company/brett-llc
H61XNEKVLHG6,"ASSOCIATED ENVIRONMENTAL INDUSTRIES, CORP.",www.aei-corp.com,https://linkedin.com/company/associated-environmental-industries
H632HCDK5983,"3SAE TECHNOLOGIES, INC",http://www.3sae.com/,https://linkedin.com/company/3sae
H63LK5CAFZ46,"W. W. GAY FIRE PROTECTION, INC.",,
H66FJ21GAEF8,INTERNATIONAL TELEVISION CORPORATION,http://www.itcelectronics.com,https://linkedin.com/company/italiana-pompe-srl
H67FJN24CYF7,FEDERAL PAINTING INC,,
H68YLHUHKHS4,"ASOCIACION P/LA PROMOCION, INVESTIGACION Y EDUCACION EN SALUD EN EL OCCIDENTE DE GUATEMALA",https://piesdeoccidente.org.gt/,
H6BFVF7SD3M5,TIMES MICROWAVE SYSTEMS INC,http://www.timesmicrowave.com,https://linkedin.com/company/times-microwave-systems
H6DDCK12JBM7,"SIRIUS COMPUTER SOLUTIONS, LLC",www.siriuscom.com,https://linkedin.com/company/cdw-sirius
H6FRV8R74NS3,HEXORDIA LLC,https://hexordia.com,https://linkedin.com/company/hexordia
H6JRN4854LB8,PENIX TRUCKING LLC,,
H6KFJFUTQ353,"L3HARRIS TECHNOLOGIES, INC.",http://www.l3harris.com/,https://linkedin.com/company/l3harris-technologies
H6KHA37GLHM3,"JAG HOLDINGS GROUP, LLC",jaghp.com,https://linkedin.com/company/jagconsulting
H6KHNDB762E1,"SOURCING SOLUTIONS, INC",http://www.cranematco.com,
H6KJY9VJM786,EXOTIC METALS FORMING COMPANY LLC,,
H6LKSQYRGQM7,COREHIVE COMPUTING LLC,https://www.corehive.com,https://linkedin.com/company/corehive-computing-llc
H6LLHT4F4SV5,"TRIUMPH CONTROLS, LLC",http://www.triumphgroup.com,https://linkedin.com/company/triumph-group
H6LMJHEJQ1X5,CAVU CONSULTING INC.,www.cavuci.com,
H6M1XUMUVYB5,K&L MICROWAVE LLC,www.mpgdover.com,
H6MAG8ESRNK8,"KELTNER GROUP, LLC",,
H6NESTAXWAX5,WHIPPS INC,www.whipps.com,https://linkedin.com/company/whipps-inc
H6QLXJ9K73A4,"SPX COOLING TECH, LLC",www.spxcooling.com,https://linkedin.com/company/spx-cooling-technologies
H6S2VKM5U6C5,"AMAZON WEB SERVICES, INC",https://aws.amazon.com,https://linkedin.com/company/aws-user-group-france
H6VVNBT1KA35,"SIMIS, INC.",http://www.simisinc.com,https://linkedin.com/company/simis-inc
H6YBMH9MN3D3,"ATX CAPITAL PARTNERS, LLC",https://www.atxdefense.com,https://linkedin.com/company/atxdefense
H6ZQZUFFG517,"IDFACTORS, INC.",idfactors.com,
H6ZZHHYD8CD5,PRECISION DELTA CORP,http://www.precisiondelta.com,https://linkedin.com/company/precision-delta-corporation
H715X4VVWRZ4,"CASCADE DRILLING, L.P.",http://www.cascade-env.com,https://linkedin.com/company/cascade-environmental-llc
H724CJLDD5W3,E-Z FASTENING SOLUTIONS INC,http://www.ezfastening.com,https://linkedin.com/company/episcopal-collegiate-school
H72LN6YVH4Z1,AURORIUM LLC,http://www.vertellus.com,https://linkedin.com/company/vertellus
H74JPP8TDZA2,"BALANCE HYDROLOGICS, INC.",www.balancehydro.com,https://linkedin.com/company/balance-hydrologics
H74YZB8EAV95,"AERO ASSETS, LLC",https://www.aeroassetsllc1.com/,
H75YNK4L3C68,FOR PEOPLE LLC,www.forpeople.us,https://linkedin.com/company/for-people-llc
H772AUPLTRV7,HAWK FABRICATORS LLC,,
H77JUZDAR365,VORAGO TECHNOLOGIES INC.,http://www.voragotech.com,https://linkedin.com/company/vorago-technologies
H78PHEX8DCT3,STS RECYCLING LLC,,
H791M3FLWUJ3,"MA ENGINEERS, INC.",https://www.ma-engr.com/,https://linkedin.com/company/ma-engineers
H7A4DM477GP4,HENDRICK TECHNICAL SOLUTIONS LLC,www.hendrickusa.com,
H7B6NKMGS6B6,XANDER GOVERNMENT SOLUTIONS LLC,www.xandergs.com,https://linkedin.com/company/xander-government-solutions
H7D9KXLHEGP5,"TURBINEAERO, INC.",,
H7F1LWJY2HN8,"RUFF ROOFERS, LLC",http://www.ruffroofers.com,https://linkedin.com/company/ruff-roofers-inc-
H7G8M5XEU9N1,"ARROYO INSTRUMENTS, LLC",https://www.arroyoinstruments.com,https://linkedin.com/company/arroyo-instruments
H7HPNEG9KM85,"AUDIOCODES, INC.",www.audiocodes.com,https://linkedin.com/company/audiocodes
H7J8MM8CW3K5,STRETCH FORMING CORPORATION,www.stretchformingcorp.com,https://linkedin.com/company/stretch-forming-corp-inc-
H7LXDNB9UAY8,"FIBER INSTRUMENT SALES, INC.",http://www.fiberinstrumentsales.com,https://linkedin.com/company/fiber-instrument-sales-inc
H7MLW7U8Y663,"DARKHORSE INDUSTRIES, L.L.C",http://www.darkhorseind.com,https://linkedin.com/company/darkhorse-industries-l.l.c.
H7NNDQJ1NFP4,PARRY LABS LLC,www.parrylabs.com,https://linkedin.com/company/parrylabs
H7NQL33RG371,"SEARCHPROS SOLUTIONS, LLC",www.spsolutionsusa.com,
H7P7MNLLPCA3,"JAVA PRODUCTIONS, INC.",http://www.jpidev.com,https://linkedin.com/company/jpi
H7PNSVNN5827,LOCKHEED MARTIN CORPORATION,http://www.lockheedmartin.com/,https://linkedin.com/company/lockheed-martin
H7R4NCHTY1K3,A-PLUS CONSTRUCTION SERVICES CORPORATION,http://www.aplussurvey.com,https://linkedin.com/company/a-plus-construction-services-inc-
H7SBNFL4UXY7,THE SHERWIN-WILLIAMS COMPANY,,
H7WAJ4UE8KX1,PM POWER LIMITED,,
H825PJRJZMV6,SCHUMACHER ELEVATOR COMPANY,http://www.schumacherelevator.com,https://linkedin.com/company/schumacher-elevator-company
H83VUNGKER89,"NATIONAL MANUFACTURING CO., LLC",www.natlmfg.com,https://linkedin.com/company/national-manufacturing-co.-inc.
H87BYF1M2HV9,PENACITY LLC,https://www.penacity.us,https://linkedin.com/company/penacity-llc
H87UWNLU2KL3,"WEIBEL EQUIPMENT, INC.",www.weibelradars.com,https://linkedin.com/company/weibel-scientific
H882FB5ZTQA3,"J. R. JOE RAMON & SONS, INC",http://www.ramondemolition.com,https://linkedin.com/company/jr-ramon-demolition
H88BL7N19ND3,"COMMERCIAL LUMBER & PALLET CO., INC.",https://clcpallets.com/,https://linkedin.com/company/commercial-lumber-and-pallet-company-inc.
H8BZSY3T7186,APEX TK LLC,,
H8EMU1KBTBE7,"RIVERSIDE MACHINE AND ENGINEERING, INC.",http://www.riversidemachine.com,https://linkedin.com/company/riverside-machine-&-engineering-inc.
H8FPQXJB96B8,HALCYON MANUFACTURING INC,www.halcyonmfg.com,https://linkedin.com/company/halcyon-mfg
H8GHNMBMKML5,"4M RESEARCH, INC",www.4mresearch.com,https://linkedin.com/company/4m-research
H8HDN8FPCHJ2,"ERA INDUSTRIES, LLC",http://www.eraind.com,https://linkedin.com/company/era-industries
H8HEEFNYYBJ3,"ADVANCED SOFTWARE DESIGN, INC.",http://WWW.ASDGLOBAL.COM,https://linkedin.com/company/asd-global
H8HPPZBN5RL1,ULTRALIFE CORP,https://ecommerce.ultralifecorporation.com/Ecommerce/category/communications-systems,
H8JEEM7CG3C6,EXPEDITE TECHNOLOGY SOLUTIONS LLC,www.expeditets.com,
H8K7LBW913L7,RAUL LONGORIA AND MONICA GONZALEZ,,
H8KUDCJ1Y6W1,ZAEEM INC,http://www.welectronics.com,
H8LLFALYPZE1,PARKER-HANNIFIN CORPORATION,,
H8M1TKWVL5X4,"STRUKMYER, LLC",www.strukmyer.com,https://linkedin.com/company/strukmyer-medical
H8V9LQCECJE5,AMERICAN MEDICAL GROUP INC.,,
H8VBK3FT19Q5,"ALGERT CO., INC.",,
H8WUBLHE4NS8,HAND PRECISION MACHINING INC,http://www.handprecision.com,https://linkedin.com/company/hand-precision-machining-inc.
H8XALXV2A5F8,GENETEC INC,http://www.genetec.com,https://linkedin.com/company/genetec
H8YMWAKEKPN5,"ARDENT MANAGEMENT CONSULTING, LLC",www.ardentmc.com,https://linkedin.com/company/ardent-mc
H8ZCR8997J44,"WYANT DATA SYSTEMS, INC.",www.wyantdata.com,https://linkedin.com/company/wyant-data-systems
H8ZCY5JTRUX7,"JOHN'S SEWER & PIPE CLEANING, INC.",www.johnsewer.com,https://linkedin.com/company/john's-sewer-&-pipe-cleaning-inc.
H8ZVJA7GGL97,TZERO CONSULTING LLC,https://tzeroconsulting.com/,https://linkedin.com/company/tzeroconsulting
H94ZMR3JFUV3,"FUSIONPOINT, INC.",http://www.fusionpoint-inc.com,https://linkedin.com/company/fusionpoint-inc.
H96CGQGDABF1,"RED CANYON SOFTWARE, INC.",http://www.redcanyonsoftware.com,https://linkedin.com/company/red-canyon-engineering
H99KDBFT4RD5,"THE AVERY GROUP, LLC",https://theaverygroupllc.com/,https://linkedin.com/company/the-avery-group-llc
H9AKRGLJUB24,C. AILLS INCORPORATED,https://www.commoncabling.com,https://linkedin.com/company/common-cents-cabling
H9C1J1F66QL5,GARDINER SERVICE COMPANY LLC,http://www.whgardiner.com,https://linkedin.com/company/gardiner
H9DTZCLEYHD5,"TELEDYNE DEFENSE ELECTRONICS, LLC",https://www.teledynestorm.com/en-us,https://linkedin.com/company/teledyne-storm-products-inc-
H9E2KQZFMMH1,"ARENA TECHNICAL, LLC",http://www.arenatechnical.com,
H9F1BUG4WKY7,EVOLUSOFT GUATEMALA SOCIEDAD ANONIMA,,
H9GADFCWE4P2,KOCH CONSTRUCTION CO INC,www.kochconstructionnm.com,
H9GPFEG1B5Y3,APOAPSIS LLC,https://www.apoapsissystems.com,
H9H2RACZELF6,TIGHITCO INC,https://tighitco.com,https://linkedin.com/company/tighitcoinc
H9HEDLL7LC73,ASCENDANT STRATEGIC PARTNERS INCORPORATED,ascendantsp.com,https://linkedin.com/company/ascendantsp
H9J9D228RFQ9,REPLIGEN CORPORATION,,
H9K7L5LBSG76,"ORIZON AEROSTRUCTURES - GROVE, INC",http://www.orizonaero.com,https://linkedin.com/company/orizonaero
H9KVFPP9GKZ3,VARNI ENTERPRISES INC,www.Classonecleanrooms.com,https://linkedin.com/company/class-one-cleanrooms
H9MXYPPEPTZ3,"AIR/PRO, INC.",www.airpro.com,https://linkedin.com/company/air-pro-inc
H9QNUK3BCNK3,BESSER ASSOCIATES INC.,http://www.besserassociates.com,https://linkedin.com/company/besser-associates
H9TXHE9ANJK3,"WESTERN CONSTRUCTION & EQUIPMENT, LLC",,
HA3GWLK3JK58,EVOQUA WATER TECHNOLOGIES LLC,http://www.evoqua.com,https://linkedin.com/company/evoqua-water-technologies
HA4CX8SJLK33,"HEALTHCARE IT LEADERS, LLC",https://www.healthcareitleaders.com,https://linkedin.com/company/healthcare-it-leaders
HA4RDBKGA8D1,KUNG FU SOLUTIONS INC,www.kungfu.ai,https://linkedin.com/company/kungfuai
HA5PN7KMBPM9,"WESLEY MEDICAL STAFFING, INC.",https://www.wesleymedicalstaffing.com,
HA66DBXEXFK5,"TEMECULA VALLEY DRYWALL, INC.",www.tvdrywall.com,
HABTUSA7ANL4,INTERNATIONAL TECHNEGROUP INC,www.iti-global.com,
HACXTELBJCZ2,DELANEY ADVANTAGE TECHNOLOGIES L.L.C.,delaneytech.com,https://linkedin.com/company/delaney-advantage-technologies-llc
HAEHAMCAV6L1,CREATIVE RADICALS LLC,http://www.creativeradicals.com,https://linkedin.com/company/creative-radicals
HAFAPKATS523,DELOITTE ADVISORY,,
HAFGLGC4NF73,WESCAM INC.,http://www.L3Harris.com,https://linkedin.com/company/l3harris-technologies
HAFQPF3E1JK4,"ASPEN SYSTEMS, INC",http://www.aspsys.com,https://linkedin.com/company/aspen-systems-inc-
HAGLFKLQEAK2,CONTINUANT INC,www.continuant.com,https://linkedin.com/company/continuant
HAHKDGPANNJ2,"ADSORPTION RESEARCH, INC.",http://www.adsorption.com,https://linkedin.com/company/adsorption-research-inc
HAJVF2N7FU67,SALINAS SAWING & SEALING INC.,,
HAK8SL5GJ1C5,"MARTIN & WHITE MECHANICAL CONTRACTORS, INC.",http://www.martinandwhite.com,https://linkedin.com/company/martin-&-white-mechanical-contractors-inc.
HAKDPJ5Q18X5,STANTEC CONSULTING SERVICES INC.,,
HALMJSCZ42W5,TERACORE INC.,http://www.teracore.com,https://linkedin.com/company/teracore-inc.
HAMKC4M1ZZV6,"THE PRIVATE SECTOR GROUP, LLC",https://www.theprivatesectorgroup.us,
HANMWEG4MLW6,"JAKE MARSHALL, LLC",www.limbachinc.com,https://linkedin.com/company/limbach-company
HANTG9N66QH3,PRECISION AIR BALANCING COMPANY,,
HAQVLR5ZA8K6,KEN CONSULTING INC,WWW.kenconsultinginc.com,https://linkedin.com/company/ken-consulting-inc.
HAS5ZCCMWBK9,SCHMIEDE CORPORATION,http://www.schmiedecorp.com,https://linkedin.com/company/schmiede-corporation
HASLCDE6KWT8,"RAYOTEK SCIENTIFIC, LLC",http://www.mcdanelceramics.com,https://linkedin.com/company/mcdanel-advanced-ceramic-technologies
HASPVFSN83B4,"PANTERRA ENERGY, LLC",,
HASXYAS21YA2,"ARIKA METALS, INC.",http://www.universalmetals.com,https://linkedin.com/company/universal-metals
HATPWKXAWU27,"STRATASYS, INC.",,
HAVJMX6JABV5,"BIGBEAR.AI FEDERAL, LLC",https://bigbear.ai/,https://linkedin.com/company/bigbearai
HAVQEJ6U9JJ9,TECPLOT INC,www.tecplot.com,https://linkedin.com/company/tecplot-inc-
HAZ7EEAM6GX5,ARAMMU LLC,www.arammu.com,https://linkedin.com/company/arammu
HAZBQZRJQFM9,GRL ENGINEERS INC,www.grlengineers.com,https://linkedin.com/company/grl-engineers-inc
HB1JG442A567,"INTERWORLD HIGHWAY, LLC",http://www.tequipment.net,https://linkedin.com/company/interworld-highway-llc-dba-tequipment
HB1YT3MD7X76,ICRS SERVICE LLC,https://www.icrsservice.com/,
HB25U4CYQRC4,GREEN CONTRACTING CO INC,www.greencontracting.com,https://linkedin.com/company/green-contracting
HB3AN3AA2SQ9,NEW HORIZONS TELECOM INC.,www.newhorizons.io,
HB3CEJSQUC68,"L5 CONSTRUCTION, LLC",,
HB62XU5MGUZ6,"HH ELECTRIC, INC",,
HB6KNGVNJRU1,THE UNIVERSITY OF ALABAMA IN HUNTSVILLE,,
HB7HBMFKLQS4,JSA COMPANY,jsacompany.net,
HB7NVH9YCEH1,SEARCH FOR COMMON GROUND,www.sfcg.org,https://linkedin.com/company/search-for-common-ground
HBB3NK4CBXB5,"ARROWHEAD CONTRACTING, LLC",http://www.arrowhead-usa.com,
HBCCCN3PVWW5,CREATION TECHNOLOGIES NEW MEXICO INC.,https://www.creationtech.com/,https://linkedin.com/company/creation-technologies
HBD9TCSENK28,"PROSCI, INC.",www.prosci.com,https://linkedin.com/company/prosci
HBFFBGB81KW8,"E. A. FISCHIONE INSTRUMENTS, INC.",,
HBFFQPBE2MQ9,"THERMOFLO EQUIPMENT COMPANY, INC.",,
HBGLY6BMVTH3,HUEY P STOCKSTILL LLC,www.hueystockstill.com,https://linkedin.com/company/hueypstockstill
HBH4MZJC2GK8,ACOUSTICWORKS INC,,
HBJ3NXSMA6S9,"ARC PROFESSIONAL SERVICES, LLC",,
HBJ6QWB5XJE5,CONSTRUCTION PRODUCTS WHOLESALE SERVICES LLC,,
HBJHS9QLSCW5,"INTERFACE ENGINEERING, INC",www.interfaceeng.com,
HBJWWNK8D6Z8,"ABLE SWORDPLAY, LLC",https://www.ableswordplay.com,https://linkedin.com/company/ableswordplay
HBK7KLY1N7H1,"ALS GROUP USA, CORP.",http://www.alsglobal.com,https://linkedin.com/company/als
HBLDH4RP9FU8,"BURNS INDUSTRIAL EQUIPMENT, INC",http://www.burnslift.com,https://linkedin.com/company/burns-industrial-equipment
HBLMU4LUQD94,MARION TOOL & DIE INC,https://www.mariontool.com,https://linkedin.com/company/marion-tool-and-die-inc.
HBLRJ28LNM16,GE AVIATION SYSTEMS LLC,http://www.ge.com,https://linkedin.com/company/ge
HBM3AJASWEN9,WEST WATER RESEARCH LLC,www.westwaterresearch.com,
HBMEVKBTN4R9,"UNICOM ENGINEERING, INC.",http://www.unicomengineering.com,https://linkedin.com/company/unicomengineering
HBMPPSMP5EN7,"QUALITY ELEVATOR CO., LLC",www.qualityelevator.com,https://linkedin.com/company/qualityelevatorco
HBN8FABC7H97,EXTREME FEDERAL INC,www.extremenetworks.com,https://linkedin.com/company/extreme-networks
HBNGPLA4NMW9,SILICON CONTROL INC,www.silicon-control.com,https://linkedin.com/company/silicon-control-inc.
HBNSXCLU73J8,ESPANOLA TRANSIT MIX LLC,www.espanolatransit.com,https://linkedin.com/company/espanola-transit-mix
HBQ5GY9NDSS5,ADVANCED TEMPERATURE CONTROL LLC,,
HBQ7BLV3TRL3,STRATOTECH LLC,www.stratotechvalve.com,https://linkedin.com/company/stratotech
HBQZVRM13WJ9,PRAIRIE BAND CONSTRUCTION INC,,
HBRDJTC78H57,"HEALTHCARE RESOLUTION SERVICES, INC.",http://www.hcrs-inc.com,https://linkedin.com/company/healthcare-resolution-services-inc.
HBRHYC8KDL73,SARRAS LLC,,
HBSCBLK58DZ4,"DOC MAPPING, L.L.C.",www.docmapping.com,https://linkedin.com/company/doc-mapping-llc
HBUAK3AGYEF3,"NETAPP U.S. PUBLIC SECTOR, INC.",,
HBUVMHMEG2G6,GENERAL INSULATION COMPANY,http://www.generalinsulation.com,https://linkedin.com/company/general-insulation-company
HBYAE1AQK1W4,HUHA MECHANICAL SERVICES INC,,
HBZPEA7W1WC8,CLUTCH SOLUTIONS LLC,https://clutchsolutions.com/,https://linkedin.com/company/clutchsolutions
HBZPLZ5PJH12,AMYX INC,http://www.amyx.com,https://linkedin.com/company/amyx-inc-
HC2BRG5ZJY81,"GILGAL STONES CONSULTING, LLC",https://gilgalstones.com/,
HC3ZN7CJFGT1,BAE SYSTEMS CONTROLS INC.,,
HC5MCXU3VMK3,BLOOMSBURIE LLC,www.bloomsburie.com,https://linkedin.com/company/bloomsburie
HC6EJHGAB8R1,ALLIED AIR COMPRESSOR INC,www.alliedmedgas.com,
HC6QJAM2F4E3,"EMPOWER AI, INC.",http://empower.ai,https://linkedin.com/company/nci-information-systems-inc
HC86UKHJLHK4,STELLANT SYSTEMS INC,https://www.stellantsystems.com,https://linkedin.com/company/stellantsystems
HCCHZ8BYMTD5,BISCO INDUSTRIES INC,WWW.BISCOIND.COM,https://linkedin.com/company/bisco-industries
HCEHMDSKH1Q5,RICH INDUSTRIES INC,https://www.richindustriesinc.com,https://linkedin.com/company/rich-industries-inc.
HCHRRNJJG2N5,REYCO PRECISION MACHINING INC.,http://www.reycoprecision.net,https://linkedin.com/company/reyco-precision
HCKVKGJK9GX4,"ATLANTIC CONTRACTING & SPECIALTIES, LLC",,
HCLWLX2MVY98,KASSBOHRER ALL TERRAIN VEHICLES INC,HTTP://www.pistenbullyusa.com,https://linkedin.com/company/kassbohrer-all-terrain-vehicles-inc
HCLXLMK73DQ9,GE STEAM POWER HOLDING INC.,https://www.gevernova.com/steam-power,https://linkedin.com/company/gevernova
HCMDAVBWRFL8,BECKWITH & KUFFEL INC,https://www.b-k.com,https://linkedin.com/company/beckwith-&-kuffel-inc-
HCMNK639FDL7,PURPLE JAY LLC,purplejay.io,https://linkedin.com/company/purplejay
HCMTMFLY7HG8,GREER AERO LLC,www.greeraero.com,https://linkedin.com/company/greer-aero-llc
HCNUGSXVNRJ1,"BARCO ENTERPRISES, INC.",http://www.barcoent.com,
HCR3LRBEHLF3,SPECTRUM FINANCIAL SERVICES LLC,http://www.spectrumcareers.com,https://linkedin.com/company/spectrumcareers
HCUYDKGK51N3,"MID-AMERICAN ELEVATOR COMPANY, INC.",http://www.mid-americanelevator.com,https://linkedin.com/company/mid-american-elevator-company
HD18CGKA6CY5,"WYATT SEAL, INC.",www.wyattseal.com,https://linkedin.com/company/wyatt-seal-inc.
HD1WMN6945W6,UNIVERSITY OF WASHINGTON,http://www.washington.edu/research/osp,https://linkedin.com/company/university-of-washington-global
HD3PRGMWMK98,"INSTANT DATA TECHNOLOGIES, INC.",https://www.indatatech.com,https://linkedin.com/company/instant-data-technologies
HD4KEJ67TJ81,"KARDEX REMSTAR, LLC",http://www.kardex.com,https://linkedin.com/company/kardex-holding-ag
HD6KUNECAHS4,ALL TECH ELECTRONICS INC,http://www.all-tech-electronics.com,
HD7DAB9KV7G4,"BRUCKEDWARDS, INC.",https://www.bruckedwards.com,https://linkedin.com/company/bruckedwards
HDAWCE6NWB24,AIRSUPPLY TOOLS INC.,,
HDDDCRHEW7P3,"NORTH POINT BUILDERS OF MARYLAND, LLC",http://www.npbinc.com,
HDDYCJYNMNB1,PLANET TOOL & GEAR INC,www.planet-tool.com,https://linkedin.com/company/planet-tool-engineering
HDENBW7SKNW4,"AMERICANS FOR IMMIGRANT JUSTICE, INC.",www.aijustice.org,https://linkedin.com/company/americans-for-immigrant-justice
HDGMK3RKNGC1,IRIDIUM SATELLITE LLC,www.iridium.com,https://linkedin.com/company/iridium
HDHVQ4EF8A89,LOCKHEED MARTIN CORPORATION,http://www.lockheedmartin.com,https://linkedin.com/company/lockheed-martin
HDK8GMKHJ2L8,HUNTSMAN INTERNATIONAL LLC,www.huntsman.com,https://linkedin.com/company/huntsman
HDKJCW5EVE94,AVIONIC INSTRUMENTS LLC,http://www.avionicinstruments.com,https://linkedin.com/company/avionic-instruments
HDKKQA9BEU53,CONVERGE NETWORKS CORPORATION,http://www.cnc365.net,https://linkedin.com/company/converge-networks-corporation
HDLBGJJFLU55,ELITE TECHNICAL SERVICES INC,https://www.elitetechnical.com,https://linkedin.com/company/elite-technical
HDM4MJTQKAK9,"A & M ELECTRONICS, INC.",http://www.aandmelectronics.com,https://linkedin.com/company/a-&-m-electronics-inc.
HDMBNDVCLYJ7,JACOBS GOVERNMENT SERVICES COMPANY,,
HDR3BNE6UAZ5,CATHOLIC CHARITIES ARCHDIOCESE OF NEW ORLEANS,,
HDRKJJPMY2C7,"VALMET, INC.",,
HDRMQ3TS4BX8,"HDR ENGINEERING, INC.",http://www.hdrinc.com,https://linkedin.com/company/hdr
HDSHLR75FH53,ARMSTRONG MOLD CORPORATION,https://www.armstrongrm.com,https://linkedin.com/company/armstrong-rapid-manufacturing
HDX6GCQFFD77,"Q-VANT BIOSCIENCES, INC.",http://www.q-vant.com,https://linkedin.com/company/q-vant
HDX7N25T4GP8,"NSCRYPT, INC",www.nscrypt.com,https://linkedin.com/company/nscrypt-inc.
HE49UAUNVJ28,CESAR DAVID LOPEZ,,
HE72FV89FKY9,"I DESIGN AND PLANNING, LLC",http://www.iDesign-Solutions.info,https://linkedin.com/company/idesign-solutions-llc
HE7NJQGP4ED6,FISHER SCIENTIFIC COMPANY L.L.C.,,
HE7YVNTMGV55,PHOENIX STRIKE CONSULTING LLC,,
HE86H1JJJTK5,BLUEHALO LLC,,
HE8LV2S5HJC8,"E2 CONSULTING ENGINEERS, INC.",http://www.e2.com,https://linkedin.com/company/e2-consulting-engineers-inc.
HE98WLUBNW88,"ORACLE AMERICA, INC.",http://www.oracle.com,https://linkedin.com/company/oracle
HE9LXJR15FU7,NEXTCOM LLC,http://www.nextcomputing.com,https://linkedin.com/company/nextcomputing
HE9VKQ4MW4S8,"CMC STEEL US, LLC",,
HE9WU1LKYGJ3,MCF MAINE CONTRACT FLOORING,,
HEB7MSP2FDK5,"PARAMOUNT MACHINE COMPANY, INC.",paramountmachineco.com,https://linkedin.com/company/paramount-machine-company-inc
HEBCLD22EJD1,RAYTHEON COMPANY,https://www.rtx.com,https://linkedin.com/company/raytheontechnologies
HEBHRTD65KK5,"MOTION AND FLOW CONTROL PRODUCTS, INC.",www.mfcpinc.com,
HEBKKL4NXG61,"METALWERKS, INC.",www.metalwerks.com,https://linkedin.com/company/metalwerks-inc
HEBVLK9KMRL4,FRONTGRADE GAISLER AB,,
HEBXMPFP3RL4,IEH CORPORATION,HTTP://WWW.IEHCORP.COM,https://linkedin.com/company/ieh-corporation
HEDGTC4CMLJ7,"FUTRON, INC.",http://www.futroninc.com,https://linkedin.com/company/futron-incorporated
HEDLJX2J7XK9,AVIOR STRATEGIES INCORPORATED,http://www.aviorstrategies.com/,https://linkedin.com/company/avior-strategies-incorporated
HEGFMNQ7TA96,"BUKKEHAVE, INC.",https://www.bukkehave.com,https://linkedin.com/company/bukkehave
HEHGH7TKY2R5,SOUNDWAY CONSULTING INC,http://www.soundwayconsulting.com,https://linkedin.com/company/soundway
HEJQGMVR5MF9,PARTICLES PLUS INC,,
HEK5HE5EGXL3,"CMA TECHNOLOGIES, INC.",www.cma-technologies1.com,
HEKZR2JF7BW3,"THE BIOTEAM, LLC",http://www.bioteam.net,https://linkedin.com/company/the-bioteam
HELNW2K44KQ4,"SUN CONSTRUCTION, INC.",,
HELUDGEV9LE8,GULF PROJECT SOLUTIONS GENERAL TRADING & CONTRACTING CO/EZZ YAQOUB & PARTNERS,https://www.gps-gulf.com,https://linkedin.com/company/gulf-project-solutions
HENKC9FPL7Y3,UAV SOLUTIONS LLC,http://www.fitfuelfoods.com,https://linkedin.com/company/fit-fuel-foods
HENTAPZC61R3,MICHIGAN SCIENTIFIC CORP,www.michsci.com,https://linkedin.com/company/michigan-scientific-corp
HENXE7YSMR99,UNITED PLATING INC,https://www.unitedplating.com,https://linkedin.com/company/united-plating
HERXJEEWZFL7,KVG LLC,www.kvg.com,https://linkedin.com/company/kvgteam
HEV9SLMMYXF3,MICROWAVE PHOTONIC SYSTEMS INC,http://www.b2bphotonics.com,https://linkedin.com/company/microwave-photonic-systems
HEWFR6QHLNR3,DINETAHDOO CULTURAL RESOURCES LLC,,
HEX6X7JBK1F6,HERSHENOW + KLIPPENSTEIN ARCHITECTS LTD,hkarchitects.com,https://linkedin.com/company/h-k-architects
HEYWFLGZNMR8,"GROUND PENETRATING RADAR SYSTEMS, LLC",http://www.gp-radar.com,https://linkedin.com/company/gprs
HEZDP5MN11A3,"TCOM, L.P.",https://tcomlp.com/,https://linkedin.com/company/tcom-l-p-
HF2NYDNQWQ84,YOUNES TRADE INTERNATIONAL FOR IMPORT AND GENERAL SUPPLY,www.younes-trade.com,
HF2WL9NGUUN3,HESKA CORPORATION,http://www.heska.com,https://linkedin.com/company/heska-corporation
HF3ML7G4HLF3,"CURTISS-WRIGHT DS, INC.",www.curtisswrightds.com,https://linkedin.com/company/curtiss-wright-controls-defense-solutions
HF4LCAU68M93,"EUROFINS DISCOVERY SERVICES NORTH AMERICA, LLC",http://www.eurofinsdiscoveryservices.com/,https://linkedin.com/company/eurofinsdiscovery
HF4TCY13FUZ3,SEAWAY PLASTICS ENGINEERING LLC,www.seawayplastics.com,https://linkedin.com/company/seaway-plastics-engineering
HF7MNLWTNBE1,INFORS USA INC,www.infors-ht.com,https://linkedin.com/company/inforsht
HF7PG41BMMW3,GLOBAL AVIATION SERVICE INC,www.global-aviation.net,https://linkedin.com/company/global-air-service-inc
HF8BP36NFBV9,DYNAMIC MOTION CONTROL INC,http://dmcinfo.com/,https://linkedin.com/company/dmc-engineering
HF8BQ45QKKJ3,"BRUKER NANO, INC",www.bruker.com/nano,https://linkedin.com/company/bruker-corporation
HF9LKFB752L6,"ALS GROUP USA, CORP.",http://www.alsglobal.com,https://linkedin.com/company/als
HFALSP1F9ZD3,UNITED PRECISION CORP.,http://www.upc-usa.com/,https://linkedin.com/company/united-precision-corp-
HFBDX65M3B27,CATHOLIC CHARITIES HAWAII,http://www.catholiccharitieshawaii.org/,https://linkedin.com/company/catholic-charities-hawaii
HFBLMALA8WB5,"COAX, INC",,
HFBLS7AHSVN4,"CAPITAL WEBMASTERS, LLC",http://www.capitalwebmasters.com/,
HFDXLNQJ2E46,MICRON SEMICONDUCTOR LIMITED,,
HFDXVMRW2NX8,"TRUSTED SYSTEMS, INC.",www.trustedsys.com,https://linkedin.com/company/trusted-systems
HFFDMGTBTKE6,SLAM TECHNICAL SERVICES LLC,www.stsgov.com,https://linkedin.com/company/sts_government
HFFHRV4NCJK7,"INSOURCE SOFTWARE SOLUTIONS, INC.",,
HFGTTGQP2MN7,MSM GROUP INC,http://www.msmgroupinc.com,https://linkedin.com/company/msm-group-inc
HFJ6RYJRFVH3,"ZMICRO, INC.",http://www.zmicro.com,https://linkedin.com/company/zmicro
HFJXXKCWPKK4,GS YUASA LITHIUM POWER INC,http://www.gsyuasa-lp.com,https://linkedin.com/company/gs-yuasa-lithium-power
HFK3MAGMYBX9,"CONTOUR METROLOGICAL & MANUFACTURING, INC",https://www.cmmoptic.com,https://linkedin.com/company/contour-metrological-&-mfg.
HFK8T7NPC9S8,"MAXPOWER, INC.",https://www.maxpowerinc.com,https://linkedin.com/company/maxpower-inc-
HFK9V1G2B513,"MOTOROLA SOLUTIONS, INC.",https://www.MotorolaSolutions.com,https://linkedin.com/company/motorolasolutions
HFLLZLC38UN5,"MILLER, BEAM & PAGANELLI, INC",http://www.millerbp.com,https://linkedin.com/company/miller-beam-&-paganelli-inc
HFLPD74XVXA6,"BIOLOGICS CONSULTING GROUP, INC.",http://www.biologicsconsulting.com,https://linkedin.com/company/biologics-consulting-group
HFLPNNEX5MZ7,"METTLER-TOLEDO RAININ, LLC",http://www.shoprainin.com,
HFM1GMKVLZ29,WEST COAST COUNTERTOPS INC,,
HFMTMDNAGP95,"OCEUS NETWORKS, LLC",oceusnetworks.com,https://linkedin.com/company/oceus-networks
HFN7DTYPW7E2,"NPC, INC.",https://www.npcweb.com,https://linkedin.com/company/npc-inc
HFW3S2DMM2L9,"BERING INDUSTRIAL CONTRACTORS, INC.",http://www.beringinc.com,https://linkedin.com/company/bering-industrial-contractors-inc-
HG1TLNYZXVQ5,"W. A. SOEFKER & SON, INC",,
HG5EUM78L3Y9,"TANTUS TECHNOLOGIES, INC.",http://www.tantustech.com,https://linkedin.com/company/tantus-technologies-inc-
HG72JVKT8EB7,BAKER AND ASSOCIATES,http://www.mbakerintl.com,https://linkedin.com/company/michael-baker-corporation
HG7XL5RBNX55,"BATTELLE ENERGY ALLIANCE, LLC",http://www.inl.gov,https://linkedin.com/company/idaho-national-laboratory
HG98DJ2FHH98,DIMEQS UNITED,,
HG9CE5J9PN24,CARLSON SOFTWARE INC,www.carlsonsw.com,https://linkedin.com/company/carlson-software
HG9PANDES583,TARSHA R JACOBS CPA PLLC,,
HGA7JLLCAC17,"PRECISION AIR CONDITIONING OF BREVARD, INC.",,
HGDJZMMJKCM3,"CLEAR RIDGE DEFENSE, LLC",http://www.clridge.com,https://linkedin.com/company/clear-ridge-defense
HGFLCANUEGZ2,PRIMARY AIMLINE LLC,https://www.primaryaimline.com,
HGG7QYTTSGR3,SERCO INC.,,
HGGTJXCYXAQ3,STC WORLD WIDE LLC,www.stcbas.com,https://linkedin.com/company/stc-worldwide
HGH5TK7E1EM6,"PRECISION MACHINING SHEET METAL, INC",bestinquality.com,https://linkedin.com/company/precision-machining-sheetmetal
HGHDWMBGALH5,"SILICON TURNKEY SOLUTIONS, INC.",,
HGJ8KUSDZJ72,"TEAMWORX SECURITY, INC.",www.teamworxsecurity.com,https://linkedin.com/company/teamworx-security
HGLNE7Q7TE27,MILLER ELECTRIC COMPANY INC.,www.pecnevada.com,
HGLQGU3P49L8,"GARNEY FEDERAL, INC.",www.garney.com,https://linkedin.com/company/garney-construction
HGP3DXYN82S3,INTERSYSTEMS CORP,http://www.intersystems.com,https://linkedin.com/company/intersystems
HGS1YEQHAA93,"FORUM SYSTEMS, INC.",http://www.forumsys.com/,https://linkedin.com/company/forumsystems
HGT9UL9HJ8X7,NTELX INC.,www.ntelx.com,https://linkedin.com/company/ntelx
HGTAJ2L7ZRG9,VIAVI SOLUTIONSLLC,www.viavisolutions.com,https://linkedin.com/company/viavi-solutions
HGVDCKZFKKR4,MILLER PROCTOR NICKOLAS INC,,
HGW6CKB4PZQ2,"FIRST PLACE SUPPLY, INC.",www.firstplacesupply.com,https://linkedin.com/company/first-place-supply-inc.
HGYGRWE5ZAJ8,"K-V ENGINEERING, INC.",http://www.kvengineering.com,https://linkedin.com/company/kv-engineering
HH2LARTK1SX3,CENTRO DE DESARROLLO Y AUTOGESTION,www.dyaorg.net,https://linkedin.com/company/dya-org
HH3RNN7NCCV1,"NORTHERN DEFENSE INDUSTRIES, LLC",amsgroup.net/northern-defense-industries,https://linkedin.com/company/ams-group-inc.
HH4YK2CJ4NE7,HYTECH ASSOCIATES INCORPORATED,http://www.hasco-inc.com,https://linkedin.com/company/hasco-components-distribution
HH52KZGMV2Y6,VETERANS EZ INFO INC.,http://www.vetsez.com,https://linkedin.com/company/vetsez
HH55HK9R7NE6,UNITED STATES DEPARTMENT OF THE ARMY LETTERKENNY ARMY DEPOT,,
HH6KBUM16834,AARCO ENVIRONMENTAL SERVICES CORP,,
HH6QXNW9GAL5,"DILLARD DOOR & SECURITY, INC.",http://www.dillarddoor.com,https://linkedin.com/company/dillard-door-&-security-inc-
HH6VX5XDL284,THE TEXAS A&M UNIVERSITY SYSTEM,http://www.tamus.edu,https://linkedin.com/company/texas-a&m-university-system
HH6XR1ZT6P38,NTS TECHNICAL SYSTEMS LLC,www.nts.com,https://linkedin.com/company/nts
HH7XBB7H1Q63,"AUTHENTIC DRILLING, LLC",www.authenticdrilling.com,https://linkedin.com/company/authentic-drilling-llc
HH9GMB1CZLN3,DATA SURGE LLC,www.datasurge.com,https://linkedin.com/company/data-surge-llc
HHA2NS92SD86,"TECHFORGE, LLC",www.techforge.ai,
HHA8C747G4W4,AVNET ELECTRONICS MARKETING,,
HHAFPH9YJRT3,CUC CONSULTING CORP.,,
HHBAS51WUM38,D & S ENTERPRISES INC,http://www.d-s.com,https://linkedin.com/company/d-&-s-enterprises-inc.
HHBLV49BQUY5,"ADVANCED SCIENCES AND TECHNOLOGIES, LLC",https://www.adv-sci-tech.com,https://linkedin.com/company/advanced-sciences-and-technologies
HHCHZQDH9CL8,"GLOBAL NITROGEN SERVICES, LLC",http://www.globalnitrogenservices.com/,https://linkedin.com/company/global-nitrogen-and-oilfield-services
HHDLKAE2UHQ8,"TELESFORO CONSULTING, LLC",telesforoconsulting.com,https://linkedin.com/company/telesforo-consulting-llc
HHG3RGN68ZH9,MILLER DYER SPEARS INC,https://www.mds-bos.com/,https://linkedin.com/company/mdsarchitects
HHJ3C2PRBN93,CURTIS A VANCURA,www.wh-ts.com,
HHJACBKXAWN6,ADVANCED MEASUREMENT TECHNOLOGY INC,http://www.ametek.com,https://linkedin.com/company/ametek
HHJRPH3JGU14,"APOTHESOURCE, INC",http://www.apothesource.com,https://linkedin.com/company/apothesource-inc
HHK2BC47LN24,TRIUMPH ENTERPRISES INCORPORATED,https://www.triumph-enterprises.com,https://linkedin.com/company/triumph-enterprises-inc.
HHKGB1MSS5U5,CISCO SYSTEMS INC,www.cisco.com,https://linkedin.com/company/cisco
HHKRKKU8C4W8,KISTLER INSTRUMENT CORPORATION,www.kistler.com,https://linkedin.com/company/kistler
HHL8UYMNHK57,"RAMBOLL AMERICAS ENGINEERING SOLUTIONS, INC.",https://www.ramboll.com/en-us,https://linkedin.com/company/ramboll
HHLKDF3HSXD8,BLU OMEGA LLC,www.bluomega.com,https://linkedin.com/company/blu-omega-consulting
HHMJF9LPFMD2,SNA INTERNATIONAL LLC,http://www.sna-intl.com,https://linkedin.com/company/sna-international
HHMTMP5HY8C9,"J. A. REINHARDT & CO., INC.",www.collinsaerospace.com,https://linkedin.com/company/collins-aerospace
HHR1BJWHCFW8,"GRAYBAR ELECTRIC COMPANY, INC.",http://www.graybar.com,https://linkedin.com/company/graybar
HHRMRHLANGD3,"IT ARCHITECTURE CONSULTING, INC.",,
HHT6NC9UT8Z5,HII MISSION TECHNOLOGIES CORP,https://hii.com,
HHUSQEE47ZG7,ALP HAVACILIK SANAYI VE TICARET ANONIM SIRKETI,https://www.alp.com.tr/,https://linkedin.com/company/alp-havacılık
HJ18LSAPAQM6,SOLUKON MASCHINENBAU GMBH,https://www.solukon.de,https://linkedin.com/company/solukon-maschinenbau-gmbh
HJ1HKNWSY3R7,"VANTAGE SYSTEMS, INC.",https://www.vansysinc.com,https://linkedin.com/company/vansysinc
HJ38TKHF3HJ3,HCS CORPORATION,http://www.hotcell.com,https://linkedin.com/company/hot-cell-services-corporation
HJ3FXF8H4CH5,"V & W SUPPLY COMPANY, INC.",,
HJ5TSFNC65K3,"ELEMENTUM 3D, INC.",http://www.elementum3d.com,https://linkedin.com/company/elementum-3d
HJ7KCZ68G3N3,HAMPTON RUBBER COMPANY,http://www.hamptonrubber.com,https://linkedin.com/company/hampton-rubber-company
HJ8PBEJHM4P3,PARSONS TECHNICAL SERVICES INC,www.parsons.com,https://linkedin.com/company/parsons
HJAKCN4NEU95,APPLE INC,http://www.apple.com/federal/,https://linkedin.com/company/apple-bis
HJB5RGRNHEQ1,"ITG REVENUE MANAGEMENT SOLUTIONS, LLC",www.itg-rms.com,https://linkedin.com/company/itg-revenue-management-company
HJD1KVYKPSG3,"ELYON INTERNATIONAL, INC.",https://www.elyoninternational.com,https://linkedin.com/company/elyon-international
HJD2CWD5WDH5,STRATA-G SOLUTIONS LLC,www.stratag-llc.com,https://linkedin.com/company/strata-g-solutions
HJD6G4D6TJY5,THE LELAND STANFORD JUNIOR UNIVERSITY,,
HJDMW7K5ACM1,"SIGMADYNE, INC",https://sigmadyne.com,https://linkedin.com/company/sigmadyne-inc.
HJEGNNQNRNN7,"EQUIPMENT RESOURCE CENTER, INC.",,
HJG8TNGJMYB1,"TESTAMERICA LABORATORIES, INC.",http://www.testamericainc.com,https://linkedin.com/company/testamerica
HJGPH4M2GCZ9,NO MAGIC INCORPORATED,http://www.3ds.com,https://linkedin.com/company/dassaultsystemes
HJJAJ8SJ1VJ4,"ALPINE CONGLOMERATE, LLC",www.alpineconglomerate.com,https://linkedin.com/company/alpine-conglomerate-llc
HJK5G3KCSX38,LEGACY K9 CONSULTANTS LLC,,
HJKNHTY544T4,"ROBRAD TOOL & ENGINEERING, INC.",,
HJL4ST2JXUG4,"COMBINED BUILDING SPECIALTIES, INC.",www.combinedbuilding.com,https://linkedin.com/company/combined-building-specialties-inc
HJL8JDSY2CR3,TRIPLE B FORWARDERS INC,http://www.tripleb.com,https://linkedin.com/company/triple-b-forwarders
HJLQJJ8FS4A4,"THORNE & ASSOCIATES, P.A.",,
HJLSXV81TRX5,"SHIMADZU SCIENTIFIC INSTRUMENTS, INC.",SSI.SHIMADZU.COM,
HJLSY7RZV8X6,DELL MARKETING L.P.,http://www.dell.com/federal,
HJMCPFS4RX11,UNRIVALED RESOURCES LLC,www.unrivaledresources.com,https://linkedin.com/company/unrivaled-resources
HJMKEF7EJW69,CASE WESTERN RESERVE UNIVERSITY,,
HJMNBT239NJ7,"CHERRY PAINTING COMPANY, INC.",www.cherrypaint.com,https://linkedin.com/company/cherry-paint-co-
HJNQME41NBU4,WORCESTER POLYTECHNIC INSTITUTE,https://www.wpi.edu/,https://linkedin.com/company/worcester-polytechnic-institute
HJP4JZG1FUL9,LOCKHEED MARTIN CORPORATION,http://www.lockheedmartin.com/,https://linkedin.com/company/lockheed-martin
HJP8JPSEC2G4,NUAXIS LLC,http://www.nuaxis.com,https://linkedin.com/company/nuaxis
HJQ5UJ5B3BB1,DACON CORPORATION,https://www.dacon1.com,https://linkedin.com/company/dacon
HJQ7JJF61EC6,"TJR PROCUREMENT, LLC",https://www.tjrglobal.com/,https://linkedin.com/company/tjr-global
HJT8J8X2A1B3,"ADVANCED TERRA TESTING, INC",http://www.terratesting.com,https://linkedin.com/company/advanced-terra-testing-inc
HJTBELJDPKS8,"TUCKER ENGINEERING, INC.",,
HJTTKVULM3Z4,"PTP, LLC",http://www.ptpnow.com,https://linkedin.com/company/ptp-llc
HJVPRHUQWB76,DEQUE SYSTEMS INC,http://www.deque.com,https://linkedin.com/company/deque-systems-inc
HJWUJJU26GB7,"HITECH GLOBAL DISTRIBUTION, LLC",http://www.hitechglobal.com,
HJXNNL6JH936,"VOIP SUPPLY, LLC",http://voipsupply.com,https://linkedin.com/company/voip-supply
HJZBL987CZL6,THE BARNES GLOBAL ADVISORS LLC,www.barnesglobaladvisors.com,https://linkedin.com/company/thebarnesglobaladvisors
HJZQJHWNMJM3,1SPATIAL INC,http://www.1Spatial.com,https://linkedin.com/company/1spatial
HJZYA2D8J191,"NEBRASKA MEDICAL CENTER, THE",http://www.nebraskamed.com/,https://linkedin.com/company/nebraskamed
HK2JHK5LJE42,HITACHI ENERGY USA INC.,www.hitachienergy.com,https://linkedin.com/company/hitachienergy
HK4BRL97PRG8,WATEROUS COMPANY,waterousco.com,https://linkedin.com/company/waterous-company
HK6NU3RTN6K3,CGH TECHNOLOGIES INC,http://www.cghtech.com,https://linkedin.com/company/cgh-technologies
HK6YBLK3EFE3,UMPQUA RESEARCH COMPANY,umpquaresearch.com,https://linkedin.com/company/umpqua-research-co
HK9LG28NKFM3,CRAGLAR CABLING LIMITED LIABILITY CO.,www.craglarcabling.net,
HKA8TZKNZJN8,"GABLES ENGINEERING, INC.",https://www.gableseng.com/,https://linkedin.com/company/gables-engineering
HKAXEDY58N79,HDF GROUP,www.hdfgroup.org,https://linkedin.com/company/the-hdf-group
HKB9VQVLTAV6,"ECK & ECK MACHINE CO, INC",http://www.eckeck.com,https://linkedin.com/company/eck-&-eck-machine-co-inc
HKEXFZP6NJK2,"ELECTRICAL CONTRACTORS HAWAII, INC.",http://www.echcorp.us.com,https://linkedin.com/company/ech-corporation
HKGCCK8WLJY3,"BURT PROCESS EQUIPMENT, INC.",www.burtprocess.com,https://linkedin.com/company/burt-process-equipment
HKJ8RCJXJR17,MVC INFOSYSTEMS INC.,,
HKJMJP8F7MU1,KURITA AMERICA INC,https://www.kuritaamerica.com/,https://linkedin.com/company/kurita-america-inc.
HKKMNSFH52E4,ENERGY & ENVIRONMENTAL ECONOMICS INC,http://www.ethree.com,https://linkedin.com/company/energy-&-environmental-economics
HKL6NNN4BN24,"EVANTAGE SOLUTIONS, INC",,
HKLCE4T9BEU1,ALTUS TECHNICAL SOLUTIONS LLC,http://www.AltusTS.com,https://linkedin.com/company/altustechllc
HKLJGAM25HF7,EAGLE-PICHER INDUSTRIES INC.,,
HKLPKHQKKM19,"NLOGIC, LLC",www.nlogic.com,https://linkedin.com/company/nlogic
HKM2X4JLA3T3,"SOFTWORLD, LLC",http://www.softworldinc.com,https://linkedin.com/company/softworld
HKM7YG2NZ7Z7,LEPTON SYSTEMS LP,,
HKMQFA7PV2F3,GENERAL DYNAMICS MOTION CONTROL LLC,,
HKMYK5S9R9H3,ANTECH INC.,www.antech-inc.com,https://linkedin.com/company/a-n-technology
HKNBD5TLMDL1,HAMILTON SUNDSTRAND CORPORATION,,
HKNXC7XLJEG3,"SECO ARCHITECTURAL SYSTEMS, INC",,
HKNXFZLFKVW6,BEC ENVIRONMENTAL INC,http://www.becnv.com/,
HKP1LC5FBCL4,LOCUS TECHNOLOGIES,http://www.locustec.com/,https://linkedin.com/company/locus-technologies
HKT8FLZLGTY4,"PILOT AI LABS, INC.",www.pilot.ai,https://linkedin.com/company/pilot-ai-labs
HKUGWLAQ4821,LCR EMBEDDED SYSTEMS LLC,www.lcrembeddedsystems.com,https://linkedin.com/company/lcr-embedded-systems-inc-
HKUXHBJHRHB1,CUMMINS INC,cummins.com,https://linkedin.com/company/cummins-inc
HKUYJNDA22W3,OUMOU GROUP SARL,,
HKUYLWKBD7N9,XCEL MECHANICAL SYSTEMS INC,,
HKV6HSM1JVA6,MOUNTAIN HORSE LLC,www.mtnhorse.com,https://linkedin.com/company/mountain-horse-technology-solutions-llc​
HKVGUB8KE6Z8,VNS FEDERAL SERVICES LLC,,
HKYQZCJNDZC5,"R2G ENTERPRISES, INC.",www.aftmetal.com,https://linkedin.com/company/adcom-systems
HL1YD8L21QL7,COMPLETE PROCUREMENT SOLUTIONS LLC,https://complete-cps.com/,
HL3JTT5GHN23,"STAFFORD ENVIRONMENTAL SERVICES, INC",www.innovativepestsolutions.com,https://linkedin.com/company/innovative-pest-solutions
HL4HNWJKEP33,"ADVANCED ROTORCRAFT TECHNOLOGY, INC.",www.flightlab.com,https://linkedin.com/company/advanced-rotorcraft-technology-inc.
HL6JEPE4BKM7,"NETSEA TECHNOLOGIES, LLC",www.netseatechnologies.com,https://linkedin.com/company/netsea-technologies
HL8DDL7J4263,DK LOW & ASSOCIATES LLC,,
HL98TQY9VXQ1,"ANALYTICA 42, LLC",www.analytica42.com,https://linkedin.com/company/analytica42
HL9BANW2EUD4,SGS NORTH AMERICA INC.,http://www.sgs.com,https://linkedin.com/company/sgs
HL9KFNRLAFX9,"ACI NORTHWEST, INC.",https://www.acinw-excavation.com,
HLAJZLF13AC3,CARLSBAD NATIONAL BANK (INC),www.ourcnb.bank,https://linkedin.com/company/cnb-bank-carlsbad-nm
HLAKD5J1DDG3,"KLH INDUSTRIES, INC.",www.klhindustries.com,https://linkedin.com/company/klh-industries-inc.
HLBNNA4CPY83,CAES SYSTEMS LLC,www.caes.com,https://linkedin.com/company/cobham-advanced-electronic-solutions
HLD5JNGQ6L11,UNIVERSITÉ DE NEUCHÂTEL,,
HLDJPDMWJ9R4,"UNITED SPACE COAST CABLES, INC.",http://www.unitedscc.com,https://linkedin.com/company/united-space-coast-cables-inc-
HLE1E2KALJA5,"L3HARRIS MARITIME POWER & ENERGY SOLUTIONS, INC",http://www.l3harris.com,https://linkedin.com/company/l3harris-technologies
HLG5NHJJJ4Q8,PERMA-FIX OF FLORIDA INC,http://www.perma-fix.com,https://linkedin.com/company/perma-fix-environmental-services
HLG9KMETFH65,"KRUSS SCIENTIFIC INSTRUMENTS, INC",https://www.kruss-scientific.com/en,https://linkedin.com/company/kruss-gmbh
HLHCC8FT5L85,"EQUIPMENT & CONTROLS, INC.",http://www.eci.us,https://linkedin.com/company/equipment-&-controls-inc-
HLHMWWJCLE19,"NONLINEAR SOLUTIONS, LLC",,
HLJTYTGT86E1,"DISTI, LLC",http://WWW.DISTI.COM,https://linkedin.com/company/the-disti-corporation
HLKFK56552A6,DYNAMIC FABRICATION INC,www.dynamicfab.com,https://linkedin.com/company/dynamic-fab
HLKLDUN7ADR4,MASS. ELECTRIC CONSTRUCTION CO.,,
HLLKBKM13K65,TECH MAHINDRA TECHNOLOGIES INC,,
HLLNJ2HEJCJ3,"HARPE ENGINEERING SOLUTIONS, INC.",https://www.harpeengineering.com,https://linkedin.com/company/harpe-engineering-solutions-inc.
HLMPAGQWHTL1,"AVAILS MEDICAL, INC",,
HLPNE7JFFJE8,KIRK ASSOCIATES LLC,,
HLQ2CYELNCE9,KIDDE TECHNOLOGIES INC,https://kiddetechnologies.com/,https://linkedin.com/company/kidde-technologies
HLQLWMV97J37,CURTISS-WRIGHT ELECTRO-MECHANICAL CORP,https:/curtisswright.com,
HLSUHBMTQRH6,"VIAVERUS, LLC",,
HLT6BYEKAEM5,FLIGHTSAFETY INTERNATIONAL INC.,www.FlightSafety.com,https://linkedin.com/company/flightsafety-international
HLTJANT421J1,"VACUUM PROCESS ENGINEERING, INC.",http://www.vpei.com,https://linkedin.com/company/vacuum-process-engineering-inc-
HLTMVS2JZBS6,NORTHEASTERN UNIVERSITY,www.northeastern.edu,https://linkedin.com/company/graduate-student-government-northeastern-university
HLVBPCA2LH41,ROLLS-ROYCE MARINE NORTH AMERICA INC.,,
HLVFPYKJH5D3,"UPLAND FAB, INC.",http://www.uplandfab.com,https://linkedin.com/company/upland-fab-inc
HLW2GH7TF2M4,INDAL TECHNOLOGIES INC.,https://www.cw-ems.com/indal/,
HLW7BPRWMK16,AEROTECH INC,https://www.aerotech.com,https://linkedin.com/company/aerotech-inc-
HLXNPDJRFYC3,THE MOSS GROUP LLC,https://www.mossgroup.us/,https://linkedin.com/company/the-moss-group-llc
HLY3XCB2ESK2,"DRAINAGE SOLUTIONS, INC.",,
HLY6Q9S8CEV8,TSI INCORPORATED,http://www.tsi.com/,https://linkedin.com/company/tsiincorporated
HLYHARJYLWF4,"DESIGN & SOFTWARE INTERNATIONAL, INC",www.dsi-mfg.com,https://linkedin.com/company/dsi-mfg
HLZNNHM54QL3,"MISTRAS GROUP, INC.",http://www.mistrasgroup.com,https://linkedin.com/company/mistras-group.
HM1PGF62MMH5,ENVIROTECH ENGINEERING & CONSULTING INC,http://www.envirotechconsulting.com,https://linkedin.com/company/envirotech-engineering-&-consulting-inc.
HM3XALHG6LM8,"ESSEX INDUSTRIES, INC.",www.essexindustries.com,https://linkedin.com/company/essex-industries
HM6WNQWHZBA8,"LCPTRACKER, INC.",http://www.lcptracker.com,https://linkedin.com/company/lcptracker-inc
HM89JKEKJ9J3,TENICA AND ASSOCIATES LLC,http://www.TENICA-GS.com,
HM91GJGALM29,CABLES PLUS LLC,http://www.cablesplususa.com,https://linkedin.com/company/cables-plus-usa
HM9DNLHMSSM3,"BANDWIDTH SOLUTIONS, INC.",http://www.bwsolns.com,https://linkedin.com/company/bandwidth-solutions-inc
HMAJKW9MFNP3,"DUCOMMUN AEROSTRUCTURES NEW YORK, INC.",www.Ducommun.com,https://linkedin.com/company/ducommun-incorporated
HMCRRC7F1FP8,"FAR WESTERN ANTHROPOLOGICAL RESEARCH GROUP, INC.",http://www.farwestern.com,https://linkedin.com/company/far-western-anthropological-research-group-inc-
HMDQNJHCKV33,"BTS SOFTWARE SOLUTIONS, INC.",www.unleashbts.com,https://linkedin.com/company/unleashbts
HMGUBKU9HVV3,"AIRBORNE TECHNOLOGIES, INC.",,
HMH8GTNLRDE7,APRICITY GROUP LLC,apricitygroupllc.com,
HMJLN75ES426,"COSTAR REALTY INFORMATION, INC.",www.costar.com,
HMJML9M8QC13,"SHIPBOARD ELECTRICAL SUPPLY, INC.",,
HMJPQ9MEXL17,"GRAY ANALYTICS, INC.",http://grayanalytics.com,https://linkedin.com/company/grayanalytics
HMKDAP3MLTF3,CHEMTRON CORP,,
HMMKWMJFHYK3,PHILIPS HOLDING USA INC.,,
HMNQG2FZANL3,"CAS SEVERN, INC",https://cassevern.com/,https://linkedin.com/company/cas-severn-inc
HMPVWCWDD689,"BODYCOTE IMT, INC.",www.bodycote.com,https://linkedin.com/company/bodycote
HMQGJ9WY2JL7,HF GROUP INC,http://hf76.com,https://linkedin.com/company/houston-fearless-76
HMQNYL2AML58,"ABEL MACHINE, L.L.C.",,
HMR6TZ3DDSY4,DYNASYSTEMS UK LTD,https://www.dynasystems.co.uk/,https://linkedin.com/company/dynasystems
HMT9NXXLZGP9,ULTRA ELECTRONICS ADVANCED TACTICAL SYSTEMS INC,http://www.ultra-ic.com,https://linkedin.com/company/ultra-ic
HMTFQNNP8MY4,"SELECT BUSINESS SOLUTIONS, INC",www.selectbs.com,https://linkedin.com/company/select-business-solutions
HMTWCUMX6VA4,IPC INTERNATIONAL INC,http://www.ipc.org,https://linkedin.com/company/ipc-association-connecting-electronics-industries
HMWLP97625E1,"LANDSCAPE MANAGEMENT SYSTEMS, INC.",,
HMXCQJ8ADNL7,ACCESSAGILITY LLC,http://www.accessagility.com,https://linkedin.com/company/accessagility
HMXNGQB7PAL5,"ATHEY CREEK CONSULTANTS, LLC",http://www.acconsultants.org,https://linkedin.com/company/athey-creek-consultants-llc
HMZYT5KNNRA5,ALTAINTEL LLC,https://altaintel.com/,https://linkedin.com/company/alta-intel
HN24M3C9JAN7,VACUUM RESEARCH CORP,www.vacuumresearch.com,https://linkedin.com/company/vacuum-research-corporation
HN6KQCKRVER3,"EDGE SURVEY & DESIGN, LLC",www.edgesurvey.net,
HN77FPT2BBL5,VOLANT ASSOCIATES LLC,http://www.volantco.com,https://linkedin.com/company/volant-associates
HN87LDDB9ZY5,ENVIRONMENTAL SAMPLING SUPPLY LLC,www.essvial.com,https://linkedin.com/company/environmental-sampling-supply
HN8VSZDQML54,BACULA SYSTEMS CORP,www.baculasystems.com,https://linkedin.com/company/bacula-systems
HN9ZQBVQN7E6,MAIS ALNUSOURT,,
HNA9HN2MUL86,"GENUINE MACHINE PRODUCTS, INC",http://www.genuinemachine.com,https://linkedin.com/company/genuine-machine-products
HNBMTBE4EZP4,DEC ELECTRONIC ASSEMBLY LLC,http://dec-assembly.com,
HNCGQKRQERT3,TITAN WHEEL CORPORATION OF ILLINOIS,https://www.titan-intl.com/,https://linkedin.com/company/titan-international-inc.
HNDAM4MBJKE7,"ALPHA-OMEGA POWER TECHNOLOGIES, LIMITED CO",http://www.alphaomegapt.com,https://linkedin.com/company/alpha-omega-power-technologies
HNDBN7BS9UE3,INDEPENDENT STRATEGIC MANAGEMENT SOLUTIONS INC,www.ismsinc.com,https://linkedin.com/company/independent-strategic-management-solutions-inc.
HNDFD287E5C6,"CORE BUSINESS SOLUTIONS, INC.",http://www.thecoresolution.com,https://linkedin.com/company/corebusinesssolutions
HNE9CVD886G3,CAPTURA GROUP INC,,
HNEPWHK98SH3,"SILOSMASHERS, INC.",http://www.silosmashers.com,https://linkedin.com/company/silosmashers
HNETQXJ3WAL7,"SYNOVIX, INC.",www.synovix.com,https://linkedin.com/company/synovix
HNEWV6M8D165,CELERESS LLC,Celeress.com,https://linkedin.com/company/celeress-llc
HNF6CM441B65,"SHEA CARR & JEWELL, INC.",www.scjalliance.com,https://linkedin.com/company/scj-alliance
HNG3HN6UE7Q9,ATOMS SERVICES LLC,WWW.ATOMSLLC.COM,https://linkedin.com/company/atoms-services-llc
HNGLQ3JLULX5,"OWENS INDUSTRIES, LLC",,
HNHCVXPCQYH8,"FLORIDA LEGAL SERVICES, INC",https://www.floridalegal.org,https://linkedin.com/company/florida-legal-services
HNHJQPCD4GB9,"KIDDE TECHNOLOGIES, INC",https://kiddetechnologies.com/,https://linkedin.com/company/kidde-technologies
HNKZD6J726L5,PARTTARGET INC.,www.parttarget.com,
HNLHE4Y9E8U6,"YAMPA PRECISION MANUFACTURING, INC.",yampaprecision.com,https://linkedin.com/company/yampa-precision-manufacturing
HNN4F9JZWDY8,PALANTIR USG INC,,
HNNLX64JLY23,COLEMAN MICROWAVE CO,,
HNNSJJ95W3N8,TRANSAMERICA TECHNOLOGY SERVICES INC,https://goerp.com/,https://linkedin.com/company/the-kosmin-media-group
HNNUJXHSXGU3,THALES DEFENSE & SECURITY INC,,
HNNZM8M49GL8,"ACQCENTRIC, INC.",www.acqcentric.com,https://linkedin.com/company/acqcentric
HNPFQL4LEDZ7,"GLOBAL SCIENCE & TECHNOLOGY, LLC",http://www.gst.com,https://linkedin.com/company/global-science-&-technology-inc
HNQUPHHUSU83,"ADVANCED INTEGRATED TECHNOLOGIES, LLC",http://www.ait-marine.com,https://linkedin.com/company/advanced-integrated-technologies_2
HNRCEPL6PMN3,NYSTROM INC,www.nystrom.com,https://linkedin.com/company/nystrom
HNTHMNS8EUZ6,TJW INC,www.scscases.com,https://linkedin.com/company/scs-cases
HNTRMJYZLMN8,FORCE99 TECHNOLOGIES LLC,www.force99.tech,https://linkedin.com/company/force99
HNXSWE9GKSH8,"LINDSAY MACHINE WORKS, INC",lindsaymachineworks.com,https://linkedin.com/company/lindsay-machine-works-inc-
HNXWUCZQ2QR7,"FLY FIVE 33, LLC",flyfive33.com,https://linkedin.com/company/flyfive33
HNYQBL9BL3Z6,SIGNALINK INC,www.signalink.us,
HP18SZNB14R3,"ACCELERATED TECHNOLOGY LABORATORIES, LLC",https://confience.io,https://linkedin.com/company/confience-software
HP25SQ2BMJ13,BIALEK CORPORATION OF MARYLAND,www.bialek.com,https://linkedin.com/company/bialek
HP73AM2PKRJ6,"GALLUP, INC.",http://www.gallup.com,https://linkedin.com/company/gallup
HP75M4XNAR87,FORVIS MAZARS CONSULTING SRL,,
HP88PCE58YG8,SHOLNAS FOR GENERAL CONTRACTING TRADING AND SERVICES LTD,www.sholnas.com,https://linkedin.com/company/sholnas
HPEVNN92LJK3,"GC ASSOCIATES USA, LLC",www.gcassociates-usa.com,https://linkedin.com/company/gc-associates-usa-llc
HPH9MMD3G6R1,"CYBERSPEC, LLC",https://www.cyberspec.io,
HPHVSDPH1K93,"CHEROENHAKA NOTTOWAY ENTERPRISES, LLC",www.cnecompanies.com,https://linkedin.com/company/cnellc
HPJ7F85GUDR4,"CHARDAM GEAR COMPANY, INC.",www.chardam.com,https://linkedin.com/company/chardam-gear-company
HPJ9UY3F7HP9,VIBRANT CORPORATION,www.vibrantndt.com,https://linkedin.com/company/vibrant-corporation
HPKVBA6FZ7L2,INSIGHT CRIME INC,www.insightcrime.org,https://linkedin.com/company/insight-crime
HPLEKBSHLEM4,"IMPAQ INTERNATIONAL, LLC",https://www.impaqint.com,https://linkedin.com/company/impaq-international
HPLZW6YCPAL3,ADVANCED SYSTEMS DEVELOPMENT INC,https://www.asd-inc.com,https://linkedin.com/company/advanced-systems-development-inc.
HPMLUMNQSH74,"NATIONAL SECURITY CYBERSPACE INSTITUTE, INC.",http://www.nsci-va.org,https://linkedin.com/company/national-security-cyberspace-institute-inc.
HPMWLR76KQA3,"CONCENTRIC REAL TIME, LLC",,
HPNKN82R4M24,THE SHERWIN-WILLIAMS COMPANY,,
HPRKPNJKEAC7,"HERODEVS, INC",https://herodevs.com/,https://linkedin.com/company/herodevs
HPW7UJPVAQZ2,"NATIONAL ELECTRICAL CARBON PRODUCTS, INC",http://www.morganadvancedmaterials.com/,https://linkedin.com/company/morgan-advanced-materials
HPWECEJD8WB4,"CLARIX TECHNOLOGIES, INC.",http://www.clarix.com,https://linkedin.com/company/clarix-technologies
HPZDNT6DHR17,AKB SERVICES,www.akbservicesco.com,
HQ3WJRAM26L3,AAYEGA TECHNOLOGIES INC,aayega.tech,https://linkedin.com/company/aayega-technologies-inc
HQ4NB7PZMRB4,"MCCONWAY & TORLEY, LLC",,
HQ4WLFAPGKP7,"THE BRITE GROUP, INC",www.thebritegroup.com,https://linkedin.com/company/brite-group-incorporated
HQ72LMCQGU43,PETERSEN INCORPORATED,http://www.peterseninc.com,https://linkedin.com/company/peterseninc
HQ9EB2351JJ6,CCHH GHDC LLC,http://www.hyatt.com,https://linkedin.com/company/hyatt-ziva
HQ9PGMN8RC84,"ARGON ST, INC.",http://www.argonst.com,https://linkedin.com/company/argon-st
HQA5E3SZABK9,"CEB METASYSTEMS, INC.",www.cebs.com,https://linkedin.com/company/ceb-metasystems-inc
HQB3GFHVYSF3,TRITON ALLOYS CORP,,
HQBRRJBLDQ37,LINQUEST CORPORATION,www.kbr.com,https://linkedin.com/company/kbr-inc
HQGVJC5M7297,"INNOVATIVE WASTE CONSULTING SERVICES, LLC",www.innovativetec.com,
HQHKENU27Y83,"INTUITIVE MACHINES, LLC",intuitivemachines.com,https://linkedin.com/company/intuitive-machines
HQJXQL7Y48R5,"MILLICK, SUJATA S",www.innovationengineering.tech,
HQLKNJUKBJM7,"DECISIVE POINT CONSULTING GROUP, LLC",www.decisivepointconsulting.com,https://linkedin.com/company/decisive-point-consulting-group-llc
HQMJUQW8CQF8,BK MANUFACTURING CO INC,http://www.bkaerospace.com,
HQMMC41BNB67,"LIONS VOLUNTEER BLIND INDUSTRIES, INC.",http://www.lvbi.org,https://linkedin.com/company/lions-volunteer-blind-industries
HQNTDLR7Q3U9,"UMBRA LAB, INC",umbra.space,https://linkedin.com/company/umbralab
HQR3KNXYFVD1,"CALLIDEO, INC.",www.callideo.com,https://linkedin.com/company/callideo-inc
HQR6UALT3BB4,SCRIBNER LLC,,
HQSGYSEEPMZ3,"TORO ENTERPRISES, INC.",,
HQT8M95LDGB3,SMILE CDR INC,www.smilecdr.com,
HQXJMDP1EK73,"S & W CONTROLS, INC",,
HQY8HJVZE641,AC COMPACTING EQUIPMENT LLC,www.accompacting.com,https://linkedin.com/company/ac-compacting-llc
HQYTCMF5RGE4,SHERBURN ELECTRONICS INC.,http://www.sherburn.com,https://linkedin.com/company/sherburn-electronics
HR3TSJ7H1BN5,BURCH CONSTRUCTION CO INC,www.burchcon.com,
HR54HX6DF1L5,RAZORLEAF GOVERNMENT SOLUTIONS LLC,www.razorleafgov.com,https://linkedin.com/company/razorleafgovernmentsolutionsllc
HR87UUF34ZE5,WV COMMUNICATIONS INC,www.wv-comm.com,https://linkedin.com/company/w-v-communications
HR99ZJ8BHG66,"HOUGHTON ASSOCIATES, INC",http://www.houghtonassociates.com,https://linkedin.com/company/houghton-associates
HRA2XEZPBEL2,MARK ZIESKE,,
HRAKWGC9HJQ6,"SHENANDOAH RESTORATIONS, INC",,
HRBAK5KKDLN8,"UES PROFESSIONAL SOLUTIONS, LLC",http://www.teamues.com,https://linkedin.com/company/universal-engineering-sciences-inc
HRBCMLBDGAN7,CARLETON CONTROLS CORP,,
HRBEHP6JSUF7,RENNAKER SURFACES INC,www.rennakersurfaces.com,https://linkedin.com/company/rennaker-surfaces
HRBLNRBFRED9,CDIT LLC,www.cditsolutions.com,https://linkedin.com/company/cditllc
HRD3YLEP7GB3,"ANGELUS CORP, THE",https://www.theangeluscorp.com/,https://linkedin.com/company/the-angelus-corporation
HREND6TJRB95,STARRAG USA INC,www.starrag.com,https://linkedin.com/company/starrag-group
HRFPYRGMXCF8,"KNOWLEDGE WEB, LLC",,
HRGDKWHPPU52,CORFIN TINNING SERVICES INC,http://www.tintronics.com,https://linkedin.com/company/tintronics-industries
HRH1XLHY1XJ3,RIVERSIDE RESEARCH INSTITUTE,https://www.riversideresearch.org/,https://linkedin.com/company/riverside-research
HRHVSMLRJJZ7,THE HAMMERS COMPANY,http://www.hammers.com,https://linkedin.com/company/the-hammers-company-inc-
HRJNGAUKL2Q2,"HI-TEST LABORATORIES, INC.",http://www.hitestlabs.com,https://linkedin.com/company/hi-test-laboratories-inc-
HRKMN8YJ25E3,"OPTEX SYSTEMS, INC",http://www.optexsys.com/,https://linkedin.com/company/optex-systems-inc.
HRLLNFWDEB77,A-C ELECTRIC COMPANY,www.a-celectric.com,https://linkedin.com/company/a-c-electric-company
HRNQJSE6CX13,CIRCUIT TECHNOLOGY LLC,,
HRR2HSASBDB3,EAGLE ADVANTAGE CONSULTING LLC,,
HRTPHLFELNB4,AFRICA GLOBAL LOGISTICS,,
HRULWSKG3LY7,SALAMON FLOORING INC,,
HS2FS7YHA6D3,"A & D ENGINEERING, INC.",http://andonline.com,https://linkedin.com/company/a&d-company
HS2WJEBRHWE4,"MODERN TILE AND CARPET, INC",www.modernflooring-america.com,https://linkedin.com/company/modern-tile-flooring-america
HS44RVF5YAJ7,"PETROLEUM RESOURCES & DEVELOPMENT, INC.",http://www.prdincorporated.com,
HS68R91XTSX7,"HIGH PERFORMANCE TECHNOLOGIES, LLC",https://www.highperftech.com,https://linkedin.com/company/hpt
HS6ZVVE1NM28,TRUSTTHINK LLC,www.trustthink.net,https://linkedin.com/company/trustthink
HS9DT6J6BQS7,"MONARCH QUANTUM, INC",www.monarchquantum.com,https://linkedin.com/company/monarch-quantum
HSBNNTWYLG39,DCR PROJECT MANAGEMENT LLC,,
HSCEGYUMGML5,"PEER TECHNICAL GROUP, LLC",http://www.peertechnical.com,https://linkedin.com/company/peer-technical-group-llc
HSEVBM8SHX86,"GEODETICS, INC",http://www.aevex.com,https://linkedin.com/company/aevex-aerospace
HSG6YBY69NT4,"NETWORK COMMUNICATIONS TECHNOLOGY, INC.",www.nctonline.com,https://linkedin.com/company/network-communication-tech
HSGTV4NXS753,"PATHFINDER IT SOLUTION, INCORPORATED",https://www.pathfinderitsolutions.com/,
HSHNB23CQWN6,IGEM COMMUNICATIONS LLC,www.globalgig.com,https://linkedin.com/company/globalgig
HSJ1JKVET3V7,"ROCKWELL COLLINS, INC.",,
HSLLW9LNVVK8,"DATA STORAGE SCIENCE, LLC",www.ds-science.com,https://linkedin.com/company/data-storage-science
HSSGPZY5H5A6,"NAR MEDICAL DEPOT, LLC",http://www.narmd.com,https://linkedin.com/company/nar-medical-depot-llc
HSSSTXJE3738,MAZAK CORP,mazakusa.com,https://linkedin.com/company/mazak-corporation
HST3AH9JCNN1,"SEV1TECH, LLC",http://www.sev1tech.com,https://linkedin.com/company/sev1tech
HSU6MQK74KC5,"TOOL CRIB SUPPLIES, INC",,
HSWNLUBUXKK2,VATES CORP.,www.vatescorp.com,https://linkedin.com/company/vates-corp
HSWPJJDF8Q81,STARLIMS CORPORATION,https://www.starlims.com/,https://linkedin.com/company/starlims
HSX1DE24LC89,"HURD FLOORING, LLC",,
HT23M2QX9H43,"CLR DISASTER SERVICES, INC",,
HT3MXQKRNL15,WAYNE WEAVER DBA JANI KING,,
HT5FPZF2K4L3,PARAGON ENERGY SOLUTIONS LLC,,
HT5HZG7ZL2U8,"AMBRICOR, LIMITED LIABILITY COMPANY",Ambricor.com,
HT5MCLVNU8A7,DESCARTES VISUAL COMPLIANCE (USA) LLC,,
HTA1TCBXB9F9,"BECHTEL EQUIPMENT OPERATIONS, INC.",,
HTALHLYNERZ9,SAKOM SERVICES WI LLC,,
HTCQFJB8LLV3,ESIMPLICITY INC,esimplicity.com,https://linkedin.com/company/esimplicity
HTFSCMC317F7,"INTEGRATED SOLUTIONS WORLDWIDE, LLC",www.integratedsolutionsworldwide.com,https://linkedin.com/company/integrated-solutions-worldwide
HTHFAYHMJWT4,"HEILIND ELECTRONICS, INC.",https://www.heilind.com,https://linkedin.com/company/heilind-electronics
HTHZV61C5DV8,SYSCO CORP,http://www.sysco.com,https://linkedin.com/company/sysco
HTK1Q3K3TG43,"INTERVIZUM, L.L.C.",https://www.intervizum.com,https://linkedin.com/company/intervizum
HTKVEEJZTC17,"ITS GROUP, INC.",http://www.itsgci.com,https://linkedin.com/company/its-group-consulting
HTLDRKHDG127,FIRST CASCADE CORP.,,
HTLKPRUJES28,ALVA MANUFACTURING INC,www.alvamfg.com,
HTNRBLNUYQJ3,EIZO INC.,http://www.eizo.com,
HTP2EKNXYRN3,STERLING COMPUTERS CORPORATION,http://www.sterling.com,
HTQ6K6NJFHA6,BOARD OF REGENTS OF THE UNIVERSITY OF NEBRASKA,www.unl.edu,https://linkedin.com/company/university-of-nebraska-lincoln
HTQAHU4BHBS5,"SEGMENT HR, LLC",https://segmenthr.org/,https://linkedin.com/company/segment-hr-llc
HTR3DZER3X29,DELOITTE & CO S.A.,,
HTRDMAMY71C6,"NIGHTWING INTELLIGENCE SOLUTIONS, LLC",www.nightwing.com,https://linkedin.com/company/nightwing-us
HU1ACJ8SN8N3,JAMES VITO INC,https://www.vitoservices.com,https://linkedin.com/company/james-vito-plumbing-&-heating
HU1UJN5LL7P3,GTS MOTORS RWANDA LTD,,
HU1ULY8HNGL1,"PALMER AND SICARD, INC",www.palmerandsicard.com,https://linkedin.com/company/palmer-and-sicard-inc.
HU5UVJWJNVH3,BT AERONAUTICAL CONSULTING,,
HU8NBLAE42K9,CHARLES MACDONALD,,
HU99XU1GZHZ6,SOLVCHEM INC,WWW.SOLVCHEM.COM,https://linkedin.com/company/solvchem
HU9LL2Z2V4J1,"LDIA HOLDINGS, LLC",www.psgglobal.net,https://linkedin.com/company/prometheus-security-group-global
HUA7DVD4TXS3,"PACIFIC COAST COMPOSITES, INC.",http://www.pccomposites.com,https://linkedin.com/company/pacific-coast-composites-inc
HUAVW789LER3,"SPACE VECTOR, LLC",http://www.spacevector.com,https://linkedin.com/company/spacevector
HUFWHM7S9F21,UNITED WELD SERVICES LLC,,
HUGRRGH4BAR3,WESTFIELD HYDRAULICS INC,www.westfieldhydraulics.com,https://linkedin.com/company/westfield-hydraulics-inc-
HUGWDH36SAB7,"TUBE BENDING TECHNOLOGY, LLC",http://www.tubebendingtech.com,
HUJ7RW1HMKB1,ADVANCED CHEMICAL TRANSPORT LLC,https://www.actenviro.com,https://linkedin.com/company/actenviro
HUJGSPNVDSQ3,"BAY METALS & FABRICATION, LLC",,
HUJWEG37EDK5,MULTICARE HEALTH SYSTEM,,
HULDZ2KM4FQ7,APPLIED AEROSPACE STRUCTURES CORP,https://www.applied-aerospace.com,https://linkedin.com/company/applied-aerospace-defense
HULQMGQNB4D1,SCOTT KAJER,,
HUMCGHH8MG83,UNEX CORP,www.hytorc.com,https://linkedin.com/company/hytorc-division-unex-corporation
HUMJPMQR8X17,BOLDLYGO ENTERPRISES LLC,,
HUMMHMS77BY8,"US FOODS, INC",,
HUMULBYM5HS8,"TRC COMPANIES, INC.",http://www.trcsolutions.com,
HUN2CN4V2BN3,"MIKE'S METAL WORKS, INC",www.mikesmetalworks.net,
HUN2LAYMAWA2,"BRAVO, INC.",www.bravomaterials.com,
HUP3LT8US8N6,"AIRGAS SPECIALTY PRODUCTS, INC",www.airgas.com,https://linkedin.com/company/airgas
HUP6JGVJDFF2,ACCURATE MACHINE & TOOL CO INC,,
HUS7Q1AH61G9,"TRIANGLE LIGHTNING PROTECTION, INC.",,
HUSFQ3ENTJG5,"AURORA INNOVATIONS, LLC",,
HUV5VGBWNJ55,LAVENDER FZE,www.lavender-int.com,https://linkedin.com/company/lavender-fze
HUZ2XKV2KLS5,8-KOI INC,http://8-koi.com/,https://linkedin.com/company/8-koi
HV56U7ZK6VM7,ACTIVATE RESEARCH INC.,www.activateresearch.net,https://linkedin.com/company/activate-research-inc
HV6ARLNGKT14,"CONTAMINANT CONTROL, INC.",http://www.cci-env.com,https://linkedin.com/company/cci-environmental-services-inc.
HV8GQ9L5SNM1,"HOWMET CASTINGS & SERVICES, INC.",www.howmet.com,https://linkedin.com/company/howmet-aerospace
HVAEAVUJRG38,UNITED WESTERN TECHNOLOGIES CORP.,https://uniwest.com/,https://linkedin.com/company/united-western-technologies-corp-uniwest
HVB3VDN4TYE7,"AUTOMOTRIZ RICARDO ALFREDO NICOL, SOCIEDAD ANONIMA",,
HVBJSSGW27P5,LESMAN INSTRUMENT CO,WWW.LESMAN.COM,https://linkedin.com/company/lesman-instrument-company
HVBLJKMBEZ96,ENVIRONMENTAL EXPRESS INC,http://www.environmentalexpress.com,https://linkedin.com/company/environmentalexpress
HVDGAJD476Z9,COLE INSTRUMENT CORP.,http://www.cole-switches.com/,https://linkedin.com/company/cole-instrument-corporation
HVEKL7MENUK1,UNIVERSITY OF WISCONSIN SYSTEM,,
HVF3SQ6N31F4,ALPHATRONX LTD,www.alphatronx.us,
HVGZFZ19NXQ9,"CARIBOU THUNDER, LLC",https://www.caribouthunder.com,https://linkedin.com/company/caribou-thunder
HVJ3AYHCE4K3,CRESCENT ELECTRIC SUPPLY CO,HTTP://WWW.CESCO.COM,https://linkedin.com/company/crescentelectricsupply
HVJYJ8BR1ZA7,GAMMA SCIENTIFIC INC,http://www.gamma-sci.com,https://linkedin.com/company/gamma-scientific
HVK6DCBLUCP7,GE AVIATION SYSTEMS LLC,,
HVK6NT9SEKJ7,PRODYN LLC,http://www.prodynllc.com,
HVLXRAWMR695,"BIG B MANUFACTURING, INC.",www.bigbmfg.com,https://linkedin.com/company/big-b-manufacturing-inc
HVMTTN1LHDZ9,RYBB FIRE ALARM INC,www.rybbfirealarm.com,https://linkedin.com/company/rybb-fire-alarm
HVQBAL5E7R23,CAE USA INC.,www.caeusa.com,https://linkedin.com/company/cae-usa-inc.
HVQELWVUMNC6,"FLUID SYSTEMS SOLUTIONS, LLC",,
HVQLRL3B7HU8,HAMILTON SUNDSTRAND CORPORATION,,
HVSPTXMTTZW4,"VANTAGE VEHICLE INTERNATIONAL, INC",http://www.vantagevehicle.com,https://linkedin.com/company/vantage-vehicle-international-inc.
HVVKL7253CK3,WOODWARD HRT INC,,
HVVMR1P16CM3,ONENECK IT SOLUTIONS LLC,www.ussignal.com,https://linkedin.com/company/us-signal
HVX7N7GBDHS8,CAPITOL HEALTH ASSOCIATES LLC,http://www.capitolhealthdc.com,
HVY8L2WCKCC8,QUANTUM-SYSTEMS GMBH,www.quantum-systems.com,https://linkedin.com/company/quantum-systems-gmbh
HVYFLHD3P5B9,"SHARK POINT SOLUTIONS, LLC",https://threesaintsbay.com/shark-point-solutions-llc/,https://linkedin.com/company/three-saints-bay-llc
HVYVT6LULLZ2,"PARITY INTELLIGENCE, LLC",,
HW7XENNCAWL5,"IDEAL SYSTEM SOLUTIONS, INC.",http://www.idealssi.com/,https://linkedin.com/company/ideal-system-solutions-inc.
HWA1MMYHTH34,KNIGHT FEDERAL SOLUTIONS INC,www.knightfederal.com,https://linkedin.com/company/knight-federal
HWCCNZ7P8871,"CUSTOM ANALYTICAL ENGINEERING SYSTEMS, INC.",,
HWECNYDNU515,"WOOLPERT, INC",http://www.woolpert.com,https://linkedin.com/company/woolpert
HWF8CKJHU7J9,ZF ACTIVE SAFETY US INC,www.zf.com,https://linkedin.com/company/zf-group
HWHXHMT1HB57,PHOENIX ANALYSIS & DESIGN TECHNOLOGIES INC,www.padtinc.com,https://linkedin.com/company/padt-inc
HWLKXMMXQ218,AMERICAN FENCE & SECURITY CO INC,https://www.americanfence.com/,https://linkedin.com/company/american-fence-company
HWLYE4KDVHB6,CERTARA USA INC,certara.com,https://linkedin.com/company/certara
HWMGGWPNM6Y3,ENTRUST CORPORATION,www.entrust.com,https://linkedin.com/company/entrust
HWMKR49GR573,GLOBAL TECH INC.,http://www.eglobaltech.com,https://linkedin.com/company/eglobaltech
HWMRMMEECLB5,C EVANS CONSULTING LLC,http://www.cevansconsulting.com,https://linkedin.com/company/cevans-consulting
HWMURUCGRPJ5,CLYM ENVIRONMENTAL SERVICES LLC,http://www.clymenvironmental.com,https://linkedin.com/company/clym-environmental-services
HWN9LDR83KT7,SAINT-GOBAIN PERFORMANCE PLASTICS CORPORATION,https://www.saint-gobain-aerospace.com/,
HWNKCQJVJTN7,SERVICE STEEL AEROSPACE CORP.,www.ssa-corp.com,https://linkedin.com/company/service-steel-aerospace
HWRHUYP54NZ6,"FACILITY SOLUTIONS GROUP, INC.",,
HWRPFY3RJ4Y5,"ONPOINT CONSULTING, INC.",http://www.onpointcorp.com,https://linkedin.com/company/onpoint
HWUQSPRMESK5,"DGR GRANT CONSTRUCTION, INC.",,
HWVKYS76EJW8,POTOMAC ECONOMICS LTD,www.potomaceconomics.com,https://linkedin.com/company/potomac-economics
HWZCA31SSV96,UNIVERSITY OF ALABAMA,,
HX41D73R5AJ5,KOMATSU MINING CORP.,,
HX4BQCW632M9,"ARCTOS TECHNOLOGY SOLUTIONS, LLC",www.arctos-us.com,https://linkedin.com/company/arctos-us
HX6DDJY8XKH5,"RCS SAFETY, LLC",,
HX6FLH16VNG6,"RADIANT LOGIC, INC.",http://www.radiantlogic.com,https://linkedin.com/company/radiant-logic
HX6NMRNXGGL5,"BASIC ELECTRONICS, INC.",,
HXDMF79DSLG6,"SHEFFIELD COMPANY, LLC",www.thebrieflab.com,https://linkedin.com/company/thebrieflab
HXFYCMPB9CM3,"TORION USA, INC.",,
HXJ1LDDQTNT1,"FIFTH THIRD BANK, NATIONAL ASSOCIATION",www.53.com,https://linkedin.com/company/fifth-third-bank
HXJQDMJM6D88,"NAS ATC STRATEGIES, LLC",https://nasatcstrategies.com,
HXJTNLN9JNQ6,SYSTEMS PROTECTION GROUP US LLC,https://systemsprotection.com/,https://linkedin.com/company/systems-protection
HXLKB5PUEUM7,"FEITH SYSTEMS & SOFTWARE, INC",http://www.feith.com,https://linkedin.com/company/feithsystems
HXLLQLBJK6D1,GPS SOURCE INC,http://www.gpssource.com,https://linkedin.com/company/gps-source-inc-
HXM9CGRXH958,TIERRA RIGHT OF WAY SERVICES LTD,http://www.tierra-row.com,https://linkedin.com/company/tierra-right-of-way-services
HXMJA2V68HC3,ENFIELD ENTERPRISES LLC,eellc.com,https://linkedin.com/company/enfield-enterprises-llc
HXNDDLVPK338,STEIN SEAL COMPANY,WWW.STEINSEAL.COM,https://linkedin.com/company/stein-seal-company
HXPFSDQKF3R3,POLARITY INC.,http://www.polarity.net,https://linkedin.com/company/polaritypwr
HXPHLLPWVEK7,"NATIONAL SAFETY APPAREL, LLC",,
HXRCYPHQLP95,CHAPMAN FREEBORN AIRCHARTERING INC,https://chapmanfreeborn.aero/,https://linkedin.com/company/chapman-freeborn-airchartering-80888
HXTBBBLZEGU8,ADVANTAGE CONSULTING & ENGINEERING SERVICES CORPORATION,http://www.acescorp.net,https://linkedin.com/company/advantage-consulting-&-engineering-services-aces-
HXUKC3ZBDH84,RTEC-INSTRUMENTS INC,www.rtec-instruments.com,https://linkedin.com/company/rtec-instruments
HY13NGJSVPG5,DRD TECHNOLOGY CORP,www.drd.com,https://linkedin.com/company/drd-technology
HY8AT3V1JQQ3,"ACE BUILDERS, INC.",https://www.acmeironandmetal.com/,https://linkedin.com/company/acme-scrap-metal
HY96U41NFNQ7,"PROFESSIONAL ENVIRONMENTAL ENGINEERS, INC",http://www.pe-engrs.com,https://linkedin.com/company/professional-environmental-engineers-inc-
HYB8PC16GAQ3,"HILL & MARKES, LLC",www.hillnmarkes.com,https://linkedin.com/company/hill-&-markes
HYBLSJAMM2F4,"KBR WYLE SERVICES, LLC",www.kbr.com,https://linkedin.com/company/kbr-inc
HYE2BEDQHM44,KAYDON CORPORATION,www.kaydonbearings.com,https://linkedin.com/company/kaydonbearings
HYFGDXK754B4,"AVIATION DEVICES AND ELECTRONIC COMPONENTS, L.L.C.",http://www.avdec.com,https://linkedin.com/company/avdec
HYGLK2BNFKB3,ROLLS-ROYCE SOLUTIONS AMERICA INC,http://www.mtu-solutions.com,
HYJ7V6LT12U4,PROCORE TECHNOLOGIES INC,http://www.procore.com/,https://linkedin.com/company/procore-technologies
HYJBYG322PJ9,"AVIATION SPECIALTIES UNLIMITED, INC.",http://www.asu-nvg.com,https://linkedin.com/company/aviation-specialties-unlimited
HYKURWCMHQJ5,EQUIFAX WORKFORCE SOLUTIONS LLC,www.equifax.com/workforce,https://linkedin.com/company/equifax
HYM9KYNJ14K8,"RINI TECHNOLOGIES, INC.",http://www.rinitech.com,https://linkedin.com/company/rini-technologies-inc
HYMHV1A4KKV4,BOLAND TRANE SERVICES INC,www.boland.com,https://linkedin.com/company/boland
HYMKN68DL3C7,CYTEC ENGINEERED MATERIALS INC,,
HYPTB1MQTXL5,"SCA ENVIRONMENTAL, INC",http://www.sca-enviro.com,https://linkedin.com/company/sca-environmental-inc.
HYQTRFG1X4W7,"LAKES REGION TUBULAR PRODUCTS, INC.",,
HYSZMKE3ELM1,"RISK AND STRATEGIC MANAGEMENT, CORP",http://rsmconsulting.us/,https://linkedin.com/company/risk-&-strategic-management
HYWMRA3B7T75,"DB CONSULTING GROUP, INC.",http://www.dbconsultinggroup.com,https://linkedin.com/company/db-consulting-group-inc.
HYWQWZ877RH1,GLOBAL INDIRECT MARKETS LLC,www.globalindirectmarkets.com,https://linkedin.com/company/global-indirect-markets
HYYLJ5N91H28,"NEW ENGLAND ROCKET DEVELOPMENT, LLC",,
HZ2VANGZJSD4,J2R SOLUTIONS LLC,https://j2rsolutions.io,https://linkedin.com/company/j2r-solutions
HZ5MKCEFWY93,"APT ELECTRONICS, INC.",,
HZ7KV18CH5X3,AXIOFORCE INC,,
HZ88Z8NJXND9,"DABICO AIRPORT SOLUTIONS, INC.",www.dabico.com,https://linkedin.com/company/dabico
HZ9KWM9PKZB3,"MEGGITT (ORANGE COUNTY), INC.",meggitt.com,https://linkedin.com/company/meggitt-plc
HZA6KMMS1233,PREMIER ROOFING & WATER PROOFING LLC,www.premierroofingandwaterproofing.com,
HZB8LMRNLC67,STELLAR SOLUTIONS INC,www.stellarsolutions.com,https://linkedin.com/company/stellar-solutions
HZDEKG3K1EE4,"KH ENGINEERING GROUP, P.A",www.khegroup.com,https://linkedin.com/company/k-h-engineering-group-p-a
HZH7VJ2JZVD6,"AK GOVERNMENT SOLUTIONS, INC",https://akgovernmentsolutions.com,https://linkedin.com/company/ak-government-solutions
HZJ2GKFJ51G9,"4A CONSULTING, LLC",www.4a-consulting.com,https://linkedin.com/company/4a-consulting-llc
HZJ2JZUALWN4,NEW MEXICO INSTITUTE OF MINING AND TECHNOLOGY,http://www.nmt.edu,https://linkedin.com/company/new-mexico-tech
HZJ5Y1XUHBK3,LEAH A LINDSEY,,
HZLME6BJT2E6,AERIAL MACHINE & TOOL CORPORATION,https://aerialmt.com/,https://linkedin.com/company/aerialmt
HZPLAMTQ58C1,"SES SD MISSION PARTNERS, INC",www.sessd.com,https://linkedin.com/company/ses-government-solutions
HZQ9EHRNEXC5,ANTONIO FERRAO ELECTRIC LLC,,
HZQCRFHL4329,FIBREMETRICS PTY LTD,www.fibremetrics.com,
HZRRYKH69YM7,FORMLABS INC.,http://formlabs.com,https://linkedin.com/company/formlabs
HZV7HJMAFC28,HONEYWELL INTERNATIONAL INC.,,
HZYNSL4JCKF5,2 TWELVE SOLUTIONS LLC,www.2twelvesolutions.com,https://linkedin.com/company/2-twelve-solutions
HZYTJENLLM81,US FOODS INC,http://www.usfoods.com,https://linkedin.com/company/usfoods
J12KWV9KN6A3,WINGBRACE LLC,https://www.wingbrace.com,https://linkedin.com/company/wingbrace
J165N5CX9C65,"COGNITIVE MEDICAL SYSTEMS, INC.",https://cognitivemedicalsystems.com,
J17NK57Q51B3,"SKEO SOLUTIONS, INC",http://www.skeo.com,https://linkedin.com/company/skeo-solutions
J18WZHAU9DU1,VERDE SEGURA LLC,,
J1ANDWSEKAK3,COREFORM INC.,www.coreform.com,https://linkedin.com/company/coreform
J1BQKC2ZPXQ7,"ULTISAT, INC",www.ultisat.com,https://linkedin.com/company/ultisatinc
J1CFXK471YY6,"HAWAII FIREPLACES, INC",https://hawaiifireplaces.com/,https://linkedin.com/company/hawaii-fireplaces
J1CPGLU1SHG3,365 OPERATING COMPANY LLC,,
J1CXHRQ945Z9,SANDS WALL SYSTEMS INC,www.sandswallsystems.com,https://linkedin.com/company/sands-wall-systems
J1D4YM9WCFR7,"CLASSIC EXTERIOR, LLC",,
J1DML3V7GDN5,SIERRA ALLOYS COMPANY,www.sierraalloys.com,https://linkedin.com/company/sierra-alloys-co-inc-
J1E6NRGLUBD5,SAWSTREET LLC,www.sawstreet.com,https://linkedin.com/company/sawstreet-llc
J1EKWJUWZDZ3,WCD INTEGRITY SOLUTIONS LLC,http://www.wcdintegrity.com,https://linkedin.com/company/wcd-integrity-solutions-llc
J1HRLJ1Q1NT6,IXI TECHNOLOGY INC,http://www.ixitech.com,https://linkedin.com/company/ixi-technology
J1JDD62DTQN9,"SAUNDERS CONTRACTING SERVICES, INC.",http://www.saunderscontracting.com,https://linkedin.com/company/saunders-contracting-services-inc.
J1KARDFP8KN7,"WALL INDUSTRIES, INC",http://www.wallindustries.com,https://linkedin.com/company/wall-industries
J1LJV6UNYZ65,PARKER HANNIFIN CORP,http://www.parker.com/,https://linkedin.com/company/parker-hannifin
J1MKR23MK1Q7,"WHOLESALE ELECTRIC SUPPLY CO, INC",http://www.netwes.com,https://linkedin.com/company/wholesale-electric-supply-co.-inc
J1NFUDSUPKP3,IGNITE PROCUREMENT LIMITED,www.ignitepro.co.uk,
J1QZPTJ3UJM8,PACIFIC INDUSTRIAL EQUIPMENT CORP,,
J1S8AD8GJ1D1,ASTRONAUTICS CORPORATION OF AMERICA,http://www.astronautics.com,https://linkedin.com/company/astronautics-corporation-of-america
J1T1FEN3PWX6,GENERAL ELECTRIC COMPANY,https://www.geaerospace.com/,https://linkedin.com/company/geaerospace
J1W2JMC63Y23,"MISSION MICROWAVE TECHNOLOGIES, LLC",WWW.MISSIONMICROWAVE.COM,https://linkedin.com/company/missionmicrowave
J1XMEU3CYVG5,UNITED MACHINING NORTH AMERICA LLC,,
J23YLB3F4Z45,"BWXT NUCLEAR OPERATIONS GROUP, INC.",https://www.bwxt.com,https://linkedin.com/company/bwx-technologies
J25LZMLKHLS7,OFFICE IMAGES INC.,http://www.office-images.com,https://linkedin.com/company/office-images-inc-
J271PPKWFHJ3,YSMF INC,www.ysmf.com,https://linkedin.com/company/蠡县永盛毛纺厂
J28TY9LYR7T6,AUTOMATED BUSINESS SOLUTIONS LLC,,
J28ZQERVDKM8,PIPING TECHNOLOGY & PRODUCTS INC,http://www.pipingtech.com,https://linkedin.com/company/piping-technology-&-products-inc
J29NVDM9D8B9,AEROBOTIX INC,https://aerobotix.net,https://linkedin.com/company/aerobotix
J2BMGDFLMJJ1,"PORVAIR FILTRATION GROUP, INC.",http://porvairfiltration.com/,https://linkedin.com/company/porvair-filtration-group
J2CJMGC365K5,COMMUNICATIONS & POWER INDUSTRIES LLC,,
J2DMF1YRKD96,STANDARD CALIBRATIONS INC,https://standardcal.com/,https://linkedin.com/company/standard-calibrations-inc-
J2DSC1JSM2K3,"MARSHALL MECHANICAL, INC.",www.marshallhvac.com,https://linkedin.com/company/marshall-mechanical
J2FBDMUBXE61,SOLUTE,https://sigmadefense.com/,
J2J8WLJ78BA9,NAUTICAL WORLD GENERAL TRADING LLC,www.nautical-world.com,https://linkedin.com/company/nautical-world-l-l-c
J2JFFRJGN5D3,SEGA S.A.,www.gruposega.net,https://linkedin.com/company/gruposega
J2K7EV3KR6A4,"MILLENNIUM ELECTRIC, LLC",https://millenniumelectric.com,
J2KGU972RXG3,UNIVERSITY OF OREGON,,
J2LTQTJLRHM3,"RSG PRODUCTS, INC.",http://rotorcraftservices.com,https://linkedin.com/company/rsg-aerodesign-llc
J2M1V292H8H3,"THE PROSPECTIVE GROUP, LLC",http://www.tpgcorp.com,
J2TKKMWLELF5,"ACS-AFFILIATED CONSTRUCTION SERVICES, INC.",http://www.acscm.com,https://linkedin.com/company/acs-affiliated-construction-services-
J2V1B37NMSX5,GXM TECHNOLOGIES LLC,www.gxmtechnologies.com,
J2VNXB1YQAL4,"RADIUS AEROSPACE, INC.",,
J2XXUBEVMV23,THOMAS GLOBAL SYSTEMS AUSTRALIA PTY LTD,https://www.thomas-global.com/,https://linkedin.com/company/thomasglobal
J2Z4ANVQJFJ4,LUCKIE TEK LLC,,
J319DALQR234,"GDCA, INC.",www.gdca.com,https://linkedin.com/company/gdca-inc
J35HK3KMBL35,CONCEPTANT INC,,
J35HVUVJ5857,QUINCY COMPRESSOR LLC,www.quincycompressor.com,https://linkedin.com/company/quincy-compressor
J37FUNZWAGH7,"ADVA CERA, LLC",https://advacera.com/,
J3A6JX4KGN56,AES CORPORATION,www.aes-corp.com,https://linkedin.com/company/aes-corporation
J3ESM7FWLTK3,"MOODY'S ANALYTICS, INC.",http://www.moodys.com/,https://linkedin.com/company/moodys-corporation
J3FSGJFBBQA3,ADVANCE SAFETY EQUIPMENT CO.,http://www.advancesafetyequip.com,https://linkedin.com/company/advance-safety-equipment-co
J3FTSJFL48V1,JEKKO DEUTSCHLAND GMBH,,
J3H5L79JP997,"VRSIM, INC.",https://vrsim.com/,https://linkedin.com/company/vrsim
J3KFRCUPLDS2,"ACCURATE MARINE ENVIRONMENTAL, LLC",,
J3L4GSK53FR5,"INTRATECH SOFTWARE, LLC",intratechsoftware.com,
J3L4QCUJJKN5,"FRANKLIN'S INDUSTRIES OF SAN DIEGO, INC.",www.FRANKLIN-IND.com,https://linkedin.com/company/franklins-industries-of-san-diego-inc.
J3M5EM9GLUW5,"GOVERNMENT SALES, LLC",governmentsalesllc.com,https://linkedin.com/company/government-sales-llc
J3M5GZAT8N85,NEW MEXICO STATE UNIVERSITY,,
J3NAA3TKEPF3,"THE TRI-M GROUP, LLC",,
J3PUANCGAYY5,"MR VIDEO, INC.",https://mrvideoonline.com/,https://linkedin.com/company/mr.-video-inc.-dba-mr.-video-productions
J3PUBNZBLM99,GEO-METRIK AG,,
J3SVM72J8NN9,"MICHELIN NORTH AMERICA, INC",,
J3ZEMZUJ7LJ9,CUMULUS MEDIA INC.,,
J424S5URLYU5,BAXIVA AG,,
J45HNME3SFN3,GLOBAFONE INC,http://globafone.com,https://linkedin.com/company/globafone
J491WCB3NGF3,IMMIGRANT LAW CENTER OF MINNESOTA,www.ilcm.org,https://linkedin.com/company/immigrant-law-center-of-minnesota
J491ZLPG3KJ8,"SPINE SOLUTIONS, INC.",www.s2pt.com,https://linkedin.com/company/spine-solutions-inc-
J49CN39QTNW3,GOVERNMENT SCIENTIFIC SOURCE INC,http://www.govsci.com,https://linkedin.com/company/government-scientific-source
J4BPM3UKM674,CYKOR LLC,www.cykor.com,https://linkedin.com/company/cykor
J4C7WLXMLYP5,"PIERCE SALES COMPANY, INC.",http://www.REWonline.com,https://linkedin.com/company/restaurant-equipment-world-pierce-sales-co-inc-
J4EYPCJDQ1H6,TEXAS BIOMEDICAL RESEARCH INSTITUTE,http://www.TxBiomed.org,https://linkedin.com/company/texas-biomedical-research-institute
J4FHHJN7XUE7,TK ELEVATOR CORP,,
J4FWQ2F7ECS2,AVANSYS SOLUTIONS LLC,www.avansys-solutions.com,https://linkedin.com/company/avansys-solutions-llc-
J4FXFHL1X9A8,"GREAT PACIFIC PACKAGING, INC.",,
J4GCGHGCLSP1,COMBAT MEDICAL SYSTEMS LLC,http://www.safeguardmedical.com,https://linkedin.com/company/safeguardmedical
J4GDWKVBGEN4,"BLACK DIAMOND TECHNOLOGIES, INC.",https://www.blackdiamondsolutions.com/,https://linkedin.com/company/black-diamond-technologies
J4GHT7577K97,TECHNOLOGY FOR LIFE LLC,,
J4KHM5JY79E3,"V3GATE, LLC",https://v3gate.com,https://linkedin.com/company/v3gate
J4KLUDGBKYJ7,"MDB, INC.",http://www.michaeldbaker.com,https://linkedin.com/company/mdb-inc
J4L1RKKVHEZ1,MDI TELECOM CORP,WWW.SYNCWORKS.COM,https://linkedin.com/company/syncworks
J4N7LVFLJGL9,"VACUUM TECHNOLOGY ASSOCIATES, INC",WWW.DYNAVAC.COM,https://linkedin.com/company/dynavac-vta
J4PFYX13HD36,WESWORKS LLC,www.wesworksllc.net,https://linkedin.com/company/wesworks-llc
J4PRFWHKQCQ7,AMERICAN EOD SERVICES INC,http://www.aeods.com,https://linkedin.com/company/american-eod-services-inc.
J4Q3HP6NHK47,"ROCKWELL COLLINS, INC.",https://www.collinsaerospace.com/,https://linkedin.com/company/collins-aerospace
J4QHS4643B59,WINDCAVE INC,www.windcave.com,https://linkedin.com/company/windcave
J4TDZHLCUGW3,METGREEN SOLUTIONS INC,https://www.metgreensolutions.com/,https://linkedin.com/company/metgreensolutions
J4ZNY2LQ3296,LIPSKY JEROLD DAVID,,
J511AB5U7TD1,AVID SYSTEMS LLC,https://www.avidsys.com,https://linkedin.com/company/avid-systems-llc
J51ULX3CNCZ4,MERCURY SYSTEMS INC,http://www.mrcy.com,https://linkedin.com/company/mercury-systems
J51WBL7M3E39,"CURTISS-WRIGHT FLOW CONTROL SERVICE, LLC",www.cwnuclear.com,
J521EPLPW6L7,"COHERENT TECHNICAL SERVICES, INC.",http://www.goCTSi.com,https://linkedin.com/company/coherent-technical-services
J53PPK7YM8Q1,"KENT ISLAND MECHANICAL, LLC",,
J54KJELMECK3,"TEXAN FLOOR SERVICE, INC.",,
J58YLHZ11UH5,"VIZONTEK, LLC",WWW.VIZONTEK.COM,https://linkedin.com/company/vizontek
J59WX5NWNBF6,MFA OIL CO,www.mfaoil.com,https://linkedin.com/company/mfa-oil-company
J5A5C2E9EB93,HITACHI VANTARA FEDERAL CORPORATION,www.hitachivantarafederal.com,https://linkedin.com/company/hitachifederal
J5AJWFZ9H8Q6,"MCNALLY INDUSTRIES, LLC",http://www.mcnally-industries.com,https://linkedin.com/company/mcnally-industries
J5BMECU7SYJ5,"NEWBRIDGE PARTNERS, INC.",yournbpartners.com,https://linkedin.com/company/newbridge-partners-inc.
J5EDVNKZ64K1,QUANTUM QUBE INC,,
J5EECK8LD2K4,"SONIX, INC.",www.sonix.com,https://linkedin.com/company/sonix-inc.
J5FTSL9NDLN5,M & S MACHINING INC,www.mandsmachining.com,https://linkedin.com/company/m-s-machining-inc
J5KACUM4VXV4,AMERICAN PRODUCTIVITY & QUALITY CENTER INC,www.apqc.org,https://linkedin.com/company/apqc
J5MNV36GNKX4,RESTEK CORP,https://www.restek.com,https://linkedin.com/company/restek-corporation
J5MPAE5AHRD7,IRONCLAD TECHNOLOGY SERVICES LLC,http://www.ironcladts.com,https://linkedin.com/company/ironclad-technology-services
J5NMEZYQ1AJ1,ANHAR MISSAN COMPANY FOR GENERAL TRADING LLC,,
J5QUTKGN5D25,"PLATINUM EMPIRE GROUP, INC.",http://www.platinumhealthcarestaffing.com,https://linkedin.com/company/platinum-healthcare-staffing-inc.
J5UNNCETDZ24,"TRANSFORMATIONAL SECURITY, LLC",http://www.powerfulsecurity.com/,https://linkedin.com/company/transformational-security-llc
J5WBSKVDQ359,"CAPITOL RENTAL BUILDING EQUIPMENT, INC",http://www.capitolsteelstructures.com,https://linkedin.com/company/capitol-steel-structures
J5XXHLQTGLK4,"XIPHOS PARTNERS, INC.",www.xiphos.partners,https://linkedin.com/company/xiphos-partners
J61KXKGDBLG3,RYAN HERCO PRODUCTS CORP.,www.rhfs.com,https://linkedin.com/company/ryan-herco-flow-solutions
J61NVAMM58M5,THE DAVEY TREE EXPERT COMPANY,HTTP://WWW.DAVEY.COM,https://linkedin.com/company/the-davey-tree-expert-company
J632BG3ZB8L9,"TTM TECHNOLOGIES, INC.",www.ttm.com,https://linkedin.com/company/ttmtechnologies
J64CSQTQNRC1,INTERNATIONAL BUSINESS MACHINES CORPORATION,www.ibm.com,https://linkedin.com/company/ibm
J64NE9NCFDM6,"HEROLD PRECISION METALS, LLC",WWW.HEROLDPRECISION.COM,https://linkedin.com/company/herold-precision-metals
J67NMLQ2L276,NAMAA DEVELOPMENT CONSULTING PSC,www.consultusmena.com,https://linkedin.com/company/consultus_2
J67ZHNK7DHC3,VACUUM TECHNOLOGY OF TENNESSEE INC,https://www.vacuumtechnology.com,https://linkedin.com/company/vacuum-technology-inc-vti-
J68BBTMWBJ28,N4 INFORMATION SYSTEMS INC,www.n4-is.com,https://linkedin.com/company/n4-information-systems
J69HN3Q4HJN7,ACME AUTO LEASING LLC,http://acmeautoleasing.com,https://linkedin.com/company/acme-auto-leasing
J6A8RAUC4NW8,STRATUS TECHNOLOGY INTEGRATION SERVICES LLC,https://www.stratus-tis.com/,https://linkedin.com/company/stratus-technology-integration-services
J6ABKJRPSZ26,STIGIAN CONSULTING LLC,https://www.stigian.com,https://linkedin.com/company/stigian
J6AHAR6V1RM7,WESTERN STATES FIRE PROTECTION COMPANY (INC),,
J6ALMFFZ54P9,CORTLAND INDUSTRIAL LLC,https://www.cortlandinternational.com,https://linkedin.com/company/cortland-international
J6BFEU8TVZ83,"ADVANCED TECHNOLOGY SERVICES GROUP, LLC",https://TheATSgroup.com,https://linkedin.com/company/the-ats-group
J6BYN8LDJ413,"HICKS CONSULTING GROUP, INC.",http://www.hickspro.com,https://linkedin.com/company/hicks-professional-group
J6CNECEBTK23,VWR INTERNATIONAL LLC,https://www.vwr.com/,https://linkedin.com/company/vwr
J6DLWFJECYB5,"EXPONENTIAL TECHNOLOGY GROUP, INC",www.rfmw.com,https://linkedin.com/company/rfmw
J6EEK881G8H7,"BETTER DIRECT, LLC",http://www.betterdirectai.com,
J6EQXTU5WJA5,WESCO AIRCRAFT HARDWARE CORP.,www.incora.com,https://linkedin.com/company/incoraglobal
J6EXCWHXNN18,"METAL-FAB SERVICES INDUSTRY, INC",,
J6JSAK2TV3D3,COMMUNICATIONS VENTURE CORP,www.indigital.net,https://linkedin.com/company/indigital911
J6KVKG48K7D9,"CHARLESTON'S RIGGING & MARINE HARDWARE, INC.",http://www.carolinasrigging.com,
J6LHPXUNX7A9,COTERIE ENVIRONMENTAL LLC,http://www.coterie-env.com,https://linkedin.com/company/coterie-environmental-llc
J6NFGHNK4JY6,R.S. MEANS COMPANY LLC,http://www.rsmeans.com,https://linkedin.com/company/r-s-means-company-llc
J6NHYRZ39C17,EPROMOS PROMOTIONAL PRODUCTS LLC,www.epromos.com,https://linkedin.com/company/epromos-promotional-products
J6NSE19QA797,FRX INC,http://www.frx-inc.com,https://linkedin.com/company/frx-inc
J6RVMP428NY5,"DATATRONICS ROMOLAND, INC.",http://www.datatronics.com,https://linkedin.com/company/datatronics-romoland-inc-
J6T1CKA4L5P4,CHEROKEE NATION BUSINESSES LLC,www.cherokeenationbusinesses.com,https://linkedin.com/company/cherokee-nation-businesses
J6W3R33QJEP5,MFED INC,,
J6WEQHN8QVJ3,TECHNO RESCUE LLC,http://www.technorescue.com,
J6XHH3DPCVC6,"VISION TECHNOLOGIES, LLC",http://www.visiontechnologies.com,https://linkedin.com/company/vision-technologies
J6XWV4TYFMJ4,"PUYENPA TECHNOLOGIES, LLC",https://www.puyenpa.com/technology/,https://linkedin.com/company/puyenpa
J71LMPXZKND3,CENTRAL WASTE SERVICES INC,,
J72CSAL8PNV9,SDS SOLUTIONS INC,www.sdssolutionsinc.com,
J73FS3KUHXE4,"NEUTRON PRODUCTS, INC.",,
J73QK4BTYJJ6,"L3 TECHNOLOGIES, INC.",,
J76ADNDEK1K7,DEPARTMENT C LLC,www.departmentc.com,https://linkedin.com/company/departmentc
J77HS5JHZMC7,BAKER-HILL INDUSTRIES INC,,
J79PD1VNHN81,CASE CONSULTANTS INTERNATIONAL LLC,https://www.caseconsultantsinternational.com,https://linkedin.com/company/case-consultants-international
J79UJ96DGL31,HONEYWELL INTERNATIONAL INC.,http://www.honeywell.com,https://linkedin.com/company/honeywell
J7CBDG1JJ675,"UNITECH SERVICES GROUP, INC.",http://www.unitechus.com,https://linkedin.com/company/unitech-services-group-inc-
J7CFXGWQNBN9,THE S/L/A/M COLLABORATIVE INC,https://www.slamcoll.com/,https://linkedin.com/company/the-s-l-a-m-collaborative
J7CMC12U37C9,COR-RAY PAINTING CO.,https://www.corraypainting.com/,https://linkedin.com/company/cor-ray-painting-co
J7EUQNKQNTH6,"IC-1 SOLUTIONS, LLC",www.theswiftgroup.com,https://linkedin.com/company/the-swift-group-inc.
J7FHDGM2HAM8,NORTHERN TECHNOLOGIES GROUP INC,http://www.ntgit.com/,https://linkedin.com/company/ntg
J7FUYPW933N6,BIXAL SOLUTIONS INCORPORATED,http://www.bixal.com,https://linkedin.com/company/bixal
J7GQMPR75XQ8,SILENTIUM DEFENCE TRADING PTY LTD,https://www.silentiumdefence.com.au/,https://linkedin.com/company/silentium-defence
J7H1MTJZVMW5,"HALEY & ALDRICH, INC",http://www.haleyaldrich.com,https://linkedin.com/company/haley-&-aldrich
J7H2GBCDCLY6,"SYSTEMS PLUS, INC.",https://www.sysplus.com/,https://linkedin.com/company/systems-plus-inc.
J7JJKMJGC7K1,"NAC GROUP, INC.",http://www.nacsemi.com,https://linkedin.com/company/nacsemi
J7KZF2R2C486,"SIEMENS INDUSTRY, INC.",,
J7N2SJ7W3KE6,SAHARA PALMS INC,,
J7PLY8CRM3P7,THE HAARTZ CORPORATION,www.haartz.com,https://linkedin.com/company/the-haartz-corporation
J7VBJ7NEJ5R7,METHODIST HEALTHCARE MEMPHIS HOSPITALS,http://www.methodisthealth.org,https://linkedin.com/company/methodist-le-bonheur-healthcare
J7WFATKKWBA6,BERLITZ CORPORATION,www.berlitz.com,https://linkedin.com/company/berlitz-corporation
J7Z3ZT1N16K2,"EAST TEXAS TESTING LABORATORY, INC.",http://www.ettlinc.com,https://linkedin.com/company/ettl-engineers-and-consultants
J841VD4NPHP3,THE MAGNOLIA BUILDING CO,www.magnoliabuilding.com,https://linkedin.com/company/the-magnolia-building-company
J84GXV5ZKJK9,"ABBA TECHNOLOGIES, INC.",http://www.abbatech.com,https://linkedin.com/company/abba-technologies
J85BGJN4GCH7,GALAXY TECHNOLOGIES INC,http://www.galaxytool.com/,https://linkedin.com/company/galaxy-tool-corporation
J861G2B5VYL3,"FAIRWINDS CYBER, LLC",,
J865UUQJJW47,MIKROLAR INC,http://www.mikrolar.com,https://linkedin.com/company/mikrolar-inc._2
J87FTRH6X3E3,MICHIGAN TECHNOLOGICAL UNIVERSITY,www.mtu.edu,https://linkedin.com/company/michigan-technological-university
J888H21TG9H3,RIPTIDE TECHNOLOGY INC,https://www.riptide-tech.com,https://linkedin.com/company/riptide-technology
J894H6CQE5J6,JG CONTRACTING CO INC,www.jgcontracting.com,https://linkedin.com/company/jg-contracting
J89ST7LK33Z2,WIFI2WAY LLC,www.safe-comwireless.com,https://linkedin.com/company/safe-comwireless
J8ALEH6YKJ54,"COVARIS, LLC",http://www.covaris.com,https://linkedin.com/company/covaris
J8CANJJ8HEM8,DK&A CONSULTING GROUP LLC,,
J8CNBANBZ6U8,"TETRA TECH, INC.",,
J8DSJAGNMY48,"BRAINSTORM LABS, INC.",,
J8ESNHF85EZ7,"SHAPEFIDELITY, INC.",www.shapefidelity.com,https://linkedin.com/company/shape-fidelity-inc.
J8FRFK3U6M93,"N2GRATE GOVERNMENT TECHNOLOGY SOLUTIONS, LLC",http://www.n2grate.com,https://linkedin.com/company/n2grate-government-technology-solutions
J8FZA5EN2A99,"KEVIN A FORD ASTRONAUTICAL, LLC",,
J8K3P2PJDK18,PROSTEP INC,http://www.prostep.com/en/mn/company/prostep-group/prostep-inc.html,https://linkedin.com/company/prostep-ag
J8LJMJ7S5KG6,"R & D ELECTRONICS, INC",www.rdelect.com,https://linkedin.com/company/r-&-d-electronics-inc.
J8LKX6JUDNM3,"ROCKWELL AUTOMATION, INC.",www.rockwellautomation.com,https://linkedin.com/company/rockwell-automation
J8M1UGKAFL69,GSI ENVIRONMENTAL INC.,www.gsi-net.com,https://linkedin.com/company/gsienvironmental
J8MUD9KVY2L1,"GERLING & ASSOCIATES, INC.",,
J8NFBL166VL9,INSTRUMART LLC,http://www.instrumart.com,https://linkedin.com/company/instrumart
J8P3WC8NABT7,"BUGEYE TECHNOLOGIES, INC.",http://www.bugeyetech.com,https://linkedin.com/company/bugeye-technologies
J8RTM813JDB9,WESTERN CONSTRUCTION INC,,
J8SHF2ANYDK9,SEASPACE CORPORATION,http://www.seaspace.com,https://linkedin.com/company/seaspace-corporation
J8VML9HY5GN4,"ARTICULATE GLOBAL, LLC",http://www.articulate.com,https://linkedin.com/company/articulate
J8VQWXXJLE44,"OPCO LABORATORY, INC",www.opcolab.com,https://linkedin.com/company/opcolaboratoryinc
J8WCYWJQKJE9,AVNET INC,http://www.avnet.com,https://linkedin.com/company/avnet
J92CSHCGMY35,"IDEAL VACUUM PRODUCTS, LLC",https://www.idealvac.com,https://linkedin.com/company/ideal-vacuum-products
J92GSRDE4NJ3,"ZEPHER FLIGHT LABORATORIES, INC.",www.zepherflight.com,https://linkedin.com/company/zepherflight
J943AAJFBGU4,"PLIXER, LLC",http://www.plixer.com/,https://linkedin.com/company/plixer
J946ULS1SHE5,PHOENIX DATA SECURITY INC.,http://www.phoenixcyber.com,https://linkedin.com/company/phxcyber
J94MK4SKC329,EMPRATA LLC,www.emprata.com,https://linkedin.com/company/emprata
J95NQZF6XYE7,JENA-OPTRONIK GESELLSCHAFT MIT BESCHRAENKTER HAFTUNG,www.jena-optronik.de,https://linkedin.com/company/jena-optronik-gmbh
J96ENJMK3AK1,"ENVIRONMENTAL RESTORATION GROUP, INC",http://www.ERGoffice.com,https://linkedin.com/company/environmental-restoration-group
J97ND86RGM46,KEMET ELECTRONICS CORPORATION,www.yageogroup.com,
J999BTAN96J7,"SILICONEXPERT TECHNOLOGIES, INC.",http://siliconexpert.com,https://linkedin.com/company/siliconexpert
J9ABUNXR2K45,"SPECTRUM BUILDERS & RENOVATIONS, INC.",,
J9AFNJL99P83,"SOUTH EASTERN ACOUSTICS, INC.",,
J9AKLJ7GAK98,"424 LABORATORIES, LLC",https://labds.com,https://linkedin.com/company/laboratory-design-supply
J9B2F6NSU9S9,DATAGAIN INC,https://datagainservices.com/,https://linkedin.com/company/datagain
J9CDGR596MN3,THE CURATORS OF THE UNIVERSITY OF MISSOURI,,
J9GDBV5X8493,"THE INTEGRATION GROUP OF AMERICAS, INC.",www.tiga.us,https://linkedin.com/company/the-integration-group-of-americas-inc.
J9J6DX5L5XY5,"STANDARDAERO ATLANTIC USA, INC.",www.standardaero.com,https://linkedin.com/company/standardaero
J9LFZF3KXMJ1,HOWMET AEROSPACE INC.,,
J9PWRU87NBF2,CRAIG T HEWITT,,
J9PYGE9DFXR9,"MICROWAVE POWER PRODUCTS, INC.",http://www.mppinc.com,https://linkedin.com/company/microwave-power-products
J9Q2H16424X7,CAYUGA ASTRONAUTICS LLC,www.CayugaAstro.com,
J9TNGUJMKEC1,"HENDRICKSON USA, L.L.C.",www.hendrickson-intl.com,https://linkedin.com/company/hendrickson
JA1JYVVNWB81,PARKER-HANNIFIN CORPORATION,http://www.parker.com/,https://linkedin.com/company/parker-hannifin
JA2KCX21NL48,"DEFENSE MARITIME SOLUTIONS, INC.",http://WWW.DMSAMERICA.COM,https://linkedin.com/company/defense-maritime-solutions
JA2RCKJFYUV7,KHALIFA ABDULRAHMAN AL-GOSAIBI INVESTMENT COMPANY,algosaibi.sa,https://linkedin.com/company/algosaibi-investment
JA3JGV3WG6U7,CARLTON FORGE WORKS,www.precast.com,https://linkedin.com/company/precision-castparts
JA3LXNZMCTA9,KK MOLD DESIGN & MACHINING LLC,www.kkmoldandmachining.com,https://linkedin.com/company/kk-mold-design-&-machining-llc
JA3LZYQ9K9Z9,"PPT SOLUTIONS, LLC",www.pptsinc.com,https://linkedin.com/company/ppt-solutions-inc
JA63T3KD8121,CONSULTING EDITIONS,,
JA6DRAGJ4JJ1,AGE SOLUTIONS LLC,,
JA8EP8EKX8Y9,"UCHICAGO ARGONNE, LLC",http://www.anl.gov,https://linkedin.com/company/argonne-national-laboratory
JA9NV8H3L2T9,"ANDURIL INDUSTRIES, INC.",http://www.anduril.com/,https://linkedin.com/company/anduril
JAA5P1XNX9V9,"RODDY PRODUCTS PACKAGING CO., INC",http://www.roddyproductspackaging.com/,https://linkedin.com/company/roddy-products-packaging-co.-inc.
JAB8KHMQFT65,"BLACK RIVER SYSTEMS COMPANY, INC.",www.brsc.com,
JABNKM6HXML1,A-1 TRUCK & EQUIPMENT INC,www.a1truck.com,https://linkedin.com/company/a-1-truck-&-equipment-inc-
JACMATCH87S5,"MABBETT & ASSOCIATES, INC.",http://www.mabbett.com,https://linkedin.com/company/mabbett-&-associates
JADMQL2SLB98,DEI HOLDING INC,https://www.dukeelec.com,https://linkedin.com/company/dukeelec
JAE7KUZ45DE9,CLEAR-COM LLC,http://www.clearcom.com,https://linkedin.com/company/clear-com
JAGFLJSK5229,MISSION SYSTEMS ORCHARD PARK INC,www.eaton.com,https://linkedin.com/company/eaton
JAGYJNK4ZBJ5,"BILLOWS ELECTRIC SUPPLY COMPANY, INC.",www.billows.com,https://linkedin.com/company/billows-electric-supply
JAJ9BGWVRAX3,ALMONTASER TECHNICAL SERVICES,,
JAJLFWTJEQG1,"RIDGE ENGINEERING, LLC.",,
JAJZTD23M722,"BOWEN SCARFF FORD SALES, INC.",,
JAK9GN77JBM1,DRS ADVANCED ISR LLC,DRS.COM,
JAKYVDNNUJP9,GEL LABORATORIES LLC,gel.com,https://linkedin.com/company/gel-laboratories-llc
JAL3NM2UU917,COLORADO ENGINEERING EXPERIMENT STATION INC,http://www.ceesi.com,https://linkedin.com/company/colorado-engineering
JALJNKLE4JN9,SUMMIT AEROSPACE INC,www.summitmro.com,https://linkedin.com/company/summitaerospace
JAN2B24DXGL1,"NORTHLAND RESEARCH, INC",http://www.northlandresearch.com,https://linkedin.com/company/northland-research-inc
JAQ8MWV45MX6,"SUN RADIA, INC.",http://www.sunradia.com,https://linkedin.com/company/sun-radia
JATFDNL3FF32,"HDT EXPEDITIONARY SYSTEMS, INC.",www.hdtglobal.com,https://linkedin.com/company/hdt-global
JAWLNAZW2E45,SOPHAM CONSULTING GROUP INC,http://www.sopham.com/,https://linkedin.com/company/sopham-consulting-group
JAWVEMLL16F6,AMERICAN INFORMATICS SOLUTIONS LLC,http://www.amerimatics.com,https://linkedin.com/company/amerimatics
JAXJSTJJSP74,"RTX BBN TECHNOLOGIES, INC.",,
JAYVFFEJMSX5,"I - ASSURE, L.L.C",http://www.i-assure.com,https://linkedin.com/company/i-assure-llc
JAZ3BD7JH7P5,MILITARY VEHICLE SUSTAINMENT LLC,,
JB1DBTZFW3A6,AERO-SYSTEMS LLC,,
JB1LPMT6HJU8,VF WORLDWIDE HOLDINGS LTD,,
JB2CKU3NF5N9,ACUFAST AIRCRAFT PRODUCTS,acufast aircraft products,
JB2SEEH8P6X7,HVF PRECIOUS METALS LLC,https://hvfpreciousmetals.com/,
JB3FU6NKW1M3,KRAYDEN INC,www.krayden.com,
JB3ZXUS2BLM4,GOIZPER S.COOP,,
JB5CFPLJZVH1,ULTUMUS LLC,,
JB6NUGL6L5V3,MERIDIAN INTERNATIONAL CENTER,meridian.org,https://linkedin.com/company/meridian-international-center
JB7UBCTNM6N5,VIASAT INC,www.viasat.com,https://linkedin.com/company/viasat
JB84XFR6P5D5,"A.C. SCHULTES OF DELAWARE, INC",,
JB97VAMZWK94,"J-MAR AND ASSOCIATES, INC.",www.jmarandassociates.com,https://linkedin.com/company/j-mar-associates
JBAHTL9M7YV7,"INFINITE ELECTRONICS INTERNATIONAL, INC.",www.infiniteelectronics.com,https://linkedin.com/company/infinite-electronics-inc.
JBGSLKSY8FZ7,FMR CONSULTING INC.,www.fmrconsulting.com,https://linkedin.com/company/fmr-consulting-inc.
JBGVRDEUBPK9,"CURTISS-WRIGHT CONTROLS INTEGRATED SENSING, INC",,
JBHCKKZRPE25,AIR ROVER COMPANY,,
JBK2Z55UJAL7,"SOUND GLASS SALES, INC",http://www.soundglass.com,https://linkedin.com/company/sound-glass-sales-inc
JBLBEMJKA7V5,CHICOPEE MUNICIPAL LIGHTING PLANT,http://www.celd.com,https://linkedin.com/company/chicopee-electric-light-dept
JBMJKLEVYXN5,CATHOLIC CHARITIES OF THE ARCHDIOCESE OF NEWARK,http://www.ccannj.org,
JBMJLX7MGMN5,"BLUEHALO LABS, LLC",,
JBN4PMN7KZB7,"THE ATCHISON GROUP, INC.",http://www.nationalcorporatehousing.com,https://linkedin.com/company/national-corporate-housing
JBN7ACPJXUU4,AEROPOL AVIATION SERVICES CORPORATION,,
JBT9MS215MB5,PROLEAF CORPORATION,https://www.proleafcorp.com/,
JBTHM717EG22,HOLT SERVICES INC,www.holtservicesinc.com,https://linkedin.com/company/holt-services-inc
JBU6SJXQH569,"SHIPPING LOGISTICS, LLC",WWW.SHIPPINGLOGISTICS.WS,https://linkedin.com/company/shipping-logistics-llc
JBUNEF3ZLLJ9,"INSTITUTE OF INDUSTRIAL AND SYSTEMS ENGINEERS, INC",https://iise.org,https://linkedin.com/company/iisenet
JBUSTBQFNAN5,"ARMORIT, LLC",www.armorit.com,https://linkedin.com/company/armorit-llc
JBV2SMLRBK29,ELECTRIC POWER RESEARCH INSTITUTE INC,www.epri.com,https://linkedin.com/company/epri
JBVNSKGG3D17,"METABIOLOGICS, INC.",,
JBVSY667PCH3,"PREMIER SOURCING NETWORK, LLC",www.psnetw.com,https://linkedin.com/company/premier-sourcing-network-llc
JBZNVFSULBP7,BRIO CONSTRUCTION LLC,https://www.facebook.com/BrioconstructionAC/,https://linkedin.com/company/chris-colgan-crimson-capital-group
JC3ZY9XLZNY6,"CATHOLIC CHARITIES OF THE DIOCESE OF BATON ROUGE, INC",WWW.CCDIOBR.ORG,https://linkedin.com/company/catholic-charities-diocese-of-baton-rouge
JC42EBJ5NFJ1,HAMILTON SUNDSTRAND CORPORATION,,
JC5ADQQRSDZ1,POWERSCHOOL GROUP LLC,www.powerschool.com,
JC6WTWL9N3L5,"AKUA, INC.",https://akua-inc.com/,https://linkedin.com/company/akua-secure-logistics
JC6XP8B7EC51,"NEROS, INC.",www.neros.tech,https://linkedin.com/company/neros-tech
JCBMLGPE6Z71,BOOZ ALLEN HAMILTON INC,https://www.boozallen.com/,https://linkedin.com/company/booz-allen-hamilton
JCCCG1N4R7P6,CAST INC,www.cast.org,https://linkedin.com/company/castorg
JCCHJ122AVW9,HONEYWELL INTERNATIONAL INC.,,
JCD2N6T3CAH7,"COAST AEROSPACE MANUFACTURING, INC",https://www.coastaero.com,https://linkedin.com/company/coast-aerospace-manufacturing
JCE3LYATXMC3,NEEV-KS TECHNOLOGIES LLC,www.neevks.com,
JCG1YVULGWA5,ACME ROOFING & SHEET METAL COMPANY INC,,
JCGFHM1L1JX9,"AMERGIS HEALTHCARE STAFFING, INC.",https://www.amergis.com/,https://linkedin.com/company/amergis-healthcare-staffing
JCHJAUBBJ9U6,"FABRICATION TECHNOLOGIES INDUSTRIES, INC.",http://www.ftisd.com,
JCJVMV9BD1T1,"MARK G. MILLER, INC",https://sesut.com/,https://linkedin.com/company/select-engineering-services
JCKMBXZ448G5,NORTHROP GRUMMAN SYSTEMS CORPORATION,northropgrumman.com,https://linkedin.com/company/northrop-grumman-corporation
JCL3T9MAKQF5,"NEXGEN MECHANICAL, INC.",nexgenmechanical.com,https://linkedin.com/company/nexgen-mechanical-inc
JCLPCUFC7PB9,HATALOM CORP,www.hatalom.com,https://linkedin.com/company/hatalom-corporation
JCM5AJUDE263,"NEW ENGLAND KEYBOARD, INC.",http://www.newenglandkeyboard.com,https://linkedin.com/company/new-england-keyboard-inc-
JCMKC4GNTH33,AL RAWABET COMMERCIAL SERVICES & CONTRACTING CO. W.L.L.,www.linkco.com.qa,
JCMMCFAETB23,"G.T. LEASING, INC.",www.gtleasing.com,https://linkedin.com/company/gt-leasing
JCN3B6EMEAW7,"SEYMOUR ENTERPRISES, INC.",,
JCRLDRGB73A4,"OPPENHEIM, JENNIFER",,
JCSJKLX48RL7,SGL COMPOSITES INC.,http://www.sglcarbon.com,https://linkedin.com/company/sglcarbon
JCTZTXCNX729,"APERIA SOLUTIONS, INC.",www.aperia.com,https://linkedin.com/company/aperia-solutions-inc.
JCUMH4FV7CS3,POLU KAI SERVICES LLC,www.polukaiservices.com,https://linkedin.com/company/polu-kai-services
JCUZNG8BX714,LOGISTIC AIR INC,www.logisticair.com,
JCXKM7U9WDR9,DEDICATED COMPUTING LLC,http://www.dedicatedcomputing.com,https://linkedin.com/company/dedicated-computing
JCZMSDNMSW57,AMP UNITED LLC,ampunited.com,https://linkedin.com/company/ampunited
JCZYYYQ7JGF5,"AEROJET ROCKETDYNE OF DE, INC",www.l3harris.com,https://linkedin.com/company/l3harris-technologies
JD1LS4LLVJ78,CONCENTRIC SECURITY LLC,http://concentricsecurity.com,https://linkedin.com/company/concentric-security
JD29MLRHMJE7,UNIVERSITY OF ALASKA SYSTEM,https://alaska.edu/ualand/,https://linkedin.com/company/university-of-alaska-anchorage
JD2DPM6K16U8,"NAVAL SYSTEMS, INC.",http://www.n-s-i.us/,https://linkedin.com/company/nsi_4
JD48HJK74BS4,VULCAN SPRING & MFG. CO.,www.vulcanspring.com,https://linkedin.com/company/vulcan-spring-&-mfg.-co.
JD4NMBBC5FR6,ASSURECARE LLC,,
JD71YRYLRSQ1,UNIVERSIDAD DE CHILE,http://www.uchile.cl,https://linkedin.com/company/vid-uchile
JD8NFT58EN69,DURABOOK FEDERAL INC,,
JDBUEMYP1EA3,COLLINS CONSULTING INC,http://www.colcon.com,https://linkedin.com/company/collins-consulting
JDCKBJDFLLL5,VESCENT TECHNOLOGIES INC.,http://www.vescent.com,https://linkedin.com/company/vescent-photonics-l-l-c
JDEWR5MUQN93,"SOMERSET STEEL ERECTION COMPANY, INCORPORATED",www.somersetsteel.com,
JDGCEF2J7FF9,PUBLIC INVENTION,https://www.pubinv.org/,https://linkedin.com/company/publicinvention
JDKWFKD2C665,CFM PROJECT CONSULTING GROUP INC,http://www.cfmengineering.com,
JDKYAKDT4TT6,CREARE LLC,http://www.creare.com,https://linkedin.com/company/creare
JDLCCA1DSVX3,GUIDEPOINT SECURITY LLC,http://www.guidepointsecurity.com/,https://linkedin.com/company/guidepointsec
JDLJE8NKMEX9,JUSTICE FOR ALL IMMIGRANTS,,
JDLLUAWK4CT1,GLOBAL RENTAL CO INC,,
JDLVAVGYJQ21,PRESIDENT AND FELLOWS OF HARVARD COLLEGE,https://researchadmin.hms.harvard.edu/,
JDMDFEZBYH36,ROCHE DIAGNOSTICS CORPORATION,HTTP://WWW.ROCHE.COM,https://linkedin.com/company/roche
JDNREVM7QJH3,ALASKAN COPPER COMPANIES INC,http://www.alaskancopper.com,https://linkedin.com/company/alaskan-copper-&-brass-co.
JDNZNGBLW8A9,"PALOMAR PRODUCTS, INC.",www.palomar.com,
JDP4LVPK5JR9,IMPROVIX TECHNOLOGIES INC,www.improvixtech.com,https://linkedin.com/company/improvix-technologies
JDQLBBNJZVM9,"VOYTEN ELECTRIC & ELECTRONICS, INC.",www.voyten.com,https://linkedin.com/company/voyten-electric-&-electronics-inc-
JDRZJZAXJK37,"WPI SERVICES, LLC",https://www.systecongroup.com/us,https://linkedin.com/company/systecon-ab
JDUKDPBD4JT9,MIKEL INC,https://www.mikelinc.com/,https://linkedin.com/company/mikel-inc.
JDUYBLVZL8Q3,CONTROL CABLE INC,http://www.controlcable.com,https://linkedin.com/company/control-cable
JDVVFTJP1M23,"ASIC NORTH, INC.",http://www.asicnorth.com,https://linkedin.com/company/asic-north
JDXCF1HSB6N6,TRIOH CONSULTING GROUP INC,www.trioh.com,https://linkedin.com/company/trioh-consulting-group-inc
JDYPF4E3EVJ3,APAVE AMERICA INC.,www.irisndt.com,https://linkedin.com/company/irisndt
JDYPKMWH3JL7,"NORTHERN SPECIALTY METALS, INC.",,
JE13VJYVV378,RAM AVIATION SPACE & DEFENSE LLC,http://www.ramasd.com,https://linkedin.com/company/ram-company
JE3BHV45MNG7,"RARISREX, LLC",www.RarisRex.com,https://linkedin.com/company/rarisrex
JE45B3HGH2M3,V-TRON ELECTRONICS CORP,http://www.V-Tron.com,https://linkedin.com/company/v-tron-electronics-corp-
JE4BKEP7KNA6,EXIGO CORPORATION,http://www.exigocorp.com,https://linkedin.com/company/exigo-corporation
JE4RNW3G8DM7,GOOCH & HOUSEGO FLORIDA INC.,,
JE66ENT3XJJ5,ESSEX INDUSTRIES INC,http://www.essexind.com,
JE86F4Y84CN5,"GREEN ROCK STRATEGIES, LLC",www.greenrockllc.com,https://linkedin.com/company/green-rock-llc
JE8QAT3GGJN6,LINTECH COMPONENTS CO. INC.,http://www.lintechcomponents.com,https://linkedin.com/company/lintech-components
JE93NVE5URR7,"VINSYS INFORMATION TECHNOLOGY, INC.",http://www.vinsysinfo.com,https://linkedin.com/company/vinsys-information-technology-inc
JE9EG57FNWT1,AIR TRAFFIC ENGINEERING CO LLC,www.atec-co.com,https://linkedin.com/company/atec-llc
JEAKKN4EM9X8,INODE INK CORPORATION,http://www.inodeink.com,https://linkedin.com/company/inode-ink-corporation
JEAMNJKK7LG4,ENERGY BY NATIVE AMERICAN DESIGN CORP,www.energy-nad.com,https://linkedin.com/company/enad
JEANDJTZ8HJ3,"FCN, INC.",http://www.fcnit.com,https://linkedin.com/company/fcn
JEARDVYGX7M7,SPOK INC.,http://www.spok.com,https://linkedin.com/company/spok
JEATS22MKKM6,"QUANTUM DESIGN, INC.",www.qdusa.com,https://linkedin.com/company/quantum-design
JEDSVNSMLTN4,"OXFORD GLOBAL RESOURCES, LLC",http://www.oxfordcorp.com,https://linkedin.com/company/oxford-global-resources
JEDYLF96A9N6,PROTEC DYNATRONIX LLC,www.process-technology.com,
JEEJXMC5BLN9,EQUIPTO ELECTRONICS CORP,http://www.equiptoelec.com,https://linkedin.com/company/equipto-electronics-corporation
JEEVVYGNX6K4,XC CONTAINER LLC,www.xcalibercontainer.com,https://linkedin.com/company/xcaliber-container
JEEXHBQJ43E3,JAYNMIN LLC,,
JEFWMETE1NL6,BLUCO CORP,http://www.bluco.com,https://linkedin.com/company/bluco
JEG8DJJ6N115,COMMAND CONTROL COMMUNICATIONS ENGINEERING & LOGISTICS LLC,http://www.c3el.com,https://linkedin.com/company/c3el
JEGFV3LWEJH7,"L3HARRIS TECHNOLOGIES, INC.",WWW.HARRIS.COM,https://linkedin.com/company/harris-corporation
JEGJRY2VE2A3,"VAN CLEVE & ASSOCIATES, INC.",www.vcasecurity.com,https://linkedin.com/company/van-cleve-&-associates-inc
JEGLE4MLW6L9,CAPITOL ENVIRONMENTAL SERVICES INC,www.capitolenv.com,https://linkedin.com/company/capitol-environmental-services-inc.
JEH6ZNLZH917,SQUADRA SOLUTIONS LLC,www.squadrasolutions.com,https://linkedin.com/company/squadra-solutions-llc
JEJ3NQKY4XM6,UNHOLTZ-DICKIE CORP,,
JEKVSJJZEEN8,CACY ELECTRIC,http://cacyelectric.com/,https://linkedin.com/company/cacy-electric
JELBTS5B3QA5,"DRYWALL SPECIALTY CONTRACTORS, INC",,
JELVHM2LECB6,"CATALYST CONSTRUCTION, INC.",https://www.catconguam.com/,
JEQPH1FE2PV6,NU FLOW SERVICES OF PHOENIX LLC,,
JES8JX4MW5E5,GORMAN & GORMAN ELECTRIC CO,http://www.gormanelectric.com,https://linkedin.com/company/gorman-&-gorman-electric
JESPSTM19AC7,SENSING SYSTEMS CORPORATION,http://www.sensing-systems.com,https://linkedin.com/company/sensing-systems
JEUPMER5ARS8,CUMMINS INC.,WWW.CUMMINS.COM,https://linkedin.com/company/cummins-inc
JEZKNL25AXS3,STRATEGICALLY MINDFUL LLC,strategicallymindful.com,
JEZVN4KFLKM3,"LDS VACUUM PRODUCTS, INC.",http://www.ldsvacuumshopper.com,https://linkedin.com/company/lds-vacuum-products-inc.
JF2BLNN4PJC3,FLORIDA STATE UNIVERSITY,https://www.research.fsu.edu/,https://linkedin.com/company/florida-state-university-office-of-research
JF2BTBLAW8E8,WEBZ.IO LTD,,
JF5YF6EELKA7,"ROCHELLE CONSTRUCTION SERVICES, INC.",,
JF63HJLL79L3,COGNOLUTIONS LLC,,
JF6XLNB4CDJ5,TEXAS A & M UNIVERSITY,https://www.tamu.edu,
JF8JGXRW4YT3,CYGANIEWICZ GEOTECHNICAL LLC,,
JFEEKCSN33B5,UNISON INDUSTRIES LLC,,
JFEKPWLHYWK6,GROVER BROTHERS EQUIPMENT INC,http://www.groverbros.net,https://linkedin.com/company/grover-brothers-restaurant-equipment
JFFMS6D9JNC6,"ASTRION GROUP, LLC",www.astrion.us,https://linkedin.com/company/astrion
JFGYV2K89469,"MARPLES GEARS, INC.",marplesgears.com,https://linkedin.com/company/marples-gears
JFHWFWDCVDV8,"STRYKER SALES, LLC",http://www.stryker.com/,https://linkedin.com/company/stryker
JFJ9XQBUNHD7,"CREATIVE SOLUTIONS TECHNICAL SERVICES, INC.",,
JFKEK4G3Z166,MULTI-DOMAIN INC.,MultiDomain.us,
JFMUR1LECTN1,"ULYSSIX TECHNOLOGIES, INC.",www.ulyssix.com,https://linkedin.com/company/ulyssix-technologies-inc-
JFMXJT9FZSM6,"ROCCOMAR, INC.",http://www.roccomar.com,https://linkedin.com/company/roccomar-inc
JFN3DSNKK314,BLITHE INDUSTRIES,,
JFN9TTCMKQH8,TEXSTARS LLC,www.ppgaerospace.com,
JFPEJR7JWHC1,"CATHOLIC CHARITIES OF DALLAS, INC.",www.ccdallas.org,https://linkedin.com/company/catholic-charities-of-dallas-inc-
JFS8DR6SKJW1,GUARDED HORIZONS INC,,
JFSULRKLVCB9,"SAPIENT GOVERNMENT SERVICES, INC.",www.publicissapient.com,https://linkedin.com/company/publicissapient
JFSVA772DGC5,MALTA DYNAMICS LLC,maltadynamics.com,https://linkedin.com/company/malta-dynamics
JFT8BGF7FKV6,WATERS TECHNOLOGIES CORPORATION,www.waters.com,https://linkedin.com/company/waters
JFTXR7FTYL97,ELEMENT MATERIALS TECHONOLGY WIXOM INC.,http://www.element.com,https://linkedin.com/company/element-materials-technology
JFWEC1LMJE84,AEROSPACE FABRICATION & MATERIALS LLC,www.aerospacefab.com,https://linkedin.com/company/aerospace-fabrication-&-materials-llc
JFY7W8WMBAT4,MANAFORT BROTHERS INCORPORATED,http://www.manafort.com,https://linkedin.com/company/manafort-brothers-inc-
JFZEGKAFKD58,READY 3 LLC,www.ready3.com,
JG1JDWP4ZNL9,SIX HALF DOZEN CREATIVE STUDIO,,
JG1JX6NL39U7,GUIDEHOUSE LLP,https://www.guidehouse.com,https://linkedin.com/company/guidehouse
JG2SRK9AUGH1,GPC AEROSPACE LLC,www.gpc-aero.com,
JG5NN1TEQ1N1,ZIBRA CORPORATION,https://www.zibracorp.com,https://linkedin.com/company/zibra-corporation
JG5UK1NB78N7,"REICH TOOL & DESIGN, INC.",www.reichtool.com,
JG7MH47XDKS3,ENVIRONMENTAL SCIENCE LLC,http://www.pacelabs.com,https://linkedin.com/company/paceanalytical
JG8AJY4Q9PE8,EATON AEROSPACE LLC,http://www.eaton.com,https://linkedin.com/company/eaton
JG98GFJGHF74,SYNTHIO CHEMICALS INC,www.synthiochem.com,https://linkedin.com/company/synthiochemicals
JGAML3JALFF7,"SHIMAR RECYCLING, INC.",http://www.shimar.com,https://linkedin.com/company/shimar-recycling-inc
JGAYYKN63SJ1,"TYCOON COMPANY FOR GENERAL TRADING, AIRPORT SERVICES, TRANSPORT GOODS AND RENTAL VEHICLES/LTD",www.tycoon-iq.com,
JGBZJV7NPSP1,W&W-AFCO STEEL LLC,www.wwafcosteel.com,https://linkedin.com/company/w&w-afco-steel
JGCCNNE7MCF1,AMERICAN FIRE SPRINKLER CORP,www.americanfiresprinkler.com,https://linkedin.com/company/american-fire-sprinkler-corp
JGCZG3JR7195,BETHEL INDUSTRIES INC,,
JGD1BHL6JRY7,"FIVE 9 GROUP, INC.",http://www.Five9Group.com,https://linkedin.com/company/five-9-group-inc
JGFUG23PAX54,"BASS MACHINING COMPANY, INC.",,
JGG5G8NK75F9,"MACSONS, INCORPORATED",,
JGKUUVVJDKW3,"BURGESS & NIPLE, INC.",https://www.burgessniple.com,https://linkedin.com/company/burgess-niple
JGNNGHSK8FC5,"ENVERUS, INC.",www.enverus.com,https://linkedin.com/company/enverus-energy
JGPBFEHA33V9,AIR GREENLAND A/S,www.airgreenland.gl,
JGQMHYKY8HS3,"HONEYCOMB COMPANY OF AMERICA, INC.",https://hcoainc.com/,https://linkedin.com/company/honeycomb-company-of-america-inc.
JGS5KJAKTB95,"MAHONEY NOTIFY-PLUS, INC.",www.mahoneyalarms.com,https://linkedin.com/company/mahoney-alarms
JGUCD3NLUGF5,HEALTH MANAGEMENT ASSOCIATES INC,http://www.healthmanagement.com,https://linkedin.com/company/health-management-associates
JH12DNNH87E1,ACTION MANUFACTURING CO,https://www.action-mfg.com,https://linkedin.com/company/action-manufacturing-company
JH1RHJ5R7TT1,NEWPORT CORP,http://www.newport.com,https://linkedin.com/company/newport-corporation
JH2CJYVWBME6,"ROLLER BEARING COMPANY OF AMERICA, INC.",,
JH45J21NAJL3,PALACE ELECTRICAL CONTRACTORS INC,,
JH4VGYMDADF4,EC3 FEDERAL SERVICES LLC,,
JH5TAXHM8BK5,NIKEL PRECISION GROUP LLC,http://www.npg-mfg.com,
JH6LYNE2CEA9,G & D MACHINE SHOP INC,http://www.gdmachineshop.com,https://linkedin.com/company/g-&-d-machine-shop-inc.
JH8ZBDQ854N7,"NTS LABS, LLC",www.element.com,https://linkedin.com/company/element-materials-technology
JHC1D6MHXJF5,"TOPCON MEDICAL SYSTEMS, INC.",,
JHC5BTJWNFA5,NTS TECHNICAL SYSTEMS LLC,,
JHCST1U9MDH5,FIRE EQUIPMENT INC,https://www.feinewengland.com,https://linkedin.com/company/fire-equipment-inc
JHDGA2J1Q4K4,"HOUSEMAN REFRIGERATION, LLC",https://housemanrefrigeration.com,
JHDSLB8YK4D7,"ROYAL ENGINEERED COMPOSITES, INC.",www.royalcomposites.com,https://linkedin.com/company/royal-engineered-composites
JHFVVBKB7TL8,"AVENGA WATER WELL SERVICES, LLC",,
JHJJCXJNFBF6,TRUSTED FORCE LLC,,
JHMGQ8M2LPD4,"JOHNSON CONTROLS, INC.",,
JHN5GDMWC7B7,PALEOWEST LLC,www.paleowest.com,
JHPQX1T1DHJ7,DG SERVICES LLC,https://dupillgroup.com/dg-services/,https://linkedin.com/company/dupill-group
JHPXZQA4R1X1,"BLACK ROCK TECHNOLOGY GROUP, LLC",,
JHSLCKLMZP57,DISASTER AND EMERGENCY MANAGEMENT SERVICES INTERNATIONAL LLC,,
JHT2JFM72CD6,"INOVALON PROVIDER, INC",http://www.inovalon.com/products/provider-cloud/,https://linkedin.com/company/inovalon
JHWEJXT5QJQ4,"SCHWEIZER RSG, LLC",www.schweizerrsg.com,https://linkedin.com/company/schweizerusa
JHXEV9ZR2163,NEW ENGLAND HOME & GLASS INC,nehomeglass.com,
JHY6AZA6H191,"GENERAL DYNAMICS MISSION SYSTEMS, INC.",https://gdmissionsystems.com,https://linkedin.com/company/gdms
JJ1BSKBJW9N1,FEDERAL SIGNAL CORPORATION,www.fedsig.com,https://linkedin.com/company/federal-signal
JJ2MTKMVW8K4,"SRCLOGIC, LLC",http://www.srclogic.com,https://linkedin.com/company/srclogic
JJ3QPDZSCXH5,KNOWINNOVATION INC,http://www.knowinnovation.com,https://linkedin.com/company/knowinnovation-ltd
JJ5TPJBLDMY9,"L.A. PAINTING, LTD.",,
JJ8CN6XNE2J8,"TRUETANDEM, LLC",http://www.truetandem.com,https://linkedin.com/company/truetandem
JJ8GAYKMHZU9,MARTIN-BAKER AIRCRAFT COMPANY LIMITED,www.martin-baker.com,https://linkedin.com/company/martin-baker-aircraft-co-ltd
JJ9BBEJC9K18,DISCOVERY MACHINE INC,http://www.discoverymachine.com,https://linkedin.com/company/discovery-machine-inc-
JJ9YKA8NYKY4,ULTRAX AEROSPACE INC,http://WWW.ULTRAXINC.COM,https://linkedin.com/company/ultrax-aerospace-inc
JJAALHXM6WL1,"RYAN PUBLIC SAFETY SOLUTIONS, INC.",http://www.rpss911.com,https://linkedin.com/company/ryan-public-safety-solutions
JJBFMM6NHSN5,COMMERCIAL CARPETS OF AMERICA INC,http://www.ccafloors.com,https://linkedin.com/company/cca-floors-&-interiors
JJBGFFMQHNS9,RESEARCH SUPPORT SERVICES INC,www.rssincorporated.com,https://linkedin.com/company/research-support-service-inc-
JJC9GJJJL4M7,IDAHO STATE UNIVERSITY,http://www.isu.edu,https://linkedin.com/company/idaho-state-university
JJFKLGY7TBJ5,"BECTON, DICKINSON AND CO",,
JJGJPJNVDRP6,EVCO PARTNERS LP,http://www.burgooncompany.com,https://linkedin.com/company/burgoon-company
JJGNCNFLM9S5,SOUTHWEST OFFICE SOLUTIONS INC,http://www.sos-nm.com,https://linkedin.com/company/southwest-office-solutions---xerox
JJHBEYM2DJ66,NORTHROP GRUMMAN SYSTEMS CORPORATION,,
JJHCMK4NT5N3,RESEARCH TRIANGLE INSTITUTE,http://www.rti.org,https://linkedin.com/company/rti-international
JJHVK2JV65Q5,JAY/ENN CORPORATION,www.jayenn.com,https://linkedin.com/company/jay-enn-corp
JJJ2JY8TJRZ8,"NATIONAL BUSINESS FURNITURE, LLC",http://WWW.NationalBusinessFurniture.COM,https://linkedin.com/company/national-business-furniture
JJJNELGFZTK3,SCOTT & FROM CO INC,http://www.scottandfrom.com,https://linkedin.com/company/scott-&-from-co-inc
JJJPRCSJ9RK6,KEARFOTT CORP,http://www.kearfott.com,https://linkedin.com/company/kearfott-corporation
JJKJHPKPPLH3,COMMUNICATIONS INTERNATIONAL INC,http://www.ask4ci.com,https://linkedin.com/company/communications-international
JJKKJ9PYWAP1,CORITY SOFTWARE INC.,http://www.cority.com/,https://linkedin.com/company/cority
JJKMWVHFEHM1,HIGH QUOTIENT,www.highquotient.com,https://linkedin.com/company/high-quotient
JJKPJR3QLCL5,SANDOW CONSTRUCTION INC,www.sandowconstruction.com,https://linkedin.com/company/sandow-construction-inc
JJLMBNFX4JH5,ALL IN SOLUTIONS LLC,https://www.allin-solutions.com,https://linkedin.com/company/all-in-solutions-llc
JJM4FRDZJDX1,THE BOEING COMPANY,http://www.boeing.com,https://linkedin.com/company/boeing
JJM4NYJJK151,LICHTIG EMC CONSULTING LLC,http://www.lichtigemc.com,
JJMLX8VQ6WY1,"HEALTHCARE MANAGEMENT SOLUTIONS, LLC",http://www.hcmsllc.com,https://linkedin.com/company/healthcare-management-solutions-llc
JJMXSCBJZKK5,HARPER FEDERAL CONSTRUCTION LLC,,
JJN2J3GL79C5,BENFIELD ELECTRIC SUPPLY CORP,www.benfieldelectric.com,https://linkedin.com/company/benfield-electric-supply
JJN5F1LA43C3,"BARON WEATHER, INC",http://www.baronweather.com,https://linkedin.com/company/baron-weather
JJNBJ1NFDY39,"MORSE WATCHMANS, INC",www.morsewatchmans.com,https://linkedin.com/company/morse-watchmans
JJNCL1H3NJQ1,RIVERSIDE COMMUNITY COLLEGE DISTRICT,www.rccd.edu,https://linkedin.com/company/riverside-community-college-district
JJNFZL3Q63S6,SENIOR OPERATIONS LLC,https://seniorssp.com/,https://linkedin.com/company/senior-aerospace-ssp
JJP8RNZYEXU7,CEDAR TECHNOLOGIES INC,https://www.cedartech.net,
JJPHTS7CAAB5,GEORATOR LLC,http://www.georator.com,https://linkedin.com/company/georator
JJPUNWLKBRC6,HAMER ENVIRONMENTAL LIMITED PARTNERSHIP,http://www.hamerenvironmental.com,https://linkedin.com/company/hamer-environmental
JJQLGV4L8LA7,DATAPHYSICS INSTRUMENTS USA CORP.,www.dataphysics-instruments.com,https://linkedin.com/company/dataphysics-instruments-gmbh
JJS1H56UDTN3,"ZACHARY PIPER SOLUTIONS, LLC",www.zacharypiper.com,https://linkedin.com/company/zachary-piper-solutions
JJSCWEJB6Y26,"CAPTIVATION SOFTWARE, LLC",https://captivation.us,
JJSDDKV75M53,"D. C. LITES, INC.",http://www.dclites.net,https://linkedin.com/company/d.c.-lites-company
JJT2BB6HEN59,"DUCOMMUN AEROSTRUCTURES, INC.",www.ducommun.com,https://linkedin.com/company/ducommun-incorporated
JJTVLV6CDK65,OR COMMUNICATIONS CONTRACTOR LLC,,
JJUNQJARMYS4,"ADVANCED INDUSTRIAL, LLC",advancedindustrialsupply.com,
JJWFLYDHHZM5,"BLACK ARROW CONSULTING, LLC",www.blackarrowconsult.com,https://linkedin.com/company/black-arrow-consulting-llc
JJXMWWM97U57,DEBRA-KUEMPEL INC,,
JJXNBUX9HE33,"FLATTER, INC",www.flatterinc.com,https://linkedin.com/company/flatterinc
JJY7YU3YRH41,RITCON L.L.C.,,
JJZ4GXK7SCJ5,CONCURRENT TECHNOLOGIES INC,http://www.gocct.com,
JJZKW9GLKZX8,"AMERICAN PIPING PRODUCTS, INC.",www.amerpipe.com,https://linkedin.com/company/american-piping-products
JK12LG7ZPSY5,"SECTOR MICROWAVE INDUSTRIES, INC.",http://www.sectormicrowave.com,https://linkedin.com/company/sector-microwave-industries-inc-
JK1SAJWLMN95,"ATI SPECIALTY ALLOYS & COMPONENTS, LLC",www.ATImaterials.com,https://linkedin.com/company/atimaterials
JK27RJPCLXD4,FIVE STONES RESEARCH CORPORATION,http://www.5SR-HSV.com,https://linkedin.com/company/5-stones-research-corp
JK2NRCHYK4N6,"DESIGN ALASKA, INC.",http://www.designalaska.com,https://linkedin.com/company/design-alaska
JK3MV1TNEA43,"ACROMIL, LLC",www.acromil.com,https://linkedin.com/company/acromil
JK4DTL3SL6P9,"TRI-COR INDUSTRIES, INC",http://www.tricorind.com,https://linkedin.com/company/tri-cor-industries-inc-
JK83G3BU8C18,"UNITEK INSULATION, LLC",,
JK9LM6B67Z77,ELCON ENTERPRISES INC,elevatorcontrolservice.com,https://linkedin.com/company/elcon-enterprises-inc-t-a-elevator-control-service
JKA1CZAPE6L7,WESSINGTON CRYOGENICS LIMITED,www.wessingtoncryogenics.com,https://linkedin.com/company/wessington-cryogenics
JKC6SND7AX23,"GLOBETECK GROUP, INC",http://www.globeteckgroup.com,https://linkedin.com/company/globeteck-group-inc
JKDAA9LCV741,"MILANOWSKI & ASSOCIATES, INC.",www.radhard.com,
JKEHSRGLLZE7,"DATA ELECTRONIC DEVICES, INC.",http://www.dataed.com/,https://linkedin.com/company/data-electronic-devices
JKGEZ8KRJ7N5,ELDEC AEROSPACE CORP,,
JKHECDLJ4DN5,MICROPEN TECHNOLOGIES CORPORATION,,
JKHFNY23LN24,THE HORSBURGH & SCOTT CO,http://www.horsburgh-scott.com,https://linkedin.com/company/the-horsburgh-&-scott-co-
JKHHFJML3KD7,AVIONICS TEST AND ANALYSIS CORPORATION,,
JKJ7DMKLLUP2,PROTECH FIRE & SECURITY LLC,www.protechhawaii.com,https://linkedin.com/company/protech-fire-&-security-llc
JKJJCK6GKAD6,"ABLE COMMUNICATIONS, INC.",https://www.ablecomm.net,https://linkedin.com/company/able-communications-inc-
JKJMKFAFH8B9,WRIGHT LINE LLC,http://www.wrightline.com/,https://linkedin.com/company/wright-line
JKJRBMNBX3S3,TIDEWATER DISTRIBUTORS LLC,www.tidewatertactical.com,
JKK1WR18SYA4,"ONTIME NETWORKS, LLC",www.ontimenet.com,https://linkedin.com/company/ontime-networks
JKKNZLNYLJ19,WICHITA STATE UNIVERSITY,http://www.wichita.edu,https://linkedin.com/company/wichita-state-university
JKKRE2KQNXH3,CATHOLIC CHARITIES OF THE ARCHDIOCESE OF GALVESTON-HOUSTON,http://www.catholiccharities.org,https://linkedin.com/company/ccharitiesghtx
JKLJTE83DMH5,B C COMPUTER SUPPLY INC,http://www.bcofficesolutions.com,
JKM7K2CCW6U9,DELTA INFORMATION SYSTEMS INC,,
JKNLLBMXNKV3,"ADVANCED TECHNOLOGY LEADERS, INC.",,
JKNLPXLBSLS4,"SIERRA NEVADA COMPANY, LLC",www.sncorp.com,https://linkedin.com/company/sierra-nevada-corporation
JKNXCZNPF1M8,"ACCURATE ENERGETIC SYSTEMS, LLC",www.aesys.biz,https://linkedin.com/company/accurate-energetic-systems
JKPWANVPNFN7,JOY SIGNAL TECHNOLOGY LLC,https://www.joysignal.com,https://linkedin.com/company/joy-signal-technology
JKR7EDSFFQT8,AMERICAN AEROGEL CORPORATION,https://www.aerosafeglobal.com/,
JKRDYNDWLNB8,"MAGNET FORENSICS, LLC",https://www.magnetforensics.com,https://linkedin.com/company/magnet-forensics
JKS2BD1HN289,"VINSON PROCESS CONTROLS COMPANY, L.P.",https://www.vinsonprocess.com,https://linkedin.com/company/vinson-process-controls
JKV3UXEGGYF5,"GOULDS PUMPS CO., LTD.",,
JKV4JFYBJAW5,"AERONIX, INC.",www.aeronix.com,https://linkedin.com/company/aeronix
JKV8PJZFAGW7,MERCURY MISSION SYSTEMS LLC,mrcy.com,https://linkedin.com/company/mercury-systems
JKVNT2ZWLA44,"MACGYVER SOLUTIONS, INC.",www.macgyversolutions.com,https://linkedin.com/company/macgyver-solutions-inc
JKVWTDLUNFP7,PERSON-BORNE DETECTION K-9 LLC,,
JKWAXCTMAPJ3,CDS SUPPORT LIMITED,www.cdsds.uk,https://linkedin.com/company/cds-defence-support
JKWJG8EHFJF5,J A LARUE INC,http://www.jalarue.com,https://linkedin.com/company/laruesnowblowers
JKWWHMLK9AM6,"CURTISS-WRIGHT DS, INC.",www.curtisswrightds.com,https://linkedin.com/company/curtiss-wright-controls-defense-solutions
JKX3HYYKG4Y7,"ASCENDRA, INC.",www.ascendra.com,https://linkedin.com/company/ascendra-inc
JKXWMVGBQ8E6,"WESTECH ENGINEERING, LLC",westechwater.com,
JKYJZJ5HJYX8,GYANNI INC,www.gyanni.com,https://linkedin.com/company/gyanni-inc
JKZ6NJ1KBEG6,"ARGIL SOLUTIONS, LLC",https://www.argilsolutions.com,
JKZ9KRNBUGT8,"DILLON AERO, INC.",www.dillonaero.com,https://linkedin.com/company/dillon-aero-inc.
JKZEXW54GNX5,GAMMA PRODUCTS INC,www.gammaproducts.com,
JL1HW7V141B5,"KAESER COMPRESSORS, INC.",http://kaeser.com,https://linkedin.com/company/kaeser-compressors
JL2AB7DKAHV8,QUADRUS CORPORATION,http://www.QuadrusCorp.com,https://linkedin.com/company/quadrus-corporation
JL44DV8WBXS6,ZEN STRATEGICS LLC,,
JL46T63RGLH6,WRIGHTS ELECTRIC LLC,,
JL4JHE9SDRR3,ST JUDE CHILDREN'S RESEARCH HOSPITAL INC,,
JL52GGBB7YE5,TRILLION TECHNOLOGY SOLUTIONS INC,http://www.ttsiglobal.com,https://linkedin.com/company/ttsiglobal
JL5HQ2324BE9,SPAULDING COMPOSITES INC,http://wwwSpauldingcom.com,
JL5RNQ2NLLE6,"PC SPECIALISTS, INC.",http://www.tig.com,https://linkedin.com/company/tigconnect
JL66D5ZCSGM8,NEW AGE METAL FABRICATING CO INC,http://www.namf.com,https://linkedin.com/company/new-age-metal-fabricating-co
JL69VUEB4LG5,BAY WEST LLC,http://www.baywest.com,https://linkedin.com/company/bay-west-llc
JL6RLHMB8DQ4,INFINITE SUPPLY LLC,www.infinite-supply.com,https://linkedin.com/company/infinite-supply-llc
JL7KMZNUACR1,"ASHKORE TECHNICAL SOLUTIONS, LLC",https://www.ashkore.com,https://linkedin.com/company/ashkore-technical-solutions-llc
JL7LRQ6K4ZT6,"SCHOOL SPECIALTY, LLC",www.schoolspecialty.com,https://linkedin.com/company/school-specialty
JL7QKH3PNZ87,RINCELL CORPORATION,http://www.rincell.com,https://linkedin.com/company/rincell
JL8QYTXHV7M5,ELEVATED STAFFING SUPPORT LLC,https://elevatedstaffingsupport.com/,https://linkedin.com/company/elevated-staffing-support-llc
JL99G1YPJKK9,WELLPATH LLC,,
JL99QD2NH751,RJCL CORPORATION,www.rnvconstruction.com,
JL9CDLT1L7U4,DSG - SERVICE GESELLSCHAFT MBH,,
JL9NMM3YALQ5,"TAD PGS, INC.",http://www.tadpgs.com,https://linkedin.com/company/tadpgs
JLATWD7CH2L5,"CTL ENGINEERING, INC",http://www.ctleng.com,https://linkedin.com/company/ctl-engineering-inc-
JLAZY7RHKPJ3,SMS DATA PRODUCTS GROUP INC,http://www.sms.com,https://linkedin.com/company/sms-data-products
JLCFMDC5J461,"CUSTOM LAWN & LANDSCAPE, INC",www.customlawn.com,https://linkedin.com/company/custom-lawn-landscape-inc
JLGMTWJMWT88,"VORTEX ENGINEERING, LLC",,
JLHMYBMLQ8W9,TRM GAMMA AEROSPACE ACQUISITION LLC,gammaaero.com,https://linkedin.com/company/gammaaerospace
JLJCEM6MAZE7,"NATEL ENGINEERING COMPANY, LLC",http://www.neotech.com,https://linkedin.com/company/neo-technology-solutions
JLJVFN4MAQ98,DYNAPOWER COMPANY LLC,http://www.dynapower.com,https://linkedin.com/company/dynapower-company-llc
JLKHK9YKNNP5,HONEYWELL LIMITED,,
JLKPWJFX65Z3,AES SYSTEMS INC,www.aessystems.com,https://linkedin.com/company/aes-systems-inc.
JLKYDQEC2L27,PROBITY INC,www.probity.com,https://linkedin.com/company/probity-llc
JLLCBKKDMEZ3,"C & B TECHNOLOGY, LLC",,
JLN8C372PW59,MP MACHINERY & TESTING LLC,https://www.mpmachineryandtesting.com/,https://linkedin.com/company/mpmachinery
JLP9S2MNJJL5,DOGWOOD MANAGEMENT PARTNERS LLC,http://www.dogwood.net,https://linkedin.com/company/dogwood-management-partners-llc
JLREE96WGKM5,LAUREL TECHNOLOGIES PARTNERSHIP,https://www.leonardodrs.com/,https://linkedin.com/company/leonardodrs
JLSJRB3JMU58,TEK PRECISION CO LIMITED,WWW.TEKPRECISION.COM,https://linkedin.com/company/tek-precision-co-ltd-
JLSXCM17MAR7,GEOTECH FOUNDATION COMPANY-WEST,,
JLTENWKXQZF3,"NATIONAL SOURCING, INC.",www.nationalsourcing.net,https://linkedin.com/company/national-sourcing-inc-
JLTHJ77DLU83,"XLR8 EMS, LLC",http://www.XLR8ems.com,https://linkedin.com/company/xlr8ems
JLTLH4C9SJ37,OPENJAW TECHNOLOGIES LIMITED,,
JLTMS5197CE9,TITANIUM METALS CORP,,
JLU3M2UX2PL3,"A2K, INC",,
JLU4D5E41KX4,B3GLOBALCON POLSKA SP. Z O.O.,www.b3globalcon.com,https://linkedin.com/company/b3globalcon
JLUCJHHMXEK9,LIGHTER THAN AIR SYSTEMS CORP,www.droneaviationcorp.com,https://linkedin.com/company/drone-aviation
JLVKC6J1HWL8,INTERNET VISION DEVELOPMENT INVID LLC,https://invidgroup.com,https://linkedin.com/company/invid_2
JLW7WAKPEKD4,TELOS CORPORATION,http://www.telos.com,https://linkedin.com/company/telos-corporation
JLWLJXQ3M995,RAYTHEON COMPANY,https://www.rtx.com/,https://linkedin.com/company/raytheontechnologies
JLX3YNL2HL39,"BARYONYX MANAGEMENT CONSULTING, INC.",http://baryonyxinc.com/,https://linkedin.com/company/baryonyx-management-consulting-inc
JLY7XYEA7PB5,WARD CIRCLE STRATEGIES INC.,www.wardcirclestrategies.com,https://linkedin.com/company/ward-circle-strategies
JLY9AVEBL6F8,"HAWKEYE 360, INC.",,
JLYXCM85NTZ3,"PHOTONICS INDUSTRIES INTERNATIONAL, INC",https://www.photonix.com/,https://linkedin.com/company/photonics-industries-inc
JM13YTXHGA63,"TRC GLOBAL MOBILITY, INC",http://www.trcglobalmobility.com,https://linkedin.com/company/trc-global-mobility-inc-
JM1ALNFEKET3,"AIRCRAFT RUBBER MANUFACTURING, INC.",http://www.fuelsafe.com,https://linkedin.com/company/fuel-safe-systems
JM1RHRXMLKG8,REDHORSE CORPORATION,http://www.redhorsecorp.com,https://linkedin.com/company/redhorse-corporation
JM2GNDJLDWL5,ADVEX CORPORATION,,
JM2NHLJNF4J7,UNIVERSITY OF TEXAS AT ARLINGTON,https://web-ded.uta.edu/,
JM2UEBH19NN5,"AVMET APPLICATIONS, INC.",http://www.avmet.com,https://linkedin.com/company/avmet-applications-inc
JM3EQL1RTER4,FLYNN BEC LP,kim.orr@flynncompanies.com,
JM3KFJD63CK7,MAG DS CORP,www.magaero.com,https://linkedin.com/company/magaerospace
JM5TU7AMSYL9,"PERFORMANCEEPC, LLC",www.performanceepc.com,
JM6CRQV4P2F7,"BEHAVIORAL IDEAS LAB, INC.",http://www.ideas42.org,https://linkedin.com/company/ideas42
JM6RNJN59UK4,"SMT, CORP.",http://www.smtcorp.com,https://linkedin.com/company/smt-corp
JM7DMPTXUP95,FIELD ENVIRONMENTAL INSTRUMENTS INC,,
JM7ZYZHGL457,HYDROFORM USA INCORPORATED,www.hydroformusa.com,https://linkedin.com/company/hydroformusa
JM9YH2ERKM95,"TELEDYNE FLIR DEFENSE, INC.",www.flir.com,https://linkedin.com/company/flir-systems
JMANKLJELJU4,NATIONAL MICROCHIP,www.nationalmicrochip.com,https://linkedin.com/company/national-microchip
JMB3DATKDQV5,INTRASTAGE INC,www.intrastage.com,https://linkedin.com/company/intrastage
JMB4BUW6B1N8,"FINLEY AND MULVENA, INC",,
JMDQCG2GPWF3,"RUSCOMB TOOL & MACHINE CO., INC.",,
JMEJWKH438C9,"IDENTIV, INC.",www.identiv.com,
JMF3UPEZ1L62,"K-TECHNOLOGIES, INC.",www.k-technologies.com,https://linkedin.com/company/k-technologies
JMFJNMK32LN7,HELIGEAR ACQUISITION CO.,,
JMG3R5M8XZH5,FRONTIER ELECTRONIC SYSTEMS CORP,https://www.fescorp.com/,https://linkedin.com/company/frontier-electronic-systems
JMG4FQ28ZSK9,TELEDYNE SCIENTIFIC & IMAGING LLC,,
JMGML2XFZYH6,FIRST PRINCIPLES INCORPORATED,http://www.firstprinciples.biz,
JMJ1CDPA4P66,NICHEVISION FORENSICS LLC,https://nichevision.com/,https://linkedin.com/company/nichevision-forensics-llc
JMJLL924EBL1,PAN-PACIFIC MECHANICAL LLC,www.ppmechanical.com,https://linkedin.com/company/pan-pacific-plumbing-&-mechanical
JML7CDKNP6U1,"SYMVIONICS, INC.",http://www.symvionics.com,https://linkedin.com/company/symvionics
JMLGLUZN6S59,CREATIVE GLOBAL CONSULTING LLC,www.creativegc.com,https://linkedin.com/company/creative-global-consulting
JMMGS5ACXCW6,"TELTRIUM, INC.",www.teltrium.com,https://linkedin.com/company/teltrium
JMN4JC6UMA29,"KELLER NORTH AMERICA, INC.",www.keller-na.com,
JMNELMXE5QV6,ALL SECURE TECHNOLOGIES LLC,www.allsecuretech.com,
JMNPY2TFF5T1,"NAC MECHANICAL SERVICES, LLC",www.nacgroup.com,https://linkedin.com/company/noyes-air-conditioning
JMPYFZ13LR19,STARBOARD MARITIME INTELLIGENCE LIMITED,https://starboard.nz/,https://linkedin.com/company/starboard-nz
JMR4L9MJW7G3,"THYSSENKRUPP MATERIALS NA, INC.",WWW.TKMNA.COM,
JMRCHS6FPGW4,"4K SOLUTIONS, LLC",www.4ksolutions.com,https://linkedin.com/company/4k-solutions
JMRSG76DN1D1,"R.J. KATES COMPANY, INC",http://www.rjkates.com,https://linkedin.com/company/r-j-kates-company-inc-
JMSCXLLLDSD7,WEX BANK,http://www.wexinc.com/,https://linkedin.com/company/wexinc
JMSJQLFAMF43,CDM FEDERAL PROGRAMS CORPORATION,http://www.cdmsmith.com,https://linkedin.com/company/cdmsmith
JMSSMX3NDKF4,LOCKHEED MARTIN CORPORATION,www.lockheedmartin.com,https://linkedin.com/company/lockheed-martin
JMVMGGNJGA29,"GOVPLACE, LLC",http://www.govplace.com,https://linkedin.com/company/govplace
JMXJYLL8UD75,ORAN INC,http://www.oraninc.com,https://linkedin.com/company/oran-inc-
JMXKQMD6MGN9,ONE SOURCE INFOTECH LLC,www.onesourceinfotech.com,https://linkedin.com/company/one-source-infotech-llc
JMZRNZQWRQ78,"ECOTECH HYDRO EXCAVATION, LLC",www.GoEcotech.com,
JN16VPC2PXN4,"BAY CITY MARINE, INC",www.baycmarine.com,
JN3HJ223XJ37,VANDERMOLEN INC,,
JN3UKDP675C4,"CROWN INNOVATIONS, INC.",http://www.crownci.com,https://linkedin.com/company/crown-consulting-inc-
JN43ZJTVM8Z1,NAVTECA LLC,www.navteca.com,https://linkedin.com/company/navteca
JN76XSK4G447,JD VIEWPOINT TRAINING & CONSULTING LLC,,
JN7KXK1QJYK7,DOLEAC ELECTRIC CO INC,,
JN86U4RNN9N5,"MAXON PRECISION MOTORS, INC.",https://www.maxongroup.com/en-us,
JN9KXCAUTMY9,THE SOULE CO.,www.soulepackaging.com,https://linkedin.com/company/soule-packaging
JNAZN1KNW7G7,"POWEREX, INC.",https://www.pwrx.com/,https://linkedin.com/company/powerex-semiconductor
JNBNC5RNXGS6,"ALS GROUP USA, CORP.",HTTP://WWW.alsglobal.com,https://linkedin.com/company/als
JNEDNY48C871,"FLAME-SPRAY, INC",https://flamesprayinc.com/,https://linkedin.com/company/flame-spray-inc.
JNF3HFBDS5U7,ACRETUS LLC,,
JNFEJMSLMXW7,GROUNDSWELL CORPORATION,https://gswell.com/,https://linkedin.com/company/groundswelldc
JNGGSHSM3EG6,ALLEGION ACCESS TECHNOLOGIES LLC,http://www.stanleyaccess.com/,https://linkedin.com/company/stanley-access-technologies
JNGMKR7BRV13,CENTRAL ENVIRONMENTAL INC,,
JNHWXYDBLNX7,BATTLESPACE SIMULATIONS LLC,http://www.bssim.com,https://linkedin.com/company/battlespace-simulations-inc-
JNJ3SD2BZ6N4,TELOPS INC,www.telops.com,https://linkedin.com/company/telops
JNJ3WUH7CS93,BROCKMAN STRATEGY GROUP LLC,http://www.brockmanstrategygroup.com,
JNJCXKMFG233,LAMBDA INC,https://lambda.ai/,https://linkedin.com/company/lambda-cloud
JNJDBJZLL2R7,EDGEONE LLC,http://www.edgetech.com,https://linkedin.com/company/edgetech
JNJPM2FN7LB7,"ALABAMA SPECIALTY PRODUCTS, INC.",https://www.alspi.com,https://linkedin.com/company/alabama-specialty-products
JNJRGWE96NT6,KEY2 CONSULTING LLC,www.key2consulting.com,https://linkedin.com/company/key2-consulting
JNJTZTJHZQ49,BERG ENTERPRISES INC,www.bergenterprises.com,https://linkedin.com/company/berg-enterprises
JNJVG7YMH944,NANION TECHNOLOGIES INC,,
JNKDQNXUTCF8,NETWRIX CORPORATION,http://www.netwrix.com,https://linkedin.com/company/netwrix-corporation
JNKHFNJMDJ67,NWI PRECISION TUBE ULC.,www.nwiprecision.com,https://linkedin.com/company/nwi-precision-tube-ulc
JNLVEBN3TFH5,TELETRIX CORPORATION,https://teletrix.com,https://linkedin.com/company/teletrix
JNLVWMXPFLR7,"CENTRO DE INVESTIGACIONES TECNOLOGICAS, BIOMEDICAS Y MEDIOAMBIENTALES CITBM",www.citbm.pe,https://linkedin.com/company/citbm
JNLZMB3NU7J5,"NETWORK SECURITY SYSTEMS PLUS, INC",HTTP://WWW.NSSPLUS.COM,https://linkedin.com/company/network-security-systems-plus
JNM3KCGYX8K9,EASTMAN MACHINE COMPANY,http://www.eastmancuts.com,https://linkedin.com/company/eastman-machine-company
JNMCE2KJLPM8,CYTEC CORP,https://WWW.CYTEC-ATE.COM,https://linkedin.com/company/cytec-corp-
JNMLKF2U3G45,"ASTLEY PRECISION MACHINE COMPANY, INC.",www.astleyprecision.com,https://linkedin.com/company/astley-precision
JNMNS9NVN6Q7,"COLUMBIA ENERGY & ENVIRONMENTAL SERVICES, INC.",http://www.columbia-energy.com,https://linkedin.com/company/columbia-energy-&-environmental-services-inc.
JNN1JA9T5668,JESKELL SYSTEMS LLC,http://www.jeskell.com,https://linkedin.com/company/jeskell
JNQ7KBQU71D5,SMITH & CONNORS LLC,www.smithandconnors.com,https://linkedin.com/company/smithandconnors
JNQBA3NR8EM7,TRANQUILITY AND ALLEGIANCE ACADEMY L.L.C.,www.tranquilityandallegianceacademy.com,https://linkedin.com/company/tranquilityandallegianceacademy
JNQSMLK1EEM6,MOOG INC,http://www.moog.com,https://linkedin.com/company/moog
JNSREJSAM7A4,TAIVARA LTD,www.taivara.com,https://linkedin.com/company/taivara
JNU3Q89CJE39,MASTER ENGINEERING INC,,
JNU8E5HN8FN9,"ADVANCED INSPECTION SERVICES, LLC",www.advancedinspec.com,
JNUGCYE1C2S3,"RBH AEROSPACE, INC.",www.rbhaerospace.com,https://linkedin.com/company/rbh-aerospace
JNURVE2SZBV7,SRILOKYA GROUPS INC,,
JNWDQ64M2Q43,FIRE SYSTEMS WEST INC,https://www.firesystemswest.com,https://linkedin.com/company/fire-systems-west
JNZFSQZ5JJF5,"C&T FIRE PROTECTION, INC",,
JP1AJYKRSMC4,"ITC FEDERAL, LLC",http://www.itcfederal.com,https://linkedin.com/company/itc-federal
JP8LUEACPT25,"BRAD WILLARD PROFESSIONAL PAINTERS, INC",,
JP91J1FGNGH6,ENTERPRISE CONSULTING GROUP LLC,,
JPAWX1GE54S4,"MATERIALS TESTING & CONSULTING, INC.",http://www.mtc-inc.net,https://linkedin.com/company/materials-testing-and-consulting-inc.-mtc-
JPBAJRKKMW26,JAMES BELL ASSOCIATES INC,www.jbassoc.com,https://linkedin.com/company/james-bell-associates
JPDQJVF2KJJ6,APPLIED ENTERPRISE MANAGEMENT CORPORATION,www.aemcorp.com,https://linkedin.com/company/aemcorporation
JPFQBA1Y3315,"MUSTANG VACUUM SYSTEMS, LLC",www.mustangvac.com,https://linkedin.com/company/mustang-solar
JPFXGSXFG733,"MES SERVICE COMPANY, LLC",,
JPGTV1QBXKA3,THE CENTRAL MASSACHUSETTS CENTER FOR BUSINESS AND ENTERPRISE INC,bvhub.org,https://linkedin.com/company/blackstone-valley-hub-for-workforce-development-bv-hub
JPJ4UHGGC5B4,"CRESCENT BRIDGE, LLC",https://crescent-bridge.com/,https://linkedin.com/company/crescent-bridge
JPJBNZE45CJ3,"W. T. G. GROUP, INC.",www.wtggroup.com,https://linkedin.com/company/wtg-group-inc
JPJML4AHP6V9,"CUSTOM CONCRETE CUTTING, LLC",,
JPL8KD5ELH91,"UNITED SYSTEMS OF ARKANSAS, INC.",http://unitedsystems.net,https://linkedin.com/company/united-systems-of-arkansas-inc
JPLZMLTKNWP9,"CREATIVE DEVELOPMENT GROUP, LLC",www.creativedevgroup.com,
JPMCB8QU9MN7,"J.G. TATE FIRE PROTECTION SYSTEMS, INC.",,
JPMGSV18AFL8,ONEGLOBE LLC,http://www.oneglobeit.com,https://linkedin.com/company/oneglobe-llc
JPUVHSBD91E3,"JBM TRAINING, L.L.C.",,
JPUXNYJ7PRH2,"RESEARCH TRIANGLE INSTITUTE INTERNATIONAL, LLC",,
JQ16PMS9H3S3,CISCO WEBEX LLC,https://www.webex.com,https://linkedin.com/company/webex
JQ1SXDEKRQX8,"FIREWATER ASSOCIATES, LLC",http://www.firewaterllc.com,https://linkedin.com/company/firewater
JQ6WC2EM82Q3,AFG GROUP INC.,http://www.afgcm.com,https://linkedin.com/company/afg-group-inc-
JQ6WYM7KQGP7,LAW OFFICE OF ANDREW NIETOR,,
JQ94Y8WFUFG6,"NETSOURCE TECHNOLOGY, INC",www.nstechnology.com,https://linkedin.com/company/netsource-technology
JQ96TGXKVB73,ADVANCED CONSTRUCTION TECHNOLOGY SERVICES W.L.L.,,
JQA2ZFLHC8Z6,NEW WAVE DESIGN & VERIFICATION LLC,www.newwavedesign.com,https://linkedin.com/company/new-wave-design
JQALFGKFK5M9,HYDRO-PAC INC,http://www.hydropac.com,https://linkedin.com/company/hydro-pac-inc.
JQEEQJHHL9Y7,"PUGET SOUND SYSTEMS, INC.",https://www.pugetsystems.com,https://linkedin.com/company/pugetsystems
JQHMB3344JH5,IROH INDUSTRIES INC,,
JQJPKRDDEMU5,CAPITAL AREA IMMIGRANTS' RIGHTS COALITION,,
JQJZEHMVA195,THE UNIVERSITY OF MELBOURNE,,
JQMKLLL9X7Z8,AMG DEMOLITION & ENVIRONMENTAL SERVICE,,
JQMWAPPYJCX5,YOUNG ENVIRONMENTAL SERVICES INC,http://www.envirotech-inc.com,https://linkedin.com/company/envirotech-inc
JQMWGQ7N1M53,"HYDRO RESOURCES - MID CONTINENT, INC.",,
JQNPY8MXE1S9,"COGNITIVEIT, LLC",www.cognitiveit.net,https://linkedin.com/company/cognitiveitllc
JQQHU4X8VA45,METIS ENDEAVOR LLC,,
JQRAQ59TAQ88,"AEROTECHNOLOGIES, INC.",http://www.aerotechnologies.com,https://linkedin.com/company/aero-technologies-inc
JQSCDXCJVCQ8,BIGGE CRANE AND RIGGING CO.,https://www.bigge.com/,https://linkedin.com/company/bigge-crane-and-rigging-co-
JQTJDV3QS9W5,"SEDULOUS CONSULTING SERVICES, LLC",https://www.sedulous.com,
JQVCVTNSJTR5,MCKINSTRY CO LLC,http://www.mckinstry.com,https://linkedin.com/company/mckinstry
JQW3GAZWGY37,ECONOMY PLUMBING & SHEET METAL LLC,,
JQWJN8K3KJK8,"AMERICA IN MOTION, INC",www.weareaim.com,https://linkedin.com/company/america-in-motion
JQWNHJX9HZB3,AUTOQUIP CORP,https://autoquip.com,https://linkedin.com/company/autoquip-com
JQWYHC3KURV9,"ON TARGET ENTERPRISES FEDERAL, INCORPORATED",http://www.ontargetenterprises.com,https://linkedin.com/company/on-target-enterprise
JQXHBGK4GZE3,GMES LLC,http://www.gmesupply.com,https://linkedin.com/company/gme-supply
JQYZG38H4SK4,"AMERICA II ELECTRONICS, LLC",www.A2GLOBALELECTRONICS.COM,https://linkedin.com/company/a2global
JQZSLHPHS7B1,"FIBERDOME PRODUCTS, LLC",,
JR1YQYY6FDN1,PROCON CONSULTING LLC,https://www.proconconsulting.com,https://linkedin.com/company/procon-consulting
JR26XHNAB3H8,"AFM INDUSTRIES, INC",www.4afm.com,https://linkedin.com/company/afm-industries-inc.
JR2TC2FHBYJ9,PARKLAND USA CORPORATION,www.farstadoil.com,https://linkedin.com/company/farstad-oil
JR41MJBX4TG5,CRAFT DESIGNS INC,www.craftdesigns.net,https://linkedin.com/company/craft-designs-inc-
JR67N81ZM2K6,STATIC POWER CONVERSION SERVICES INC,www.staticpower.com,https://linkedin.com/company/static-power
JR9RYXAHBUN3,"KALAMAZOO OUTDOOR GOURMET, LLC",,
JRAMK3G3MCN3,IESE SOLUTIONS,https://www.iesesolutions.com,https://linkedin.com/company/iese-solutions
JRBXUCM24K78,ANCON MARINE,www.anconservices.com,https://linkedin.com/company/ancon-services
JRDKPJ562MV2,PRECISION RINGS INCORPORATED,https://www.precisionrings.com,https://linkedin.com/company/precision-rings-incorporated
JRDQYMN6MXD8,MILLENNIUM SOFTWARE INC,https://www.webmsi.com,https://linkedin.com/company/millennium-software-inc
JRELJMMRJBB1,"LIQUID MEASUREMENT SYSTEMS, INC.",https://lms-us.com/,
JRFHENJ6R4J7,EVOLVER LLC,http://www.evolverinc.com,
JRFKU9SHJSE7,ASPEN SURGICAL PRODUCTS INC,www.aspensurgical.com,https://linkedin.com/company/aspen-surgical
JRJJD1WJ6XB1,API GROUP LIFE SAFETY USA LLC,,
JRJUNVJJFYM9,"CASSAVANT MACHINING, LLC",,
JRJYQ3M5V8Z5,SOUTHWEST EQUIPMENT GROUP LLC,https://www.swequipmentgroup.com,https://linkedin.com/company/southwest-equipment-group
JRKUVZSBVAD3,HORIZON SUPPLY COMPANY,https://www.horizonsupplycompany.com/,https://linkedin.com/company/horizon-supply-company
JRMGBJX4ULX8,"GLOBAL ELECTRONIC SERVICES, INC.",www.gesrepair.com,https://linkedin.com/company/global-electronic-services
JRN3ZJC2JST3,ARMADIN INC,www.armadin.com,https://linkedin.com/company/armadin
JRP1H163XUQ7,COASTAL COMPONENT INDUSTRIES INC,https://www.ccicoastal.com,https://linkedin.com/company/coastal-component-industries-inc.
JRRKUBQA8A14,PB CRANE INC.,https://vvvw.AACM.net,
JRS2XN6Q7XS5,JEFFREY GOTTLIEB PHD,,
JRSHQ9LCF424,NRG EXPLORATION CC,,
JRTUR4MMXSF1,WGI INC.,www.wgi.us,https://linkedin.com/company/wgi-inc.
JRUCKDSNXKD5,THE ENTWISTLE COMPANY LLC,http://www.entwistleco.com,https://linkedin.com/company/entwistle-co
JRVNJLXMZN64,SAFEWARE INC,http://www.safewareinc.com,https://linkedin.com/company/safeware-inc-
JRWAFMF88JJ6,PARADIGM ASSOCIATES,,
JS1JF7HVDGZ7,NEXTRAN CORPORATION,www.nextranusa.com,https://linkedin.com/company/nextran-truck-center
JS2LX8NLBPJ8,ARMAVEL LLC,www.armavel.com,https://linkedin.com/company/armavel
JS3QNLCR9CP6,WAGNER EQUIPMENT CO,http://www.wagnerequipment.com,https://linkedin.com/company/wagner-equipment
JS4JYM6XCJF5,CRI ADVANTAGE INC,http://www.criadvantage.com,https://linkedin.com/company/criadvantage
JS56X21MCWC5,FLUID & MOTION CONTROL TECHNOLOGIES LLC,www.fmctec.net,
JS5WBZAD8NV6,"OFFSET STRATEGIC SERVICES, LLC",www.TheOSSteam.com,https://linkedin.com/company/theossteam
JS5YRH5SEY83,"CHEMICAL RESPONSE & REMEDIATION CONTRACTORS, INC.",http://www.chemicalresponse.com,https://linkedin.com/company/chemical-response-&-rmdtn
JS6KL9LJTGF1,NARITO SHEETMETAL & MECHANICAL CORPORATION,,
JSAXGRLNEJ63,"COLONNA'S SHIP YARD, INCORPORATED",www.colonnaship.com,
JSB8TSJPCED5,"PRODUCTS UNLIMITED, INC.",www.products-unlimited.com,https://linkedin.com/company/products-unlimited-inc-
JSBJHQFMK5L8,PITTSBURGH AIR SYSTEMS INC,www.pittsburghairsystems.com,https://linkedin.com/company/pittsburgh-air-systems-air-industrial-inc.
JSBTH4P8SSB8,MOBILION SYSTEMS INC,www.mobilionsystems.com,https://linkedin.com/company/mobilionsystems
JSC2BQK88L57,"HARDEN ARCHITECTURAL SECURITY PRODUCTS, LLC",hardensecure.com,https://linkedin.com/company/hardensecure
JSEKGHB5EPD3,PORT AUTHORITY OF KANSAS CITY MO,www.portkc.com,https://linkedin.com/company/portkc
JSFGNJZZLLA6,"BDR SOLUTIONS, LLC",https://www.bdrsolutionsllc.com/,https://linkedin.com/company/bdr-solutions-llc
JSHUHMH3GLF3,"LEAP ORBIT, LLC",www.leaporbit.com,https://linkedin.com/company/leap-orbit
JSKRG9VMWJZ6,EPC SPACE LLC,https://epc.space/,https://linkedin.com/company/epc-space
JSKVQRDPJUM4,AXXEUM INC,,
JSLJJD7V1LC3,VONAGE HOLDINGS CORP.,http://www.vonage.com,https://linkedin.com/company/vonage
JSMEXXZWJJ81,NISHATI INC,www.nishati-us.com,https://linkedin.com/company/nishati-inc
JSMLV9NHM6F7,"MARINE TURBINE TECHNOLOGIES, LLC",marineturbine.com,https://linkedin.com/company/marine-turbine-technology
JSNEPXCSH4V5,"ULTRA-TECH AEROSPACE, INC.",www.utaero.com,https://linkedin.com/company/ultra-tech-aerospace
JSPPKLQMZMJ9,VIAVI SOLUTIONS INC.,www.viavisolutions.com,https://linkedin.com/company/viavi-solutions
JSWXF7XFT7J1,"ARCHIVE360, LLC",www.archive360.com,https://linkedin.com/company/archive360-inc-
JSXMHRC3V565,FUTURE SERVICES GENERAL TRADING & CONTRACTING CO.,http://www.future-services.net,https://linkedin.com/company/futureservices
JSYGLS4NM5M8,"MCOR COMMUNICATIONS, LLC",,
JSZCEUXW7HP4,HIGH VOLTAGE OUTSOURCING LLC,www.highvoltageoutsourcing.com,https://linkedin.com/company/high-voltage-outsourcing-llc
JSZMKBN45NZ1,"JENOPTIK OPTICAL SYSTEMS, LLC",http://www.jenoptik.com,
JT3HVD36FGN1,LIGHTHOUSE PROFESSIONAL SERVICES LLC,https://lighthouse-pros.com/,
JT3JDHGA82X8,SUNSTEEL LLC,https://www.sunsteelllc.com/,https://linkedin.com/company/sunsteel-llc1
JT4FKJQPH454,LOC PERFORMANCE PRODUCTS LLC,,
JT4PZH4BX5T9,RED RIVER TECHNOLOGY LLC,WWW.REDRIVER.COM,https://linkedin.com/company/red-river-technology
JT4TFVJYFR98,EXAFLUENCE INC,,
JT52NZDUTF33,"G & G INDUSTRIAL FINISHING, INC",,
JT9NZ8J1KQF5,"APTIM FEDERAL SERVICES, LLC",www.aptim.com,https://linkedin.com/company/aptimglobal
JTAMGUTNNFE3,CONVERGEONE INC,http://www.onec1.com,
JTD9DXJ9MCS9,MEJIA TREE SERVICE CORP,,
JTDLRP3BY5D5,"EDM NETWORK, INC",http://www.edmnetwork.com,https://linkedin.com/company/edm-network-inc.
JTE5EJJANCV6,"PERGRAVIS MISSION CRITICAL CONSTRUCTION, LLC",www.pergravismcc.com,
JTEEVRJALCN8,"VERSATILE SYSTEMS, INC.",,
JTEHNKNA6YB4,"EDIFECS, INC.",http://www.edifecs.com,https://linkedin.com/company/edifecs
JTFJRCGG9JU1,BUCKEYE ELM CONTRACTING LLC,,
JTGTLEEUMJK5,HAWTHORNE PACIFIC CORP.,https://www.hawthornecat.com/,https://linkedin.com/company/hawthorne-cat
JTJPYVP7R3T7,BERGELECTRIC CORP,http://www.bergelectric.com,https://linkedin.com/company/bergelectric
JTKHQE6K2M45,"IT CREATIONS, INC.",http://www.itcreations.com,https://linkedin.com/company/it-creations-inc
JTKHYGWNQ2B9,"VISION ELECTRONICS, INC.",http://www.visionelectronics.com,https://linkedin.com/company/vision-electronics-inc
JTKZZZAHW4J3,WG TOMKO INC,www.wgtomko.com,https://linkedin.com/company/wgtomkoinc
JTL6FZA56HW1,AEROTHREADS INC,www.aerothreads.com,https://linkedin.com/company/aerothreads
JTLBYJKJV8V5,ROCKER SOLENOID CO,www.rockerindustries.com,https://linkedin.com/company/rocker-industries
JTNRZ1X8JLW5,ANNEXOS LLC,https://www.annexos.com/,https://linkedin.com/company/annexos
JTSKFW2P5NX9,SCANSOURCE INC,www.scansource.com,https://linkedin.com/company/scansource
JTU5ZBXTYB96,ULTRA PURE SYSTEMS LLC,,
JTY6FPZ9GZV6,"ARGUS CONSULTING, INC.",http://www.argusco.com,
JU1JTXQ3MXS6,"BISSINGER AND STEIN, INC.",,
JU37HJ8RNN62,"SUN MANAGEMENT, INC.",www.sunmanagement.net,https://linkedin.com/company/sun-management
JU3GGVGN9ML8,ENSIGN-BICKFORD AEROSPACE & DEFENSE COMPANY,https://www.ebad.com/,https://linkedin.com/company/ensign-bickford-aerospace-&-defense-company
JU46LVC1NUF3,SOLID LINK LLC,,
JU4DDQSGBM99,"AIRGAS USA, LLC",www.airgas.com,https://linkedin.com/company/airgas
JU5DZMPME3L3,"STUART INDUSTRIES, LTD.",http://www.stuartind.com,https://linkedin.com/company/stuart-industries-corp
JU5GNH1H5FV6,"CURTISS-WRIGHT DS, INC.",http://www.curtisswrightds.com,https://linkedin.com/company/curtiss-wright-controls-defense-solutions
JU5SAXT4ZL95,"NEWPORT FAB, LLC",www.towersemi.com,https://linkedin.com/company/tower-semiconductor
JU74PVGFCM43,AKTERRA SOLUTIONS LLC,www.akterra.com,https://linkedin.com/company/akterra-solutions-llc
JU7AEKUEV6K3,CPI SATCOM & ANTENNA TECHNOLOGIES INC.,http://www.cpii.com,https://linkedin.com/company/cpi
JU7CJVJ4LJS5,"MHF PACKAGING SOLUTIONS, LLC",http://www.energysolutions.com,https://linkedin.com/company/energysolutions
JU7MVA1A9T66,VIEWPOINT SYSTEMS INC,http://www.viewpointusa.com,https://linkedin.com/company/viewpoint-systems
JU7ZGUDEJA79,RAILWAY SPECIALTIES CORP,,
JU8WDRQ94CE9,HOLT OF CALIFORNIA,www.holtca.com,https://linkedin.com/company/holt-of-california
JU9GLKSCUXE3,"KBR WYLE SERVICES, LLC",https://kbr.com,https://linkedin.com/company/kbr-inc
JUAJB1L8UYX8,"R. B. MACHINE COMPANY, INC.",,
JUALGNSTMTH3,"FDH AERO, LLC",https://www.calcoaero.com/,https://linkedin.com/company/calco-aerospace
JUAPTLCBNNK3,"SHERPA DESIGN, INC.",HTTP://WWW.SHERPA-DESIGN.COM,https://linkedin.com/company/sherpa-design-inc-
JUFDK9A3BCA3,RIGID SECURITY GROUP INC,https://www.rigidtactical.com,https://linkedin.com/company/rigid-tactical
JUGHN5P4VW33,CREATIVE ENGAGEMENT SOLUTIONS LLC,https://creativeengagementsolutions.com/,https://linkedin.com/company/creative-engagement-solutions
JUHEN5BEAKA9,AFRICA CONSTRUCTION & SERVICES SAS,,
JUHQL351L9P6,IMMIGRANT DEFENDERS LAW CENTER,immdef.org,https://linkedin.com/company/immdef
JUHVTBJT7YA4,STRATAGEM CONSULTING INC,,
JUJ4Q5A4KMY9,SKANDA INFOTECH INC,skandainfotech.com,
JUKBXK6CGW49,PROGSIT LLC,www.progsit.com,https://linkedin.com/company/progsit
JULGSKM7CWA9,FAIRMOUNT INTERNATIONAL LLC,,
JULXE58NN974,KAASM LLC,,
JUNFD3FNZJ39,NEWARK CORPORATION,http://www.newark.com,
JUQCTHDAKWU9,"CALABRIO, INC.",www.calabrio.com,https://linkedin.com/company/calabrio-inc
JURJL6UPTJZ5,"CONSOR NORTH AMERICA, INC.",https://www.consoreng.com/,https://linkedin.com/company/consoreng
JUSGZWUQ2P53,COOK PAVING & CONSTRUCTION CO INC,,
JUSHR45BNPB4,SEA HORSE WASTE WATER SERVICES CSP,,
JUU2MHX8F9J3,FIREARMS TRAINING SOLUTIONS INC,https://firearmstrainingsolutions.com/,
JUUWAXSNCLG3,AIR LIQUIDE TUNISIE SERVICES,,
JUWJBQMSDM43,"LUX CONSULTING GROUP, INC.",http://www.luxcg.com,https://linkedin.com/company/lux-consulting-group
JUZ2NEPLR6U1,"VORTEX SERVICES, LLC",https://www.vortexcompanies.com/,https://linkedin.com/company/vortex-infrastructure
JV1YFT64GU38,ACV ENVIRONMENTAL SERVICES INC,www.acvenviro.com,https://linkedin.com/company/acv-enviro
JV3XU5EMBSB1,THE PRODUCTIVITY TEAM LLC,https://productivityteam.com/,https://linkedin.com/company/the-productivity-team
JV4FLHDRKMJ3,MCALLISTER TOWING OF NEW YORK LLC,,
JV4XG6EEQMP7,"BUCKEYE TECHNOLOGY SOLUTIONS, LLC",,
JV9KCG9NTQ54,ENVIROSCIENCE INC,http://www.enviroscienceinc.com,https://linkedin.com/company/enviroscience-inc.
JV9YXS9MLA48,"CLOUDFLARE, INC.",www.cloudflare.com,https://linkedin.com/company/cloudflare
JVDFU5PA7VL3,FLORIDA EXPOSITION SERVICES OF NORTH CAROLINA,,
JVJECDM7A5X5,STORMFISH SCIENTIFIC CORP,https://www.stormfish.us,
JVKJL8EG16T3,"PROFESSIONAL VETS CONSULTING GROUP, LLC",,
JVLLKK48AQC8,MODULAR DEVICES INC,http://www.mdipower.com,https://linkedin.com/company/modular-devices-inc.
JVLXM8N9MV95,HOWARD TIPTON,,
JVMTB6X8V8T3,"LIFT NEWCO, LLC",,
JVPPTKWMDNF8,VISIONCORPS,https://visioncorps.net/,https://linkedin.com/company/visioncorpspa
JVRPK97HJ3G7,"FHB INDUSTRIES, INC.",,
JVSSEKV1H9L4,"JONES BROTHERS COMPANY, INC.",http://www.jonesbrothers.com,https://linkedin.com/company/jones-brothers-company-inc
JVT2KW1LE2S3,RAYTHEON COMPANY,https://www.rtx.com/,https://linkedin.com/company/raytheontechnologies
JVUKKFBY9MC3,SM SOFTWARE SERVICES INC,,
JVXNE7S2CSW8,RBC BEARINGS INCORPORATED,http://www.rbcbearings.com,https://linkedin.com/company/rbc-bearings
JVY4LS3J4XK7,"EVINCE ANALYTICS, INCORPORATED",,
JVYJGWKNPMH7,CLOVER LEAF SOLUTIONS LLC,http://www.cloversolutions.us,https://linkedin.com/company/clover-leaf-solutions-inc-
JVZMXHFC4KB5,ADVANCED THERMAL BATTERIES INC,www.asb-group.com,https://linkedin.com/company/asb-aerospatiale-batteries-bourges
JVZWZDAJNJK5,COMPLEX FABRICATORS INC,www.complexfab.com,https://linkedin.com/company/complex-fabricators
JW12XFT7SLR7,"PULLMAN SST, INC.",www.pullman-services.com,https://linkedin.com/company/pullman-services
JW1NMVDENCN6,CLEAR ALIGN LLC,www.clearalign.com,https://linkedin.com/company/clear-align
JW1UGLTH8KA5,"LIFT-IT MANUFACTURING CO., INC.",https://www.lift-it.com,https://linkedin.com/company/lift-it-manufacturing-co-inc
JW2NGMP4NMA3,TRUSTEES OF THE COLORADO SCHOOL OF MINES,http://www.mines.edu,https://linkedin.com/company/colorado-school-of-mines
JW4JFUVVWU33,SCINTEC CORPORATION,http://www.scintec.com,https://linkedin.com/company/scintec-corporation
JW6BPB33LTS8,HONEYWELL INTERNATIONAL INC.,,
JW7CNN8XFK35,MDA PRECISION LLC,www.mdaprecision.com,https://linkedin.com/company/mda-precision-llc
JW7MLW3RRK34,"OAK RIDGE ASSOCIATED UNIVERSITIES, INCORPORATED",http://www.orau.org,https://linkedin.com/company/orau
JW85HHVSLFS9,SEAGER MECHANICAL SYSTEMS LLC,www.structural-mechanical.com,https://linkedin.com/company/structural-mechanical-systems
JW8KVCGYPZL9,"NORTH AMERICAN RESCUE, LLC",http://www.narescue.com,https://linkedin.com/company/north-american-rescue-llc
JW8PGQMJYGJ1,INTERNATIONAL BUSINESS MACHINES CORPORATION,www.ibm.com,https://linkedin.com/company/ibm
JW8SRAZEUV22,ULTIMUS IT INC.,www.ultimusit.com,https://linkedin.com/company/ultimusit
JWBCA6JYQ9M7,DDM NOVASTAR INC,www.ddmnovastar.com,https://linkedin.com/company/ddm-novastar-inc-
JWE6P7A8J5G6,ELIASSEN GOVERNMENT SERVICES LLC,http://www.eliassen.com,https://linkedin.com/company/eliassen-group
JWEMKG4KN9P4,MEGGITT NORTH HOLLYWOOD INC,HTTP://www.parker.com,https://linkedin.com/company/parker-hannifin
JWEMUM8429K1,UD CONTRACTING INC,www.udcontracting.org,
JWF2TPCCQ6K7,EMERALD FIRE LLC,www.emeraldfirellc.com,https://linkedin.com/company/emerald-fire-protection
JWFCJVJ4NTU1,RAFAEL ADVANCED DEFENSE SYSTEMS LTD.,www.rafael.co.il,https://linkedin.com/company/rafael-advanced-defense-systems-official
JWJ2W8ZJAQM3,BROADPATH LLC,www.broad-path.com,https://linkedin.com/company/broadpath-solutions
JWL8A94YQLK8,KELI'S K9'S,,
JWLPECLPKJD9,"EQUIPMENT DEPOT TEXAS, INC",https://www.eqdepot.com,https://linkedin.com/company/equipment-depot
JWNBE7YD86L9,"FGR AUTOMATION, LLC",FGR-AUTOMATION.COM,https://linkedin.com/company/fgr-automation
JWNJTDQCN6U6,FRYE MECHANICAL INC,https://www.fryemechanical.com,https://linkedin.com/company/frye-mechanical-inc
JWQNLMBFSJ56,"PERMA-FIX ENVIRONMENTAL SERVICES, INC.",http://www.perma-fix.com,https://linkedin.com/company/perma-fix-environmental-services
JWRKLFZM9JL1,SHADOW-SOFT LLC,https://www.shadow-soft.com,https://linkedin.com/company/shadow-soft
JWS9JENZNGM5,PACIFIC WEST CONTROLS INC,,
JWS9V5WMZGS7,"CONCINNATE SOLUTIONS, LLC",www.concinnatesolutions.com,https://linkedin.com/company/concinnate-solutions-llc
JWSKTKCQTFY5,"AECIS, LLC",www.adaptiveenergy.com,https://linkedin.com/company/adaptive-energy-ndt-solutions
JWSYC7RUMJD1,BRIGHAM YOUNG UNIVERSITY,https://www.byu.edu,https://linkedin.com/company/brigham-young-university
JWWCB96MM2Y4,"FITNESS EXPO, INC.",,
JWX1XNNV23Z4,MODEL HOLDINGS LLC,,
JX1CJF1A2NJ7,"OASIS MATERIALS COMPANY, LLC",www.Fralock.com,https://linkedin.com/company/fralock
JX1KZN1RMT95,KINESIX CORPORATION,http://www.kinesix.com,https://linkedin.com/company/kinesix-software
JX38A7DNT7H4,SOUTHLAND PRECISION INC,,
JX57PJSJAVD3,SIERRACIN CORPORATION,www.ppg.com,https://linkedin.com/company/ppg
JX5BXPDT94S7,"CURIE ENVIRONMENTAL SERVICES, LLC",https://www.curieservices.com,https://linkedin.com/company/curie-environmental-services
JXAKAG32BVN4,LIFE TECHNOLOGIES CORPORATION,www.thermofisher.com,https://linkedin.com/company/thermo-fisher-scientific
JXBJK7KZBLF9,"ACRON AVIATION, INC.",https://acronaviation.com,https://linkedin.com/company/acronaviation
JXBLC1GKAJL5,"COALFIRE GOVERNMENT SYSTEMS, INC.",,
JXBPKGYKBXK6,"L3 TECHNOLOGIES, INC.",http://www.l3harris.com,https://linkedin.com/company/l3harris-technologies
JXCEGP8CF7A3,"MONTAGE MARKETING GROUP, LLC",www.montagemarketinggroup.com,https://linkedin.com/company/montage-marketing-group-llc
JXFFKJNLJVX8,CENTRE DE RECHERCHE MEDICALE ET SANITAIRE,,
JXGXMK261PG1,SAVVY PRODUCTIONS,https://savvyproductions.com/,https://linkedin.com/company/savvy-video-productions
JXLHPLJUKU24,SHADOWTECH SOLUTIONS INC,https://www.shadowtechsolutions.com/,https://linkedin.com/company/shadowtech-solutions-pvt-ltd
JXLZEWFQDQL6,GRACE AEROSPACE LLC,www.graceaero.com,https://linkedin.com/company/graceaerospace
JXM2JDF7HDE5,PROSOURCE360 CONSULTING SERVICES INC.,www.prosource360.com,https://linkedin.com/company/prosource360-consulting-services-inc-
JXW7JJWMQF58,"AMERICAN COMBUSTION INDUSTRIES OF DELAWARE, INC",www.aciindustries.com,https://linkedin.com/company/american-combustion-industries-inc-
JY26E68TE7T5,POSCO INTERNATIONAL CORPORATION,,
JY2BDT2K58Z6,"MANTECH ADVANCED SYSTEMS INTERNATIONAL, INC.",http://www.mantech.com,https://linkedin.com/company/mantech
JY2KMAGD85H3,SILVERTHORNE ADVISORY GROUP LLC,www.silverthorneadvisory.com,https://linkedin.com/company/silverthorne
JY2YT647KMW9,"ABBEY SERVICES, INC.",http://www.abbeyservicesinc.us,
JY4YCC9Q6LH7,ACCENTURE FEDERAL SERVICES LLC,,
JY5SWCCPG5L7,EPSILON INC,http://www.epsilon-inc.com,https://linkedin.com/company/epsilon-inc
JY88JJ3HNS44,"COASTAL MARINE SERVICES, INC.",WWW.COASTALMARINESERVICES.COM,https://linkedin.com/company/costal-marine-svc
JYAPS9B2MKE9,L3HARRIS INTERSTATE ELECTRONICS CORPORATION,www.l3harris.com,https://linkedin.com/company/l3harris-technologies
JYBJNLW3NS93,"EXPOQUIP, INC.",http://www.expoquip.com,https://linkedin.com/company/expoquip
JYF7UTGJBKC6,APIUM INC.,,
JYFCGLDE13G6,MARY GIVVINES,,
JYHDD6GCU254,VERTIV CORPORATION,www.vertiv.com,https://linkedin.com/company/vertiv
JYJDVPGA3DN4,SUPPLY CHAIN TECHNOLOGIES LLC,www.sctsoftware.com,https://linkedin.com/company/sct-software
JYJKN4LTZEN8,NORTHROP GRUMMAN SYSTEMS CORPORATION,https://www.northropgrumman.com/,https://linkedin.com/company/northrop-grumman-corporation
JYJQL68LLBK6,ACCUTREX PRODUCTS INC,http://www.accutrex.com,https://linkedin.com/company/accutrex-products-inc-
JYKDQD9HKTB3,"KEMCO TOOL AND MACHINE CO, INC",http://www.kemcoaerospace.com,https://linkedin.com/company/kemco-aerospace
JYKEKPJX82D9,"NAMMO COMPOSITE SOLUTIONS, LLC",http://www.nammo-cs.com,https://linkedin.com/company/nammo-composite-solutions-llc
JYKMALVNCGB7,AUSTABILITY PTY LTD,www.austability.com,https://linkedin.com/company/austability
JYKMGPM4EQQ8,"RIGHT ASCENSION, LLC",www.rascension.com,https://linkedin.com/company/right-ascension-llc
JYMLA4MJFJE5,"DAKOTA SUPPLY GROUP, INC",http://www.dsgsupply.com,https://linkedin.com/company/dakota-supply-group-dsg
JYP8XDUNM2M1,CONSTRUCTION MATERIALS ENGINEERS INC,cmenv.com,https://linkedin.com/company/construction-materials-engineers-inc-
JYP9MBX3TF16,"AS AND D, LLC",,
JYRTAG31ND38,"METRO MACHINE, INC.",https://www.metro-machine.com,
JYU1WL1XH435,EXCEL STAFFING COMPANIES LLC,http://www.excelstaff.com,https://linkedin.com/company/excel-staffing
JYW2B37AMDD3,SCHELLMAN COMPLIANCE LLC,www.schellman.com,https://linkedin.com/company/schellman-&-company
JYWAPCT8LUR7,"ACOUSTICAL INTERIORS, INC.",http://www.acoustical-interiors.com,https://linkedin.com/company/acoustical-interiors
JZ14WLJDYM71,"SARONIC TECHNOLOGIES, INC",www.saronic.com,https://linkedin.com/company/saronic-technologies
JZ4ZKARDA4Z8,IDV USA INC.,,
JZ6JJE3FXEN9,"R & M ENGINEERING-KETCHIKAN, INCORPORATED",www.rmketchikan.com,https://linkedin.com/company/r-&-m-engineering-ketchikan-inc.
JZ72AL5DUEW7,HYPERION TECHNOLOGIES LLC,https://www.fedtech.io/,https://linkedin.com/company/fedtech
JZ8ALVMKNNP1,"MIDWEST PSYCHOLOGICAL CENTER, INC.",www.midwestpsych.com,
JZ8RQC4EMDZ5,BOSTON MEDICAL CENTER CORPORATION,http://www.bmc.org/,https://linkedin.com/company/boston-medical-center
JZAGR3DF9DM3,COLORADO DESIGN INC TILE & TERRAZZO,,
JZANHRWN1JW3,"UNITRON, LP",https://www.unitronlp.com,https://linkedin.com/company/unitronlp
JZDMDG543QU1,"EXPERIAN INFORMATION SOLUTIONS, INC.",www.experian.com,
JZDWGJZB1257,RAYA CUSTOMER EXPERIENCE,,
JZF6MPS48987,IOWA COMMUNICATIONS NETWORK,http://www.icn.iowa.gov,
JZGJK9HEU625,"ECO ANALYSTS, LLC",http://www.ecoanalysts.com,https://linkedin.com/company/ecoanalysts
JZJPFAG33PF3,"TFE, INC",http://www.tfeinc.net,https://linkedin.com/company/tfe-inc.
JZL3ZR7H2657,MULTI SYSTEMS INSTALLATION INC,http://www.msiinstallation.com,https://linkedin.com/company/multi-systems-installation
JZMRYTJTFM89,"WESTPORT PARTNERS, LLC",www.westportpartners.com,https://linkedin.com/company/westport-partners-consulting
JZNGNDD4XHN8,"WAINSCHAF ASSOCIATES, INC.",http://www.waiconstruction.com,https://linkedin.com/company/wainschaf-associates-inc-
JZNTZWYKKW71,MRP CONTRACTING LLC,mrpcontracting.net,
JZR9BLLLDKJ4,SQUAREHEAD TECHNOLOGY LLC,www.sqhead.com,https://linkedin.com/company/squarehead-technology
JZR9XYGMPLY5,"BLUE IVY PARTNERS, LLC",www.blueivypartners.com,https://linkedin.com/company/blue-ivy-partners
JZS5M7SP3C85,"M & B ENGINEERING, INC.",http://www.mandbengineering.com,https://linkedin.com/company/m-&-b-engineering-inc.
JZSHR7DX1MQ9,"CARTER MACHINERY COMPANY, INCORPORATED",,
JZUMWWR4MAF7,"SUMITOMO HEAVY INDUSTRIES, LTD",,
JZW9VXNKD819,AIRCRAFT TUBULAR COMPONENTS INC,http://www.airtube.net,https://linkedin.com/company/aircraft-tubular-components
JZXHLYFYUDG8,"QUALITY RESPONSE MEDICAL STAFFING, LLC",qualityresponsemedicalstaffing.com,https://linkedin.com/company/quality-response-medical-staffing
JZXZSN3BBL98,SIEMENS INDUSTRY INC,http://www.buildingtechnologies.siemens.com,https://linkedin.com/company/siemen-building-technology
JZY7TL4MVNH9,SENSPEX INCORPORATED,http://www.senspex.com,https://linkedin.com/company/senspex-inc-
JZZVRG4MEPT1,ROSS ELECTRIC AND GENERATORS LLC,https://rosselectric.us/,https://linkedin.com/company/ross-electrical-services
K112EMW46SW5,CHRISTIAN AGENDA FOR DEVELOPMENT,,
K151N8EJE998,"CLIMAX PORTABLE MACHINE TOOLS, INC",https://www.cpmt.com,
K15NKNBR4L69,"ICE ENTERPRISES, INC.",,
K18HRGF7HW21,INSERSO CORPORATION,http://www.inserso.com,https://linkedin.com/company/inserso
K18SE4ZE6FL5,CMD ELECTRIC INC,www.cmdelectric.com,https://linkedin.com/company/cmd-electric
K19FB358UH96,"AIRPARTS COMPANY, INC.",https://www.airpartsco.com,https://linkedin.com/company/airparts-company-inc
K19RMKMCJFG5,"VIVA RAILINGS, L.L.C.",www.vivarailings.com,https://linkedin.com/company/viva-railings-llc
K1GLEL2V8M44,"A2M4SEEN, LLLP",www.wrcolo.com,https://linkedin.com/company/wrcolo
K1HRAY3DYE69,SAFE FLEET MIRRORS,,
K1JGB5EK1U53,REPUBLIC SERVICES INC,http://www.republicservices.com,https://linkedin.com/company/republic-services-inc
K1K5EKJ2KK29,RHINESTAHL CORPORATION,rhinestahl.com,
K1K7FHZJSYR5,"HYPERSCIENCES, INC.",https://hypersciences.com,https://linkedin.com/company/hypersciences-inc
K1KAB7E3CNM3,TO7 NETWORK SAS,www.to7network.com,
K1KBNZVK9ST5,CAPITAL I LLC,www.capitali.us,https://linkedin.com/company/capital-i
K1KCMD12B289,"GLOBAL SHOCK TECHNOLOGY , CORPORATION",www.global-shock.com,https://linkedin.com/company/global-shock-tech
K1MNZ1ZE2BP6,CATALINA ASSOCIATES LLC,www.catalinaassociates.com,https://linkedin.com/company/catalina-associates
K1MPUUN7WP55,"SES SPACE & DEFENSE, INC.",www.sessd.com,https://linkedin.com/company/ses-government-solutions
K1RQPK6MXU46,VMC CONTRACTING INC.,,
K1U6JAFA9H89,"HUMAN DOMAIN SOLUTIONS, LLC",www.humandomainsolutions.us,https://linkedin.com/company/human-domain-solutions-llc
K1UKHQ6V8G34,SPINO BROTHERS INC,,
K1VJQTJZ4VN6,GEORGIA TECH RESEARCH CORP,,
K1WDVFJYD2Z8,STANFORDVILLE MACHINE & MANUFACTURING CO INC,http://www.stanfordville.com,https://linkedin.com/company/stanfordville-machine-and-manufacturing-company
K1WJGHLLGNK7,DIGITAL STRATEGY LLC,http://www.ds-llc.com,https://linkedin.com/company/digital-strategy-llc
K1YLBZJ459X3,NORTHERN CONSTRUCTION LLC,,
K1YLLHBBMPT1,AMERICAN SCAFFOLD LLC,www.americanscaffold.com,https://linkedin.com/company/american-scaffold
K261TJ9WKE16,QUANTIFIND INC.,https://www.quantifind.com/,https://linkedin.com/company/quantifind
K26NTVBRA4M3,"EMERGENT PERFORMANCE SOLUTIONS, LLC",https://www.emergentps.com,https://linkedin.com/company/emergent-performance-solutions-llc
K274DPRJCEL9,KOMATSU RANGEL INC.,http://www.komatsu-inc.com,https://linkedin.com/company/komatsu-architecture-inc
K275C7FMM975,JTEK DATA SOLUTIONS LLC,www.jtekds.com,https://linkedin.com/company/jtek-data-solutions-llc
K281UAN6UWD4,TESAT GOVERNMENT LLC,,
K2A5FNZ8E483,FOURSYTE LLC,https://foursyte.com,
K2BEAN9NQGN1,"DAKTRONICS, INC.",www.daktronics.com,https://linkedin.com/company/daktronics
K2GNKMJDKDL4,CHARLESTON RUBBER & GASKET CO INC,,
K2HBK671EMK7,RG CONSTRUCTION SERVICES LLC,www.rgcsnm.com,https://linkedin.com/company/rg-construction-services
K2J4Q6L7Y893,JTA BUILDERS LLC,,
K2J6HGU7LNS5,CYFOR TECHNOLOGIES LLC,www.cyfor.com,https://linkedin.com/company/cyfor-technologies-llc
K2J7QPN3N5R3,ABLE AIR CORP.,,
K2JFNNAJRK85,BRIC LLC,,
K2JNVE2GBEX9,"OLSSON, INC.",www.olsson.com,https://linkedin.com/company/weareolsson
K2KDJB5ALCM3,"ZIMMERMAN ASSOCIATES, INC.",http://www.zai-inc.com,https://linkedin.com/company/zimmerman-associates-inc.
K2L4HPLTRC55,WAMO CONSTRUCTORS COOPERATION,www.wamocorp.com,
K2L6HG3N1UZ7,"KINVARD BIO, INC.",www.kinvardbio.com,https://linkedin.com/company/kinvard-bio
K2NFFECF2H52,"SCHOLZ ASSOCIATES, INC.",www.scholz-associates.com,https://linkedin.com/company/scholz-associates-inc.
K2QAKBNLQ4K8,PARKER-HANNIFIN CORPORATION,,
K2R8DW67NZN3,RADDHI GROUP LLC,,
K2SNLMZ4X3N3,CIMINI & ASSOCIATES INC,www.ciminiandassociates.com,https://linkedin.com/company/cimini-&-associates-inc.
K2XLLYYP6UL7,GREENTOES G R P & COATINGS INC,greentoes.com,https://linkedin.com/company/green-toes-grp-&-coatings-inc.
K2Y7ET8N7XZ7,"WESCO HMB, INC.",https://www.ushalonbank.com,https://linkedin.com/company/wesco-hmb-inc-
K2YTCNGLGCF5,DFS TECHNICAL SERVICES LLC,,
K2ZKDLUMMB73,ADMIRAL MOVING SERVICES INC,www.admiralmovingservices.com,
K32ASE6Z7LR5,PEDRO FALCON ELECTRICAL CONTRACTORS INC,www.pedrofalcon.com,https://linkedin.com/company/pedro-falcon-electrical-contractors-inc
K32MMAXXE2X3,RFB CONSTRUCTION CO INC,,
K36UW3TLBJF4,R24 SECURITY INTEGRATION LLC,,
K3AHYL5LSR28,LUTHERAN COMMUNITY SERVICES NORTHWEST,lcsnw.org,https://linkedin.com/company/lutheran-community-services-northwest
K3CSVLKDLEN7,"TECH INNOVATIONS, LLC",www.techi-usa.com,
K3D3HHGJG1Q5,SOELECT INC,www.soelect.com,https://linkedin.com/company/soelectinc
K3D5UGBFTVQ9,WAYGATE TECHNOLOGIES USA LP,,
K3DJLM48ETM3,DAMAR MACHINE COMPANY,,
K3EBLNL8YYT6,CRYSTAL CLEAR TECHNOLOGIES INC,http://www.crystalcleartec.com,https://linkedin.com/company/crystal-clear-technologies-inc
K3K9GLKWAWQ1,OHIO SEMITRONICS INC,www.ohiosemitronics.com,https://linkedin.com/company/ohio-semitronics-inc-
K3KKNMQSE3J3,EUROFINS UMWELT WEST GMBH,,
K3L9EKDLMAE7,MOUNTAIN CRANE SERVICE LLC,http://www.mountaincrane.com,https://linkedin.com/company/mountain-crane-service
K3LAMJ19K571,INTEGRATED 3D LLC,www.i3dmfg.com,https://linkedin.com/company/i3d-mfg
K3LVUQJCZG58,"TURNKEY TECHNICAL SERVICES, LLC",http://www.ttsllc.org,https://linkedin.com/company/turnkey-technical-services-llc-ltd
K3M7BB87ALU4,PINGWIND INC,www.pingwind.com,https://linkedin.com/company/pingwind-inc-
K3MCVR4SWT21,FUELTEC SYSTEMS LLC,www.fueltecsystems.com,https://linkedin.com/company/fueltec-systems-llc
K3MRSBC1CYT4,"TELEDYNE INSTRUMENTS, INC.",http://www.teledynemarine.com/impulse,https://linkedin.com/company/teledyne-marine
K3MSJ4UBNLX3,"DUCOMMUN LABARGE TECHNOLOGIES, INC",,
K3QHKRZW3YK4,IMPERIAL MACHINE & TOOL CO,http://www.imperialmachine.com,https://linkedin.com/company/imperial-machine-&-tool-company
K3R7TP93X365,POTELCO INC,http://www.potelco.net,https://linkedin.com/company/potelco
K3SJDRF93F61,AGOVX LLC,www.agovx.com,https://linkedin.com/company/agovx-llc
K3SLXLNNUJC1,"FRONTIER DESIGN GROUP, LLC",www.imaginefrontier.com,https://linkedin.com/company/frontier-design-group-llc
K3SSNKCZKF16,ONDRIVES.US CORP.,https://www.ondrives.us,
K3VRLURNU164,"STATIC POWER CONVERSION SERVICES, INC.",,
K3W6V7GFVHQ4,"JOHN H. NORTHROP & ASSOCIATES, INC.",http://www.JHNA.com,https://linkedin.com/company/jhna
K3WDSCEDY1V5,DEWBERRY ENGINEERS INC.,http://www.dewberry.com,https://linkedin.com/company/dewberry
K3XJT3XR6GP6,"WOODGROVE SOLUTIONS, LLC",http://www.woodgrovesolutions.com,https://linkedin.com/company/woodgrove-solutions
K416KNC356N1,"EARL W. COLVARD, INC.",www.boulevardtire.com,https://linkedin.com/company/boulevard-tire-center
K41DJJ7H5X15,INSTITUTE FOR BUILDING TECHNOLOGY AND SAFETY,WWW.IBTS.ORG,
K41YV73EPTH9,ONTO INNOVATION INC,https://ontoinnovation.com/,https://linkedin.com/company/onto-innovation
K421QL1VTXH4,CHICAGO MAGNESIUM CASTING CO,www.chicagomagnesium.com,https://linkedin.com/company/chicago-magnesium-casting-co
K43WLMMR2SM5,"INTEGRATED SYSTEMS SOLUTIONS, INC.",www.issmgmt.com,https://linkedin.com/company/integrated_systems_solution_inc.
K44FKPGYCZF7,"CBM FABRICATIONS, INC",cbmfab.com,https://linkedin.com/company/cbm-fabrications
K44NDTLLJX39,SYQWEST LLC,WWW.SYQWESTINC.COM,https://linkedin.com/company/syqwest
K45MG4TB5881,"EVENLY ODD, INC.",www.knack.com,https://linkedin.com/company/knackhq
K46FJDAU4616,"NAVAL WELDING INSTITUTE, LLC",https://www.navalweldinginstitute.com/,https://linkedin.com/company/the-naval-welding-institute
K487W9WBD9U1,CARNEGIE ENDOWMENT FOR INTERNATIONAL PEACE,https://carnegieendowment.org/,https://linkedin.com/company/carnegieendowment
K49YZZGZ13Y9,ME GLOBAL INC.,,
K4ALBMAJPJJ5,L3HARRIS TECHNOLOGIES INTEGRATED SYSTEMS L.P.,l3harris.com,https://linkedin.com/company/l3harris-technologies
K4AMN5M9PJ48,EATON AEROSPACE LLC,,
K4BWB48CCNQ3,SECURITY AND SAFETY SOLUTIONS 3S,,
K4CGXEJLWGM5,FLIGHTSAFETY TEXTRON AVIATION TRAINING LLC,www.flightsafety.com,https://linkedin.com/company/flightsafety-international
K4CPHY4G6J93,"HOWELL INSTRUMENTS, INC.",https://www.howellinst.com,https://linkedin.com/company/howell-instruments-inc-
K4DVCN9PJMP4,"DETROIT DEFENSE SYSTEMS, LLC",https://detroitdefense.com/,https://linkedin.com/company/ricardodefense
K4FYB2EJVL32,ARKANSAS CHILDREN'S RESEARCH INSTITUTE,http://archildrens.org/research,https://linkedin.com/company/arkansaschildrens
K4GJKMQD4961,"BARBER-NICHOLS, LLC",http://www.barber-nichols.com,https://linkedin.com/company/barber-nichols
K4HMZ3MJABE7,CLEANING UP LLC,https://cleaningupkc.com/,https://linkedin.com/company/cleaningupkc
K4K5KM8PNUW3,"IXSYSTEMS, INC.",https://www.truenas.com/,
K4LCRHQF1EW8,"IGNITE ENTERPRISE SOFTWARE SOLUTIONS, LLC",,
K4LKHE9DHXR5,AQUILA INTERNATIONAL LLC,www.aquila-intl.com,https://linkedin.com/company/aquila-intl
K4SLHKVCQF96,AMERICAN OFFROAD LLC,,
K4UPNWD7YEB1,MARTIN-BAKER AMERICA INC,http://www.martin-baker.com,https://linkedin.com/company/martin-baker-aircraft-co-ltd
K4V5LZ9H16G5,CELERITY GOVERNMENT SOLUTIONS LLC,www.xceleratesolutions.com,https://linkedin.com/company/xcelerate-solutions
K4VGA5YWRVN7,"INTERIOR SHOWPLACE, LTD.",http://www.interiorshowplace.com,https://linkedin.com/company/interiorshowplace
K51LECU1G8N3,WILLIAM MARSH RICE UNIVERSITY,rice.edu,
K51UG4BJGE68,"CA, INC.",,
K523ZL2J5659,PRECOMA LAW LLC,,
K529HS19T9V1,"POSITIVE COACH, LLC",https://www.positive-coach.com,
K532K87ST3V6,SOCIAL SECURITY ADMINISTRATION,,
K53EFBMPBCN8,PAWS & FOOTPRINTS TRAINING ACADEMY LLC,,
K56CDJ69A8A5,GNCB CONSULTING ENGINEERS PC,gncbengineers.com,https://linkedin.com/company/gncb
K574V7KEQUC8,"CIRCOR AEROSPACE, INC.",http://www.circoraerospace.com,https://linkedin.com/company/circor-aerospace-aerodyne
K57VXTHZ2E79,ARRIKAI LLC,www.arrikai.com,https://linkedin.com/company/arrikai-llc
K595Q8MM2M74,ADVANCED RESEARCH AND ENGINEERING INTEGRATED SOLUTIONS LLC,http://www.areisllc.com,
K59JNSB6SKN4,"SPIRE COMMUNICATIONS, INC.",http://www.spirecomm.com/,https://linkedin.com/company/spire-communications
K5ADHNXHK3D7,ANIXTER INC.,www.anixter.com,https://linkedin.com/company/anixter
K5BPUJ159KF9,"MAGELLAN AEROSPACE, WINNIPEG",http://www.magellan.aero/,https://linkedin.com/company/magellan-aerospace
K5BYLSNF8WL5,"CHAPMAN AIR SYSTEMS, INC",,
K5CSHFKMR8C4,"HANWHA AEROSPACE CO., LTD.",http://www.hanwhaaerospace.co.kr/,https://linkedin.com/company/hanwha-aerospace-europe
K5DSFYKEULJ7,I-STAR ENERGY SOLUTIONS LLC,,
K5EEMZNDC9K8,"FRONTIER PRECISION, INC",WWW.FRONTIERPRECISION.COM,https://linkedin.com/company/frontier-precision-inc.
K5ELVTPHUZU8,DTROVISION LLC,,
K5FNK7A27Z83,"VERACITY CONSULTING GROUP, LLC",www.meetveracity.com,https://linkedin.com/company/veracitybyrgp
K5G5MP4LKNR4,"PROTEUS MOTION, INC.",,
K5G9TKRMC7R7,"MARONEY COMPANY, LLC",,
K5H4HMFGY1J4,"CVDTEK, INC.",,
K5HLN65BXC76,"TWD & ASSOCIATES, INC.",http://www.twd.com,https://linkedin.com/company/twd&associates-inc
K5JPSQ4GAG91,EAST PLUM LLC,www.eastplum.com,https://linkedin.com/company/east-plum
K5L2FL4M2298,CONCORDIAN CORPORATION,www.concordiancorp.com,https://linkedin.com/company/concordian-corporation
K5L5KR3MZ538,"ASRC FEDERAL DATA SOLUTIONS, LLC",,
K5L8DBZW6M91,"HI REL CONNECTORS, INC.",http://www.hirelco.net,https://linkedin.com/company/hirel-connectors-inc.
K5LWYN6M2GP7,BGASOFT INC,http://www.bgasoft.com/,https://linkedin.com/company/bgasoft-inc
K5MJZJMBZJ46,"FACILITY INTERIORS, INC.",www.facilityinteriors.com,https://linkedin.com/company/facility-interiors
K5RKKDFY32G8,HEXCEL POTTSVILLE CORP,http://www.hexcel.com,https://linkedin.com/company/hexcel-corporation
K5TBNBLVG1F8,"CACI IDT, LLC",https://www.caci.com,https://linkedin.com/company/caci-international-inc
K5TMAM98KHD3,LOMA LINDA UNIVERSITY MEDICAL CENTER,,
K5UZH9K14QF9,"UNITED STATES TOWER SERVICES, LIMITED",http://www.ustowerservices.com,https://linkedin.com/company/united-states-tower-services-ltd-
K5V5SEGD6G28,ITL TRANSPORTMASCHINEN GMBH,,
K5WASFGRFAG5,DATA SYSTEMS ANALYSTS INC,http://www.dsainc.com,https://linkedin.com/company/dsa
K5WKVN8NQEY5,"AEGIS PROJECT CONTROLS, LLC.",www.consultaegis.com,https://linkedin.com/company/consultaegis
K5WVCD4GUK41,JONATHAN ENGINEERED SOLUTIONS CORP.,www.jonathanengr.com,https://linkedin.com/company/jonathan-engineered-solutions
K5X6B9AY7HV6,"SPECIALTY RING PRODUCTS, INC.",,
K618DLJVEJ45,CWR TECHNOLOGIES L.L.C.,www.cwrtech.com,https://linkedin.com/company/cwr-technologies
K63NJBSUCQW3,RAC LLC,www.racgov.com,
K65JKFKWKXM7,MARINE SPECIALTY PAINTING INC.,www.marinespecialtypainting.com,https://linkedin.com/company/marine-specialty-painting
K66PRQQXMCA4,BOON EDAM INC.,http://www.boonedam.com,https://linkedin.com/company/boonedam
K66TD5ZNX2G5,TRUST ONE COMPONENTS INC,www.trustonecomponents.com,https://linkedin.com/company/t1-components
K67DTTG9L6S5,"GEODESICX, INC.",http://www.geodesicx.com,https://linkedin.com/company/geodesicx-inc.
K67MF4NWKCC9,EDGE TECHNOLOGIES INC,http://www.edgeti.com/,https://linkedin.com/company/edgeti
K6BCB5RNHHW6,"IED SUPPORT SERVICES, LLC",,
K6C9QDLSGEA5,DAYTONA DRIVING SCHOOL,,
K6CCYF3ZWHK8,XYZ REALITY LIMITED,,
K6CQG2YRERK9,TRIGON CYBER INC.,www.trigoncyber.com,https://linkedin.com/company/trigoncyber
K6EJCRBJFR43,"COMMS. MOBILE SOLUTIONS, LLC",http://www.commsmobilesolutions.com,https://linkedin.com/company/comms.-mobile-solutions-llc
K6EPQDKP2HX6,TIMBERLINE HELICOPTERS INC,,
K6EYVA6PJ7J5,"ELLIOTT ELECTRIC SUPPLY, INC.",http://www.elliottelectric.com,https://linkedin.com/company/elliott-electric-supply
K6FDSFC2WR39,BOARD TECHNOLOGY INNOVATIONS LLC,http://www.btipcb.com,https://linkedin.com/company/innovative-board-technologies
K6GXTKTMA8D4,LEONARDS METAL INC,www.lmiaerospace.com,https://linkedin.com/company/lmi-aerospace
K6HPN25G7FC4,INTEGRATED PROCUREMENT TECHNOLOGIES,www.iptsb.com,https://linkedin.com/company/iptsb
K6KGAKQZH9A8,"AVCORP INDUSTRIES, INC",https://www.latecoere.aero/en/implantation/delta-canada/,https://linkedin.com/company/latecoere
K6N8ZTZ3L5M5,KAIA INC,https://kaiainc.com/,https://linkedin.com/company/kaiainc
K6PBS5DKCBW6,QUALITY AERO INC,WWW.ALE.COM,https://linkedin.com/company/alee
K6QLEQBN38L9,ADB SAFEGATE AMERICAS LLC,,
K6QZVGLHMDC4,"OPTICS TECHNOLOGY, INC",WWW.OPTICSTECHNOLOGY.COM,https://linkedin.com/company/optics-technology-inc-
K6TLMY7UBHJ6,"STRATEGIC DATA SYSTEMS, INC.",https://www.sdatasystems.com,https://linkedin.com/company/strategic-data-systems-san-diego-
K6V9KK6D3CW1,"DATASPAN HOLDINGS, INC.",www.dataspan.com,https://linkedin.com/company/dataspan
K6X7HMMH1P59,NETWORK TECHNOLOGIES INC,http://www.networktechinc.com/,https://linkedin.com/company/network-technologies-inc
K6XWL1L9CLD1,"FINE LABORATORIES, INC.",http://www.finelabs.com,https://linkedin.com/company/fine-laboratories-inc-
K6ZNV8GRWK66,FOCUSED INGENUITY INC,,
K6ZUHCANKUA3,VOLTRON TECHNOLOGY LLC,,
K729HYTM8J23,LITE COMS LLC,www.litcoms.com,
K74VFQ96PKR3,"GLOBAL AUTOMOTIVE, INC.",http://www.gawdc.com,https://linkedin.com/company/global-automotive-inc.
K75RLDJJKZK5,TRANSFORM HEALTH LLC,www.transformhc.com,https://linkedin.com/company/transform-health-consulting
K76GCQ7DK664,BRETCO LLC,http://www.bretco.com,https://linkedin.com/company/bretco-inc-
K783PK4DZEE3,"ADVANTEC MANUFACTURING USA, INC.",http://www.advantecmarine.com,https://linkedin.com/company/advantecmarine
K78JMMAYPQ55,TELAIR US LLC,uscargosystems.com,https://linkedin.com/company/us-cargo-systems
K78QCKYY8P87,ROWE PROFESSIONAL SERVICES CO,http://www.rowepsc.com,https://linkedin.com/company/rowe-professional-services-company
K7AUKRR4Z8J5,"TVC COMMUNICATIONS, L.L.C.",WWW.WESCO.COM,https://linkedin.com/company/wesco.corp
K7DLQN4UFGV5,STS GLOBAL USA CORP,www.sts-global.com,https://linkedin.com/company/sts-global-usa-corporation
K7F2J2K5V4F7,"KUTTA TECHNOLOGIES, LLC",http://www.kuttatech.com,https://linkedin.com/company/kutta-technologies-inc.
K7GFWD54VDP7,BGA TECHNOLOGY LLC,http://www.bgatechnology.com,https://linkedin.com/company/bga-test-and-technology
K7GPEJKULT75,"PETERSON CONTRACTORS, INC.",www.petersoncontractors.com,https://linkedin.com/company/peterson-contractors-inc
K7HJDGFAMYG6,"NSL ANALYTICAL SERVICES, INC",http://www.nslanalytical.com,https://linkedin.com/company/nsl-analytical-services
K7HVWEPMMNL3,MFGS INC,https://www.mfgsinc.com,https://linkedin.com/company/mfgs-inc
K7J5DEM9LTY6,"CONNECTICUT TRAILERS, INC.",https://www.cttrailers.com,https://linkedin.com/company/connecticut-trailers
K7JAQLNKAQK3,"SMFS, INC.",www.grimmcyber.com,
K7JMRHSE4679,TOTEX MANUFACTURING INC.,www.totexmfg.com,https://linkedin.com/company/totex-manufacturing-inc
K7K8JKK4H5J7,"ANTHONY LEE ASSOCIATES, INC.",http://www.anthony-lee.com,https://linkedin.com/company/anthony-lee-associates-inc
K7KUL94MZN26,"WEST COAST SAND AND GRAVEL, INC",http://www.wcsg.com,https://linkedin.com/company/west-coast-sand-&-gravel
K7L3FAFL96K9,"ADVANTAGE MANUFACTURING OF COLORADO SPRINGS, LLC",http://www.admancos.com,https://linkedin.com/company/advantage-manufacturing-of-colorado-springs
K7LUUQKYNVH3,SOUTHWEST SOLUTIONS GROUP INC,www.southwestsolutions.com,https://linkedin.com/company/southwest-solutions-group
K7NLYVNRH2B5,"SELECTPATH HOLDING, INC",http://www.contactwireless.com,https://linkedin.com/company/contact-wireless
K7NNY5B91ZQ3,"PRECISION DOORS & HARDWARE, LLC",www.cookandboardman.com,https://linkedin.com/company/cookandboardman
K7NSLGM22EE3,ZYGO CORPORATION,http://www.zygo.com,https://linkedin.com/company/zygo-corporation
K7NTNUMRDFQ9,"L3HARRIS FORCEX, INC.",https://www.l3harris.com/,https://linkedin.com/company/l3harris-technologies
K7QWMTNE77W4,BRIGHTON CROMWELL LLC,http://www.brightoncromwell.com,https://linkedin.com/company/brighton-cromwell-llc
K7RJF6LCGQD6,"NAKOMA PRODUCTS, LLC",http://www.nakomaproducts.com,
K7S7JG9BNR11,"SALEM TUBE, INC.",www.salemtube.com,https://linkedin.com/company/salem-tube-inc-
K7SMK1YGK617,OFFICEIMAGES INC,http://www.officeimagesinc.com,https://linkedin.com/company/office-images
K7TNJMC9MB73,"HEIDELBERG ENGINEERING, INC.",http://www.heidelbergengineering.com,https://linkedin.com/company/heidelberg-engineering
K7U4K35DBUM4,"PLANET TECHNOLOGIES, INC.",https://go-planet.com,https://linkedin.com/company/planet-technologies
K7UKW5JLHVC7,"JWF DEFENSE SYSTEMS, LLC",WWW.JWFI.COM,https://linkedin.com/company/jwf-industries
K7UVZ94SDZE3,DELMARVA PETROLEUM SERVICES LLC,https://www.delmarvapetroleumservice.com,https://linkedin.com/company/delmarva-petroleum
K7VBC15L2FD1,LONG OIL HEAT INC,www.longenergy.com,https://linkedin.com/company/long-energy
K7W9V9X38N45,"FORGE GROUP, LLC",www.forgegroupllc.com,https://linkedin.com/company/forge-group-llc
K7WEJQPR6EA3,A. W. BELL PTY. LTD.,www.awbell.com.au,https://linkedin.com/company/a-w-bell-pty-ltd
K7XRYAXC2KL4,"EAGLEPICHER ELECTRONIC PACKAGING, LLC",,
K811G1UBLFD7,"TRESCAL, INC",http://www.trescal.com,https://linkedin.com/company/trescal
K81MMYJR7337,SNOWBIRD TECHNOLOGIES INC.,WWW.SNOWBIRDTECH.COM,https://linkedin.com/company/snowbird-technologies
K826A3K9EMW1,T5 SOLUTIONS LLC,,
K84NBZG5JNJ5,UNITED MINERAL & CHEMICAL CORP,www.umccorp.com,https://linkedin.com/company/united-mineral-&-chemical-corp.
K87JY6GHJ2H1,"BENDON GEAR AND MACHINE, INC",,
K87WE4KQLBG4,"ESCGOV, INC.",http://www.escgov.com,https://linkedin.com/company/escgovinc
K87YQGFZWL39,"ENGINEERED STRUCTURES OF SAN DIEGO, INC",www.cairoconstruction.com,https://linkedin.com/company/cairo-construction-co
K88YFN9PYT96,WINNCOM TECHNOLOGIES CORP,http://www.winncom.com,https://linkedin.com/company/winncom-technologies
K8AUW2NDQQU6,"MICROWAVE POWER PRODUCTS, INC.",http://www.mppinc.com,https://linkedin.com/company/microwave-power-products
K8B9SZTQL921,SIERRA NEVADA ELECTRIC INC,snei.us,
K8BGGBWPMR31,"SEY TEC, INC.",http://www.seytec.com,https://linkedin.com/company/sey-tec
K8CLC9L7ETY5,"ICAT LOGISTICS, INC.",http://www.icatlogistics.com,https://linkedin.com/company/icat-logistics
K8E4CQYCRJ25,ADVANCED STRUCTURES CORPORATION,,
K8E7AWK9FHD4,HPS FABRICATIONS INC,www.hpsfab.com,https://linkedin.com/company/hps-fabrications-inc.
K8GASGJBEXP9,FISHBOWL SOLUTIONS INC,www.fishbowlsolutions.com,https://linkedin.com/company/fishbowl-solutions
K8GBEKSNGCZ9,VARADA CONSULTING LLC,https://varadadefense.com,
K8GFYBB9J8E5,"FITNESS ARTIST, LLC",http://www.fitness-artist.com,https://linkedin.com/company/fitness-artist-llc
K8GGZVKNL967,GRIDIRON IT SOLUTIONS LLC,www.gridironit.com,https://linkedin.com/company/gridiron-it
K8HKFMTENNZ6,BAY TECH INDUSTRIES INC,,
K8HVS634AQS8,BCM ONE INC,http://www.bcmone.com,https://linkedin.com/company/business-communications-management
K8JJBLXANYY9,"CENTURY PRECISION ENGINEERING, INC.",http://www.centurype.com,https://linkedin.com/company/century-precision-engineering
K8KDK8CLT7B7,ANR GROUP INC,http://www.anrgroupinc.com,https://linkedin.com/company/anrgroupinc
K8KVUFQMGYV5,"DARK WOLF SOLUTIONS, LLC",http://www.darkwolfsolutions.com,https://linkedin.com/company/darkwolfsolutions
K8M1X7MJTLV7,AGILIOUS LLC,https://www.agilious.com/,https://linkedin.com/company/agilious
K8N4PDLBFUG9,"CLIPPER OIL, INC.",http://www.clipperoil.com,https://linkedin.com/company/clipper-oil-company
K8NNCV3FVHA4,"DDAO, LLC",https://www.ddaosolutions.com,
K8NNV2MH8AE6,RICOH USA INC,http://www.ricoh-usa.com/,https://linkedin.com/company/ricoh-company-ltd-
K8NVRQDKJ1D6,"INSIGHT PIPE CONTRACTING, LLC",,
K8P8SQ4Z6JX4,HELMUT'S MARINE SERVICE,http://helmutsmarine.com,https://linkedin.com/company/helmut's-marine-service
K8QPQLGTRM33,"AMENTUM TECHNOLOGY, INC.",www.amentum.com,https://linkedin.com/company/amentumcorp
K8QZJRFE6PD8,"CV INTERNATIONAL, INC.",http://cvintl.com/,https://linkedin.com/company/cv-international-inc-
K8TKPM6WDHJ5,CENTENNIAL TECHNOLOGIES INC,www.centennialtechnologies.com,https://linkedin.com/company/centennial-technologies
K8W2J2DS9FN1,"SYNOPSYS, INC.",http://www.synopsys.com/,https://linkedin.com/company/synopsys
K8XPQLEA3SH5,"D & S MFG., INC.",www.dsmfg.com,https://linkedin.com/company/d-s-manufacturing
K8YTXDG1QL77,"ENGLANDER ENTERPRISES, INC.",https://www.impactelectronics.com/,https://linkedin.com/company/impact-electronic-solutions
K93HX96LHLE5,"WHELEN ENGINEERING COMPANY, INC.",www.whelen.com,https://linkedin.com/company/whelen-engineering
K94DP2NMUZX8,RC4VETS LLC,www.rc4vets.com,https://linkedin.com/company/rc4vets-llc
K95BGHSBLN45,"VERTECHS ENTERPRISES, INC.",http://www.vertechsusa.com,
K95SPKS33M71,"GLOBAL SYSTEMS ENGINEERING, LLC",www.intrepedpartners.com,
K97DGB4NAKJ5,LS TECHNOLOGIES LLC,http://www.lstechllc.com,https://linkedin.com/company/ls-technologies-llc
K9DWUSJDMCC7,GOVERNORS OF ST FRANCIS XAVIER,http://www.stfx.ca,https://linkedin.com/company/st.-francis-xavier-university
K9DYMNVGVQM3,"SCHUF USA, INC",,
K9EWFALM4498,"FOURGEN, LLC",,
K9FBFLATAET3,"MCKNEW CHIPPING, INC.",,
K9G2C434ARK8,"TEKTRONIX, INC.",https://www.tek.com/,https://linkedin.com/company/tektronix
K9H9E2NCL8M7,DIELCO CRANE SERVICE INC,,
K9HJHLAKXE96,JOHNSON CONTROLS FIRE PROTECTION LP,,
K9HLNJ6VRTT7,"HEROTEK, INC.",www.herotek.com,https://linkedin.com/company/herotek-inc
K9JSNTUKNWM5,"COMFORT SUPPLY, INC",CSIPGH.COM,https://linkedin.com/company/csipgh
K9KWBN71LKW1,RECOTECH AB,www.recotech.com,https://linkedin.com/company/recotech-ab
K9QNMN9AGE36,"GREEN CIRCUITS, INC.",www.greencircuits.com,https://linkedin.com/company/greencircuits
K9REEC338KM7,"SOUTHWIND CONSTRUCTION SERVICES, LLC",https://www.swconstruct.com,https://linkedin.com/company/southwind-construction-services-llc-ok
K9VJHKLBZ8N6,RECREATION DYNAMICS LLC,,
K9VMHL2MG5X7,"PH TOOL, LLC",http://www.phtool.com,https://linkedin.com/company/ph-tool-llc
K9W1STNWVMG8,"ENGRAVING CONCEPTS, LP",www.engravingconcepts.com,https://linkedin.com/company/engraving-concepts
K9XUZALA27S7,"JFROG, INC.",https://jfrog.com/,https://linkedin.com/company/jfrog-ltd
K9YAEMAL34X3,"CHARLEY TOPPINO & SONS, INC",http://www.charleytoppinoandsons.com,https://linkedin.com/company/charley-toppino-&-sons-inc-
K9ZDDLFDPFZ4,"STARCOMPLIANCE OPERATING, LLC",www.starcompliance.com,https://linkedin.com/company/starcompliance
KA2FEYP74PK6,HARMONIC DRIVE L.L.C.,http://harmonicdrive.net,https://linkedin.com/company/harmonic-drive-llc
KA2JKR8LZ1C3,IDENTITY SOFTWARE SOLUTIONS LLC,,
KA4NZQD8JVJ1,EMD MILLIPORE CORP,www.sigmaaldrich.com,
KA59EM3RLNW3,PER VICES CORPORATION,www.pervices.com,https://linkedin.com/company/per-vices-corporation
KA5FE1CQMA95,"NEWTON DESIGN, LLC",http://www.newton-design.com,https://linkedin.com/company/newton-design-llc
KA65QMR9CAD7,ROLLOUT SYSTEMS LLC,https://www.rolloutsys.com,https://linkedin.com/company/rollout-systems-llc
KABJZBBJ4B54,REGENTS OF THE UNIVERSITY OF MINNESOTA,,
KABTM29275Y8,THERMAL CERAMICS INC,,
KAG5KTZJ7LY3,"J.F.D. TUBE & COIL PRODUCTS, INC.",http://www.jfdcoil.com,https://linkedin.com/company/j-f-d-tube-&-coil-products-inc-
KAJUT9DFFJK2,"BCI SOLUTIONS, INC",http://www.bcisolutions.com,https://linkedin.com/company/bci-solutions-inc
KALTBLA9QNA5,HOOD TECH CORP VISION INC,http://www.hoodtech.com,https://linkedin.com/company/hood-technology-corporation
KAM6AE2K6TN3,"SECURE HEADSET GROUP, LLC",,
KAM6YHKXJC96,TVB TADJOURAH VILLE BLANCHE,,
KAMDTHMU3Z83,"ACTRON ENTITIES, INC.",https://www.actronengineering.com,https://linkedin.com/company/actron-entities-inc
KAR6JDB1HJ16,BLEN INC.,https://www.blencorp.com/,https://linkedin.com/company/blen-corp
KARPG8YV7XT8,"ICF ESAC, LLC",http://www.ICF.com,https://linkedin.com/company/icf-international
KATEB8XNR5P7,FUSION FABRICATING & MANUFACTURING LLC,www.fusionfabmfg.com,https://linkedin.com/company/fusion-fabricating-manufacturing
KATGKUYBGUQ7,VISIONEERING INC,www.vistool.com,https://linkedin.com/company/visioneering-inc.
KAUSH2N5N9G2,"ACADEMY LINES, L.L.C.",,
KAWTP8XNFEK9,"PLASMA PROCESSES, LLC",http://plasmapros.com,https://linkedin.com/company/plasma-processes-llc
KAXLJU5EAP62,INNOVASEA SYSTEMS INC,www.innovasea.com,https://linkedin.com/company/innovasea
KAY6LWKR4GY1,SALUTE INDUSTRIES INC,,
KAYNX5EVWR88,"ELECTRO PLATE CIRCUITRY, INC.",http://www.eplate.com,https://linkedin.com/company/electro-plate-circuitry
KAZ4JKA23UT5,"ENDICOTT PRECISION, INC.",EndicottPrecision.com,https://linkedin.com/company/endicott-precision-inc
KB6NZDMMP3N8,BEN GURION UNIVERSITY OF THE NEGEV,https://www.bgu.ac.il/en/,https://linkedin.com/company/ben-gurion-university
KB7JMM5NEMK5,"PROMED MOLDED PRODUCTS, INC.",www.promedmolding.com,https://linkedin.com/company/promedmolding
KB8BBLEREKL6,EQUINOXYS INC.,http://www.equinoxys.com,https://linkedin.com/company/equinoxys
KB99WN8JF8K9,AGRICULTURAL RESEARCH SERVICE,,
KB9VFTWKNWG8,"DEPENDABLE TOOL & DIE CO., INC.",,
KB9WHPNK13Q1,CSI MANUFACTURING INC,www.compsources.com,https://linkedin.com/company/component-sources-international-csi-group
KBAMM83CNWK7,DIRT & AGGREGATE INTERCHANGE INC,https://www.dirtagg.com/,https://linkedin.com/company/dirt-aggregate-interchange-inc
KBANFBFVST63,EATON CORPORATION,http://www.eatonelectrical.com,
KBARBD3JZQJ6,"C. MACK SOLUTIONS, LLC",www.cmacksolutions.com,https://linkedin.com/company/c-mack-solutions
KBAXEBXJZKV3,FRY REGLET CORPORATION,,
KBBDZEMECM47,"ZWICKROELL, LP",http://www.zwickroell.com,https://linkedin.com/company/zwickroell
KBBVLCZN9WL3,"COASTAL HELICOPTERS, INC.",www.coastalhelicopters.com,https://linkedin.com/company/coastal-helicopters
KBCXMJ2WXRK7,"HDR ENGINEERING, INC.",http://www.hdrinc.com,https://linkedin.com/company/hdr
KBDGFGQ8HNZ5,WRIGHT AIR SERVICE INC,http://www.wrightairservice.com,https://linkedin.com/company/wright-air
KBEHG3BKC2K1,"MEAD O'BRIEN, INC.",https://www.meadobrien.com,https://linkedin.com/company/meadobrien
KBEKZD7NNZM4,"NELSON NYGAARD CONSULTING ASSOCIATES, INC.",https://nelsonnygaard.com/,https://linkedin.com/company/nelsonnygaard-consulting-associates
KBFUKJJSJW69,"TEKSYSTEMS, INC.",http://www.teksystems.com,https://linkedin.com/company/teksystems
KBG2E3D7JNK9,AERO-GLEN INTERNATIONAL LLC,http://www.aeroglen.com,https://linkedin.com/company/aero-glen-international
KBGXUEJNWJH9,"RELLI TECHNOLOGY, INC",https://www.relli.com,https://linkedin.com/company/relli-technology-inc.
KBHMRSSK9WP9,MORTAN INC.,http://www.morganlens.com,https://linkedin.com/company/morgan-irrigation
KBJLFL48EZN4,STAR LUMBER & SUPPLY CO INC,www.starlumber.com,https://linkedin.com/company/star-lumber
KBJUP6M172J9,WESTINGHOUSE GOVERNMENT SERVICES LLC,,
KBK4M68UCW23,THE COLLECTIVE INTERNATIONAL FZE,www.thecollectiveintl.com,https://linkedin.com/company/the-collective-international-defense-contracting
KBKXG3KH97V4,MISSION ELECTRONICS INC,http://www.missionelectronics.com,https://linkedin.com/company/mission-electronics
KBL6XLDCXKG8,HONEYWELL INTERNATIONAL INC.,,
KBY2UK8J9KM9,DANE LLC,http://www.danellc.com,https://linkedin.com/company/dane-llc
KBY7JJ5B6C79,"ENVIRONMENTAL RESOURCES COMPLIANCE, LLC",www.envrescompliance.com,https://linkedin.com/company/environmental-resources-compliance
KBZZY22TGBS4,"INLINE ELECTRIC SUPPLY COMPANY, INC.",,
KC2VLUMHG2S4,"VULCAN PAINTERS, INCORPORATED",http://www.vulcan-group.com,https://linkedin.com/company/vulcan-painters-inc-
KC3CH2MSK7Q3,"ANDURIL INDUSTRIES, INC.",http://www.anduril.com/,https://linkedin.com/company/anduril
KC54KFTNGGE8,PARKS GLOBAL SOLUTIONS LLC,,
KC5HK396CTA7,ABB INC,http://www.abb.com,
KC5VSGHSB424,"SPECPRO MANAGEMENT SERVICES, LLC",www.specpromgmtsvcs.com,https://linkedin.com/company/specpro-management-services-llc-sms
KC6FRKJMY2B7,"FLOW CONTROL TECHNOLOGY COMPANY, LLC",,
KC71KTLLW2G1,FOUNDATION ENVIRONMENTAL LLC,,
KC94HFV3ZS79,GOODRICH CORPORATION,,
KC9TJYEW3KC4,"APOGEE ENGINEERING, LLC",http://www.apogeeusa.com,https://linkedin.com/company/apogee-engineering-llc
KCACQXY7X7E5,"KCG ENGINEERING GROUP, INC.",,
KCAGU16EGLR1,"DP PROFESSIONALS, INC.",http://www.dppit.com/,https://linkedin.com/company/dp-professionals
KCAQGZUD98X1,AGENCIA ESTATAL CONSEJO SUPERIOR DE INVESTIGACIONES CIENTIFICAS,http://www.csic.es,https://linkedin.com/company/csic-innovación
KCB7TMZV5JF3,CATALYST CUBES INC,www.catalystcubes.com,https://linkedin.com/company/catalyst-cubes
KCBJDNLYPNX1,"CONTROL & EQUIPMENT CO OF EL PASO, INC",http://www.controlandequipment.com,https://linkedin.com/company/control-and-equipment-company
KCCJCH26DXS3,ENPURICON INC,www.enpuricon.com,https://linkedin.com/company/enpuricon-inc
KCEJYZ72F6F7,"KING STREET TECHNOLOGY PARTNERS, LLC",www.kstpllc.com,
KCGSTRQLQ3D1,AMERICAN ISOSTATIC PRESSES INC,www.aiphip.com,https://linkedin.com/company/american-isostatic-presses-inc-
KCHMURA3JN59,VETCENTRIC LLC,,
KCHPLA1Q5GL3,SUPPORT POWER INC.,,
KCJLQM1TDCR5,SUBIC DRYDOCK CORPORATION,www.subicdock.com,https://linkedin.com/company/subicdock
KCJNAQRCCCA8,PRO BEAM USA INC,,
KCK8MM3K5D46,ENERGEIA USA,http://energeia-usa.com/,https://linkedin.com/company/energeia-usa
KCKAC9UC8XB8,PEOPLE DRIVEN TECHNOLOGY INC,www.peopledriven.com,https://linkedin.com/company/peopledriven
KCKBJRXPHKH5,BSN MEDICAL INC,https://www.essity.com/company/essitys-business-areas/health-and-medical/,https://linkedin.com/company/essity
KCKVWF757BX4,PROMIADE SOLUTIONS LLC,www.promiade.com,https://linkedin.com/company/promiade-solutions-llc
KCLZZ4QMT7V5,WORKINGVET LLC,www.workingvet.com,https://linkedin.com/company/workingvet
KCM5LLDBQ6R1,HEIL TRAILER INTERNATIONAL LLC,,
KCMEJDMK5A65,FOLSOM TOOL & MOLD CORP,www.folsomtool.com,https://linkedin.com/company/folsom-tool-&-mold-co
KCMVQXTCKRK7,FOTOKITE US LLC,www.fotokite.com,https://linkedin.com/company/fotokite
KCNRFEK613P9,"MACKENZIE HEALTH CONSULTING, PLLC",,
KCNTHN9XRJR5,"MAGELLAN AEROSPACE, NEW YORK, INC.",http://www.magellanaerospace.com,https://linkedin.com/company/magellan-aerospace-haverhill-inc
KCP6KVGL9LW7,MEGGITT SAFETY SYSTEMS INC,,
KCQPCMX74QC4,"SAPIENT BIOANALYTICS, LLC",www.sapient.bio,https://linkedin.com/company/sapientbio
KCRJWFLVHLR6,"ILLINOIS TOOL WORKS, INC.",http://www.ehwachs.com,https://linkedin.com/company/e-h-wachs
KCRZJM5LHSF3,"SCHULER BROS. INVESTMENTS, INC.",www.gowfire.com,https://linkedin.com/company/alexander-gow-fire-equipment-company
KCSNS19MWN17,INTELLIGENT DEVICES LLC,https://www.intdevices.com,
KCTLXQMBB2U8,NEW YORK UNIVERSITY SCHOOL OF MEDICINE NYU PROFESSIONAL BILLING,,
KCVEP371XKH4,ADVANCED MOBILITY SOLUTIONS INC,,
KCVRB5DW4VJ9,MOORE FAMILY SERVICES LLC,www.mooremedicaltraininginstitute.com,
KCZKL9F4DQN6,"SENTINEL TECHNOLOGIES, INC.",http://www.sentinel.com/,https://linkedin.com/company/sentinel-technologies
KCZNNC3Y1M66,DIGITALERA GROUP LLC,,
KD1BKG5ZJYL6,DANNY RYAN PRECISION CONTRACTING INC,www.adepprecision.com,https://linkedin.com/company/precision-contracting-inc-demo
KD4AVL7MQMK1,"GLOBAL HEALTHCARE EXCHANGE, LLC",http://www.ghx.com,https://linkedin.com/company/ghx
KD4NWRYQYU68,COVENANT HEALTH,http://www.covenanthealth.com,https://linkedin.com/company/covenant-health
KD5XWKQNUWY9,"ACORN SCIENCE & INNOVATION, INC.",www.acornsi.com,https://linkedin.com/company/acorn-science-&-innovation-inc-
KD9GJN2VBU14,"LIFT, INC",http://www.liftinc.com,
KDAUKGJHD335,ECO-RENTAL SOLUTIONS LLC,www.eco-rentalsolutions.com,https://linkedin.com/company/eco-rental-solutions-llc
KDBMLQV7VGY1,VENTRAQ CORP,https://netplus-group.com/,
KDFRNJFJJ4B7,SEGMENT SOLUTIONS LLC,https://www.segmentsolutions.com/,
KDFTJG6RK5A8,AIRBUS US SPACE & DEFENSE INC,www.airbusus.com,https://linkedin.com/company/airbusus
KDG3VHK3LK39,NEW IMAGE LANDSCAPING INC.,HTTPS://www.newimagelandscapersnj.com,https://linkedin.com/company/new-image-landscaping-and-contracting-services
KDGKNMM79QJ7,AL-MUSTASHAR LIL-HANDASAH,www.engicon.com,https://linkedin.com/company/engicon
KDH4E6BR2BB1,BLYTHE MECHANICAL INC,http://www.blythemechanical.com,https://linkedin.com/company/blythe-mechanical
KDLRKBJT9XN7,"HEALY TIBBITTS BUILDERS, INC.",,
KDLVLMKYCPG5,"EDA STAFFING, INC.",,
KDM8FAURHG98,ENVIROTECH LLC,http://www.envirotechind.com,https://linkedin.com/company/envirotechind
KDSKEJQGLHZ1,KUDU DYNAMICS LLC,http://www.kududyn.com,https://linkedin.com/company/kudu-dynamics-llc
KDT2YLB34NT6,LOCKHEED MARTIN CORPORATION,http://www.lockheedmartin.com/,https://linkedin.com/company/lockheed-martin
KDTPZX32PMG1,"SFTBD, INC",www.tbdconsultants.com,https://linkedin.com/company/tbd-consultants
KDUBHE5UXLJ5,"MCGILLIVRAY ENVIRONMENTAL, LLC",,
KDULKVW8F5J9,LOCAL ELECTRIC LLC,,
KDVNUGTLLFT7,"FIRETROL PROTECTION SYSTEMS, INC",http://www.firetrol.net,https://linkedin.com/company/firetrol
KDWVFE3K1TL3,MOOG INC.,http://www.moog.com,https://linkedin.com/company/moog
KDXFY2MSJW34,"ATLANTIC PRECISION SPRING, INC.",www.aps-ct.com,https://linkedin.com/company/atlantic-precision-spring-inc
KDY7NFBZK946,"QUALITY FORMING, LLC",http://www.verusaerospace.com,https://linkedin.com/company/verus-aerospace
KDYKNKBV6QZ3,REX SYSTEMS INCORPORATED,http://www.rexsystems.com,https://linkedin.com/company/rex-systems-incorporated
KE1WN1MPKJL9,TAFT ELECTRIC COMPANY,www.taftelectric.com,https://linkedin.com/company/taft-electric-co
KE22WQZ1V3U3,"HELPGOOD, LLC.",https://www.helpgood.com,https://linkedin.com/company/helpgood
KE4NQ9CLL9A7,D WHEATLEY ENTERPRISES INC,www.dwe-group.com,
KE4NUNBXPCG6,FUTURE GLADNESS COMPANY,,
KE4QJX2MV938,R D ABBOTT CO INC,www.rdabbott.com,https://linkedin.com/company/r-d-abbott-company-inc-
KE56BGW71DY3,INTEGRATED PROCUREMENT TECHNOLOGIES,www.iptsb.com,https://linkedin.com/company/iptsb
KE67DDY6MBB7,"VALTEQ, INC.",https://www.valteq-usa.com,https://linkedin.com/company/valteq-llc
KE9YPRAJJ4D1,CATALEST LLC,https://www.catalest.com/,https://linkedin.com/company/catalest
KEAABKR6JT47,NOVA FACILITY SOLUTIONS INC,novafacilitysolutions.com,
KEBDH7MYNG25,"NAASAI, INC.",,
KEC3K28LJFN8,"DAYCON PRODUCTS COMPANY, INC.",www.daycon.com,https://linkedin.com/company/daycon-products
KECFAMUKJLE6,"DIGITAL TRENDS , INC.",www.digitaltrendsinc.com,
KEDCKD1PDX44,"ELEMENT 84, INC",http://www.element84.com,https://linkedin.com/company/element84
KEDGNDMH1LN3,LOCKHEED MARTIN CORP,https://www.lockheedmartin.com,https://linkedin.com/company/lockheed-martin
KEDSLQ7YAC95,"BISCO INDUSTRIES, INC.",WWW.BISCOIND.COM,https://linkedin.com/company/bisco-industries
KEDXL89WY4E5,"SIMULATION SYSTEMS TECHNOLOGIES, INC.",http://www.s-s-t-i.com,https://linkedin.com/company/s-s-t-i
KEFEKJMHUXA3,JTEC CONSULTING LLC,www.jtec-consulting.com,https://linkedin.com/company/jtec-consulting-llc
KEFGXMMSD5L4,LB OF BOCA RATON INC,http://www.bocatronics.com,https://linkedin.com/company/bocatronics
KEFVJPWJEQW5,"PEXIP, INC",www.pexip.com,https://linkedin.com/company/pexip
KEJDBSUF2X35,HONEYWELL INTERNATIONAL INC.,,
KEJWUM4JPYP5,"JACKS TIRE & OIL, INC.",,
KEKGYANZT496,"TOTAL BUSINESS SOLUTIONS, INC.",https://cbsawardsandtrophies.com/,
KEKTUBQDCZM7,A & A SHEET METAL PRODUCTS INC,http://www.securallproducts.com,https://linkedin.com/company/securall-products
KEKWLN5XWEN5,"VETERANS ENVIRONMENTAL GROUP, LLC",,
KEMKFH4KDFF6,ALVATEK ELECTRONICS LLC,http://www.alvatek.com,https://linkedin.com/company/alvatek-electronics
KEMWNE4XM3J6,SUPREME SUPPLY CO INC,http://www.SupremeSupplyCompany.com,
KEN5XE2C2FL3,"PUEBLO ALLIANCE, LLC",puebloalliance.net,
KEPTQ65QJHQ5,"KERBEROS INTERNATIONAL, INC.",https://www.kerberosinc.com,https://linkedin.com/company/kerberos-international-inc-
KEQFM6B6W3Y6,"JAMES IPPOLITO & CO. OF CONNECTICUT, INC.",,
KERLACU8X6C9,APEX DATA SYSTEMS INC.,http://www.apexdatasys-inc.com,https://linkedin.com/company/apex-data-systems-inc.
KEWZDQJNUS81,HIGH PLAINS COMPUTING INC,http://www.hpc-solutions.net,
KEXKZK9A8859,"MIDWEST TUNGSTEN SERVICE, INC.",tungsten.com,https://linkedin.com/company/midwest-tungsten-service
KF1HV2FVMRU5,"FORTIS STRATEGIC CONSULTING, LLC",,
KF3JT7XAUS97,"CHASE CONSULTING GROUP, LLC",,
KF3NGNBNQ271,"DELPHINUS ENGINEERING, INC.",http://www.delphinus.com,https://linkedin.com/company/delphinus-engineering-inc-
KF4TSU6B2UJ8,DANTE VALVE COMPANY,http://www.dantevalve.com,https://linkedin.com/company/dante-valve-company-inc.
KF6ZQ6P3CVM3,AMP AMERMEX SA DE CV,TE.COM,https://linkedin.com/company/te-connectivity
KF7VYKHNEVN5,H3D INC,h3dgamma.com,https://linkedin.com/company/h3d-inc-
KF7WJKALTL43,"UGI ENERGY SERVICES, LLC",www.ugies.com,
KFA1ZMUGNKC4,"GRAYBAR ELECTRIC COMPANY, INC",http://www.graybar.com,https://linkedin.com/company/graybar
KFB2ZFDUJHB5,DOVE ENERGY SERVICES LLC,,
KFB4DHAEMZW4,"TECHNETICS GROUP DAYTONA, INC.",http://www.technetics.com,https://linkedin.com/company/technetics-group
KFBEBBQGH7A3,"FASTENER DEPOT, INC.",https://www.fastenerdepotinc.com/,https://linkedin.com/company/fastener-depot
KFD6P6Q68KL9,SKY TECHNOLOGIES L.L.C.,http://www.skietech.com,https://linkedin.com/company/skytechnologiesllc
KFD8AZB3KLV3,ALLTERRA CENTRAL INC,allterracentral.com,https://linkedin.com/company/allterracentral
KFG7KF1M5XT9,DMITRY ADAMSKY STRATEGIC CONSULTANCY,,
KFG7VBQN16M9,NITI SYSTEMS CONSULTANTS INC,www.NitiSys.com,https://linkedin.com/company/niti-systems
KFJ7JZ4EKFK8,BIG TOP MANUFACTURING LLC,www.bigtopusa.com,
KFJSPMVUMNY2,COLLABORATIVE TECHNOLOGIES AND COMMUNICATIONS CORP.,collaborative-av.com,https://linkedin.com/company/collaborative-av
KFK3PPJ8PYT3,"BENADE GROUP, INC. (THE)",www.tbginc.us,
KFKRW591KN55,APOLLO SHEET METAL INC,http://www.apollomech.com/,https://linkedin.com/company/apollo-mechanical-contractors
KFKXALLENJW5,"TOFFLER ASSOCIATES, INC.",www.tofflerassociates.com,https://linkedin.com/company/toffler-associates
KFN8YHNBDHL8,INNOVATIVE OBJECT SOLUTIONS INC.,innovativeobject.com,https://linkedin.com/company/innovative-object-solutions-inc-
KFN9H3DZRLM5,"MEITEC, INC.",,
KFP1XYK24DZ8,EPSILON C5I INC,www.epsilonsystems.com,https://linkedin.com/company/epsilon-systems-solutions-inc.
KFPCREDBC5N8,"ENVIRONMENTAL HEALTH & ENGINEERING, INC.",,
KFPPC17ANC24,HERMENS HELICOPTERS INC,,
KFQVDQ61HHJ4,NELSON ALEXANDER PEREZ GARCIA,,
KFS9UML9ZPJ6,KEYSTONE COMPLIANCE LLC,www.keystonecompliance.com,https://linkedin.com/company/applus-keystone
KFTAMCDMMCF1,"DEEP ISOLATION US, LLC",http://www.deepisolation.com,https://linkedin.com/company/deep-isolation
KFVJD4LEUBM7,"EMA DESIGN AUTOMATION, INC.",,
KFX1LYLLHJC5,SAVIT CORPORATION,www.savitcorp.com,https://linkedin.com/company/savit
KFYJCMEJ22U3,"PORTABLE TECHNOLOGY SOLUTIONS, LLC",http://www.ptsmobile.com,https://linkedin.com/company/portable-technology-solutions
KG1LX2GE21C3,"ENTECH INSTRUMENTS, INC.",http://www.entechinst.com,https://linkedin.com/company/entech-instruments-inc
KG1WUEWY95K5,POWERLINE TECHNOLOGIES INC,http://www.plti.tech,https://linkedin.com/company/powerline-technologies-inc-
KG3MJZ7W96W3,"LIGHTHOUSE WORLDWIDE SOLUTIONS, INC",http://www.golighthouse.com,https://linkedin.com/company/lighthouse-worldwide-solutions
KG4EP739FQH3,ANIVAS TECH LLC,https://www.anivastech.com/,https://linkedin.com/company/anivas-technology
KG6FJTCK8UZ4,IMPLEMETRICS INCORPORATED,http://www.implemetrics.net,
KG98NZBHAXN9,"ALTAMIRA, LLC",https://www.mn-am.com/,https://linkedin.com/company/mn-am
KG9VTNCEL935,AMPHENOL (MARYLAND) INC,http://www.wilcoxon.com,https://linkedin.com/company/wilcoxonsensingtechnologies
KGCVG13A4LK6,"CAHABA FEDERAL SOLUTIONS, LLC",www.cahabafederal.com,https://linkedin.com/company/cahaba-federal
KGCVMXMV5FE3,"VSEE LAB, INC.",http://vsee.com,https://linkedin.com/company/vsee
KGDEFYJZWH53,"KWC, LLC",,
KGEJYV93XJC9,OSHKOSH TENT & AWNING CO INC,,
KGENLHRWL8B9,PI PHYSIK INSTRUMENTE LP,http://www.pi-usa.us,https://linkedin.com/company/pi-usa-pi-physik-instrumente-l.p.
KGF2CHWGJRK8,"GENERAL DYNAMICS-OTS, INC.",www.gdots.com,
KGFEDFYBYMN9,EVOLV SOLUTIONS LLC,http://www.evolvsolutions.com,https://linkedin.com/company/evolv-solutions-llc
KGGBDKXSLV83,MARITIME TACTICAL SYSTEMS INC.,martacsystems.com,https://linkedin.com/company/maritime-tactical-systems-martac-
KGL9DHD2JZC5,"K&G CONTRACTING SOLUTIONS, INC.",www.kg-contractors.com,
KGMAGNJB8B55,"REUTER-STOKES, LLC",,
KGMNKRVCT8L7,TEXAS A&M ENGINEERING EXTENSION SERVICE,https://teex.org/,https://linkedin.com/company/texas-a&m-engineering-extension-service
KGMUDJSGMFC5,"CODE FOR SCIENCE AND SOCIETY, INC.",https://www.codeforsociety.org/,
KGNJB48ZZ3H8,"GRANILUX HOLDINGS, INC.",graniluxsolutions.com,https://linkedin.com/company/granilux-solutions
KGQ3CLX61873,JORDY & COMPANY,https://jordyconstruction.com/,https://linkedin.com/company/jordy-construction
KGR4CGK5UXC3,PROWORKS PROCUREMENT SERVICES LLC,www.proworksps.com,
KGRDBKNZKWT3,JOSHUA WEST,,
KGSSAQ99SGN7,OTN CONSULTING LLC,www.otnconsulting.com,https://linkedin.com/company/otn-consulting-llc
KGT2BNLT8SV5,"ECKERT & ZIEGLER ANALYTICS, INC",www.ezag.com,https://linkedin.com/company/eckert-&-ziegler-ag
KGTBJ3TH7NJ8,DIRECTEMPLOYERS ASSOCIATION INC,,
KGUJF135PFY8,"PCX AEROSTRUCTURES, LLC",www.pcxaero.com,https://linkedin.com/company/pcx-aerostructures
KGV4YXH3N8L7,COMPASS STRATEGY SOLUTIONS LLC,www.compassss.com,
KGXJZFLXJ3H5,THERMO ELECTRON NORTH AMERICA LLC,http://www.thermofisher.com,https://linkedin.com/company/thermo-fisher-scientific
KH35EXGWBQG4,"GENERAL MACHINE SHOP, INC.",,
KH6LM8N5JZD5,"DANFOSS POWER SOLUTIONS II, LLC",,
KH6QNJ7X71K9,PEAK VIEW EYE CARE,https://www.peakvieweye.com/,
KHAMAYBBE1F8,RESOURCE RECYCLING SYSTEMS INC,http://www.recycle.com,https://linkedin.com/company/resource-recycling-systems
KHAZBNTXKPM6,"BISON GROUP USA, INC",www.bison-jacks.com,https://linkedin.com/company/bison-group
KHDCUJSCU678,ROCKVALE COMMUNICATIONS LLC,https://www.rockvalecommunications.com/,
KHDJN8SXW3T7,"INSPEC TESTING, INC.",,
KHETP94DN5H5,ALPROEM ENGINEERING CONTRACTORS LLC,https://alproem.com/,https://linkedin.com/company/alproem
KHFLCLB4BW91,"FEDERAL PRISON INDUSTRIES, INC",,
KHGARY8DHL23,CALIBRE SYSTEMS INC,https://www.calibresys.com/,https://linkedin.com/company/calibre-systems
KHJBQNXK37Q5,ROCHESTER ELECTRONICS LLC,http://www.rocelec.com,https://linkedin.com/company/rochester-electronics
KHK8QYLFGLU1,ROLLS-ROYCE CORPORATION,,
KHKPUFEAYGU8,ASTADIA INC,www.Astadia.com,https://linkedin.com/company/astadia
KHLKRF97CPN7,"ACA MECHANICAL/INDUSTRIAL, L.L.C.",https://www.acamechla.com,
KHMVPKYKSKY9,COPE PLASTICS INC,https://www.copeplastics.com/,https://linkedin.com/company/cope-plastics
KHNHML6R5KB7,US FOODS INC,,
KHPET7M7RQJ5,"ENSTAR NATURAL GAS COMPANY, LLC",,
KHPUMJYUM9L3,OJEDA BUSINESS VENTURES LLC,www.ojedaone.com,
KHTDDZHHW8L7,"MOTOROLA SOLUTIONS CONNECTIVITY, INC.",https://www.motorolasolutions.com,https://linkedin.com/company/motorolasolutions
KHUUB19KDMA3,"APPLIED RESEARCH SOLUTIONS, INC.",www.appliedres.com,https://linkedin.com/company/applied-research-solutions
KHVRP9H6QYY7,"DIBASA, SOCIEDAD ANONIMA",,
KHVRYNW9DMQ7,"OFFYMARKET, SOCIEDAD ANONIMA",,
KHWSJALR7934,"WERCO BUILDING SPECIALTIES, INC",,
KHX2KDXKWMB6,THE BLIND KING INC.,www.blindkingri.com,
KHY3NLJKXX53,"CHEMTRACK ALASKA, INC.",http://www.chemtrack.net,https://linkedin.com/company/chemtrack-alaska-inc
KHZJUY9DXQ11,"FREEDOM CAD SERVICES, INC.",http://www.freedomcad.com,https://linkedin.com/company/freedom-cad-services-inc-
KJ2QKVQM1VE7,SPAHR SOLUTIONS GROUP LLC,www.spahrllc.com,
KJ35PK24RXP7,"VISHAY DALE ELECTRONICS, LLC",VISHAY.COM,https://linkedin.com/company/vishay-intertechnology-inc-
KJ5KPR2TAKN3,CUSTOM TRAINING GROUP INC,http://www.uti.edu,https://linkedin.com/company/universal-technical-institute
KJ5MWXJVND59,"PREMIER FIRE PROTECTION SERVICES, LLC",,
KJ5XTKWMLC85,"TERRASAT COMMUNICATIONS, INC",http://www.terrasatinc.com,https://linkedin.com/company/terrasat-communications-inc.
KJ63MLVHJXW7,COMPUTING TECHNOLOGIES INC,http://www.cots.com,https://linkedin.com/company/computing-technologies-inc-
KJ64MREJDNL1,"SWCA, INCORPORATED",http://www.swca.com,https://linkedin.com/company/swca-environmental-consultants
KJ6WK4RLL1A7,"RECONASENSE, INC.",https://reconasense.com/,https://linkedin.com/company/reconasense
KJ7MY9G4NAL7,"JOHNSON, LEVINSON, RAGAN, DAVILA, INC.",http://www.jlrdinc.com,https://linkedin.com/company/johnson-levinson-ragan-davila-inc
KJ7VL2FJGNS5,"XP SERVICES, INC.",http://www.xpservices.us,https://linkedin.com/company/xp-services-inc-
KJ7VT6WDSMH1,"MPC DESIGN TECHNOLOGIES, INC.",https://www.mpcdt.com/,https://linkedin.com/company/mpc-designs-technologies-inc
KJ86UFCJF856,TRI-COUNTY STEEL LLC,www.tcsgovcon.com,https://linkedin.com/company/tcsgovcon
KJ8PQJXCHZK5,STRATAGEM CONSULTING LIMITED,www.stratagem.ws,
KJ9KYMMRDMX6,"SELIMA PARTNERS, LLC",www.PrecisionTestSolutions.com,https://linkedin.com/company/precision-test-solutions
KJA9ETTD8FD7,"TRANSPACIFIC TECHNOLOGIES, INC.",https://www.transpacifictech.com,https://linkedin.com/company/transpacific-technologies-inc
KJA9KNGCZJF9,"STRIDER TECHNOLOGIES, INC.",https://www.striderintel.com,https://linkedin.com/company/teamstrider
KJANGX8VGQC7,ACADIAN CONTRACTORS INC,https://acadiancontractors.com/,https://linkedin.com/company/acadian-contractors-inc-
KJAWY5GR1MU3,"ANTECH SALES, INC.",https://www.antechsales.com,https://linkedin.com/company/antech-sales-inc
KJAXRYKJLJR7,MDA SYSTEMS INC,http://MDA.Space,https://linkedin.com/company/mdaspace
KJAZQHLLVCT1,"FAXON MACHINING, LLC",http://www.faxon-machining.com,https://linkedin.com/company/faxon-machining
KJB1WJG4NXS7,IRON MOUNTAIN INFORMATION MANAGEMENT LLC,http://www.ironmountain.com,https://linkedin.com/company/iron-mountain
KJC1AJ2DVUN4,PROTRADE INTERNATIONAL FZCO,www.protrade-i.com,https://linkedin.com/company/protrade-international-fzco
KJCKCGCNNHD1,COBALT TECHNICAL SOLUTIONS INCORPORATED,http://www.cobalt-health.com,https://linkedin.com/company/cobalt-healthandwellness
KJDQBTJ7KUH4,"AMERICAN ELECTRONIC WARFARE ASSOCIATES, INCORPORATED",http://www.amewas.com,https://linkedin.com/company/amewas
KJECUCLH7519,"KIT PACK CO., INC.",http://www.kitpack.com,https://linkedin.com/company/kitpackllc
KJFCABC8NZC3,"SI MANUFACTURING, INC",http://www.simfg.com/,https://linkedin.com/company/si-manufacturing-inc
KJFKQCAW9G33,"TRUSSWORKS, INC.",https://truss.works,https://linkedin.com/company/trussworks
KJG2DV2B9PR3,THOMAS KOVESSY CORPORATION,www.thomaselectriccompany.com,
KJGSZECS4BC5,PATHCORE INC,www.pathcore.com,https://linkedin.com/company/pathcore
KJH4HJTK9FL1,NORCO INC,,
KJJ6J8FSVD59,"WILCOX LOGGING, INC.",,
KJJCDMGJ95Z7,3R OF CHARLESTON INC,www.3rofcharleston.com,https://linkedin.com/company/3r-of-charleston-inc
KJJFFMNPMY63,"PATRICIO ENTERPRISES, INC",http://www.patricioenterprises.com,https://linkedin.com/company/patricio-enterprises-inc.
KJJMMERGU1T3,"GREEN THREADS, LLC",www.greenthreadsllc.com,https://linkedin.com/company/green-threads-llc
KJJVEF8LW4J6,QUALCORR ENGINEERING CORP.,http://www.qualcorr.com,https://linkedin.com/company/qualcorr-engineering-corporation
KJK4DK8EX9P7,D.P. CARNEY CONSTRUCTION INC,https://www.dpcarney.com/,https://linkedin.com/company/d.p.-carney-construction-inc.
KJKXBTLUAMA5,"MOSAIC ATM, INC.",http://www.mosaicatm.com,https://linkedin.com/company/mosaic-atm
KJKYAZEYYLF3,"NOVEM, INC",http://www.thinkreliability.com/,https://linkedin.com/company/thinkreliability
KJLBGEJJWXS5,RAVEN ADVISORY LLC,www.ravenadvsry.com,
KJNCXB6LSDR7,"ALTEMP ALLOYS, LLC",Altempalloys.com,https://linkedin.com/company/altemp-alloys-inc
KJNFW4BJDSN9,CREATIVE TESTING SOLUTIONS,,
KJPRA6L5XAM4,SILOTECH GROUP INC,https://www.silotechgroup.com,https://linkedin.com/company/silotech-group-inc
KJR1KR49J6S7,RCS CORPORATION,www.rcs.jobs,https://linkedin.com/company/rcs-corporation
KJT1SC18E836,"ETAS, INC",www.etas.com,https://linkedin.com/company/etas
KJVHDV9AYC87,"VISTA TECHNOLOGY SERVICES, INC.",http://www.vistatsi.com,https://linkedin.com/company/vista-technology-services-inc
KJVWJ75FBTT9,WINSTON-SALEM INDUSTRIES FOR THE BLIND INC,www.ifbsolutions.org,https://linkedin.com/company/ifb-solutions
KJW9HKY3NZN1,GENERAL DYNAMICS INFORMATION TECHNOLOGY INC,,
KJWAZZMKVCA7,CMC ELECTRONICS INC,https://cmcelectronics.ca,https://linkedin.com/company/cmc-electronics
KJWPVM8EMCN5,M2 GLOBAL TECHNOLOGY LTD,http://www.m2global.com,https://linkedin.com/company/m2-global-technology-ltd
KJZGPLXFG718,SCOPE TECHNOLOGIES US INC,www.scopear.com,https://linkedin.com/company/scopear
KJZRW7WBS6K5,HARDESTY CONCRETE CONSTRUCTION INC.,,
KJZTRPLEXUN9,SHANNON & WILSON INC,http://www.shannonwilson.com,https://linkedin.com/company/shannon-&-wilson-inc-
KK17JCZDDLX8,COFFMAN ENGINEERS INC,,
KK23S78JK1A8,UNIVERSITY OF BOTSWANA,http://www.ub.bw,https://linkedin.com/company/university-of-botswana
KK2AW3NSF3U5,JCS SOLUTIONS LLC,https://jcssolutions.com,https://linkedin.com/company/jcs-solutions-llc
KK2LJJDWATF3,"PERFORMANCE AUTOMATION SOLUTIONS, INC.",www.pascontrols.com,https://linkedin.com/company/performance-automation-solutions
KK38D72HJ2N7,BMNT INC.,www.bmnt.com,https://linkedin.com/company/bmnt
KK42K94QX6X4,"SIMPSON GUMPERTZ & HEGER ASSOCIATES, INC.",,
KK51VRPFKM38,DREDGE DIVER LLC,dredgediver.com,https://linkedin.com/company/dredge-diver
KK55CNH9TML7,CLOUDBURST SECURITY LLC,http://www.cloudburstsecurity.com,https://linkedin.com/company/cloudburst-security
KK5HKW7DN1W8,AIRBOSS DEFENSE GROUP LIMITED,www.adg.com,https://linkedin.com/company/airboss-defense-group
KK61TJW86124,"SNELL CRANE SERVICE, INC.",www.snellcrane.com,https://linkedin.com/company/snell-crane-service-inc
KK6FM9ZKFX82,"STAR TELECOMMUNICATIONS, INC.",http://www.startelinc.com,
KK7MLNSKL3R9,"COMPANY WRENCH, LTD.",http://www.companywrench.com,https://linkedin.com/company/company-wrench-ltd-
KK7SXK2GCEK8,B M KRAMER & COMPANY INC,www.bmkramer.com,https://linkedin.com/company/b-m-kramer
KK7WB4KNHYH3,"MACROSEAL, INC.",www.macroseal.com,https://linkedin.com/company/macroseal-inc
KK84Z9LS5ET4,ACUTRONIC USA INC.,http://www.acutronic.com,https://linkedin.com/company/acutronic-group
KK8ALNC9MUT1,REPRISE SPACE SOLUTIONS LLC,seops.space,
KK9AKMM2YXH2,COCHRANE SUPPLY & ENGINEERING COMPANY,,
KK9JAHYMNMS9,HEARTLAND ALLIANCE HEALTH,www.hahealth.org,
KK9VML2JGEL9,S2 GLOBAL INC,,
KKALLHLFJVY9,ZANA GROUP COMPANY FOR GENERAL CONTRACTS,www.zanagroup.com,
KKBNPCA53LB6,RESEARCH ASSOCIATES OF SYRACUSE INC.,www.ras.com,https://linkedin.com/company/research-associates-of-syracuse-inc-ras-
KKEGWKQL4JU5,"PRECISION FERRITES & CERAMICS, INC.",www.semiceramic.com,https://linkedin.com/company/precision-ferrites-and-ceramics
KKESFJANV4D3,IUPAT,www.iupatdc77.org,https://linkedin.com/company/iupat-district-council-77
KKEWAZJ5GYH1,MONROE ENGINEERING LLC,www.monroeengineering.com,https://linkedin.com/company/monroe-engineering
KKFQCSH6LDT5,"ATLANTIC COOLING TECHNOLOGIES AND SERVICES, LLC",,
KKGRSAF131F7,"LCD LIGHTING, INC.",https://www.light-sources.com/,https://linkedin.com/company/lighttech-lamp-technology-ltd-
KKHUELHJQE16,BRADLEIGH MECHANICAL INC,,
KKJ6F7ANRMK3,JACOBS PROJECT MANAGEMENT CO,,
KKJMKNHM49W3,PARSONS GOVERNMENT SERVICES INC.,www.parsons.com,https://linkedin.com/company/parsons
KKJWSJ9WGDX7,"CONTAINER TECHNOLOGIES INDUSTRIES, LLC",http://WWW.CONTAINERTECHNOLOGIES.COM,https://linkedin.com/company/container-technologies-ind-llc
KKNUNMVNA776,JEVAC MACHINE INC,http://www.jevacmachine.com,https://linkedin.com/company/jevac-machine-inc
KKPLCUAD5M63,ABACUS SOLUTIONS GROUP LLC,http://www.abacussg.com,
KKPUMGTXDH63,"ENGINEERING MANUFACTURING TECHNOLOGIES, LLC",https://emtmetals.com/,https://linkedin.com/company/emtmetals
KKQWHMFKH1H8,CLEARSHARK LLC,http://www.clearshark.com,
KKQZKXXN36N1,"PRENTEX ALLOY FABRICATORS, INC",http://www.prentex.com,https://linkedin.com/company/prentex-alloy-fabricators-inc
KKSPGDDENTG9,PANGRO DEVELOPMENT LLC,https://pangro.net/,https://linkedin.com/company/pangro-development-llc
KKUFJKFA6EQ5,MIC INDUSTRIES INC,www.micindustries.com,https://linkedin.com/company/m.i.c.-industries-inc.
KKVWJ6GFLKS3,NEXTGENSTEM LLC,,
KKYNMJABNB44,"AUMAN BROTHERS, INC.",www.aumanbrothers.com,https://linkedin.com/company/auman-brothers
KL11QEA95D79,"SERVICE EXPRESS, LLC",http://www.serviceexpress.com,https://linkedin.com/company/service-express-inc
KL1DMVY1MZM8,MEDSTAR HEALTH RESEARCH INSTITUTE INC.,https://www.medstarhealth.org/innovation-and-research/medstar-health-research-institute,https://linkedin.com/company/medstar-health
KL31NBAUT3A9,PARPAL JV,,
KL3FGJUARFC3,CPI SATCOM & ANTENNA TECHNOLOGIES INC.,http://www.cpii.com,https://linkedin.com/company/cpi
KL3JJAQH67H7,ALLYON INC,www.allyon.com,https://linkedin.com/company/allyon-inc
KL3QT6MBNNH3,"MOLNLYCKE HEALTH CARE US, LLC",www.molnlycke.com,https://linkedin.com/company/molnlyckehealthcare
KL4KJ34YXKL9,"CUMMINS-WAGNER COMPANY, INC.",http://www.cummins-wagner.com/,https://linkedin.com/company/cummins-wagner
KL4UVNCA4YQ3,"SMITHS INTERCONNECT AMERICAS, INC.",https://www.smithsinterconnect.com/,https://linkedin.com/company/smiths-interconnect
KL5KJCULNSP9,G & W PRODUCTS LLC,http://www.gandwproductsinc.com/,https://linkedin.com/company/g&w-products
KL5NHJFK1KT6,INDEV LLC,www.indev.com,https://linkedin.com/company/indev-llc
KL7DMG4LKFM5,"SDVO SOLUTIONS, LLC",https://www.sdvosolutions.com/,https://linkedin.com/company/sdvosolutions
KLAXC15AR7K7,"OLD DOMINION INSULATION, INC.",www.odins.com,
KLAZFEM96MF7,"QUEST THERMAL GROUP, LLC",www.questthermal.com,https://linkedin.com/company/quest-thermal-group-llc
KLBMGJXLB7C9,THINKING TECHNOLOGY LLC,,
KLBMVFZSVVE4,"TEPA ENTERPRISE SOLUTIONS, LLC",,
KLC4KC1A6XH3,ROMEM AQUA SYSTEMS CO INC,www.rascoengineers.com,https://linkedin.com/company/rasco-inc-
KLC4MHFGEEK7,"PRC - DESOTO INTERNATIONAL, INC.",http://www.ppg.com,https://linkedin.com/company/ppg
KLCHPW5E7EM9,ELITE ELECTRONIC ENGINEERING INC,https://www.elitetest.com,https://linkedin.com/company/elite-electronic-engineering-inc-
KLCPP1J49GC5,"BIOSPYDER TECHNOLOGIES, INC.",,
KLD8MCUENDB7,GORDON ELECTRIC SUPPLY INC,www.GordonElectricSupply.com,
KLD9H6G65LW6,"GATAN, INC.",,
KLDDK9HW8LP3,"R. E. BERG ENGINEERING, INC",www.bergengineering.net,https://linkedin.com/company/r-e-berg-engineering-inc
KLDEJJJYBLA4,"CENTURION CONSULTING GROUP, LLC",https://www.centurioncg.com,https://linkedin.com/company/centurioncg
KLDMXVA3N698,"E&M TECHNOLOGIES, INC",www.EandMTech.com,https://linkedin.com/company/e&m-technologies-inc-
KLE6WKSQ1XL6,KABAR MANUFACTURING CORP.,http://www.cosmos-kabar.com,https://linkedin.com/company/cosmos-kabar
KLEMUGEDALP4,"SAADI GROUP, LLC",http://www.saadigroup.com,https://linkedin.com/company/saadigroup
KLG7K5NUCH39,FUNDACAO DE DESENVOLVIMENTO DA PESQUISA,https://www.fundep.ufmg.br/,https://linkedin.com/company/fundep
KLGDJ3EKS4N5,FTG CIRCUITS INC.,http://www.ftgcorp.com,https://linkedin.com/company/ftg-aerospace
KLGKHYW6PL22,ADVANCED ENGINEERING CONSULTANTS PLLC,WWW.AECMEP.COM,https://linkedin.com/company/advanced-engineering-consultants
KLGLNEAGHKS8,PETROLEUM ANALYZER CO L.P,http://www.paclp.com/,https://linkedin.com/company/pac
KLHMG4KJ2CQ5,"ROJANI FACILITIES MANAGEMENT, LLC",https://www.rojani.com,https://linkedin.com/company/rojani-facilities-management-llc
KLHRNT5GPFH5,IGNITEC INC,https://www.ignitecinc.com/,https://linkedin.com/company/ingitecinc
KLJYC7TCWK27,EXPLORE DIGITS INC,www.exploredigits.com,https://linkedin.com/company/exploredigits
KLMHN5FACTU7,SILVER EAGLE MANUFACTURING CO,www.silvereaglemfg.com,https://linkedin.com/company/silver-eagle-manufacturing-company
KLMQNMVA7SN1,"MAYVILLE ENGINEERING COMPANY, INC.",www.mecinc.com,https://linkedin.com/company/mayville-engineering-company
KLN3SMHBL368,DATA DEVICE CORP,http://www.ddc-web.com,https://linkedin.com/company/data-device-corporation
KLNKULR7C373,CAILABS,www.cailabs.com,https://linkedin.com/company/cailabs
KLQ7NM9LCTL9,RODELCO ELECTRONICS CORP,,
KLQKFEZBNTL3,A & J MANUFACTURING CO,www.aj-racks.com,https://linkedin.com/company/a&j-manufacturing-company
KLTLVDT8DM96,AMPHENOL CORP,http://www.amphenol-aerospace.com,https://linkedin.com/company/amphenol-aerospace
KLUNS8Z3PBJ7,CAPTURE 3D LLC,http://www.capture3d.com,https://linkedin.com/company/capture-3d-inc-
KLVFB6J1M377,VERIZON COMMUNICATIONS INC,http://www.verizon.com,https://linkedin.com/company/verizon
KLVZFTX1JK43,SECURED ASSIST LLC,securedassist.com,https://linkedin.com/company/secured-assist
KLW5ECJADZ53,TIDEWATER MARINE ELECTRIC LLC,www.tme-va.com,
KLWBY2JK6P25,"FARMERS ALLOY FABRICATING, INC.",www.farmersindustrial.com,
KLWLM3B4PUJ3,"BILLINGSLEY AEROSPACE & DEFENSE, INC.",http://www.magnetometer.com,https://linkedin.com/company/billingsley-aerospace-&-defense-inc
KLY3AJK3QFJ3,"K2 CONSTRUCTION CONSULTANTS, INC",http://www.k2consulting.com,https://linkedin.com/company/k2-construction-consultant
KLYLRLJG9921,SEVATEC LLC,http://www.sevatec.com,https://linkedin.com/company/sevatec-inc-
KLYLVNZXFQ97,"TEX-TECH COATINGS, LLC",www.textechindustries.com,
KLZENX3FPLG1,ABELCONN LLC,www.celestica.com,https://linkedin.com/company/celestica
KM3GYQ78P2L6,"WESCO DISTRIBUTION, INC.",HTTP://WWW.WESCO.COM,https://linkedin.com/company/wesco.corp
KM4XFJ7CJSY8,BAE SYSTEMS INFORMATION AND ELECTRONIC SYSTEMS INTEGRATION INC.,http://www.baesystems.com,https://linkedin.com/company/bae-systems
KM72LLHR7MR7,"BELSHIRE ENVIRONMENTAL SERVICES, INC.",www.belshire.com,https://linkedin.com/company/belshire-environmental-services
KM9SQU5P4ZZ4,"ENERGYSOLUTIONS, LLC",http://www.energysolutions.com,https://linkedin.com/company/energysolutions
KMAEZKFSW977,"PROVOST & PRITCHARD ENGINEERING GROUP, INC.",www.provostandpritchard.com,https://linkedin.com/company/provost-&-pritchard-consulting-group
KMC3F7WDL5F5,"R.P. LUCE & COMPANY, INC.",http://www.rpluce.com,https://linkedin.com/company/r.p.-luce-&-company-inc_2
KMCMZM3HNLA4,ABSOLUTE STANDARDS INC,http://www.absolutestandards.com,https://linkedin.com/company/absolute-standards-inc
KMDGF3VQVK54,DIGITALOPTOMETRICS LLC,http://www.digitaloptometrics.com,https://linkedin.com/company/digitaloptometrics
KMDKFUKP3Q26,"WORKPLACE SOLUTIONS, INC.",www.workplacevb.com,https://linkedin.com/company/workplace-solutions-inc-
KMDLJAJQ4UM1,"BRANTNER AND ASSOCIATES, INC.",www.te.com,https://linkedin.com/company/te-connectivity
KMEEBKSC8Z83,HIGH AVAILABILITY SOLUTIONS LLC,https://GetHighAvailability.com,https://linkedin.com/company/hasolutions
KMEQKMPV2JN1,PELICAN SALES INC,http://www.pelican-sales.com,
KMGBTM89LNU3,"DOBSON DAVANZO & ASSOCIATES, LLC",http://www.dobsondavanzo.com,https://linkedin.com/company/dobson-davanzo-&-associates-llc
KMH1ZRV76FY4,"DEVONWAY, INC",www.ideagen.com,https://linkedin.com/company/ideagen-plc
KMH5K9V7S518,"REGENTS OF THE UNIVERSITY OF CALIFORNIA, SAN FRANCISCO, THE",,
KMHHY4MN8H45,"L3 TECHNOLOGIES, INC.",https://www.L3Harris.com/,https://linkedin.com/company/l3harris-technologies
KMJ3ELBFX9J3,PRICE CIRCUITS LLC,,
KMJPMSWU3BN5,JOHNSON CONTROLS FIRE PROTECTION LP,,
KML6TQMTMNG5,FLEX INTERCONNECT TECHNOLOGIES INC,https://www.fit4flex.com,https://linkedin.com/company/flex-interconnect-technologies
KML7LB78R5F5,"TDI TECHNOLOGIES, INC.",www.tditek.com,https://linkedin.com/company/tdi-technologies-inc
KMLYRM2LN3K4,KEENTEGRO LLC,http://keentegro.com/,https://linkedin.com/company/keentegro
KMM5NN3LXPV1,"MACOMBER CRYOGENICS, INC",http://www.macombercryogenics.com,
KMMWCAJYYE23,ALLIANCE LAUNDRY SYSTEMS LLC,http://WWW.ALLIANCELAUNDRY.COM,https://linkedin.com/company/alliance-laundry-systems
KMQMRUAJ6JK9,HGS ENGINEERING INC,http://www.hgsengineeringinc.com,https://linkedin.com/company/hgs-engineering-inc
KMR6BW2EB4G3,SPECTRAL INSTRUMENTS INC,,
KMSYKJB8WE77,FIRST HEALTH ADVISORY LLC,http://www.firsthealthadvisory.com/,https://linkedin.com/company/first-health-advisory
KMTKLK89RYY5,NALL SOFTWARE SOLUTIONS LIMITED LIABILITY COMPANY,,
KMTZREN9KWK7,COHESIONFORCE INC,http://www.CohesionForce.com,
KMU9NTZ6MN75,NOVA TECH SOLUTIONS LLC,http://www.nova-tech-solutions.com,https://linkedin.com/company/nova-tech-solutions-llc
KMUDLKLP2FD4,"KELLER NORTH AMERICA, INC.",www.keller-na.com,
KMUZH7T9WWE4,VERSO ENTERPRISES LLC,http://www.versoenterprises.com,https://linkedin.com/company/verso-enterprises-llc
KMVDPXMBH4K9,"SAMBANOVA SYSTEMS, INC.",sambanova.ai,https://linkedin.com/company/sambanova
KMW3CRWNAAF3,"ILLUMINA, INC.",http://www.illumina.com,https://linkedin.com/company/illumina
KMWMT67AYEM3,"COPYRIGHT CLEARANCE CENTER, INC.",www.copyright.com,https://linkedin.com/company/copyright-clearance-center
KMXANKTLG6Q3,PINNGORTITALERIFFIK/GRONLANDS NATURINSTITUT,https://natur.gl,https://linkedin.com/company/gr-nlands-naturinstitut
KMZBG7D2LLF8,REVATURE LLC,www.revature.com,https://linkedin.com/company/revature
KMZMQL18BLF1,BROWN AND CALDWELL,http://www.brownandcaldwell.com,https://linkedin.com/company/brown-and-caldwell
KN1EVGYVK241,"CONVAULT MAINTENANCE, INC.",www.tankhelp.com,
KN1MCHMPVWM3,"UNDERGROUND SERVICES, INC.",www.softdig.com,https://linkedin.com/company/underground-services-inc--softdig-
KN1SG96WGCL7,KROBOTIX LLC,,
KN23E49QT1M9,"THALES USA, INC.",,
KN2KAHKEE5L7,"TROY BOILER WORKS, INC",https://www.troyboiler.com/,https://linkedin.com/company/troy-boiler
KN57Q39MZM26,SAKOM FZCO,www.sakom-services.com,https://linkedin.com/company/sakom-services
KN63AYUDBVU5,"MILTON MANUFACTURING, INC.",http://www.miltonmfg.com,https://linkedin.com/company/milton-manufacturing
KN7FKNSG2LW4,"4CLICKS SOLUTIONS, LLC",http://www.4Clicks.com,https://linkedin.com/company/4clicks-solutions
KN96VQAQMUL6,RVET OPERATING LLC,https://recruitmilitary.com/,https://linkedin.com/company/recruitmilitary
KN99UT9W5N77,"SCOPE IT CONSULTING, LLC",http://www.scopeitconsulting.com,https://linkedin.com/company/scope-it-consulting
KN9MTGF2JN39,"SUPERIOR ELECTRICAL CONSTRUCTION, INC.",https://superior-elect.com/,
KNACWPW812J7,"MOUSER ELECTRONICS, INC",http://www.mouser.com,https://linkedin.com/company/mouser-electronics
KNDAEKSMLLE4,"ALL POINTS LOGISTICS, LLC",http://www.allpointsllc.com,https://linkedin.com/company/all-points-logistics
KNDCHHMMGL13,HILL AEROSYSTEMS INC,WWW.HILLAEROSYSTEMS.COM,https://linkedin.com/company/hill-aerosystems-inc-
KNE6J9MCLJN3,"UNITECH COMPOSITES, INC.",http://www.apexsds.com,https://linkedin.com/company/apex-systems-space-defense
KNE6KNC4E2M6,IMEG CONSULTANTS CORP.,www.imegcorp.com,https://linkedin.com/company/imeg-corp
KNEFNMWXBK39,JO-KELL INC.,http://www.jokell.com,https://linkedin.com/company/jo-kell-inc
KNEVQGCVETE6,PBS ENGINEERING AND ENVIRONMENTAL LLC,,
KNF8R2Q4NML5,"MAYER ELECTRIC SUPPLY COMPANY, INC.",,
KNF9FT2V56F9,"AMERICAN STITCHCO, INC.",http://www.americanstitchco.com,
KNHEGN4JDVC7,HYDRAULICS INTERNATIONAL INC,http://www.hiigroup.com,https://linkedin.com/company/hydraulics-international-inc.
KNJ1EQ8L47U3,"RIGGS DISTLER & COMPANY, INC.",www.riggsdistler.com,https://linkedin.com/company/riggs-distler-&-co-inc
KNJBZ8B2HNK9,GOODRICH CORPORATION,http://collins.com,https://linkedin.com/company/intertrade
KNJHHF1GWLF3,SHOREPOINT LLC,www.shorepointinc.com,https://linkedin.com/company/shorepointllc
KNKJLKUX8JU4,"NIGHTWING INTELLIGENCE SOLUTIONS, LLC",www.nightwing.com,https://linkedin.com/company/nightwing-us
KNKPMDF9EUB8,"CHURCH WORLD SERVICE, INC.",www.cwsglobal.org,https://linkedin.com/company/church-world-service
KNLHJC5SCKT6,"INTERNATIONAL COMPUTER PRODUCTS, INC.",www.datawestonline.com,https://linkedin.com/company/data-west
KNM4JJSM6NA8,TEKLAB INC,www.teklabinc.com,https://linkedin.com/company/teklab-inc.
KNNNGEN9MQB8,WITS HEALTH CONSORTIUM (PTY) LTD,http://www.witshealth.co.za,https://linkedin.com/company/wits-health-consortium
KNNNUUKAH1C8,"PVPII - FNSS ACQUISITION, INC",www.grabglobal.com,https://linkedin.com/company/globalgrabtechnologies
KNQNM2J4BDW6,"AERODYNE INDUSTRIES, LLC",http://www.aerodyneindustries.com,https://linkedin.com/company/aerodyne-industries-llc
KNULJZ49CBE8,RESA POWER LLC,www.resapower.com,
KNUNMBN8T785,"HELIX ELECTRIC, INC.",http://www.helixelectric.com,https://linkedin.com/company/helix-electric
KNVHMZASKG55,PERSISTENT SYSTEMS LLC,,
KNW6WWRKELJ3,CONCURRENT TECHNOLOGIES CORP,www.ctc.com,https://linkedin.com/company/concurrent-technologies-corporation
KNW9H3NLNYF8,BANAIR INC. SP. Z O.O.,,
KNXDWU1G3E81,"BATTELLE SAVANNAH RIVER ALLIANCE, LLC",www.srnl.gov,https://linkedin.com/company/savannah-river-national-laboratory
KNYPKUDZNYX3,"ENDURE INDUSTRIES, INC.",www.endureind.com,https://linkedin.com/company/endure-industries
KNZRR2JHLX27,CAPITOL MATERIALS,,
KP1GYLMEDC65,SETCO SALES CO,www.setco.com,https://linkedin.com/company/setco
KP3EDDEMKV76,MASTERSCANNER USA LLC,www.masterscannerusa.com,https://linkedin.com/company/masterscanner-usa
KP5LLGESD3W4,LEYBOLD USA INC.,http://www.Leybold.com,https://linkedin.com/company/leybold-vacuum
KP65RCDPJD66,ROOF ASSET MANAGEMENT USA LTD,http://www.ram-usa.com,https://linkedin.com/company/ram-usa
KP7QFQVH4QL8,THE IMPACT GROUP LLC,www.impactgroupllc.net,https://linkedin.com/company/impact-energyllc
KP9VPD6VNSZ5,"J&E PRECISION TOOL, LLC",www.jeprecision.com,https://linkedin.com/company/j-e-precision-tool-llc
KPBCRB46HA26,ASOCIACION PARA EL DESARROLLO LEGISLATIVO Y LA DEMOCRACIA,www.legis.gt,
KPCMFF22AMZ9,FORT ENVIRONMENTAL LABORATORY INC,,
KPDAX4BPGHK6,AVALON NP PSYCHIATRIC SERVICES PC,,
KPEKWGJ3WPM5,MODERN MACHINE AND TOOL COMPANY INCORPORATED,http://www.mmtool.com,https://linkedin.com/company/modern-machine-&-tool-company-inc.
KPFHGJDW5115,JC TECHNOLOGY INC,http://WWW.ACECOMPUTERS.COM,https://linkedin.com/company/ace-computers
KPFLUWQS61N6,ALS CANADA LTD.,http://www.alsglobal.com,https://linkedin.com/company/als
KPG4LZMM6339,"ADVANCED RESOURCE TECHNOLOGIES, INC.",www.team-arti.com,https://linkedin.com/company/advanced-resources-technologies-inc-
KPGEH1F7E1M4,"PROCENTRIX, LLC",http://www.procentrix.com,https://linkedin.com/company/procentrix-inc.
KPH5Q2UKT2W5,CODE 13 SECURITY,www.darkskytechnology.com,https://linkedin.com/company/darkskytech
KPJBLAXTF9J8,NR LABS LLC,www.nrlabs.com,https://linkedin.com/company/nrlabs
KPJFQ4T4J2F3,"V-SOFT CONSULTING GROUP, INC.",https://www.vsoftconsulting.com,https://linkedin.com/company/vsoftconsulting
KPJZJPS5P887,EVERSOURCE GAS COMPANY OF MASSACHUSETTS,,
KPKCLVMFKTM4,"DARKBLADE SYSTEMS, LLC",www.cissecure.com,https://linkedin.com/company/cis-secure-computing-inc-
KPLJK8Z7S2F7,Q TECH CORPORATION,http://www.q-tech.com,https://linkedin.com/company/qtechcorporation
KPNCSV7WT9Z4,WDC ACQUISITION LLC,https://www.wellmandynamics.com/,https://linkedin.com/company/wellman-dynamics-corporation
KPV8FJJSW1B8,"CLOUDWAVE INC.,",http://www.cloudwaveinc.com,https://linkedin.com/company/cloudwave
KPVGLMUN39X4,ALS GROUP USA CORP,www.alsglobal.com,https://linkedin.com/company/als
KQ1KJG78NNS9,SMITHSONIAN INSTITUTION,,
KQ28QJU21GY3,KLAS GOVERNMENT INC,,
KQ2AM4W1RTB3,JDM SOLUTIONS LLC,http://jdmsolutions.com/,https://linkedin.com/company/jdm-solutionshsv
KQ36N7SNTNC3,"AEON COMPUTING, INC",http://www.aeoncomputing.com,https://linkedin.com/company/aeon-computing
KQ4VH9PWANL5,FASTECH LLC,www.fastech-engineering.com,https://linkedin.com/company/fastechengineering
KQ53U5NDKJG5,"BLUE MOUNTAIN ELECTRIC, INC.",http://www.bluemountainelectric.com,https://linkedin.com/company/blue-mountain-electric-inc
KQ7TWHXT7871,UGLY DAWG LLC,,
KQ8WU473WKF6,WALTERS READY MIX INC,,
KQA1CRF9CVQ3,HD FOWLER COMPANY,WWW.HDFOWLER.COM,https://linkedin.com/company/hd-fowler-company
KQALHC62NA83,BIG METAL ADDITIVE LLC,www.bigmetaladditive.com,https://linkedin.com/company/big-metal-additive
KQB2J9TKBE95,"CAMTRON, INCORPORATED",www.camtroninc.com,https://linkedin.com/company/camtron-inc
KQFFDZKNM2C4,"GANNETT FLEMING, INC.",www.gannettfleming.com,https://linkedin.com/company/gannett-fleming
KQG5J9YPAJ91,SUPERIOR GROUTING & RESTORATION SERVICES LLC,www.sgs-pro.com,https://linkedin.com/company/superior-grouting-services
KQG9ZKVSELH6,RTX CORPORATION,http://www.rtx.com/,https://linkedin.com/company/raytheontechnologies
KQH1XK493JL5,"ACUREN INSPECTION, INC.",www.acuren.com,https://linkedin.com/company/acuren
KQHJEPVWRNQ6,"NELNET DIVERSIFIED SOLUTIONS, LLC",https://www.nelnet.com/welcome,
KQHTQRGWLLR4,"L. A. GAUGE COMPANY, INC.",www.lagauge.com,https://linkedin.com/company/la-gauge-company
KQJTYTVTATY8,"NORTH ATLANTIC INDUSTRIES, INC.",https://www.naii.com,https://linkedin.com/company/north-atlantic-industries
KQJUP69LX4A7,"NORTH FORK SANITATION, INC.",www.northforksanitation.com,
KQL1TNNKQ8J1,"E & K OF KANSAS CITY, INC.",www.e-kco.com,https://linkedin.com/company/ekcompanies
KQLLF7WH25X8,DEPLOYABLE SYSTEMS INC,,
KQLNBKMWW1Z3,"THE SANS INSTITUTE, LLC",sans.edu,https://linkedin.com/company/sansisc
KQM1EEJGW6K8,DEEPSIG INC.,http://deepsig.ai,https://linkedin.com/company/deepsig
KQNYKJCTWEC8,"BSET, LLC",www.beringseagroup.com,https://linkedin.com/company/bset-llc
KQR6MHKJUM29,J. GOODISON COMPANY,http://www.jgoodison.com,https://linkedin.com/company/j.-goodison-company-inc.
KQRPS8UNW464,"SPEEDCAST COMMUNICATIONS, INC.",http://www.speedcast.com,https://linkedin.com/company/speedcast
KQUYP88GUE34,FREEDOM AIR INDUSTRIES INC.,https://www.freedomairind.com/,
KQVBEXJXZAU5,TERRAZZO & MARBLE SUPPLY CO OF IL,,
KQXBSK17KF31,"(DNU) BRUNDAGE-BONE CONCRETE PUMPING, INC.",,
KQZHD3DHM114,CLEAR ZONE CONSTRUCTION LLC,https://clearzonellc.com/,
KR12Q1ZVKLJ8,CONSTRUCTION COST MANAGEMENT INCORPORATED,www.constructioncostmanagement.com,https://linkedin.com/company/construction-cost-management---ccm
KR1GKAH1NF29,LACO TECHNOLOGIES INC,www.lacotech.com,https://linkedin.com/company/laco-technologies
KR22CJQRBMN1,AETOS SYSTEMS INC,https://www.aetossystems.com,https://linkedin.com/company/aetos-systems-inc.
KR2WGQ3KNNA8,"BARBARA R LONSBERRY ASSOCIATES, LLC",,
KR2XF7SWLS76,JD ELECTRIC LLC,https://jdelectricllcak.com/,
KR35JNZWXF97,"INNOFLIGHT, LLC",http://www.innoflight.com,https://linkedin.com/company/innoflight-inc-
KR52SLG6L9D5,"GATES UNDERWATER PRODUCTS, INC",www.GatesHousings.com,https://linkedin.com/company/gates-underwater-products
KR5AS3GLC7K9,BERTECH SHIELDING SPECIALTIES LLC,,
KR6WAL66YQJ4,CINCINNATI GEARING SYSTEMS INC,http://cincinnatigearingsystems.com/,https://linkedin.com/company/cincinnatigear
KR7BF21LZ5N7,"VCI ENVIRONMENTAL, INC.",www.vci-environmental.com,https://linkedin.com/company/vci-environmental
KR84QAWL75P9,"ORYX, LLC",https://oryxrmt.com,
KR8WSUGAMUL6,"OAK RIDGE TECHNOLOGIES, LLC",,
KR8YUDRDK1M7,IPSECURE INC,https://www.IPSecureinc.com,https://linkedin.com/company/ipsecureinc
KR9ZZ11LJ1F5,PRECISION ESTIMATES LLC,,
KRA5JXRSF6X4,"THE AFX GROUP, LLC",http://www.theafxgroup.com/,https://linkedin.com/company/afxgroup
KRFRSFLCG758,"ATLAS DEVICES, LLC",www.atlasdevices.com,https://linkedin.com/company/atlas-devices-llc
KRGAKLYNXKA7,RONIN INTERNATIONAL LLC,www.ronin-international.com,
KRGLGTXRYL94,"AGILE DEFENSE, LLC",http://www.agiledefense.com,https://linkedin.com/company/agiledefense
KRH1RN8VJCN3,LINEAR LABS LLC,www.linearlabsllc.com,https://linkedin.com/company/linear-labs-llc
KRLQB6HX66W6,RAH INDUSTRIES INC,https://rah-ind.com,https://linkedin.com/company/rah-industries
KRN2BDT1B3H7,PROGRESSIVE RECOVERY INC,http://www.prisystems.com,https://linkedin.com/company/prisystems
KRPMWE9LBVV3,ARCTIC HELI GREENLAND APS,,
KRRGMJ2QDQA1,CLJ CONSULTING & CONTRACTING LLC,www.clj-llc.com,https://linkedin.com/company/clj-consulting-and-contracting-llc
KRSLB9FXNLC7,TOWER INDUSTRIES INC,www.alliedmech.com,https://linkedin.com/company/allied-mechanical
KRTWPTPHWAC3,OIL FINDERS INC,,
KS3DNA6HE2Z5,SURFACE MOUNT TECHNOLOGY ASSOCIATION,http://www.smta.org,https://linkedin.com/company/smtaorg
KS47H7LUGVJ7,WINDWALKER CORPORATION,http://www.windwalker.com,https://linkedin.com/company/windwalker-corporation
KS47LEGCKBG4,ORIENT ENGINEERING CONSULTANCY AND DESIGN,www.orientengllc.com,https://linkedin.com/company/orient-engineering-consultancy
KS7AS19TS9J8,ARGANO HOLDINGS LLC,,
KS7JJ7X8L6S1,"GCC TECHNOLOGIES, LLC",http://www.gcctechllc.com,https://linkedin.com/company/monday-llc
KS8YK9PHQJM7,"SUNBELT RENTALS, INC.",www.sunbeltrentals.com,https://linkedin.com/company/sunbelt-rentals
KS91NKS9M428,ORBIS SIBRO INC,http://www.orbisinc.net,https://linkedin.com/company/orbis-inc-
KS9WMGJWJLF7,DIMARCO CONSTRUCTION CO. INC.,http://www.dimarcoconstruction.com,https://linkedin.com/company/demarco-construction
KSA3KK8W27Y8,WILSON OKAMOTO CORPORATION,,
KSA4GQDKMU61,GOOKIN INDUSTRIES INC,,
KSB5SPSRBWV1,ETERON SERVICES SINGLE MEMBER S.A.,,
KSBFPK4EM6J7,JONES VALLEY FABRICATION LLC,,
KSE1ME58AQ17,FRANKLIN COVEY CLIENT SALES INC,http://www.franklincovey.com,https://linkedin.com/company/franklincovey
KSFAJJ5VXRS1,TURNER GROWTH HOLDINGS INC,https://www.stratusbuildingsolutions.com/,
KSFJYGKVV4Z4,SURGE TECHNOLOGY GROUP LLC,www.p1technologies.com,https://linkedin.com/company/p1-technologies
KSFKB4NLLWW9,THE PEAK INC,http://www.thepeakinc.com,https://linkedin.com/company/the-peak-inc-
KSHUZHFANJB6,UPCHURCH SERVICES LLC,upchurchservices.com,
KSJXKED98EU4,ATTA AL AHWAR COMPANY,,
KSKAPS6UGYC1,"RSI VISUAL SYSTEMS, INC.",http://www.rsi-visuals.com,https://linkedin.com/company/rsi-visual-systems
KSKBNHFKFBM1,APPS BY JOHN LLC,macadam.tech,https://linkedin.com/company/macadam-consulting
KSL5PQDSG677,BLUJUNIPER INC,BluJuniper.com,https://linkedin.com/company/blujuniper
KSMHR8MJ59M7,BARRON LLC,barroncrc.com,https://linkedin.com/company/barron-cultural-resource-consultants
KSNCG291YU48,"CRISTEK INTERCONNECTS, LLC",,
KSVNJJDWTZZ1,"ENERNEX, LLC",http://www.enernex.com,https://linkedin.com/company/enernex
KSX3B777HLZ7,"TERRADEPTH, INC.",www.terradepth.com,https://linkedin.com/company/terradepth
KSX9J6FB1VG7,JDS TECHNOLOGIES INC,www.jds-tech.com,
KSXQP8UP9KD6,CMT EQUIPMENT LIMITED,www.cmt.co.uk,https://linkedin.com/company/cmtgroupuk
KSZ8KUKJD957,"TRELLEBORG SEALING SOLUTIONS US, INC.",,
KT3ZNPNRKAH3,GAVISH INC.,,
KT4MLLHK99V6,AMERICAN TYPE CULTURE COLLECTION,http://www.ATCC.org,https://linkedin.com/company/atcc
KT6GQ4L94DA8,FINNOE DESIGN LLC,,
KT7KJCYNFL26,"KAUFMAN & ROBINSON, INC.",http://www.ionsources.com,https://linkedin.com/company/kaufman-robinson-inc-ionsources
KTATKMFS5J31,AECHELON TECHNOLOGY INC,http://www.aechelon.com,https://linkedin.com/company/aechelon-technology
KTAYWMNFHBV7,ATLAS ATC ENGINEERING INC,,
KTCRN7TH69U8,RELATIVITY ODA LLC,https://www.relativity.com/,https://linkedin.com/company/relativityhq
KTCZA9RVYXY1,"SUMMIT ELECTRIC SUPPLY, LLC",http://www.summit.com,https://linkedin.com/company/summit-electric-supply
KTDLDMBR55L5,"SERIGRAPHICS SIGN SYSTEMS, INC.",www.serigraphicssign.com,https://linkedin.com/company/serigraphics-sign-systems-inc-
KTDMBK9AF957,PHC CORPORATION OF NORTH AMERICA,http://www.phchd.com/us/biomedical,https://linkedin.com/company/phc-holdings
KTDMRLP7MEC6,SEASTROM MANUFACTURING CO INC,http://www.seastrom-mfg.com,https://linkedin.com/company/seastrom-manufacturing-co-inc-
KTJAUKCDQY81,"PRE-EMPLOYMENT INVESTIGATIONS, INC.",HTTPS://preemploymentinc.com,https://linkedin.com/company/pre-employment-investigations-inc-
KTJEBNRM9TT6,"BROADWING AVIATION, LLC",www.broadwingaviation.com,https://linkedin.com/company/broadwing-aviation
KTJKRCC1DKF3,ATELIER D'USINAGE CÔTÉ & AUDET INC.,,
KTKMKBE6ZW28,HONOLULU FIRE PROTECTION LLC,,
KTLTAJMU79M9,"SURPASS CHEMICAL COMPANY, INC.",,
KTMAJCY6JXM3,"LEIDOS, INC.",https://www.leidos.com/,https://linkedin.com/company/leidos
KTMCKN841S61,"SECOND FACTOR, INC.",www.secondfactor.com,https://linkedin.com/company/second-factor-inc-
KTMDJFP5SJM3,"HYPERVELOCITY CONSULTING, LLC",https://www.hypervelocityconsulting.com/,https://linkedin.com/company/hypervelocity-consulting
KTPBV33X2CP3,SSBN LTD,,
KTS3RUS16MM8,COPPER RIVER INFRASTRUCTURE SERVICES LLC,https://copperriveris.com/,https://linkedin.com/company/copper-river-infrastructure-services
KTTAZ9DUNN13,SNOWDEN MINING INDUSTRY CONSULTANTS PTY LTD,,
KTU8QJE27RN8,"COMPQSOFT, INC.",http://www.compqsoft.com,https://linkedin.com/company/compqsoft-inc
KTWYKVRNBP21,PLANSEE USA LLC,,
KTYNGMJHV6D5,"U.P. COLLEGE OF LAW DEVELOPMENT FOUNDATION, INC.",,
KU25Y1MAYWJ3,"IMLCORP, LLC",www.imlcorp.com,https://linkedin.com/company/imlcorp-llc
KU3DCFJJTVN3,TEXAS A&M AGRILIFE RESEARCH,http://agriliferesearch.tamu.edu/,https://linkedin.com/company/txresearch
KU3WDZJ9JFY4,RAINMAKERS STRATEGIC SOLUTIONS LLC,http://www.rainmakerssolutions.com,https://linkedin.com/company/rainmakersstrategicsolutions
KU45TH6QZ787,"HELM POINT SOLUTIONS, INC.",http://www.helmpoint.com,https://linkedin.com/company/helm-point-solutions
KU52BAJ7TK83,"ARCHITECTURAL DESIGN & SIGNS, INC.",https://www.ad-s.com,https://linkedin.com/company/ad-s-companies
KU81PJLZY1N3,SAALEX CORP,http://www.saalex.com,
KU9ZSNTF61X6,"LANGUAGE SELECT, LLC",https://www.unitedlanguagegroup.com/,https://linkedin.com/company/united-language-group
KUAMWZMZNJX8,U.S. SMOKE & FIRE CORP.,http://www.ussmokeandfire.com,https://linkedin.com/company/us-smoke-&-fire-curtain
KUANBRQA6H65,"HORIZONS YOUTH SERVICES, L.C.",http://horizonsyouthservices.com,https://linkedin.com/company/horizonsyouthservices
KUCKW75F6NB1,MCMULLAN & ASSOCIATES INC,www.mcmse.com,https://linkedin.com/company/mcmullan-&-associates-inc
KUDVYJEA2SA3,LIMBACH COMPANY LLC,www.limbachinc.com,https://linkedin.com/company/limbach-company
KUECGM6G7TH5,NEW ENGLAND LABORATORY CASEWORK CO INC,https://www.newenglandlab.com/,https://linkedin.com/company/new-england-lab
KUKXRCZ6NZC2,SLOAN-KETTERING INSTITUTE FOR CANCER RESEARCH,,
KUL4EBKAP6U8,CONTINENTAL MACHINING CO,http://www.continentalmachiningco.com/,https://linkedin.com/company/continental-machining-co-inc
KULSKCCZJT27,MORGAN STATE UNIVERSITY,http://www.morgan.edu,https://linkedin.com/company/morgan-state-university
KUQVJL2MBKA9,INGENIAR ENGINEERING SOLUTIONS PSC,,
KURANFJGUMN4,OC-IS LLC,,
KURTED9JMJ58,BEEL TECHNOLOGIES INC,http://www.beeltech.com,https://linkedin.com/company/beel-technologies-inc-
KUTYQ4LG2KJ3,SPENCER GROUP INC,http://www.spencergroupintl.com,
KUUGX5E4B1T3,ATLAS COPCO COMPRESSORS LLC,https://www.atlascopco.com/en-us,https://linkedin.com/company/atlas-copco
KUYMYAAK2W73,KENEXIS CONSULTING CORP,www.kenexis.com,https://linkedin.com/company/kenexis-consulting-corporation
KV5WDF9XUPH5,GUERCIO - PROGRAM SOLUTIONS (G-PS) LLC,,
KV65JMUMNLH8,"STOKES EDUCATIONAL SERVICES, LLC",https://stokesrobotics.com,
KV6LNFQWZH48,TOXCEL LLC,www.toxcel.com,https://linkedin.com/company/toxcel-llc
KV7NG1BK1C24,"DESERT HILLS ELECTRIC SUPPLY, INC.",https://www.deserthillsinc.com/,https://linkedin.com/company/desert-hills-electric-supply
KV8KJD9DTKS4,"PROFESSIONAL SERVICE INDUSTRIES, INC",https://www.intertek.com/psi/,https://linkedin.com/company/intertek
KV91G1YJTYZ3,BLACKWOOD HODGE POWER SERVICES LIMITED,,
KV91TQDPDAF8,DEMATIC CORP,,
KVDBKLZ43PZ6,"INFOTECH NORTHSTAR, L.L.C.",www.infotechnorthstar.com,https://linkedin.com/company/infotech-northstar-llc
KVHDU4Q3AKE7,YAKABOD INC,http://www.yakabod.com,https://linkedin.com/company/yakabod-inc.
KVJCUEQJX4V1,MOUNTAINTOP OFFICE SUPPLY LLC,www.mountaintopofficesupply.com,
KVJEKDAHRA97,"HUNEED TECHNOLOGIES CO., LTD.",http://www.huneed.com,https://linkedin.com/company/huneed-technologies-005870-
KVJRGN5TP967,CEMENTATION USA INC,,
KVKJH9ANKC84,"SCHELLMAN & COMPANY, LLC",,
KVKLSE6ZXN59,DAS CABLE & WIRE HARNESS LLC,www.dascable.com,https://linkedin.com/company/das-cable-wire-harness
KVL3MYFAG8A8,"XTREME SEMICONDUCTOR, L.P.",http://www.xtremesemi.com,https://linkedin.com/company/xtreme-semiconductor
KVMGFBFHRM43,"BRAIN DEV 9, LLC",,
KVMTJANNET58,GREENBRIER GOVERNMENT SOLUTIONS INC,http://www.ggswv.com,https://linkedin.com/company/greenbrier-government-solutions
KVN6RKMNNJX4,THUNDERYARD SOLUTIONS LLC,,
KVSUYYSJS174,GREENWOOD GROUP INC,http://greenwood.aero,https://linkedin.com/company/greenwood-group-inc
KVY8W16WLBJ5,"SKYBRIDGE TACTICAL, LLC",http://www.skybridgetactical.com,https://linkedin.com/company/skybridge-tactical-llc
KVZMUF5XS8M3,MUSTANG TECHNICAL SERVICES LLC,www.mustangtechnicalservices.com,https://linkedin.com/company/mustang-technical-services
KW1AGNXBBYV3,BLUE BAY PETROLEUM GUAM INC,http://www.bluebayguam.com,
KW29XJBHGT68,"TECH RESOURCES, INC",WWW.TRIMILFORD.COM,
KW47N1C1HTG3,"FUTEK ADVANCED SENSOR TECHNOLOGY, INC.",http://www.futek.com,https://linkedin.com/company/futek-advanced-sensor-technology-inc.
KW7LGKD89U51,"GLOBAL GROUND SUPPORT, LLC",http://www.globalgroundsupport.com,https://linkedin.com/company/global-ground-support
KW85ZNBV7EF8,CLIMATE EARTH INC,,
KWAYELLKNP86,GET ENGINEERING CORP.,www.getntds.com,
KWDMWD5L52B7,"ARRIS COMPOSITES, INC.",www.arriscomposites.com,https://linkedin.com/company/arriscomposites
KWEALYTXWVG5,LIONBRIDGE TECHNOLOGIES LLC,http://www.lionbridge.com,https://linkedin.com/company/lionbridge
KWFGRJJV2JT7,"11:11 SYSTEMS, INC.",,
KWHXKLAL87T5,"IN-PLACE MACHINING COMPANY, LLC",https://www.inplace.com,https://linkedin.com/company/in-place-machining-company
KWKCYLQSWKR5,CREATIVE CONCEPTS CONSTRUCTION COMPANY,,
KWL8VXU8HEQ7,"JARIET TECHNOLOGIES, INC.",www.Jariettech.com,https://linkedin.com/company/jariet-technologies-inc.
KWRSKBHAN4K3,IDEMIA NATIONAL SECURITY SOLUTIONS LLC,https://www.idemia-nss.com/,https://linkedin.com/company/idemia-nss
KWS4FCMNCJQ4,"HONEYWELL INTERNATIONAL, INC.",,
KWSEXLAQ9BM3,FCI ADVISORY LLC,https://www.fciadvisory.com,https://linkedin.com/company/fciadvisory
KWSRTPZ51EN3,MITTARFEQARFIIT A/S,,
KWTUFLNMQMM4,REDHAWK ADMINISTRATIVE SERVICES LLC,,
KWU1UHG2JGG6,"SOLUTIONS71, LLC",,
KWUFPFFJMZZ9,"COMMERCIAL PLUMBING, INC.",www.complumbing.com,https://linkedin.com/company/commercial-plumbing-inc.
KWUZEQU5WAQ9,AO PRECISION MANUFACTURING LLC,www.aopmfg.com,https://linkedin.com/company/ao-precision-manufacturing
KWVLNBS42RD8,PROTECTION ENGINEERING CONSULTANTS LLC,http://www.protection-consultants.com,https://linkedin.com/company/protection-engineering-consultants
KWX2JBKT92S7,INSTEM LSS (NORTH AMERICA) LIMITED,http://www.instem.com,https://linkedin.com/company/instem
KWXGC6JE8MQ6,"PERMA-CAL INDUSTRIES, INC",http://www.perma-cal.com,https://linkedin.com/company/perma-cal-industries-inc-
KX2XBVNAZFA3,KRIDAYITGROUP INC,,
KX8XNKKP2NT3,BATTLE BORN VENTURES LLC,,
KXAGRS7NH3P4,"CATHOLIC CHARITIES COMMUNITY SERVICES, ARCHDIOCESE OF NEW YORK",http://www.cccsny.org,
KXBLL6RSLQ11,INTELITRAC INC,,
KXD2FVJ9NWA8,"HAAR ENGINEERING, PLLC",,
KXDKU7FXVBN5,"OPENROAD TRANSPORTATION, INC.",https://openroad.inc,https://linkedin.com/company/openroad-transportation
KXFPKJKRWBB4,THE ACCURATE TOOLS SHOP LLC,https://www.accuratetoolny.com,https://linkedin.com/company/accurate-tools-shop
KXHGPQE751V1,"STANDARDAERO BUSINESS AVIATION SERVICES, LLC",http://standardaero.com,https://linkedin.com/company/standardaero
KXLRB1TJMA97,"OMEGA CONSULTANTS, INC.",http://www.omegatechserv.com/,https://linkedin.com/company/omega-technical-services
KXMAF6B23493,METALS TREATMENT TECHNOLOGIES LLC,http://www.mt2.com,https://linkedin.com/company/mt2-llc
KXMMBDFHKAC6,INNOVET HEALTH LLC,www.innovethealth.com,https://linkedin.com/company/innovet-health
KXNAU5BFAD63,COGNATUS LLC,cognatusllc.com,
KXNRBQRMKPZ5,TEXAS A&M TRANSPORTATION INSTITUTE,http://www.tti.tamu.edu,https://linkedin.com/company/texasa-mtransportationinstitute
KXPVH1ENNWN5,"LINKWARE, LLC",http://www.linkwaregroup.com,https://linkedin.com/company/linkware
KXR5HV5MSB96,CORNER ALLIANCE INCORPORATED,corneralliance.com,https://linkedin.com/company/corner-alliance-inc.
KXTAYG88M1U8,VITA NUOVA LLC,vitanuova.net,https://linkedin.com/company/vita-nuova
KXULQC5TL6N8,"IDEAL FLOORS, INC",www.idealfloorsinc.net,https://linkedin.com/company/ideal-floors-inc
KXUNMGHPLQU8,"SEEKINS FORD LINCOLN, INC.",,
KXVAZK23P189,T-TEX MANAGEMENT LLC,www.ttexindustries.com,https://linkedin.com/company/t-tex-equipment-lp
KXVBFH223QY1,WERP WORKS LLC,,
KXWRKJ5V7AD7,POPULATION SERVICES INTERNATIONAL,http://www.psi.org,https://linkedin.com/company/population-services-international
KXWUMN23JEH6,"THE DOOR - A CENTER OF ALTERNATIVES, INC",http://www.door.org,https://linkedin.com/company/the-door---a-center-of-alternatives
KXYEVFDYDA45,DYNAMIC SOLUTIONS USA,,
KY3JMDCCL4S9,INTERNETWORKING SOLUTION PROFESSIONALS LLC,,
KY6EMT22YM99,"ATLANTA FORK LIFTS, INC.",http://www.atlantaforklifts.com,https://linkedin.com/company/toyota-forklift-of-atlanta
KY8HWEZ7A5S6,LOCKHEED MARTIN CORPORATION,http://www.lockheedmartin.com/,https://linkedin.com/company/lockheed-martin
KY93LFANLH99,"PHOENIX CHILDREN'S HOSPITAL, INC",http://www.phoenixchildrens.com,
KYAHSNKDQK33,"COUCHBASE, INC",https://www.couchbase.com/,https://linkedin.com/company/couchbase
KYAWGGNP44T5,SCIENCE APPLICATIONS INTERNATIONAL CORPORATION,http://www.saic.com,https://linkedin.com/company/saicinc
KYBPMRNEMNG4,GLASSTRA GROUP LLC,,
KYF6QMXC7BA1,"INNOVIEN SOLUTIONS, LLC",www.innovien.com,https://linkedin.com/company/innovien-solutions
KYFGNTQN4298,"REDLINE PERFORMANCE SOLUTIONS, LLC",http://www.redlineperf.com,https://linkedin.com/company/redline-performance-solutions-llc
KYHYU7K8SKC9,CRL RESEARCH & COMMUNICATION LLC,www.colleenryanleonard.com,https://linkedin.com/company/crl-research-and-communication-llc
KYJRT9P5F5Z1,TERRACON CONSULTANTS INC,,
KYNYQE1M7QN7,"CHALLENGE TECHNOLOGY, INC.",http://www.challengetech.com,https://linkedin.com/company/challengetech
KYPWYS21A6B8,"SYNTHETAIC, INC",https://www.raiclabs.com/,https://linkedin.com/company/synthetaic
KYSXGME9KGA5,"COMPUTERIZED FACILITY INTEGRATION, LLC",http://www.nmrk.com,https://linkedin.com/company/nmrk-cre
KYTURPA17W53,"BATTALION ONE FIRE PROTECTION, INC.",battaliononefire.com,https://linkedin.com/company/battalion-one-fire-protection
KYU2G2U8SKE9,"ON-SITE SERVICES, LLC",www.on-sitesvcs.com,https://linkedin.com/company/on-site-services-llc-
KYURG7LRSC89,CIRCOR NAVAL SOLUTIONS LLC,,
KYVQDU7FC6L3,EHLERT BRYAN DC PROFESSIONAL CORP,https://eb-dc.com,
KZ1XBE3ZXB65,"AVWATCH, INC.",https://www.avwatch.us,https://linkedin.com/company/avwatch-inc
KZ5KCMVAZEQ1,"ESSCO ENVIRONMENTAL, INC",,
KZ5LA7URSVP6,AARON PLUMBING & HEATING CO.,http://www.aaronak.com,https://linkedin.com/company/aarons-plumbing-heating
KZ92XJPTCUX8,"H2M ASSOCIATES, INC.",www.h2m.com,https://linkedin.com/company/h2m
KZ94CTD3T6S6,APPTAD INC.,www.apptad.com,https://linkedin.com/company/apptad
KZ9MPMDLR5R4,PARSONS GOVERNMENT SERVICES INC,,
KZCLEBCXK4E1,ISLAND MECHANICAL CORPORATION,,
KZEBWE183PX3,"ALISON WOLFE, LLC",,
KZELK32E7C33,REGENTS OF THE UNIVERSITY OF MINNESOTA,umn.edu,https://linkedin.com/company/umncls
KZFMFGZSHKW9,SANTA FE POWER SOLUTIONS INC,http://www.santafepower.net,https://linkedin.com/company/santa-fe-power-solutions
KZFPBSDTKER8,BRIDGELAKE LLC,http://bridgelakellc.com,
KZGEJ29ND6K3,EVONIK CORPORATION,www.evonik.com/northamerica,https://linkedin.com/company/evonik
KZH6S5MC42N8,BIG HEAD ENDIAN LLC,www.bigheadendian.com,https://linkedin.com/company/big-head-endian
KZK8C85C1T94,"GENERAL DYNAMICS-OTS, INC.",https://www.gd.com/,https://linkedin.com/company/general-dynamics
KZKSJLYEAE83,DAY ZERO DIAGNOSTICS INC,dayzerodiagnostics.com,https://linkedin.com/company/day-zero-diagnostics-inc
KZLQEESUE2A9,CRESCENT ELECTRIC SUPPLY CO,https://www.crescentelectric.com/,
KZMNXJKS1KY5,COMPTRONICS INC.,https://www.comptronics.us,https://linkedin.com/company/comptronics-inc
KZNHNMDUTJA5,TENNESSEE TECHNOLOGICAL UNIVERSITY,,
KZULLBP75H77,"FISHEYE SOFTWARE, INC.",http://www.fisheyesoftware.com,https://linkedin.com/company/fisheyesoftware
KZWFXYRNAL66,"AMPLITUDE LASER, INC.",https://amplitude-laser.com/,https://linkedin.com/company/amplitude-laser-group
KZYDYM51L628,"JAV, INC.",http://www.sparkcreativegroup.com,
KZZ8EH255A65,HYBRID COLOR LLC,https://hybridcolor.com/,https://linkedin.com/company/hybrid-color
L114LNJ4UQP7,"ADCO COMPANIES, LTD.",,
L11ANJNNMJ44,"NTT AMERICA, INC",https://services.global.ntt/en-us/,
L11HMGGGWD46,"PLATFORM SYSTEMS, INCORPORATED",www.platformaero.com,
L12FEA18X9Y6,DIRECT DIMENSIONS INC,http://www.directdimensions.com,
L13HJGKPXZE8,SAIF AL-SALAM COMPANY,,
L13HVCDL5HX7,HUXWRX SAFETY CO. LLC,https://huxwrx.com/,https://linkedin.com/company/oss-suppressors-llc
L14KUBD5JLV3,"COHLMIA ENGINEERED SERVICES, LLC",,
L16KJE324VX1,"VERTEX OPTICS, INC.",www.vertexoptics.com,https://linkedin.com/company/vertex-optics-inc
L18KNLWL3447,DISTINCTION LLC,www.distinctionllc.com,https://linkedin.com/company/distinction-llc
L18ZBG6ZXR29,S & P CONSULTANTS INC.,www.spfed.com,https://linkedin.com/company/s&p-consultants
L19KMMFD51B3,6-D LASER LLC,https://6dlaser.com/,https://linkedin.com/company/6d-laser
L1AHJA99YPC5,"TOM LOPES DISTRIBUTING, INC.",,
L1ALMT43B1D7,"FGS, LLC",http://www.fgs-llc.com,https://linkedin.com/company/fgs-llc
L1AMFMP7EQM7,TRACTAFRIC EQUIPMENT GABON,,
L1FMT7FMBSK7,DOORS & HARDWARE UNLIMITED INC,,
L1HCMN9QMJL1,"SPECIALIZED PAVEMENT MARKING, LLC",www.spmnw.com,
L1JBF3VPLQP7,"NEW HORIZON STRATEGIES, LLC",www.newhorizonstrategies.com,https://linkedin.com/company/new-horizon-strategies-llc
L1JSMX435UE7,SUNROC CONSTRUCTION CO INC,,
L1LEVQ7U3MY9,"ADOBE PRECISION GEAR, INC.",www.gears.com,
L1P3D635U756,"AERO COMPONENTS, LLC",www.aero-components.com,https://linkedin.com/company/aero-components-llc
L1UQN3GVVFP1,"TRIDENT RESEARCH, LLC",https://WWW.TRIDENTRESEARCH.COM,https://linkedin.com/company/trident-research-llc
L1VNANL8YBY9,"ABOUT OBJECTS, INC.",http://www.AboutObjects.com,https://linkedin.com/company/about-objects-inc-
L1YBK19EMTM5,"THE GOODNATION FOUNDATION, INC",,
L1ZRHP8CJBX5,STRATEZ INFOTECH INC.,www.stratez.ai,https://linkedin.com/company/stratez-infotech
L22ZZ3J986R7,"GANS & PUGH ASSOCIATES, INC.",,
L24KS5FM8NM8,"MORGAN 6, LLC",www.morgan6.com,https://linkedin.com/company/morgan-6-warriors-first
L28FVGJ715D7,"PROMPT DIAGNOSTICS, INC.",https://prompt-dx.com/,https://linkedin.com/company/prompt-diagnostics
L29MSFFT9UN9,"COATING SPECIALTIES, INC",,
L2A5JRE3FN51,NEVINS ENGINEERING PLLC,,
L2AGQEHRG756,NOETIC STRATEGIES INC,https://www.noeticstrategies.com,https://linkedin.com/company/noeticstrategies
L2CSST9TDM49,"GBS ENTERPRISES, INC.",www.gbs-byars.com,
L2GHV9BKH2F1,FALKEN INDUSTRIES LLC,https://falkenworld.com,https://linkedin.com/company/falken-industries-llc
L2HKXLBRTL16,"MICRO SYSTEMS, INC",https://www.kratosdefense.com,https://linkedin.com/company/kratos-defense-and-security-solutions
L2HUETLQETP7,RBC SIGNALS LLC,www.rbcsignals.com,https://linkedin.com/company/rbc-signals
L2JMU98R3MC8,NORSEMAN CONSULTING LLC,,
L2KGH6N8RVC1,"AVENING MANAGEMENT AND TECHNICAL SERVICES, LLC",www.aveningtech.com,https://linkedin.com/company/avening-management-and-technical-services-llc
L2MME3LK5HD1,KEYSTONE INTERNATIONAL INC,,
L2PVGGNMR8K6,"MIQUIN, L.L.C.",www.miquin.com,
L2PVSDSACER1,J&M MANAGEMENT SERVICES INC.,http://www.JandMMS.com,https://linkedin.com/company/j&m-management-services-inc-
L2QSWA7DWL67,LANE-VALENTE INDUSTRIES INC.,,
L2SQG6N83MM3,COULTER VENTURES LLC,http://www.roguefitness.com,https://linkedin.com/company/rogue-fitness
L2TDCAJNBFY4,TONER CABLE EQUIPMENT INC,www.tonercable.com,https://linkedin.com/company/toner-cable-equipment
L2V8KFY3LDD6,"ADVOCATES FOR BASIC LEGAL EQUALITY, INC.",www.ablelaw.org,https://linkedin.com/company/ablelawinc
L2VKL25HGAM7,BEAVERFIT NORTH AMERICA LLC,,
L2WGEGBGDEM6,GRACE PACIFICA MACHINING LLC,https://www.gracepacifica.com,https://linkedin.com/company/grace-pacifica
L2WVLS5L4WS3,FUTURAMIC TOOL & ENGINEERING CO,www.futuramic.com,https://linkedin.com/company/futuramic
L2XLLNBJN1C3,"MARATHON GENERAL, INC",,
L2Z6R4LV9NA7,FRACO USA INC,,
L325RAWM6YY4,CONSTANT TECHNOLOGIES INC,http://www.constanttech.com,https://linkedin.com/company/constant-technologies-inc
L33CDLJCPFC6,CORLAND CO.,www.corland.com,https://linkedin.com/company/corland-co
L34GKTUR8ER5,TAYLOR NORTHEAST INC,www.taylornortheast.com,https://linkedin.com/company/taylor-northeast
L35KPCL8NMN3,ELECTRIC MOTOR AND CONTRACTING COMPANY,www.emc-co.com,https://linkedin.com/company/electric-motor-and-contracting
L3APJ8RWNA99,COTSWORKS INC,http://www.cotsworks.com,https://linkedin.com/company/cotsworks
L3B5LBEM9EK6,POWERHOUSE ELECTRIC,,
L3C3QLJQRS69,"SAN FRANCISCO CIRCUITS, INC.",http://www.sfcircuits.com,https://linkedin.com/company/san-francisco-circuits
L3C5CZERQMK3,"AEROCONTROLEX GROUP, INC.",http://www.aerocontrolex.com,https://linkedin.com/company/aerocontrolex
L3CKH2FY5MM2,"JEM ENGINEERING, LLC",http://www.jemengineering.com,https://linkedin.com/company/jem-engineering
L3CUBYC24UF3,"PURISOLVE, INC.",http://www.purisolve.com,https://linkedin.com/company/purisolve-inc.
L3DVDNNHX3S6,"OPSPARK, LLC",http://opspark.ai,
L3DWBGZBMAL1,"ALKU TECHNOLOGIES, LLC",,
L3EEURGZYCP5,"HUBZONE DOORS, INC.",www.hubzonedoors.com,https://linkedin.com/company/hubzone-doors-inc.
L3ETBKPALQF2,"ATLAS HOSE & GASKET CO., L.L.C.",www.atlashose.com,https://linkedin.com/company/atlas-hose-&-gasket-co.-llc
L3FECCPGJDV6,WELL HEALTH INC,https://artera.io/,https://linkedin.com/company/artera-io
L3G5SBQ2PLK5,GEORGIA TECH APPLIED RESEARCH CORP,http://www.gtarc.gatech.edu,https://linkedin.com/company/georgia-tech-applied-research-corporation
L3J5PPW3DNH9,"SILICON MOUNTAIN TECHNOLOGIES, LLC",https://www.siliconmtn.com,https://linkedin.com/company/silicon-mountain-technologies
L3K8RDZWT216,WINN-MARION BARBER LLC,http://www.winn-marion.com,https://linkedin.com/company/winn-marion-companies
L3KTBKW4H7V1,"CATHOLIC LEGAL IMMIGRATION NETWORK, INC.",https://cliniclegal.org/,https://linkedin.com/company/catholic-legal-immigration-network-inc.-clinic-
L3KUR35X99D3,VENATORE LLC,http://www.venatore.com,https://linkedin.com/company/venatore
L3L4G7KBB9G8,"TERRAFRAME, INC.",www.terraframe.com,https://linkedin.com/company/terraframe
L3LJPVB6RBC8,"LDRA TECHNOLOGY, INC.",http://www.ldra.com,https://linkedin.com/company/ldra-limited
L3LZRJNCQSA6,"GAMA-1 TECHNOLOGIES, LLC",www.gama1tech.com,https://linkedin.com/company/gama-1-technologies
L3NRQ8KJ3BG1,"METROPOLIS TECHNOLOGIES, INC.",metropolis.io,https://linkedin.com/company/metropolisio
L3NYL9LSWK21,"HIRANI ENGINEERING AND LAND SURVEYING, D.P.C.",http://www.hiranigroup.com,
L3P3MXXX2W59,"GLOBAL ENTERPRISE, INC",www.fedharmony.com,https://linkedin.com/company/fedharmony
L3PGKMXMZWJ3,"INTERCAX, LLC",http://www.intercax.com,https://linkedin.com/company/intercax-llc
L3T9VHGP44D1,"KLAS, INC.",,
L3VCKMD7J585,SOS INTERNATIONAL LLC,https://www.sosi.com,https://linkedin.com/company/sos-international-llc
L3VPM1ET99M4,TEKNA ADVANCED MATERIALS,http://www.tekna.com,https://linkedin.com/company/tekna-plasma
L3WYJEJGK2W8,SPECIAL ELECTRONICS & DESIGNS INC.,www.sedtechnologies.com,https://linkedin.com/company/special-electronics-&-designs-inc
L3Y9BBAHW595,CHEN INSTRUMENT DESIGN INC.,http://www.cid-inc.com/,https://linkedin.com/company/cid-bio-science-inc-
L3YYAK6CNRN5,"FSH ENTERPRISES, INC.",,
L3ZCKJN1YZL4,UNISON COST ENGINEERING LLC,http://www.unisonglobal.com,https://linkedin.com/company/unison-global
L41JMCZK3GW6,"ACUITY INTERNATIONAL, LLC",www.acuityinternational.com,
L43SGXYMK8H5,ADORAMA INC.,http://WWW.ADORAMA.COM,https://linkedin.com/company/adorama
L45RZBK33E19,"DAYLIGHT DEFENSE, LLC",www.daylightsolutions.com,https://linkedin.com/company/daylight-solutions
L46LJFDMSG98,"PERFECT OUTPUT, LLC",http://www.perfectoutput.com,https://linkedin.com/company/perfectoutput
L47CB2LW3JC8,ARMORWORKS ENTERPRISES INC,http://www.armorworks.com,https://linkedin.com/company/armorworks
L47LZZQQJYF4,SPN SOLUTIONS INC,www.spnsolutions.net,
L4AAB3FN8NW5,"OSR CONSULTING, LLC",www.stratagen.us,
L4AMLNVMGNC5,"WILEY & WILSON, INC.",www.wileywilson.com,https://linkedin.com/company/wileywilson
L4D6NDBWN885,"TECHOP SOLUTIONS INTERNATIONAL, INC.",http://www.techopsolutions.net,https://linkedin.com/company/techop-solutions-international
L4DFDSC8Z4H6,TECHNIFAB INC,www.technifabinc.com,https://linkedin.com/company/technifab-inc.
L4DWF946X8G9,"MICRO PRECISION CALIBRATION, INC",https://www.microprecision.com,https://linkedin.com/company/micro-precision-calibration
L4G6LGBP2HE5,ROCKWELL COLLINS OPTRONICS INC.,https://www.collinsaerospace.com/,https://linkedin.com/company/collins-aerospace
L4GCLMEAX593,GEEK SOURCES INC,http://www.geeksi.tech,https://linkedin.com/company/geek-sources
L4JMY6LBJMF4,"S&K MISSION SUPPORT, LLC",www.skmissionsupport.com,https://linkedin.com/company/sk-mission-support-llc
L4LHN6923621,COGENT SOLUTIONS INC.,https://cogent-2000.com/,https://linkedin.com/company/cogent-solutions-inc
L4LNJCAV6GK6,NAYIVE CAMP,http://www.starsandstripesaerospace.com,https://linkedin.com/company/stars-&-stripes-aerospace-l.l.c.
L4NFXK15G6X9,GBA BUILDERS LLC,http://www.gbabuilders.com,https://linkedin.com/company/gba-builders-llc
L4P6SCWBA1M9,HARDY CORP,http://www.hardycorp.com,https://linkedin.com/company/hardy-corporation
L4QQJ4BH2726,"SOUTHWIRE COMPANY, LLC",www.Southwire.com,https://linkedin.com/company/southwire-company
L4T4AYLZ1YG9,COMPLETE LOGISTICS SUPPORT INC.,www.CLSserve.com,https://linkedin.com/company/complete-logistics-suport
L4UCL5K5H5J9,"WOODWARD, INC.",,
L4UNCJWBMPM3,OTP HOLDING LLC,www.otcindustrial.com/tp-pump,https://linkedin.com/company/otc-industrial-technologies
L4X6UQAZXTJ8,AMERICAN INDUSTRIAL HYGIENE ASSOCIATION,https://www.aiha.org/,https://linkedin.com/company/aiha
L4YRB111WR81,"INFORMATION FIRST, INC.",http://www.info-first.com,https://linkedin.com/company/information-first
L4ZMKLM4MPL3,MOOG INC,,
L529ER9KANW1,H&H BUILDERS INC,http://hhutah.com,
L538TJLAKM13,ACTIVE CYBER LLC,https://www.activecyber.com/,https://linkedin.com/company/active-cyber
L54SBBAM3XR1,SUMMIT FIRE PROTECTION CO,www.summitfire.com,https://linkedin.com/company/summit-fire-protection
L558BKA9FNR9,"VSE AVIATION, INC.",http://www.vseaviation.com,https://linkedin.com/company/vse-aviation-inc
L55LDYYTKJA5,DIACONIA LLC,https://diaconia.com,https://linkedin.com/company/diaconia-llc
L56XVRLKE9U4,"SPIRE GLOBAL FEDERAL, INC.",spire.com,https://linkedin.com/company/spireglobal
L57RMYBJ8UW5,"TRITON WELDING & MACHINE SHOP, INC.",,
L5B3FGNJ4MC3,"ELLIS, RUSSELL A",,
L5BLYLGD5G37,PLI MANUFACTURING LLC,www.phxlogistics.com,
L5CXABJ87G67,INDUSTRIAL INSULATION INC,www.indinsinc.us,
L5DKFAFF8BP2,"SPACE SYSTEMS INTEGRATION, LLC",http://www.spacint.com/,https://linkedin.com/company/space-systems-integration-llc
L5EKN6SMKAZ3,COASTAL MONITORING ASSOCIATES LLC,http://www.coastalmonitoring.net,
L5JKYLBMF8V3,BCC SOFTWARE LLC,http://www.bccsoftware.com,https://linkedin.com/company/bcc-software
L5KGLR4961M6,GENERAL ASIA PACIFIC CONSTRUCTION LLC,,
L5KQDRXCQ946,SMITH MECHANICAL-ELECTRICAL-PLUMBING,https://smithmep.com,
L5KYD5SNYBW5,VETERAN DRILLING,www.veterandrilling.com,https://linkedin.com/company/veteran-drilling
L5LHADN8RLY3,SKYSHIP SERVICES INC,,
L5LMQSN59YE5,YORKTOWN SYSTEMS GROUP INC,http://ysginc.com,https://linkedin.com/company/yorktown-systems-group
L5LPH7Z59VD3,"AMPSIGHT, INC.",https://www.vibrint.com,https://linkedin.com/company/vibrint
L5LWG253LUV9,WATKINS PCL INC,pacchemlabs.com,
L5MZV21K5DR2,"QUALITY THERMISTOR, INC",https://www.ctscorp.com,https://linkedin.com/company/cts-corporation
L5N1AYNJCB78,"STAUBLI ELECTRICAL CONNECTORS, INC.",www.staubli.com/electrical,https://linkedin.com/company/staubli
L5NUNNVDLRH5,UNICOM SYSTEMS INC,www.unicomglobal.com,https://linkedin.com/company/unicom-global
L5QLXZKRB6M6,TECHNETICS GROUP LLC,www.technetics.com,https://linkedin.com/company/technetics-group
L5SNNSBAPL83,VERDANTAS LLC,http://www.verdantas.com/,https://linkedin.com/company/verdantas
L5SPUJ6EPWB6,"IST RESEARCH, LLC",www.twosixtech.com,https://linkedin.com/company/twosixtechnologies
L5SVWV9XV657,3 PHASE ELECTRIC LLC,,
L5TPVGGHNH47,"NEESON PERFORMANCE INDUSTRIES, LLC",,
L5UCMMCGDVX7,ANTHONY INTEGRATION LLC,,
L5UJPH3MN9K4,"IDMWORKS, LLC",http://www.idmworks.com,
L5VVZNLFENS9,SRI INTERNATIONAL,www.sri.com,https://linkedin.com/company/sri-international
L5WYNMFM41U4,ROBERT ENGINEERING GROUP PSC,,
L5YHV5RMX1T7,"ZIEHL-ABEGG, INC.",,
L5ZERJGCQ934,ENERGY STEEL & SUPPLY CO,http://www.energysteel.com/,https://linkedin.com/company/energy-steel
L613MLFMP478,"TELEDYNE BROWN ENGINEERING, INC.",http://www.teledyneaes.com,https://linkedin.com/company/teledyne-advanced-electronic-solutions
L61LTPD2E4A7,DIRECT CONNECT GROUP (DCG) LLC,www.dcgone.com,https://linkedin.com/company/dcgone
L62ME151HJC5,OVERSEEK SOLUTION LIMITED,www.overseeksolution.com,
L64RUJ7LC8T9,MOLECULAR DEVICES LLC,https://www.moleculardevices.com/,https://linkedin.com/company/molecular-devices
L64WELZG4GE9,SPACE FORCE ANALYTICS LLC,sforceanalytics.com,https://linkedin.com/company/space-force-analytics-llc
L64XGM81T1C6,PEAKMETRICS INC,https://www.peakmetrics.com/,https://linkedin.com/company/peakmetricsapp
L66VDJVM3VP6,KEYENCE CORPORATION OF AMERICA,http://www.keyence.com,https://linkedin.com/company/keyence
L672EKM4WCC5,CUMING MICROWAVE CORPORATION,http://www.cumingmicrowave.com,https://linkedin.com/company/cuming-microwave
L67ESLREYZ19,"AIRTECH SUPPLY, INC",http://www.airtechsupply.com,https://linkedin.com/company/airtechsupply
L693MQDFLKD1,"KBR WYLE SERVICES, LLC",www.kbr.com,https://linkedin.com/company/kbr-inc
L6ALJCC5JF13,SYSTEM HIGH CORPORATION,www.systemhigh.com,https://linkedin.com/company/system-high-corporation
L6CLBRMHNFP9,TRI-LOGISTICS LLC,www.tri-logistics.net,https://linkedin.com/company/tri-logisticstotalsolutions
L6D1PGUQMMV9,KITRON TECHNOLOGIES INC.,https://kitron.com/,https://linkedin.com/company/kitron
L6FGNKDSSE59,REPUBLIC SERVICES OF VIRGINIA LLC,www.republicservices.com,https://linkedin.com/company/republic-services-inc
L6G3AYDJ4KK7,"RAGE SYSTEMS, LLC",www.ragesystems.com,https://linkedin.com/company/rage-systems
L6HLWKCGB7L7,"NTS LABS, LLC",www.nts.com,https://linkedin.com/company/nts
L6JLFBPBMV54,ANGLER SECURITY SOLUTIONS LLC,https://tss-tx.com,https://linkedin.com/company/tss-fire-alarm-and-security-services
L6JMDDC1JEM7,SSI CABLE CORPORATION,http://www.ssicable.com,https://linkedin.com/company/ssi-cable-corporation
L6K3JJQ9N9Q1,BUSINESS SYSTEM SOLUTIONS LLC,www.busysol.com,https://linkedin.com/company/business-system-solutions
L6KETE6F4JZ4,DUANE MOYER WELL DRILLING INC,www.moyerwelldrilling.com,https://linkedin.com/company/duane-moyer-well-drilling-inc
L6LCH6GDZXM9,PRECISION MACHINING SERVICES INC,https://www.precisionmachiningservices.com,https://linkedin.com/company/pmsimfg
L6LCP96K8JC7,KONE INC,,
L6MEAK541NH5,"OEWAVES, INC",http://www.oewaves.com,https://linkedin.com/company/oewaves
L6NFUM28LQM5,"WASHINGTON UNIVERSITY, THE",https://washu.edu/,https://linkedin.com/company/washington-university-in-st-louis
L6NXD48QG5M1,ALTITUDE TECHNOLOGIES INC.,http://www.chinookmed.com/,https://linkedin.com/company/chinook-medical-gear
L6R3M86AFBB5,"CUSTOMER VALUE PARTNERS, LLC",http://www.cvpcorp.com,https://linkedin.com/company/customer-value-partners
L6RAZ2NNHM29,"KENDALL ELECTRIC, INC.",,
L6REMB5VKLL9,IMMIXTECHNOLOGY INC,https://www.arrow.com/globalecs/immixgroup/contracts-pricing/subsidiaries/immixtechnology-inc/,https://linkedin.com/company/arrow-electronics
L6TMNNMM2RB3,"CK TECHNOLOGIES, INC.",http://www.ckt.com,https://linkedin.com/company/ck-technologies-inc.
L6UGQVNTZGK8,SCIENCE APPLICATIONS INTERNATIONAL CORPORATION,www.saic.com,https://linkedin.com/company/saicinc
L6V2CGVQP844,RDF CORPORATION,http://www.rdfcorp.com,https://linkedin.com/company/rdf-corporation
L6V8ZMLHQ436,"CONFERENCE TECHNOLOGIES, INC.",http://www.cti.com,https://linkedin.com/company/conference-technologies
L6VAU56BNL87,"SPACE COAST HYDRAULICS, INC.",,
L6WSNAMN9W33,ASSISTED BUILDING SOLUTIONS LLC,absmodular.com,https://linkedin.com/company/abs-modular
L6YCF5ND7E55,"HIGHERECHELON, INC.",http://www.higherechelon.com,https://linkedin.com/company/higherechelon-inc-
L6YMYRVBEHS5,"WALLS MACHINE COMPANY, LLC",,
L6ZQZ4B82L63,GENTEX CORP,,
L73LKJ1JCVM7,TISTA SCIENCE AND TECHNOLOGY CORPORATION,http://www.tistatech.com,https://linkedin.com/company/tista-science-and-technology-corporation
L75EG2UDDJL1,"SPACE METRICS, INC.",www.SpaceMetricsInc.Com,https://linkedin.com/company/space-metrics-inc
L76UENTDZN29,"MILTON J. WOOD FIRE PROTECTION, INC.",http://www.mjwood.com,https://linkedin.com/company/milton-j-wood-fire-protection-inc.
L772LJGDJRH3,"NEWTERRA CORPORATION, INC.",,
L77DYKN9LMR5,TIS3 LLC,www.tis3solutions.com,https://linkedin.com/company/taylor-integrated-services
L77ZTS9NTFL5,"APCT, INC",,
L784KKM95759,DELOITTE CONSULTING LLP,,
L7A6MYHETLS6,NLIGHT INC,www.nlight.net,https://linkedin.com/company/nlight
L7AMCMQJDPF7,PLUS3 IT SYSTEMS LLC,https://www.plus3it.com,https://linkedin.com/company/plus3-it-systems
L7B3W479NGZ9,"ADVANCED CABLE SOLUTIONS, INC",,
L7CMYLLB61X5,"TRELLEBORG SEALING SOLUTIONS US, INC.",,
L7DVBB5G6SF3,N.O.M.E.S CO. LTD,https://nomescorp.com/,https://linkedin.com/company/nomescorp
L7E9M6DDPAB6,HEALTHWORKS MEDICAL LLC,www.healthworksmedical.com,https://linkedin.com/company/healthworksmedical
L7ECBDRNSNM7,STRATIVIA LLC,http://www.strativia.com,https://linkedin.com/company/strativia
L7ETLJMATDL5,"VOTAW PRECISION TECHNOLOGIES, LLC",http://www.votaw.com,
L7EUZR8R5RZ3,SCIENCE APPLICATIONS INTERNATIONAL CORP,WWW.SAIC.COM,https://linkedin.com/company/saicinc
L7G9SKG946J8,COMBINED SYSTEMS INC,http://www.combinedsystems.com,https://linkedin.com/company/combined-systems
L7J7VJWXB7X7,"AGILEDELTA, INC.",http://www.agiledelta.com,https://linkedin.com/company/agiledelta-inc.
L7JFR6QDZ3K8,INTEGRATED MEDCRAFT LLC,www.integratedmc.com,https://linkedin.com/company/integratedmedcraft
L7KBCMAMMCS3,"GB TECH, INC.",gbtech.net,https://linkedin.com/company/gb-tech
L7KBLCN4YJX9,"WEB-HED TECHNOLOGIES, LLC",http://www.webheadtech.com,https://linkedin.com/company/webhead
L7KGQNKEJ9E5,"CRYOWORKS, INC.",www.cryoworks.net,https://linkedin.com/company/cryoworksinc
L7KNBBAKPFK1,HONEYWELL INTERNATIONAL INC.,,
L7KVW2YB8L74,"JAVAD GNSS, INC.",http://www.javad.com,https://linkedin.com/company/javad-gnss
L7LUVALLM6U7,"GLOBODON, LLC",www.globodon.com,
L7M9HLQ68796,PERCIVAL SCIENTIFIC INCORPORATED,WWW.PERCIVAL-SCIENTIFIC.COM,https://linkedin.com/company/percival-scientific
L7MZK1KZZ162,"MA FEDERAL, INC.",http://www.igov.com,https://linkedin.com/company/igov
L7N2PKG7UUW1,GUTIERREZ CANALES ENGINEERING PC,http://www.gce-pc.com,
L7NFSXD1EFC3,THE BISON GROUP LLC,https://bisongroupusa.com/,https://linkedin.com/company/the-bison-group-usa
L7X3LN1M4U61,RAPTORS EDGE SOLUTIONS LLC,www.raptorsedge.com,
L7ZWK3HLLUW1,CATS EXCAVATING INC,,
L82MF89MGC77,"ROYAL COMMUNICATIONS INTERNATIONAL, INC.",https://www.royalcominc.com/,https://linkedin.com/company/royal-communications-international
L85DJJ1BJSQ6,PRECISION DEFENSE SERVICES INC,https://www.pdsindustries.com,https://linkedin.com/company/precision-defense-services
L875QGVDZC16,"MINDPETAL SOFTWARE SOLUTIONS, LLC",http://www.mindpetal.com,https://linkedin.com/company/mindpetal-software-solutions-inc
L87UZMZ3Z7J6,GLYPH LANGUAGE SERVICES INC,www.glyphservices.com,https://linkedin.com/company/glyph-language-services
L88BGSA3X6Z1,"BOEING COMMERCIAL SATELLITE SERVICES, INC.",http://www.boeing.com/,https://linkedin.com/company/boeing
L88CHWMNU1N9,T & W OPERATIONS INC,https://www.tnwops.com/,https://linkedin.com/company/t-w-operations
L89FLL2151G2,"SOFTWARE ENGINEERING PROFESSIONALS, INC.",https://sep.com/,https://linkedin.com/company/wwwsepcom
L8B6MT4H9KP5,PRECISELY SOFTWARE INCORPORATED,https://www.precisely.com,https://linkedin.com/company/preciselydata
L8BDLMBBMYD6,AGENDA USA INC,http://www.agendaUSA.com,https://linkedin.com/company/agendausa
L8D7M34M3B31,"DONALDSON COMPANY, INC.",,
L8FZKDNG9KK1,CPI SATCOM & ANTENNA TECHNOLOGIES INC.,http://www.cpii.com,https://linkedin.com/company/cpi
L8G6JK6MHQD8,A1 ENVIRONMENTAL AND SAFETY TRAINING LLC,https://mayokaservices.com/,https://linkedin.com/company/mayoka-services
L8J2ZNB1LMR8,GAUBERT OIL CO INC,http://www.gaubertoil.com,https://linkedin.com/company/gaubert-oil
L8LEZSTJE2P6,"VAYA SPACE, INC.",www.vayaspace.com,https://linkedin.com/company/vayaspace
L8LKQJZJ4FH7,"MUELLER DIE CUT SOLUTIONS, LLC",,
L8M1BKMAHP53,DAKOTA STATE UNIVERSITY APPLIED RESEARCH CORPORATION,https://dsu-arc.org,https://linkedin.com/company/dsu-arc
L8MNZSZNYD44,"A. V. LAUTTAMUS COMMUNICATIONS, INC.",http://www.lauttamus.com,https://linkedin.com/company/a-v-lauttamus-communications-inc
L8MQKGNWEN81,"MULTIPLAN, INC.",,
L8PDRZYW95T4,RPMC LASERS INC.,http://www.rpmclasers.com,https://linkedin.com/company/rpmc-lasers-inc
L8TWE37JLTY5,CESAR URIBE,,
L8UFWSCC3JF5,"DATADOG, INC.",https://www.datadoghq.com/,https://linkedin.com/company/datadog
L8VHV5CNBV97,"AMERICAN CENTRIFUGE OPERATING, LLC",www.centrusenergy.com,https://linkedin.com/company/centrusenergy
L8XXA1HSKPT4,AHLBERG CAMERAS INC,http://www.ahlbergcameras.com/,https://linkedin.com/company/ahlberg-cameras
L8ZGEYQ92JC6,GREENLAND ESCAPE APS,,
L92ZRUSNGFJ8,NEWARK WIRE CLOTH HOLDINGS LLC,https://newarkwire.com,https://linkedin.com/company/newark-wire-cloth-company
L933PCD6J4L3,"SUNRISE ENGINEERING, LLC",http://www.sunrise-eng.com,https://linkedin.com/company/sunrise-engineering
L943M8PFJNT6,ISENPAI LLC,http://www.isenpai.com,https://linkedin.com/company/isenpai
L94HLRR36MB5,PROGRAMS MANAGEMENT ANALYTICS & TECHNOLOGIES INC,https://pmatinc.com,https://linkedin.com/company/pmatinc
L952KGDMSLV5,RESEARCH FOUNDATION OF THE CITY UNIVERSITY OF NEW YORK,,
L95LAAJBAJF5,AUTOMATIC VALVE CORP.,https://www.avnuclear.com/,https://linkedin.com/company/automatic-valve-nuclear
L961GFZ2P3E7,"ENJET AERO, LLC",,
L96JFXX1MME6,"PRAETORIAN STANDARD, INC.",www.praetorianstandard.com,https://linkedin.com/company/praetorian-standard-inc.
L96JJKEZA775,"SUPERIOR CLEANING EQUIPMENT, INC.",http://www.sceclean.com,https://linkedin.com/company/superior-cleaning-equipment-inc-
L971GZWZBZ61,UNITED COMPUTER PRODUCTS CO INC,www.optia.com,https://linkedin.com/company/optia
L98CCGXGEGW7,TECHCOMP USA INC,https://techcomp-instruments.com/techcomp-usa/,
L98EG84U3CG5,CLINICAL SQUARED INC,,
L98GNV1NVJB4,US FOODS INC,,
L997DB4PEJL8,WEST PUBLISHING CORPORATION,https://www.thomsonreuters.com/en/products-services/government,https://linkedin.com/company/thomson-reuters
L99DF1VH4HN6,"OKOS SOLUTIONS, LLC",http://www.pvatepla-okos.com,
L9A6WWBF9LW4,CARAHSOFT HOLDINGS LLC,,
L9DLW63PQKN7,AMERICAN PULVERIZER CO,,
L9DPMWLTNVF6,COMMUNICATION INFRASTRUCTURE CORP,www.cicusa.com,https://linkedin.com/company/cic-usa-energy
L9DUJ8SWDFM5,ARM GROUP LLC,www.armgroup.net,https://linkedin.com/company/armgroup
L9EAQJG5P3G9,APPLIED FLOW TECHNOLOGY LLC,http://www.aft.com,https://linkedin.com/company/applied-flow-technology-aft-
L9EFK35VATJ6,LEADERS IT CONSULTING LLC,https://www.leadersitc.com,
L9GPDENFHCZ5,ASSABET MACK SERVICE INC,,
L9HVNB4C1R43,"AUTOMATED COATINGS, INC.",http://www.automatedcoatings.com,https://linkedin.com/company/automated-coatings-inc
L9HZSM5KMHJ5,"SECURITY INNOVATION, INC.",http://www.securityinnovation.com,https://linkedin.com/company/security-innovation
L9JEKRMMKN65,"BANK OF AMERICA, N.A",http://www.bankofamerica.com,https://linkedin.com/company/bank-of-america
L9JSPXF271N3,BOUCHER LAURIE A,,
L9KAC1D39NB8,"ECORP CONSULTING, INC.",http://www.ecorpconsulting.com,https://linkedin.com/company/ecorp-consulting-inc.
L9KGUDAM93K7,"SHOW ME QUALITY CONSULTING, LLC",http://showmequalityconsulting.com/,https://linkedin.com/company/show-me-quality-consulting
L9L2NUCPADG9,CYBER CLARITY INC,http://www.cyberclarity.com,https://linkedin.com/company/cyber-clarity-inc-
L9M4WMXYQ2S6,"PHOENIX FIRE SYSTEMS, LLC",,
L9MAFSWELCQ3,"NEXTAGE, LLC",www.nextage-llc.com,https://linkedin.com/company/nextage-llc
L9MMWVDBKRM7,"C & W DIVING SERVICES, INC",http://www.cwdiving.com,https://linkedin.com/company/c-&-w-diving-services-inc
L9MNHKGJ3KL7,LIBERTY ELECTRONICS INC,https://libertyelectronics.com/,https://linkedin.com/company/liberty-electronics
L9N3RA7X3RM1,CENTER FOR CREATIVE LEADERSHIP,www.ccl.org,https://linkedin.com/company/center-for-creative-leadership
L9RHAN2KKNL1,"SCOTT ARMATURE, L.L.C.",,
L9RHJS132VW5,"COMPLETE PLUMBING, SEPTIC & DRAIN SOLUTIONS, LLC",https://www.completeplumbingseptic.com,
L9S8JSLR4U83,"ELEMENTAR AMERICAS, INC.",https://www.elementar.com/en-us/,
L9YXNN9YL5Q1,"SRM GROUP, LLC",,
L9Z1ASN3B8E7,VIASAT INC,www.viasat.com,https://linkedin.com/company/viasat
LA19UXNQ43D9,CUSTOM COMPUTER CABLE INC,http://www.cccincorp.com,https://linkedin.com/company/cccincorp
LA2QZ43XD658,ADEPT COMPANY,https://www.adeptgenerators.com/,https://linkedin.com/company/adept-for-generators-and-general-trading-ltd
LA7DXKNMNCD3,"ADVANCED MICROWAVE COMPONENTS, INC",www.advancedmicrowave.com,https://linkedin.com/company/advanced-microwave-components-inc.
LA7GKLJP72E1,DATABANK IMX LLC,www.databankimx.com,https://linkedin.com/company/databank-imx
LA86XJ8BMUK8,"A. E. PETSCHE COMPANY, INC.",www.aepetsche.com,https://linkedin.com/company/a-e--petsche
LA94GNUGJ3N5,OCEAN OPTICS INC,http://WWW.OCEANOPTICS.COM,https://linkedin.com/company/ocean-optics
LA9NCKCABRC3,CUSTOM CABLE CRAFTERS INC,,
LAC7WL5CQNK3,CORNERSTONE SUPPLY INC,www.cornerstone-supply.com,https://linkedin.com/company/cornerstone-supply
LAD2HL1R71Z3,"AIRBUS HELICOPTERS, INC.",https://us.airbus.com/en/helicopters,
LAGJVZNKY9U6,SEDK AL ALTIZAM COMPANY FOR TRADING AND GENERAL CONTRACTING LTD,,
LAGTLJW7NTJ3,CHIEF TECHNOLOGIES LLC,www.chieftech.com,https://linkedin.com/company/chief-technologies-llc
LAHHMNMC8GK9,ESSENTIAL SOFTWARE INC,https://www.essential-soft.com,https://linkedin.com/company/essentialsoftinc
LAHTE3WXPWJ6,"RXO FREIGHT FORWARDING, INC.",http://www.rxo.com,https://linkedin.com/company/rxo
LAJFGK6QHAT6,CROSBYS DRUGS INC,https://www.crosbysdrugs.com/,
LAJJQWA1PF31,THE BOEING COMPANY,http://www.boeing.com/,https://linkedin.com/company/boeing
LAKFNEA2GRU3,"MILESTONE INTEGRATED BUSINESS SOLUTIONS, INC",www.mibsinc.tech,
LAMHJMBDAGA9,"GIUAS, LLC",,
LANYHKSAH4C7,EXOVERA LLC,http://www.exovera.com,https://linkedin.com/company/exovera
LANYLFV4LRE7,AMPHENOL PRINTED CIRCUITS INC,WWW.amphenol-apcbt.com,
LAPUN69AA3J8,"SIERRA MACHINERY, INC.",www.sierraelpaso.com,https://linkedin.com/company/sierra-machinery-inc.
LASJCTWFP3L4,NUCFIL LLC,http://www.nftinc.com,https://linkedin.com/company/nft
LAU9KMLQE7Y6,"ENTERPRISE RAC COMPANY OF MARYLAND, LLC",,
LAVARTMKKHT5,"CHESAPEAKE TECHNOLOGY INTERNATIONAL, CORP.",ctic.us,https://linkedin.com/company/ctitech
LAVWTU1ADV41,TRAKKA USA DEFENCE LLC,www.trakkasystems.com,https://linkedin.com/company/trakka
LB23FZJE26T4,BANNER DEFENSE INC,https://www.bannerdefense.com,https://linkedin.com/company/bannerdefenseinc
LB2BVUHGNXW9,FRANCOIS-JULIEN & CO,,
LB2BZV3NJ847,GATAN INC,http://www.gatan.com,https://linkedin.com/company/gatan-inc.
LB2EHML75VW7,PALMETTO AIR & WATER BALANCE INC.,,
LB3MY9LQ1BE6,CLEVELAND AEROSPACE TECHNOLOGY SERVIES LLC,www.clevelandaerospace.com,
LB4CJ9L4HE74,GETMAN CORP,www.getman.com,https://linkedin.com/company/getman-corporation
LB5KVANFKPY7,"L3HARRIS TECHNOLOGIES, INC.",www.l3harris.com,https://linkedin.com/company/l3harris-technologies
LB62HDHQACL6,UNIVERSITY OF ALABAMA IN HUNTSVILLE ATTN CONTROLLER,,
LB6JMKM7N816,MACRO SOLUTIONS LLC,http://www.alphaomega.com,
LB6KV53CNB83,"SPECTRUM SEI MICROWAVE, INC.",http://www.spectrumcontrol.com,https://linkedin.com/company/api-technologies-corp-
LB77HYM36QU4,MNM LAW OFFICE INC,https://mnmlawoffices.com/,
LB8JT7MNMYB5,"VAE, INC.",http://www.vaeit.com,https://linkedin.com/company/vae-inc-
LB9XE9JBKKT1,CARR ASTRONAUTICS CORP,http://www.carrastro.com/,https://linkedin.com/company/carr-astronautics-corporation
LBB8AYRX1F85,"AIR PRODUCTS AND CHEMICALS, INC",https://www.airproducts.com/,https://linkedin.com/company/air-products
LBC5TM5KBDD4,"NCLOUDS, INC",,
LBCGV9N41ZD5,GB SALES & SERVICE INC,WWW.FRAZAGROUP.COM,https://linkedin.com/company/fraza-forklifts
LBCTVW5TMKU8,ABILITY WITH INNOVATION GENERAL CONTRACTING LLC,www.awi.com,https://linkedin.com/company/awi-ability-with-innovation
LBD5MXA9H4T5,"THE CATHOLIC CHARITIES OF THE DIOCESE OF ARLINGTON, INC.",http://www.ccda.net,https://linkedin.com/company/catholic-charities-diocese-of-arlington
LBDLUMMJZ9K3,CONRON & WOODS ARCHITECTS,,
LBDVN6QLYPY4,NEXIGHT GROUP LLC,,
LBE4AJKNZPA6,"PRECISION AIRPARTS SUPPORT SERVICES, INC.",https://www.passinc.com,https://linkedin.com/company/precision-airparts-support-services-inc
LBEZGLK4BCH1,ASPECT IMAGING LTD,https://aspectimaging.com/,https://linkedin.com/company/aspect-imaging
LBFMMSRL5RA3,"CONTAINER TECHNOLOGY, INC.",https://containertech.com/,https://linkedin.com/company/container-technology-inc-
LBGGY3U5G5J1,TRIDENT ENGINEERING & INSPECTION,www.tridentei.com,https://linkedin.com/company/trident-engineering-and-inspection
LBGJXZSEAL34,"POTOMAC ABATEMENT, LLC",https://www.potomacabatement.com,https://linkedin.com/company/potomac-abatement-inc
LBGSTUBNMJL8,UNIVERSAL SHIELDING CORP.,www.universalshielding.com,https://linkedin.com/company/universal-shielding-corp-
LBJELSM35S87,PARKER-HANNIFIN CORPORATION,http://www.parker.com/,https://linkedin.com/company/parker-hannifin
LBLEA84AEJF9,AVIATION PRODUCTS INC,www.aviationproducts.com,
LBLTKG6VLM45,"MECH ONE, INC.",www.mechone.com,
LBMHGS82MFH7,"ASPEN WATER, INC.",http://www.aspenwater.com,https://linkedin.com/company/aspen-water-inc
LBMXHCLLM6A5,"JRC INTEGRATED SYSTEMS, LLC",http://www.jrcsystems.com,
LBNEZUD4J737,"SMITH AND AGUIRRE CONSTRUCTION COMPANY, INC.",,
LBP6VZX2ZBV4,"JC MACHINE, INC",www.jcmi-usa.com,https://linkedin.com/company/jc-machine-inc.
LBQSDK649GV5,CONNEXIONS FEDERAL SERVICES LLC,https://www.connexions-federal.com/,https://linkedin.com/company/connexions-federal-services-llc
LBTFJY4D1E28,VIAMO PBC INC.,www.viamo.io,https://linkedin.com/company/viamoglobal
LBTHZ1LB1RQ3,VCLOUD TECH INC,www.vcloudtech.com,https://linkedin.com/company/vcloud-tech
LBTUGV5PXNK1,1NTEGER LLC,www.kharon.com,https://linkedin.com/company/kharondata
LBV1E2ZADMP1,"MY SECURE ADVANTAGE, INC.",https://www.mysecureadvantage.com,https://linkedin.com/company/my-secure-advantage
LBVNTSBBA6N5,RELIANT TECHNOLOGIES INC,www.reliant-tec.com,https://linkedin.com/company/reliant-tec-inc
LBVWR9LTX7S3,"MICROTECH COMPUTERS, INC.",http://www.atipa.com,https://linkedin.com/company/atipa-technologies
LBW2J4CWAKE4,"VENEKLASEN ASSOCIATES, INC.",https://www.veneklasen.com/,https://linkedin.com/company/veneklasen-associates-inc.
LBY2U71VQZL6,"CONTECH OF PUERTO RICO, INC.",,
LC8DKF8C9Z64,HYDRO-AIRE AEROSPACE CORP,,
LCA9B6NMW454,ATOMICA CORP,https://www.atomica.com,https://linkedin.com/company/atomica-mems
LCAEMTS2PEA5,MAHA SE & CO. KG,https://www.maha.de/de,https://linkedin.com/company/maha-maschinenbau-haldenwang-gmbh-&-co-kg
LCCMLCWHWXW6,"INDUCTIVE AUTOMATION, LLC",www.inductiveautomation.com,https://linkedin.com/company/inductive-automation
LCE3FG2NVP86,"AMERICAN FIRE PROTECTION GROUP, INC.",www.afpgusa.com,https://linkedin.com/company/american-fire-protection-group-inc-
LCE5CJRLWPZ1,GIC LLC,,
LCF7Y8N7KML9,"PERFICIENT, INC.",,
LCFMJ26JHLX5,"MEYER TOOL & MANUFACTURING, INC.",https://www.mtm-inc.com/,https://linkedin.com/company/meyertoolmfg
LCLSJAGTNZQ7,UNIVERSITY OF WISCONSIN SYSTEM,https://rsp.wisc.edu/,
LCN9J8M61MH8,MISSION CONSULTING AND SERVICES LLC,www.mcsvet.com,https://linkedin.com/company/mission-consulting-and-services
LCNCK3DFQW57,MID-STATE AEROSPACE INC,http://www.midstateaerospace.com/index2.html,https://linkedin.com/company/mid-state-aerospace
LCPJM4RGJNZ6,WEBSTER SURGICAL SPECIALTY HOSPITAL LTD,,
LCRNGLEF8FJ4,POWER SOLUTIONS LLC,http://www.power-solutions.com,https://linkedin.com/company/power-solutions-llc
LCTLQ6E76UG3,JAMAICA BEARINGS CO. INC.,www.jamaicabearings.com,https://linkedin.com/company/jamaica-bearings-group
LCTQLYUCAA76,"SECURITY AND PRIVACY CONSULTING, LLC",,
LCU3K6Q9VDL7,WEBER AND SON'S INC.,,
LCV2N9FVV739,NORTHROP GRUMMAN SYSTEMS CORPORATION,http://www.northgrum.com,
LCV4NZXSEJV1,SFS CHEMICAL SAFETY INC,http://www.chemicalsafety.com,https://linkedin.com/company/chemical-safety-software
LCVNES4ZF9T6,LIFTING GEAR HIRE CORP,http://www.rentlgh.com,https://linkedin.com/company/lgh-us
LCWLY2VTJXB5,CUMMINS INC,www.cummins.com,https://linkedin.com/company/cummins-inc
LCXBLY6H7FV8,TERMA A/S,http://terma.com,https://linkedin.com/company/terma-a-s
LCZJWR81KX65,"NOVACES, LLC",http://www.novaces.com,https://linkedin.com/company/novaces
LD1MPMMCBWJ9,HAMILTON COMPANY,,
LD1MUDK61EX7,"XENICS, USA INC",https://www.xenics.com/,https://linkedin.com/company/xenics
LD6BV1THGVE7,"SALZBERG, PAUL D M.D.",,
LD8UDJB9JLU1,"WOOLPERT, INC.",http://www.woolpert.com,https://linkedin.com/company/woolpert
LD98S4LK2113,"INSIGHT PUBLIC SECTOR, INC.",http://www.insight.com,https://linkedin.com/company/insight
LDABU5U94GT9,"CATHOLIC CHARITIES OF THE DIOCESE OF OWENSBORO, INC",https://owensborodiocese.org,
LDCQFNF7X538,WESTMORELAND COUNTY COMMUNITY COLLEGE,,
LDF6QNTWFJN3,JREV ENTERPRISES LLC,www.jreventerprises.com,
LDHFABTGMA87,"MOTOR-SERVICES HUGO STAMP, INC",https://www.mshs.com/,
LDHSVVCN1GP4,SYNTHEX CONSULTING,,
LDHWAFWZURJ5,"VEROTIS, LLC",www.verotis.com,https://linkedin.com/company/verotis-llc
LDJ8YH4NXWU4,"UIC SCIENCE, LLC",https://uicalaska.com,https://linkedin.com/company/uic-commercial-services
LDJLP6NDGCD5,SEACAST INC,http://www.seacast.com,https://linkedin.com/company/seacast-inc-
LDK3MKML6HE3,ASPIS LLC,https://www.aspis.consulting,https://linkedin.com/company/aspis-llc
LDK8AEGNNKB5,CONSTRUCTION CO CORMAN KOKOSING,,
LDL9E5KHS8R8,"HITCHINER MANUFACTURING CO., INC.",www.hitchiner.com,https://linkedin.com/company/hitchiner-manufacturing
LDLCJJDT38D9,"NORMAN FILTER COMPANY, L.L.C.",https://www.normanfilters.com/,https://linkedin.com/company/normanfiltercompany
LDLCLBC7GFW7,"JEOL USA, INC.",http://www.jeolusa.com,https://linkedin.com/company/jeol
LDLXNETHA1M9,MIDLAND HARDWARE CO (INC),,
LDP9B8LHZLA3,"SCDATACOM, LLC",www.scdatacom.net,https://linkedin.com/company/scdatacom-llc
LDRMVDQH4FR9,ASOCIATIA NEW STRATEGY CENTER,,
LDVJEF7DYE41,"VULCAN GLOBAL MANUFACTURING SOLUTIONS, INC.",www.vulcangms.com,https://linkedin.com/company/vulcan-global-manufacturing-solutions
LDXFGGCL9U79,"S.P. CRAMER & ASSOCIATES, INC.",http://www.fishsciences.net,https://linkedin.com/company/cramer-fish-sciences
LDZ1LWAJPP15,LUMITRON CORP.,http://www.lumitron.com,https://linkedin.com/company/lumitron-aerospace-lighting-components
LDZLUVBL2WM5,"HUBER+SUHNER ASTROLAB, INC.",www.hubersuhner.com,https://linkedin.com/company/hubersuhner
LE1FC1ZFRMV5,AGILE CALIBRATION LLC,www.agilecalibration.com,https://linkedin.com/company/agile-calibration
LE1MCXJEQGK8,"MEF ASSOCIATES, LLC",mefassociates.com,https://linkedin.com/company/mef-associates
LE2EVXCM13U5,PARSONS GOVERNMENT SERVICES INC.,www.parsons.com,https://linkedin.com/company/parsons
LE55MMVHJXF6,KONECRANES INC,www.konecranes.com,https://linkedin.com/company/konecranes
LE5SLJAL1GA1,USEFUL STAFFING INC,www.usefulstaffing.com,https://linkedin.com/company/useful-staffing-inc
LE72FV39BS31,INTERLOC SOLUTIONS INC,http://www.interlocsolutions.com,https://linkedin.com/company/interloc-solutions
LE92TU2SHBL9,"METGLAS, INC",http://www.metglas.com,https://linkedin.com/company/metglas-inc-
LE96LJ6K2394,"ARS MECHANICAL, LLC",,
LEB2KZM29HE1,NORTHEAST ELECTRONICS CORP,www.northeast.com,https://linkedin.com/company/northeast-electronics-corp
LEBYGUQX4297,SOFWARE LLC,https://sofwarellc.com,https://linkedin.com/company/sofwarellc
LECJQDCLHVE5,HEALTH SERVICES KENTUCKY CABINET FOR,,
LECJUM4A7AB1,CROWN POINT TECHNOLOGIES LLC,www.crownpoint.tech,https://linkedin.com/company/crown-point-technologies
LEDETL9M9PE9,QCOMM NETWORK SERVICES,http://www.qcommns.com/,
LEDQU4AJK841,BAE SYSTEMS INFORMATION & ELECTRONIC SYSTEMS INTEGRATION INC.,https://www.baesystems.com,https://linkedin.com/company/bae-systems
LEE4DELUARN1,"COLVILLE, INC.",http://www.colvilleinc.com,https://linkedin.com/company/colville-inc
LEEMJD9WKDC9,"EA ENGINEERING, SCIENCE, AND TECHNOLOGY, INC., PBC",http://www.eaest.com,https://linkedin.com/company/eaest-pbc
LEENH1ZGWYR4,"CARBON BY DESIGN, LLC",https://www.carbonbydesign.com,https://linkedin.com/company/carbon-by-design
LEHSN1CSKMD9,YELLOWSTONE ELECTRIC CO,https://www.yecomt.com,
LEJAE6AKLFN8,MICK RICH CONTRACTORS INC,http://www.mickrichcontractors.com/,https://linkedin.com/company/mick-rich-contractors-inc
LEJKPLXHSHK6,MPB CORPORATION,,
LEJMW15GDN58,PARKER-HANNIFIN CORPORATION,http://www.parker.com,https://linkedin.com/company/parker-hannifin
LEK5F7HFCJL3,OYO CORPORATION,https://www.oyo.co.jp/english/,https://linkedin.com/company/oyocorporation
LEKLKCFKZ2Q5,UNIVERSAL AVIONICS SYSTEMS CORP,www.universalavionics.com,
LEL4M2JHCDA9,"SHB TECHNOLOGY, INC.",www.xemplifyit.com,https://linkedin.com/company/xemplifyit
LELFX61JQLA4,"WEST COAST IRON, INC.",www.westcoastiron.com,
LELKBMKKMWN4,HUDSON VALLEY COMMUNITY COLLEGE,www.hvcc.edu,https://linkedin.com/company/hudson-valley-community-college
LEMLXG994AU3,NORTHROP GRUMMAN SYSTEMS CORPORATION,http://www.northropgrumman.com,https://linkedin.com/company/northrop-grumman-corporation
LEN5E5QLKCP3,AZAAR SOLUTIONS LLC,www.Azaarsolutions.com,
LENTM1A5L2W3,PIE SCIENTIFIC LLC,https://www.piescientific.com,https://linkedin.com/company/pie-scientific
LENYC8LBF2B7,"QBASE, LLC",https://gotyto.com/,https://linkedin.com/company/gotyto
LEPBQQF94NC5,"GOVERNMENT NETWORK SOLUTIONS, INC.",http://www.govtnetworksolutions.com,https://linkedin.com/company/government-network-solutions-inc.
LES5MMLX3PZ8,THE ARCHIE CORPORATION LLC,https://www.archiesupply.com/,
LESTCKHHNLR1,ORION DEMOLITION & ENVIRONMENTAL SERVICES LLC,www.oriondes.com,https://linkedin.com/company/orion-demolition-&-environmental-services-llc
LEUHGCEG1SY5,PROWESS CONSULTING LLC,http://www.prowessconsulting.com,
LEVBJR3U3625,"TUCKER-REEVES ASSOCIATES, LLC",www.trallc.com,
LF1AFRSGZVN7,"A. J. LABOURDETTE, INC.",http://www.ajlabourdetteinc.com/,
LF1VD5E8KPX5,MERSEN USA GS CORP.,www.mersen.com,https://linkedin.com/company/mersen
LF23WM7DLE73,"ARCHITECTURAL STONE IMPORTS, INC.",,
LF2CQ7H46JD1,"BUILDING AUTOMATION SERVICES, INC",www.bas-inc.net,
LF2YHEHNTFM7,INTEGRISYS LLC,www.integrisysllc.com,https://linkedin.com/company/integrisys-llc
LF37G4PEJNL3,GMA ELECTRICAL CORP.,,
LF3FGKK9N741,ACCOUNTSPRO INC,www.accountspro.com,https://linkedin.com/company/accountsproinc
LF67R756T3N2,"WALDEN'S MACHINE, LLC",http://www.pccairframe.com/,
LF6PC5BF9RE3,"RP SUPPORT AMERICA, INC",https://rpamerica.us/,https://linkedin.com/company/rp-support-america-inc-
LF8EVQ9QJWJ3,"DIVISION 9, INC.",www.d9projects.com,
LFAJVDJB11J6,KINSHASA SCHOOL OF PUBLIC HEALTH,,
LFB3FJJLNKU4,"SHUMAN CONSULTING GROUP, LLC",http://www.shumangroupllc.com,https://linkedin.com/company/shuman-consulting-group-llc
LFBUZRAJ28H2,"SUNRISE INSTRUMENTS, L.L.C.",,
LFCASHFUKGW4,"GARRISON TECHNOLOGY GROUP, INC.",https://www.garrisontech.group,https://linkedin.com/company/garrison-technology-group-inc
LFCFEHGKRD45,"BRULIN HOLDING COMPANY, INC",www.brulin.com,https://linkedin.com/company/brulin-&-company-inc-
LFCHHNME8VB5,SUYOG LLC,,
LFCNMLT8W196,"5-D SYSTEMS, INC.",http://www.kratosdefense.com,https://linkedin.com/company/kratos-defense-and-security-solutions
LFEJER34NQU6,"TRELLIS BIOSCIENCE, INC.",,
LFFCA3FNJZ23,THE ADVOCATES FOR HUMAN RIGHTS,https://www.theadvocatesforhumanrights.org/,https://linkedin.com/company/the-advocates-for-human-rights
LFFWW3H7L8C4,"UNITED PERFORMANCE METALS, LLC",http://www.upmet.com,https://linkedin.com/company/united-performance-metals
LFJMLSR5HRH8,"PRO PALLET, LLC",,
LFM7NC3E3FV9,"EPLUS TECHNOLOGY, INC.",http://www.eplus.com,https://linkedin.com/company/eplus-technology
LFMQE3UEP1S7,LASERMET INC,www.lasermet.com,https://linkedin.com/company/lasermetsafetysolutions
LFN2ND9H69T1,PARASOFT CORPORATION,www.parasoft.com,https://linkedin.com/company/parasoft
LFPHTGS19AM9,SOLAR STATES LLC,http://www.solar-states.com,https://linkedin.com/company/solar-states-llc
LFQ5VN79DSK7,"INGERSOLL-RAND INDUSTRIAL U.S., INC.",https://www.ingersollrand.com/en-us/,
LFRQJ3LBY6K9,"A. BLAIR POWELL COMPANY, INC.",,
LFRZKG8HQLK4,DPV-TECH INC,www.seacraftdpv.com,
LFTHCJVJHBE6,ATELIER 21 INTERNATIONAL,Atelier21intl.com,
LFTKKATWEVK9,"SYSTEMS BUILDING ENVELOPE CONSULTANTS, LTD.",http://www.airbarrierconsultants.com,https://linkedin.com/company/systemsbuildingenvelopeconsultantsltd
LFVJABJDQVZ9,"W. & O. SUPPLY, INC.",http://www.wosupply.com,
LFXNEYDJCZU7,"L3 TECHNOLOGIES, INC.",http://www.L3Harris.com,https://linkedin.com/company/l3harris-technologies
LFYWCVQ72DB4,ACTIVE POWER INC,www.activepower.com,https://linkedin.com/company/active-power
LG1KACNQ5TH4,ACCELERATED SOLUTIONS ENTERPRISE LLC,www.avantiqor.com,https://linkedin.com/company/avantiqor
LG1NQXVCYMB4,HARCOSEMCO LLC,https://harcosemco.com,https://linkedin.com/company/harco
LG45V8Z879C8,SOUTHERN PIPE & SUPPLY COMPANY INC,,
LG4AXJ2HMHN3,CHUGACH TECHNICAL SOLUTIONS LLC,chugachgov.com,https://linkedin.com/company/chugachgov
LG51NVGWNPK5,MID-ATLANTIC MARINE CLEANING LLC,marinecleaning.com,https://linkedin.com/company/washington-marine-cleaning
LG5EUCKVCKX7,"ACCESS FLOOR SPECIALISTS, LLC",,
LG69HG1JWAW3,SHAREKAT ALROYAA ALJADEDAH LLMOQAWALAT,,
LG6WVXVEEJN3,"L3 TECHNOLOGIES, INC.",,
LG7PD2K367B9,"ROGERS SURVEYING, PLLC",http://www.rogerssurveying.net,https://linkedin.com/company/rogers-surveying-pllc
LG7SDLNKUQ27,TRANSOURCE SERVICES CORP.,WWW.TRANSOURCE.COM,https://linkedin.com/company/transource-computers
LG8PRS9MR697,SFC VALVE CORPORATION,http://www.globalsfc.com,https://linkedin.com/company/global-sfc-valve-corporation
LG9JQ2KELQY4,"RALPH A. FELICE, INC.",http://www.pyrometry.com/,
LGADEPMMUNH8,CAMBRIDGE VACUUM ENGINEERING INC,camvaceng.com,https://linkedin.com/company/camvaceng
LGBHL2G4SWR6,"MAVERICK CONSTRUCTORS, LLC",www.maverickconstructors.com,https://linkedin.com/company/maverick-constructors-llc
LGDAQ5VAM6T3,"SOUTHERN PIPE & SUPPLY COMPANY, INC.",https://www.southernpipe.com/,https://linkedin.com/company/southern-pipe-&-supply-co-
LGE9Z9J6H921,SINGULARITY SECURITY GROUP LLC,https://singularitysecuritygroup.com/,https://linkedin.com/company/singularity-security-group-llc
LGEFMM39NGN4,ANIXTER INC,http://www.wesco.com,https://linkedin.com/company/wesco.corp
LGEKVT294JF9,"STRACON SERVICES GROUP, LLC",http://www.stracongroup.com,https://linkedin.com/company/stracon
LGGFBF8YVA71,"INFORMATION MANAGEMENT SERVICES, INC.",http://www.imsweb.com,https://linkedin.com/company/information-management-services-inc.
LGJDJHKMG9J9,"FUTUREPLUS SYSTEMS, LLC",http://www.futureplus.com,https://linkedin.com/company/futureplus-systems-corporation
LGL5G33FJ6D5,"COMMAND TECHNOLOGY, INC",https://https://commandtech.net/,
LGLQNBR6SC46,OLIVE GROUP FZ-LLC,http://www.olivegroup.com,https://linkedin.com/company/olive-group
LGM4LM5ZR9K9,LUNA INNOVATIONS INCORPORATED,http://www.lunainc.com/,
LGMFFHJ28878,SENSORS UNLIMITED INC,http://www.rtx.com,https://linkedin.com/company/raytheontechnologies
LGQKASNDDEV8,GHOST BEAR CONTRACTING INCORPORATED,,
LGRAV9DLD7D4,"ANAREN, INC.",https://www.ttm.com,https://linkedin.com/company/ttmtechnologies
LGS3MNC7YHK5,PROPIO LS LLC,http://www.Propio.com,
LGSTAN2UUYX5,"F & R SALES, INC.",,
LGWADGN4K989,"TOPPER INDUSTRIES 1, LLC",www.topperfloats.com,https://linkedin.com/company/topper-industries
LGXXE8T6ECL8,GENERAL ELECTRIC COMPANY,https://www.colibriumadditive.com/,https://linkedin.com/company/colibrium-additive
LGZZAVKDZLA9,CADENCE COALITION LLC,www.cadencecoalition.com,https://linkedin.com/company/cadence-coalition-llc
LH3BHY4L4CH1,"BARGE DESIGN SOLUTIONS, INC.",www.bargedesign.com,https://linkedin.com/company/barge-design-solutions-inc
LH3VLMG8ESF3,DELOITTE T&T PTY LTD,,
LH4AWKM864E3,"A & S PLUMBING, INC",,
LH4AY7G9Q3F1,NCS CORPORATION,www.ncsc.com,
LH4WEJ8F6YR1,NOVOTEC SOLUTIONS L.L.C.,https://www.novotec-solutions.com,https://linkedin.com/company/novotec-solutions-l.l.c.
LH54NFMEJW46,FLOWORKS USA LP,https://www.flotechinc.com,https://linkedin.com/company/flotech-inc-
LH5CCWYNPVA6,"ADVANCED WASTE MANAGEMENT SYSTEMS, INC.",https://www.awm.net,https://linkedin.com/company/awminc-tn
LH5MMYN9A669,VANTOR SERVICES INC.,http://www.vantor.com,https://linkedin.com/company/vantortech
LH6ZUKMN6D91,"ATKINSON AERONAUTICS & TECHNOLOGY, INC.",http://www.ataero.com,https://linkedin.com/company/ataero
LH74ETAQMSP1,TALKWALKER INC.,www.talkwalker.com,https://linkedin.com/company/talkwalker
LH85JS3X34N7,"BAY ENGINEERING INNOVATIONS, INC.",http://www.bayengineering.org/,https://linkedin.com/company/bay-engineering-innovations-inc.
LH85MKKML8N1,"ELECTRO-MATIC PRODUCTS, INC.",http://www.electro-matic.com,https://linkedin.com/company/electro-matic-products-inc.
LH8MUSNB3SF1,EMS THIN METAL PARTS LLC,http://www.thinmetalparts.com,https://linkedin.com/company/thin-metal-parts
LH8RF2CKLWK5,TEXTRON AVIATION INC,,
LH9EWU9T7B18,CONTROP USA INC,www.contropusa.com,https://linkedin.com/company/contropusa-inc
LHA1QKKRPFA8,"LEONARDO TECHNOLOGIES, INC.",https://lti-global.consulting/,
LHAYXFMSEJ15,CATCH FEDERAL LLC,www.catchfederal.com,https://linkedin.com/company/catch-federal
LHAZLBBNSG45,"SV PROBE, INC.",www.nidecsvprobe.com,
LHB1FZYGD6L1,KAMAN AEROSPACE CORPORATION,https://www.kaman.com,https://linkedin.com/company/kaman-aerospace
LHB5HBX3LSA5,"GLOBAL EFFECTS, INC",www.globaleffects.com,https://linkedin.com/company/global-effects-inc.
LHBELEQJY9E8,"ELECTRIC SOLUTIONS UNLIMITED, LLC",,
LHC1JPEJLXR8,GREEN HILLS SOFTWARE LLC,,
LHDMTJB782N4,BV TECH INC.,https://www.bvtechinc.com,https://linkedin.com/company/bvtechinc
LHEGJPH7HCZ9,MAPPA INC,http://www.mappatestlab.com,https://linkedin.com/company/mappa-inc
LHELBGGV3YS7,SPYGLASS TECHNOLOGIES LLC,,
LHFJNAS7JJ42,"PAGE SOUTHERLAND PAGE, INC.",www.pagethink.com,https://linkedin.com/company/psp
LHJXGQ2L9PB8,"BUILT ENVIRONMENTAL SYSTEMS TESTING, LLC",,
LHKHD6RMD8Y1,"COBEC, INC.",www.cobec.com,https://linkedin.com/company/cobec
LHKMHAW2MW15,"POWER SYSTEMS INCORPORATED DE MEXICO, S.A. DE C.V.",,
LHKUCXQZXF27,ARES CORPORATION,http://www.arescorporation.com,https://linkedin.com/company/ares-corporation
LHLNDS6TJMN9,KING BUSINESS INTERIORS INC,http://www.kbiinc.com,
LHM7L6MMJMA6,INTERFACE AMERICAS INC,https://www.interface.com,https://linkedin.com/company/interface
LHMFPCJQJKF3,"DYE PRECISION CNC, INC.",WWW.DYECNC.COM,
LHP7CP4L69X6,RELIANCE STEEL & ALUMINUM CO.,http://www.bralco.com,
LHQUPLM1X877,ARCHETYPE CONSULTING INC,https://archetypeconsulting.com/,https://linkedin.com/company/archetypeconsulting
LHZRME5MGXR4,AVNET INC.,http://www.avnet.com,https://linkedin.com/company/avnet
LJ16THMB2NM3,ALPHA COMMUNICATIONS SERVICES LLC,www.alphacommsvcs.com,
LJ18VFF9JC16,TACTICAL AIR SUPPORT INC,http://www.tacticalairsupport.com,https://linkedin.com/company/tactical-air-support-inc-
LJ42WKFVTJ61,"LARSON AUTOMATION, INC.",www.LarsonAutomation.com,https://linkedin.com/company/larson-automation
LJ5FWGZKPZX8,"GLOBAL PLANNING INITIATIVES, LLC",www.gpi-llc.com,https://linkedin.com/company/global-planning-initiatives---gpi
LJ68J1MQ3MV7,"SPIRE GLOBAL SUBSIDIARY, INC.",http://spire.com,https://linkedin.com/company/spireglobal
LJ6HMGMJQ1V8,MILLBROOK INDUSTRIES LIMITED,www.millbrookindustries.co.uk,https://linkedin.com/company/millbrook-industries-ltd
LJ73YR2SK5J1,"HORSTMAN CANADA, INC.",,
LJ79RXRGJGU3,MACCOR INC,www.maccor.com,https://linkedin.com/company/maccor-inc-
LJ7PD7MFNYH7,"MILITARY OPERATIONS RESEARCH SOCIETY, INC.",www.mors.org,https://linkedin.com/company/morsanalytics
LJ8EVFE8SB55,WEBMD HEALTH CORP.,https://www.webmd.com/corporate/default.htm,https://linkedin.com/company/webmd
LJ8VBE2F7635,RED SEA HOUSING SERVICES COMPANY FZE,,
LJBXV5VF2BT9,SAN JOSE STATE UNIVERSITY RESEARCH FOUNDATION,http://www.sjsu.edu/researchfoundation/,https://linkedin.com/company/san-jose-state-university
LJCBYE2QNN33,"3E NDT, LLC",www.3endt.com,https://linkedin.com/company/3e-ndt-llc
LJCHK5JDKEX8,"TRU-HITCH, INC.",www.truhitch.com,https://linkedin.com/company/tru-hitch-inc.
LJCSMLKU1MR5,"GENERAL MICRO SYSTEMS, INC",www.gms4sbc.com,https://linkedin.com/company/general-micro-systems
LJDYMQACQ837,"STRATASYS, INC",http://www.stratasys.com,https://linkedin.com/company/stratasys
LJEJQNV5WRZ5,METROPOLITAN FENCE CO,metropolitanfenceco.com,
LJEZN1DB7585,SMARTUQ LLC,www.smartuq.com,https://linkedin.com/company/smartuq
LJF8NU5TDQ78,"PROTEGRITY USA, INC",http://www.protegrity.com,https://linkedin.com/company/protegrity
LJFPEG8D8ZC8,FP&C CONSULTANTS KC LLC,http://www.fpc-consultants.com/,https://linkedin.com/company/fpc-consultants-kc
LJG9CRRKNEV5,CORTEST INC,www.cortest.com,https://linkedin.com/company/cortest
LJH7EQHQAK35,AGM CONTAINER CONTROLS INC,http://www.agmcontainergov.com,
LJH7LE9AUHL5,LITRON LABORATORIES LTD,http://www.LitronLabs.com,https://linkedin.com/company/litron-laboratories-ltd
LJJJWQUWATF5,WESTWAY SERVICES GROUP LLC,,
LJK7KNGK3535,"COOPER POWER SYSTEMS, INC.",,
LJKFXSLLKL31,"B & W CONTRACTORS, INC.",,
LJLZRNS9DYC6,ANIXTER INC.,http://www.anixter.com/,https://linkedin.com/company/anixter
LJM9JG2XFBD6,DENTON VACUUM L.L.C.,http://www.dentonvacuum.com,https://linkedin.com/company/denton-vacuum
LJN1HL9AZ5P3,INTEGRA BIOSCIENCES CORP.,http://integra-biosciences.com/sites/us/index.html,https://linkedin.com/company/integra-biosciences
LJNAJVPB3MW1,"L3HARRIS GLOBAL COMMUNICATIONS, INC.",www.l3harris.com,https://linkedin.com/company/l3harris-technologies
LJRMPVMAPHH4,RESILINC CORPORATION,http://www.resilinc.com,https://linkedin.com/company/resilinc
LJWBCKDBUJJ8,AMVI SOFTWARE INC,www.amvii.com,https://linkedin.com/company/amvi-software-inc
LJX2YHDNMDA1,TELAFORCE LLC,www.titantechnologies.com,https://linkedin.com/company/titantechnologiesllc
LJXMD6WRZJA5,ACCU-TECH CORPORATION,https://www.accu-tech.com,https://linkedin.com/company/accu-tech-corporation
LJZ8SBUM9NM5,AD HOC LLC,http://adhocteam.us,https://linkedin.com/company/ad-hoc-llc
LJZRP7SE5LN4,STRATEGIC COMMUNICATIONS LLC,www.yourstrategic.com,https://linkedin.com/company/strategic-communications
LJZTDJWPG431,"STEAMPUNK, INC.",http://www.steampunk.com,https://linkedin.com/company/steampunk-inc
LK2AE8SCL5R3,ENERCON FEDERAL SERVICES INC,http://www.enercon.com,https://linkedin.com/company/enercon-services
LK42U7KJQKW4,"J. F. BRENNAN COMPANY, INC.",http://www.jfbrennan.com,https://linkedin.com/company/j-f-brennan-company-inc
LK4VV63MZKN6,"DHI GROUP LIMITED, LLC",https://www.dhitelecom.com,
LK81UJ7YHDA5,CROWNOX L.L.C-FZ,,
LKA8YVF6VMH3,EPOST GLOBAL LLC,epostglobalshipping.com,https://linkedin.com/company/epost-global-llc
LKAAJG8KK4U1,RELX INC.,http://www.lexisnexis.com/,https://linkedin.com/company/lexisnexis-risk-solutions
LKAKJBZKMJ22,AERO TEC LABORATORIES INC,http://www.atlinc.com,https://linkedin.com/company/aero-tec-laboratories-inc
LKAMGE5SDLM8,"ROLL-OFFS OF AMERICA, INC.",https://rolloffs.net/,https://linkedin.com/company/roll-offs-usa-inc.
LKBKD8TRFMM6,"SYNERGY AMERICA, INC.",http://www.synergyamerica.com,https://linkedin.com/company/synergy-america
LKCMZV88GLH8,"ALLIED DOOR & HARDWARE COMPANY, INC.",www.allieddoors.com,https://linkedin.com/company/allied-door-&-hardware
LKD8PRK7MHG2,THE PARTICIPATION COMPANY LLC,https://theparticipationcompany.com/,https://linkedin.com/company/participation-company
LKDKNKF56SS8,SECURADYNE SYSTEMS INTERMEDIATE LLC,www.aus.com,https://linkedin.com/company/allied-universal
LKDNCUGAVEN5,M-CON STRATEGIC SOLUTIONS LLC,http://mconsolutions.com/,https://linkedin.com/company/mconsolutions
LKF5V7KM5FZ4,"SOUTHEASTERN UNIVERSITIES RESEARCH ASSOCIATION, INC.",http://www.sura.org,https://linkedin.com/company/southeastern-univ's-research-ass'n
LKFECL9K7KC5,TOTAL MACHINE LLC,https://totalmachineva.com/,https://linkedin.com/company/total-machine-llc
LKGHQ43K4CP3,SOUTHERN CALIFORNIA COASTAL WATER RESEARCH PROJECT AUTHORITY,http://www.sccwrp.org,https://linkedin.com/company/southern-california-coastal-water-research-project
LKHAV5YRW3L9,"SKOOKUM ENTERPRISES, LLC",https://tessera.org/,https://linkedin.com/company/tessera-works
LKHCS8SB6S26,WINDWARD US INC.,https://windward.ai/,https://linkedin.com/company/windward-ltd-
LKHGD25CMJW9,NO AIDS TASK FORCE,http://www.crescentcare.org,https://linkedin.com/company/crescentcare
LKKDGB3D2WY5,STRUCTURAL COMPOSITES INDUSTRIES LLC,https://www.luxfercylinders.com/,https://linkedin.com/company/luxfer
LKKEH1KRWDP3,"RHINO ROOFERS AND CONSTRUCTION, LLC",,
LKLRG3G7VSK5,SAFEGUARD U.S. INC,,
LKLZFAJWWLU5,QMULOS LLC,www.qmulos.com,https://linkedin.com/company/qmulos
LKM2NPNNH2U3,DRAKE HOLDINGS (DPS SKIS) INC,dpsskis.com,https://linkedin.com/company/dpsskis
LKMDTGQ6T135,"ONTERRIS RESPONSE AND RECOVERY, LLC",http://www.cteh.com,https://linkedin.com/company/cteh-llc
LKMNACGTQ3S7,"STONCOR GROUP, INC.",,
LKMNVLDJ7JS5,PARRA CONSULTING GROUP INC,http://www.parrainc.com,https://linkedin.com/company/parra-consulting-group-inc-
LKMPWR8ELBG8,"OCEAN AERO, INC.",www.oceanaero.com,https://linkedin.com/company/ocean-aero-inc
LKNDJQ3KGBP3,PHOTO-COMMUNICATIONS INC,http://www.pcigraphics.com,https://linkedin.com/company/pci-graphics
LKP2BA975RY5,"MILLIMETER WAVE PRODUCTS, INC",www.miwv.com,https://linkedin.com/company/millimeter-wave-products-inc-
LKP5AMKTTYF8,AUTECH CORPORATION,,
LKP9KEH2HDM8,"BUILDER SERVICES GROUP, INC.",https://www.truteam.com/,https://linkedin.com/company/truteam
LKPPLG4LZTS6,GEO-SOLUTIONS INC,https://www.geo-solutions.com,https://linkedin.com/company/geo-solutions-inc.
LKTBLK9RBZ53,JACOBS ENGINEERING GROUP INC.,http://www.jacobs.com,https://linkedin.com/company/jacobs
LKTDCXGM9FY1,PRIMARY KEY SOLUTIONS LLC,,
LKTJT6AMQHM4,PRUDENT TECHNOLOGY LLC,www.prudenttechnology.com,https://linkedin.com/company/prudent-technology-llc
LKTMC5EMFHC4,RESOURCE TRAINING INSTITUTE,http://www.rtii.org,https://linkedin.com/company/resource-training-institute
LKTNULLR6FL6,JSI RESEARCH & TRAINING INSTITUTE INC,https://www.jsi.org/,
LKU7VRENKLB5,KA-COMM INC,www.ka-comminc.com,https://linkedin.com/company/ka-comm.-inc
LKUUXBFDZZT2,"DANIEL B STEPHENS & ASSOCIATES, INC.",http://www.dbstephens.com,https://linkedin.com/company/daniel-b.-stephens-&-associates-inc
LKWDG1C64616,ECMI-CBCP INC.,,
LKXHMX1K3AC5,NATIONAL INSTRUMENTS CORP,http://www.ni.com/,https://linkedin.com/company/niglobal
LKYAT161BXM9,FLOAT-ON CORP,http://www.floaton.com,https://linkedin.com/company/float-on-corp
LKYTTJ1T8C93,EVERTZ MICROSYSTEMS LIMITED,www.evertz.com,https://linkedin.com/company/evertz
LKYYTJWKTW94,ONCORE MANUFACTURING LLC,http://www.neotech.com,https://linkedin.com/company/neo-technology-solutions
LKZBV7J7KC31,"FALCON AEROSPACE, INC.",http://www.falconaerospace.com,https://linkedin.com/company/falcon-aerospace
LL15D6XUN6E9,"TITANIA SOLUTIONS GROUP, INC.",www.titaniasolutionsgroup.com,https://linkedin.com/company/titania-solutions-group-inc-
LL1DFMKAE8H6,CUSTOM SYSTEMS INTEGRATION INC,http://www.customsi.com,https://linkedin.com/company/custom-systems-integration
LL1FS1CEQXW7,"ERIAS VENTURES, LLC",https://www.eriasventures.com,https://linkedin.com/company/eriasventures
LL27JGJWEKC5,"GREGG DRILLING, LLC",www.greggdrilling.com,https://linkedin.com/company/gregg-drilling-llc
LL2YX4BKQSS3,"GENERAL DYNAMICS SATCOM TECHNOLOGIES, INC.",http://www.gdmissionsystems.com,https://linkedin.com/company/gdms
LL39ML7RHA63,"SPECTRUM ASSOCIATES, INC.",,
LL4FM8FTPJ89,VYAIRE MEDICAL INC,vyaire.com,https://linkedin.com/company/vyaire-medical
LL4RNMWLKMQ8,CPS IT SOLUTIONS LLC,http://www.cpscorp.com,https://linkedin.com/company/complete-professional-services-llc-cps-
LL5NXL6NART6,HENDRICKSON FIRE & RESCUE EQUIPMENT INC,,
LL65GABFFM71,SUPERIOR JIG INC,https://www.superiorjiginc.com,https://linkedin.com/company/superior-jig-inc-
LL6JRXWRMH28,HOLZWORTH INSTRUMENTATION INC.,www.maurymw.com,https://linkedin.com/company/maury-microwave
LL6UWNMNJFK8,MACHINE DYNAMICS INC,HTTPS://WWW.MACHINEDYN.COM,https://linkedin.com/company/machine-dynamics-inc.
LL8GLEVH6MG3,UNIVERSITY OF UTAH,http://www.osp.utah.edu,https://linkedin.com/company/office-of-sponsored-projects
LL8HTS9MHD53,UNIVERSIDAD RAFAEL LANDIVAR,,
LL8SH4DDJSK6,"AEVEX AEROSPACE, LLC",www.aevex.com,https://linkedin.com/company/aevex-aerospace
LL96MRNRBPS6,"ACI/BOLAND, INC.",aciboland.com,https://linkedin.com/company/aci-boland
LLAQM9AH88H6,"JJ DAL SUPPLY COMPANY, LLC",,
LLBKFS9ZSJM8,ACCESS ANVIL CORP,www.accessanvil.com,https://linkedin.com/company/access-anvil-corp
LLBMQKPVJLG5,"MEIER ENTERPRISES, INC.",www.meierinc.com,https://linkedin.com/company/meier-architecture-engineering
LLD2NLKEMVB3,CONQUEST TECHNOLOGY SERVICES LLC,www.bluevoyantgov.com,
LLD7H8NFYY61,KEYSTONE CENTER,http://www.keystone.org,https://linkedin.com/company/the-keystone-center
LLF3GEHTJMJ7,BAER GROUP LLC,http://www.baergroup.com,https://linkedin.com/company/the-baer-group
LLGKZX7ZMBN3,GENERAL ATOMICS INTERNATIONAL SERVICES CORP,http://www.cryotech.com,https://linkedin.com/company/cryotech-deicing-technology
LLGNJL3U1J53,"A.B. DENNING, INC.",,
LLGTYN8GH6K3,NSI-MI TECHNOLOGIES INC.,www.nsi-mi.com,https://linkedin.com/company/nsi-mitechnologies
LLJ7JKGLC5M3,PRESIDENT TITANIUM CO INC,www.presidenttitanium.com,https://linkedin.com/company/president-titanium-co.-inc.
LLJ8KT5QJNP9,"MORROW ENTERPRISES, INC",http://www.morrownm.com/index.html,https://linkedin.com/company/morrowenterprisesinc.
LLKKPN8DH598,NORTH WIND SITE SERVICES LLC,www.northwindgrp.com,https://linkedin.com/company/northwindgrp
LLMSCX34X9M6,TESCAN USA INC,http://www.tescan.com,https://linkedin.com/company/tescan-group
LLN8PEEPQNS3,"A3L FEDERAL WORKS,LLC",www.A3LFederalworks.com,https://linkedin.com/company/a3l-federal-works-llc-
LLNPJMXXCFP6,AFA PROTECTIVE SYSTEMS INC,http://www.afap.com,https://linkedin.com/company/afa-protective-systems-inc-
LLNXG14PXPB3,"CGS ADMINISTRATORS, LLC",https://www.cgsmedicare.com/,https://linkedin.com/company/cgs-administrators-llc
LLPZYPFR1M58,PACIFIC POWER GROUP LLC,,
LLQUTR9BDDN4,"ITS SOLUTIONS, INC",http://www.itssus.com,
LLR2EGJY7GC8,"PUMPS OF HOUSTON, INC.",http://www.Pumpsofhouston.com,https://linkedin.com/company/pumps-of-houston-inc
LLR9CKT1FUL1,SKY SOLUTIONS LLC,www.skysolutions.com,https://linkedin.com/company/sky-solutions-us
LLR9Z2A5ZG99,FLORIDA KEYS ELECTRIC INC,www.flkeyselectric.com,https://linkedin.com/company/florida-keys-electric-inc
LLREND6GJ4J7,"COMTECH SATELLITE NETWORK TECHNOLOGIES, INC",http://www.comtechefdata.com,https://linkedin.com/company/comtech-snt
LLRKLEZFPB16,STAR ASSET SECURITY LLC,http://www.securethinking.com,https://linkedin.com/company/starassetsecurity
LLT8HBR1PQ75,ID QUANTIQUE SA,www.idquantique.com,https://linkedin.com/company/id-quantique-sa
LLUWVGL272X8,THERN INC,http://www.thern.com,https://linkedin.com/company/thern-inc-
LLWLXEU6T563,WSP USA INC.,www.wsp.com/usa,https://linkedin.com/company/wsp
LLX3F6TKZVG1,SUMMIT TECHNOLOGIES & SOLUTIONS INC,http://www.summit-ts.com,https://linkedin.com/company/summit-technologies-&-solutions-inc-
LM2LQ8E6YFT3,THERMO ELECTRON KARLSRUHE GMBH,,
LM3MLGQVUKJ7,CONSTRUCTION SUPPORT SOLUTIONS LLC,http://www.constructionsupportsolutions.com,https://linkedin.com/company/construction-support-solutions
LM3WM6J6Z2L6,"ARAKELIAN ENTERPRISES, INC",www.athensservices.com,https://linkedin.com/company/athens-services
LM4NJSJ51TN8,HARGROVE & ASSOCIATES INC,https://www.hargrove-epc.com/,https://linkedin.com/company/hargrove-engineers-constructors
LM4WG1P9TML7,VOLUMATIC INC,http://www.volumatic-usa.com,https://linkedin.com/company/volumatic-inc-
LM6KZCMNE483,"MANUFACTURERS ASSOCIATION OF CENTRAL NEW YORK, INC.",,
LM8QHE2FMCN7,"ROCKITEK, LLC",rockitek.com,https://linkedin.com/company/rockitek
LM8VH4JN4BQ4,KAFFENBARGER TRUCK EQUIPMENT CO.,,
LM95MLLMTKC4,SMS TESTING INC,,
LM9RWGBM1MF3,VALBIN CORPORATION,http://www.valbin.org,https://linkedin.com/company/valbin-corporation
LMB1NA2GUUL1,"GOVMOBILE, LLC",http://www.govmobile.com,https://linkedin.com/company/govmobile-llc-
LMBMELQ7S2Y6,"SIEMENS INDUSTRY, INC.",,
LMC3GMLLAWL1,TROVETECHS INC,,
LMCJKRFW5R81,THE RESEARCH FOUNDATION FOR THE STATE UNIVERSITY OF NEW YORK,https://www.rfsuny.org/,https://linkedin.com/company/rfsuny
LMD1YLJ92TL7,"ELECTRO-MECHANICAL, LLC",https://electro-mechanical.com,https://linkedin.com/company/electro-mechanical-corporation
LMDJNED2VUY1,JE SYSTEMS INC,www.je-systems.com,https://linkedin.com/company/je-systems-inc
LMEHVMQN3Q83,"ROBERT J. YOUNG COMPANY, LLC",WWW.RJYOUNG.COM,https://linkedin.com/company/rjyoung
LMF4NRUELVU5,THRUST AI LLC,www.thrustai.com,https://linkedin.com/company/thrust-ai
LMF7NPZN43Z6,FIRST RF CORPORATION,www.firstrf.com,https://linkedin.com/company/first-rf-corporation
LMFYS5RPMTY4,OMEGA MINDS LLC,www.OmegaMinds.com,https://linkedin.com/company/omega-minds
LMG7RJGU88Z8,"HEALTH CATALYST, INC",www.healthcatalyst.com,https://linkedin.com/company/healthcatalyst
LMHQY3226778,AMENTUM HOLDINGS LLC,WWW.AMENTUM.COM,https://linkedin.com/company/amentumcorp
LMK9YDN2RJM9,STILIAN ELECTRIC INC,stilian.com,https://linkedin.com/company/stilian-electric-inc
LMKJH8HV92N5,DIANA CONSULTING & SERVICES LLC,http://www.servicon-usa.com,https://linkedin.com/company/servicon-usa
LMLZLKAE5S93,"AVIATION BLADE SERVICES, INC.",www.absblade.com,https://linkedin.com/company/aviation-blade-services-inc
LMM3ZN7WSCE5,"CAPLUGS, INC.",http://www.caplugs.com,https://linkedin.com/company/caplugs
LMMCV5HXUV98,"CAJUN COMPANY, THE",www.cajunco.net,https://linkedin.com/company/cajun-company
LMNBAEDNAJ28,APPCAST INC,https://www.appcast.io/,https://linkedin.com/company/appcast-io
LMNFBUREAG22,CYBERVANCE INC.,http://www.cybervance.com,https://linkedin.com/company/cybervance
LMP3B53UEKL5,RED CLOUD SERVICES INC.,http://redcloudservices.com,
LMPNDTMGKXC4,AMERICAN INDIAN CONSULTING SERVICES INC,www.aics-solutions.com,https://linkedin.com/company/aics-solutions
LMQSGJM2N5Y5,"AMPHENOL CABLE AND INTERCONNECT TECHNOLOGIES, INC.",http://www.Micro-Coax.com,https://linkedin.com/company/microcoax
LMQTMHDCATH4,"AVNET, INC.",http://www.avnet.com,https://linkedin.com/company/avnet
LMR2MN2HZ8N1,VENTUREDYNE LTD,http://venturedyne.com/,https://linkedin.com/company/venturedyne-ltd.
LMRJYJRJY6M4,VANTOR INC.,http://www.maxar.com,https://linkedin.com/company/maxar-technologies-ltd
LMSQKMNVELM9,"RESILIENT SOLUTIONS 21, INC.",rs21.io,https://linkedin.com/company/resilient-solutions-21
LMUHKN5QX483,"ASSA ABLOY SPECIALTY DOORS, LLC",https://norshield.net,https://linkedin.com/company/norshield-security-products-llc
LMV1FKPF2PS6,ASPEN CONSULTING GROUP INC,http://www.aspenconsultinggroup.com,https://linkedin.com/company/aspen-consulting-group-inc-
LMVNQJN1J944,"THE ACI GROUP, INC.",http://www.aci.com,https://linkedin.com/company/acigroup
LMVRG535MYA3,BISCO INDUSTRIES INC,WWW.BISCOIND.COM,https://linkedin.com/company/bisco-industries
LMXKL6EGLBW4,ATHENA STRATEGIC DESIGN INC,,
LMYUK69TRW99,"AMPRIUS TECHNOLOGIES, INC.",https://amprius.com/,https://linkedin.com/company/amprius-inc
LN15PNYDDAD6,MAGNA-POWER ELECTRONICS INC,https://magna-power.com,https://linkedin.com/company/magna-power-electronics-inc-
LN1GGNXLTH57,"THORNTON TOMASETTI, INC.",https://www.thorntontomasetti.com/,https://linkedin.com/company/thornton-tomasetti
LN46BBJSG5N7,PFG PRECISION OPTICS INC,http://www.pfgoptics.com,https://linkedin.com/company/pfg-precision-optics-inc-
LN49JELTKNG4,"SOUTHERN TIRE MART, LLC",www.stmtires.com,https://linkedin.com/company/southerntiremart
LN4TCT1W5HZ5,WILDING ENGINEERING INC,,
LN53LCFJFL45,PRESIDENT AND FELLOWS OF HARVARD COLLEGE,,
LN5GFGXMLCA9,GLOBAL MONTELLO GROUP CORP,www.globalp.com,https://linkedin.com/company/global-companies-llc
LN6PCDTT73L1,RYAN CONSULTING GROUP INC,http://www.consultrcg.com,https://linkedin.com/company/ryan-consulting-group
LN7CVDYJJMB5,GOTAK LLC,https://getgotak.com/,https://linkedin.com/company/gotak
LN96DPZY5955,ISHPI INFORMATION TECHNOLOGIES INC.,http://www.ishpi.net,https://linkedin.com/company/ishpi-information-technologies-inc-
LN9DCH1ZNFY5,"AUGMENTED PARACHUTE SYSTEMS, LLC",,
LN9LKELZMT87,SGS CANADA INC.,www.sgs.ca,https://linkedin.com/company/sgs-canada-inc
LN9PU5M2YZN5,MISCELLANEOUS FOREIGN AWARDEES,,
LN9YKAX66918,KULITE SEMICONDUCTOR PRODUCTS INC,http://www.kulite.com,https://linkedin.com/company/kulite-semiconductor-products-inc-
LNA1C7TKSV56,"RIGIFLEX TECHNOLOGY, INC.",https://rigiflex.com,https://linkedin.com/company/rigiflex-technology-inc.
LNAYBSUBJN37,"ASR ANALYTICS, LLC",www.voyatek.com,https://linkedin.com/company/voyatek
LNBDA8UMECV7,"EUROFINS LANCASTER LABORATORIES ENVIRONMENT TESTING, LLC",www.lancasterlabs.com,https://linkedin.com/company/lancaster-laboratories
LNBQA45NJAN5,"BTS EQUIPMENT UNLIMITED, INC.",http://www.btsequipmentunlimited.com,https://linkedin.com/company/bts-equipment-unlimited-inc
LNC3XHNRDCR3,"HD HR CONSULTING SOLUTIONS, LLC",www.hdhrconsulting.com,
LNE8NDGHL8G5,"AUTONATION, INC.",,
LNEKFWS71TP8,JPG INFOTECH LLC,http://www.jpginfotech.com,
LNF3KNSAPWT3,"C. F. ROARK WELDING & ENGINEERING COMPANY, INCORPORATED",www.roarkfab.com,https://linkedin.com/company/sescrio
LNGHF5FNMS94,SPACE POWER ELECTRONICS INC,,
LNHNAG8F5974,GVT LLC,,
LNJFWZ41NN41,CONTAINER PRODUCTS CORPORATION,http://www.c-p-c.net,https://linkedin.com/company/container-products-corporation
LNKDGN7K5LB5,"SIEMENS INDUSTRY, INC.",www.siemens.com,https://linkedin.com/company/siemens
LNKNWYU61NB8,J. W. SPEAKER CORPORATION,www.jwspeaker.com,https://linkedin.com/company/jwspeaker
LNKVSJ3CX9L7,UNIVERSE ADVANCED BUSINESS SOLUTIONS,www.uabsco.com,
LNL1HNZ19C96,ENDICTUS CORP,https://www.endictus.com/,https://linkedin.com/company/endictus
LNL4QL6AG927,APOGEE LABS INC,http://www.apogeelabs.com,https://linkedin.com/company/apogee-labs-inc.
LNL6A61J47V7,"UNISTAR-SPARCO COMPUTERS, INC.",http://www.sparco.com,https://linkedin.com/company/unistar-sparco-computers
LNLAWQ9FG785,"TIGER MATERIAL HANDLING, INC.",http://www.tigermaterialhandling.com,https://linkedin.com/company/tiger-material-handling-inc.
LNMAEH493AN8,"PARK PLACE TECHNOLOGIES, LLC",http://www.parkplacetechnologies.com/,https://linkedin.com/company/park-place-technologies
LNMBMFMATCL1,THE METHODIST HOSPITAL,http://www.houstonmethodist.org,https://linkedin.com/company/houston-methodist
LNMNCBZS4RL5,THE MERAMEC GROUP INC,https://www.meramec.com,https://linkedin.com/company/meramec-group-inc.
LNN3EM81KSK6,EPLAN LLC,,
LNNBA84B2LL5,"TECH7 CONSULTING, LLC",www.tech7.us,https://linkedin.com/company/the-tech7-company
LNNGQB74FMP8,VL INFOTECH INC,www.vlinfotec.com,https://linkedin.com/company/vlinfotech
LNNKMC7W4VM5,ALTA DATA TECHNOLOGIES LLC,http://www.altadt.com,https://linkedin.com/company/alt-data-technologies
LNU5W4HZNL89,THE FIRST ELECTRONICS CORPORATION,www.feccables.com,https://linkedin.com/company/the-first-electronics-corporation
LNWMEFZ7JUV9,DIGITAL VIDEO GROUP INC,https://digitalvideogroup.com/,https://linkedin.com/company/digital-video-group
LNXNBUC1BWK9,HONEYWELL SECURITY AMERICAS LLC,https://www.honeywell.com/us/en,https://linkedin.com/company/honeywell
LNXWSPWCY1K5,CREATION TECHNOLOGIES IDAHO INC.,www.creationtech.com,https://linkedin.com/company/creation-technologies
LNZRL5H3F315,"SAFRAN POWER USA, LLC",https://www.safran-group.com/companies/safran-electrical-power,https://linkedin.com/company/safran
LP31RSQGKHK1,AIRBUS DEFENCE AND SPACE SAS,,
LP45MHNTVWP9,SMITH BROTHERS TOOL COMPANY,www.smithbrostool.com,https://linkedin.com/company/smith-bros-tool
LP58KKM2GJF8,CHUGACH INFORMATION TECHNOLOGY LLC,chugachgov.com,https://linkedin.com/company/chugachgov
LP6HE35N7C16,"ALLTEST INSTRUMENTS, INC.",http://www.alltest.net,https://linkedin.com/company/alltest-instruments-express-test-services
LP9KWTX7LFM9,"KING AEROSPACE COMMERCIAL CORPORATION, INC.",www.KingAerospace.com,https://linkedin.com/company/king-aerospace
LPANPM31AFZ1,"MANTECH MGS, INC.",http://www.mantech.com,https://linkedin.com/company/mantech
LPCKRG7HCGS3,HARPER ENGINEERING COMPANY,,
LPCMAK2KX1D3,WATKINS GOVERNMENT SERVICES LLC,www.watkinsgov.com,https://linkedin.com/company/watkins-government-services-llc-wgs-
LPELM16LTNB7,R M HEADLEE CO INC,,
LPGJBR9J8L39,GARAGE ROBERTO,,
LPJFHJEWBDH6,FURNITURE BARN INC,,
LPJJHLLGPLF3,FRONTGRADE COLORADO SPRINGS LLC,www.frontgrade.com,https://linkedin.com/company/frontgrade-technologies
LPLSG7JYB8X1,ALPHA-1 AEROSPACE LLC,http://www.alpha1aero.com,https://linkedin.com/company/alpha-1-aerospace
LPP2TPK3L3P8,"BRUNTON ENTERPRISES, INC.",,
LPPXNVLX3F73,"GLOBAL PUBLISHING SOLUTIONS, INC.",www.gpsl.co,https://linkedin.com/company/global-publishing-solutions-ltd
LPSGJWY5W7B7,KPFF INC,www.kpff.com,https://linkedin.com/company/kpff-consulting-engineers
LPWQEKMT2E26,"CAR-GRAPH, INC.",,
LPXBSUKKCUR1,GAME PLAN TECH LLC,https://www.gameplan.tech/,https://linkedin.com/company/gameplan-tech
LPYFLHTRV8Q3,"ANACONDA, INC",http://www.anaconda.com,https://linkedin.com/company/anacondainc
LQ1KQKWTLMB6,"SOUTHERN CROSS, LLC",www.rvukpik.com,
LQ23K1KXQ7T1,"IBIS PUBLIC SECTOR, INC.",https://ibispublicsector.com/,https://linkedin.com/company/isobar-public-sector
LQ48B9A9QJC8,EPOCH CONCEPTS LLC,www.epochconcepts.com,https://linkedin.com/company/epoch-concepts
LQ63H1KJGJL4,"SUMMIT FLEET MANAGEMENT, LLC",summitfleet.com,
LQ6MMGXLJCN9,ETD DIRECT SUPPLY LLC,https://www.etddirect.com,https://linkedin.com/company/etd-direct-supply
LQ6NVKL7LK78,TRI-STATE TECHNICAL SALES CORP,https://tristatetechnicalsales.com/,https://linkedin.com/company/tri-state-technical-sales
LQ74UBRLNBU7,SETIADI ARCHITECTS LLC,,
LQDYN64CP9L9,"IRVINE PIPELINE CO, INC",,
LQHSLPPM1NN5,"H2L SOLUTIONS, INC.",https://h2lsolutions.com/,https://linkedin.com/company/h2l-solutions
LQJ8L3UFTVX3,FREQUENCY ELECTRONICS INC,http://www.frequencyelectronics.com,
LQJFQ5ZH9BC3,TAKE2 CONSULTING LLC,www.take2it.com,https://linkedin.com/company/take2-consulting-llc
LQJKCX84CJB4,"CISCO SYSTEMS, INC.",WWW.CISCO.COM,https://linkedin.com/company/cisco
LQKHZZ6BHAB7,"TECHNOLOGY AND COMMUNICATIONS SYSTEMS, INC.",http://www.tecomsys.com,https://linkedin.com/company/technology-and-communication-systems-inc
LQP9KJ476CU4,PATHFINDER ASSOCIATES LLC,,
LQQXXF1QJZ35,V & A SOFTWARE SOLUTIONS INC,,
LQRKJK5AN8C1,"SPRINGS FABRICATION, LLC",https://springsfab.com/,https://linkedin.com/company/springs-fabrication
LQT7QZGERLM3,CJEN INC.,http://www.c-jen.com/,https://linkedin.com/company/cjen-inc
LQTJNBUD91Q3,"ATLANTIC COUNCIL OF THE UNITED STATES, INC. (THE)",http://www.AtlanticCouncil.org,https://linkedin.com/company/atlantic-council
LQTPJ828MML9,"TRILOGY LEASING CO., LLC",www.trilogyinnovations.com,https://linkedin.com/company/trilogy-innovations-div
LQU1FQEVCJP3,SOC POTEZ AERONAUTIQUE,,
LQU3FYHUCE28,"STRATUM RESERVOIR, LLC",stratumreservoir.com,https://linkedin.com/company/stratum-reservoir
LQUGM9H9ZLP3,"NAMPA VALLEY HELICOPTERS, INC.",www.nvhelicopters.com,https://linkedin.com/company/nampa-valley-helicopters
LQX5UGHJPP87,TIDAL BASIN FEDERAL LLC,https://www.tidalbasingroup.com/,https://linkedin.com/company/tidal-basin-group-inc-
LQXLRJ9V5Z75,HORIBA INSTRUMENTS INCORPORATED,http://www.horiba.com/scientific,https://linkedin.com/company/horiba
LR1FSD16HY35,CENTURY CORPORATION,,
LR2CZJ69YFV1,BRENK BROTHERS INC,https://www.brenkbrothers.com,https://linkedin.com/company/brenk-brothers-inc.
LR3SN1EPWZJ1,"MACTAGGART, SCOTT & CO. LTD",https://www.mactag.com/,https://linkedin.com/company/mactaggart-scott
LR4MJ682QS96,BONNEVILLE INDUSTRIAL SUPPLY CO,,
LR4UX9DFMB65,DIGITRACE MACHINE WORKS LTD,www.digitraceltd.com,https://linkedin.com/company/digitraceltd
LR6HEB6T5C69,TWILIO INC.,,
LR8MS4H7N2U5,"AUTOMATED PRECISION, INC.",http://www.apimetrology.com,
LR95K4ECQDE8,"VIRGINIA SYSTEMS AND TECHNOLOGY, INC.",www.altamiracorp.com,https://linkedin.com/company/altamira-corporation
LR9SPMKALV71,CUBIC DIGITAL INTELLIGENCE INC,www.cubic.com,https://linkedin.com/company/cubic
LRBSGK68KPM3,3 DELTA TRAINING PTY LTD,,
LRDJA82VTMQ6,INFAPRO CORPORATION,www.infapro.com,
LREFAL7NBAY5,GLOBAL COMMUNICATION SEMICONDUCTORS LLC,www.gcsincorp.com,https://linkedin.com/company/global-communication-semiconductors-inc.
LRFGVEGABLY9,ARCHESYS INC,https://www.archesys.io,https://linkedin.com/company/archesys-inc
LRHWXRFL6474,KAMAN AEROSPACE CORPORATION,www.kaman.com,https://linkedin.com/company/kaman-aerospace
LRJXSN2LK315,AHTNA GLOBAL LLC,http://ahtna-inc.com,
LRK8B1V21KJ3,DE LA SALLE UNIVERSITY INC,https://www.dlsu.edu.ph/,https://linkedin.com/company/de-la-salle-university
LRKDFMLDMTT7,"ABOUTWEB, LLC",http://www.aboutweb.com,https://linkedin.com/company/aboutweb
LRKKT96NKAV4,HAMSITEK LLC,www.hamsitek.com,https://linkedin.com/company/hamsitek-inc
LRLSNHHJYC95,FRED SHEARER & SONS INC.,www.fredshearer.com,
LRN9VLLCX9Y8,"INSIGNIA TECHNOLOGY SERVICES, LLC",http://www.insigniatechnology.com/,https://linkedin.com/company/insignia-technology
LRNNBRMU8CB7,"SMART LOGIC, INC",,
LRNPUBGWKNA1,PORT ELECTRONICS CORPORATION,http://www.PortElectronics.us,https://linkedin.com/company/port-electronics-corporation
LRP4NYB6CWG3,"ENS MICROWAVE, LLC",www.ensmicro.com,https://linkedin.com/company/ens-microwave-llc
LRPZRGS43GD4,MAVERICK SERVICES LLC,,
LRQPMCVWPTD5,"WIREMASTERS, INC.",www.wiremasters.com,
LRSWEFHVKC85,NET VISION CONSULTANTS INC,,
LRUMUHJRCT31,ART ANDERSON ASSOCIATES INC,http://www.artanderson.com/,https://linkedin.com/company/art-anderson-associates
LRVQERN7YNH9,NORTHROP GRUMMAN SYSTEMS CORPORATION,,
LRWBUJ6E6BF4,VINTAHOLDINGS LLC,http://www.baileycranes.com,https://linkedin.com/company/baileycranes
LRZCAC4Q7QE7,TCS ELECTRONICS INC,WWW.TCS-ELECTRONICS,
LS1GV42U2E46,INTRANSGLOBAL SERVICES LLC,,
LS6TQMKCUB44,"VERTEX AEROSPACE, LLC",www.vertexaerospace.com,https://linkedin.com/company/vertex-aerospace-llc
LS7QFSL3G4Q5,MCCORMICK STEVENSON LLC,http://www.mccst.com,https://linkedin.com/company/mccormick-stevenson-corporation
LS7WLM8JFW99,DEFINITIVE LOGIC CORPORATION,http://www.definitivelogic.com,https://linkedin.com/company/digital-transformation-consulting-dtd
LS86CKXMLPD5,"APPLIED INSIGHT, LLC",,
LS9FECEECDM3,HONEYWELL INTERNATIONAL INC.,http://www.honeywell.com,https://linkedin.com/company/honeywell
LS9MNZ513FW4,"INFINITE ELECTRONICS INTERNATIONAL, INC.",https://www.infiniteelectronics.com/,https://linkedin.com/company/infinite-electronics-inc.
LSA1SPDS7JE9,THE POWER CENTER INC,https://www.thepowercenter.com/,https://linkedin.com/company/the-power-center-inc.
LSA6TX2J8FS4,LMN CONSULTING INC,www.element-consulting.com,https://linkedin.com/company/element-consulting-group
LSBRCQWNQH81,LEA COUNTY SEPTIC TANK SERVICE,,
LSCBNPVNFSH2,COVALENT SOLUTIONS LLC,http://www.covalentsolutions.com,https://linkedin.com/company/covalent-solutions-llc
LSCJXT2RC6Z7,INSTITUTE FOR PSYCHOLOGICAL ADVANCEMENT LLC,www.ipa-kc.com,
LSCQW18EF4S9,"STUDSVIK, INC.",,
LSHPFDQDS1K5,FIRST PLACE SUPPLY INC,Firstplacesupply.com,https://linkedin.com/company/first-place-supply-inc.
LSK9SRA6FH34,"UNIVERSAL MODULAR, INC.",umodular.com,
LSKLRNLWSTM7,FMH MATERIAL HANDLING SOLUTIONS INC,WWW.FMHSOLUTIONS.COM,https://linkedin.com/company/fmh-material-handling-solutions
LSL2WQLEGQC7,"SHRADER TIRE AND OIL, INC",,
LSM2REKLL7W6,CHROMA SYSTEMS SOLUTIONS INC,https://www.chromausa.com,https://linkedin.com/company/chroma-systems-solutions-inc-
LSNTEMHR6MA5,"APEX ENGINEERING, LLC",www.apexengineering.net,https://linkedin.com/company/apexengineering-llc
LSPJQ3UY6EA8,"TIDEWATER TESTING SERVICES, INC.",,
LSQHP6HA9JV4,EMENDA USA INC,http://www.emenda.com,https://linkedin.com/company/emenda
LST4LMSQX6B6,"BUILD MANAGEMENT GROUP, LLC",https://buildmgmt.com/,
LSZJAWFLHJ15,SCIENTIFIC CONSULTING GROUP INC,www.scgcorp.com,https://linkedin.com/company/the-scientific-consulting-group-inc-
LSZQAA9MJ7J6,"C&C IRRADIATOR SERVICE, LLC",www.ccirradiator.com,
LT1AZYC3CXK5,"DIGNARI, LLC",www.ey.com,https://linkedin.com/company/ernstandyoung
LT23ZSFCJJ18,ZG-GEO LTD,,
LT2KN8DZV773,ZAJDA GROUP INC.,https://zajdagroup.com/,
LT4VFFPTHQL4,AEBEA,,
LT5RY4N4EJW3,"TIMOTHY J LONDAGIN, LLC",https://totemconsultingdc.com/,https://linkedin.com/company/totemconsultingdc
LT5XYCXW73E3,"NORTHERN ARIZONA WIND & SUN, INC",https://www.solar-electric.com/,https://linkedin.com/company/northern-arizona-wind-&-sun
LT6GBAABUG33,FAIRMONT STATE UNIVERSITY,http://www.fairmontstate.edu,https://linkedin.com/company/fairmont-state-university
LT6RJ9LJF7H7,GLUON SOFTWARE,,
LT89X9QT5S69,"ROCKWELL COLLINS, INC.",https://www.collinsaerospace.com/,https://linkedin.com/company/collins-aerospace
LT9CXX8L19G1,COLORADO STATE UNIVERSITY,,
LT9GG9AL9445,ROCKWELL COLLINS INC,,
LTAKXND321V8,LOC PERFORMANCE PRODUCTS LLC,www.locperformance.com,https://linkedin.com/company/locperformance
LTBJCLHYL5S9,"SKYDIO, INC",http://skydio.com,https://linkedin.com/company/skydio
LTEFPHY6ZLJ7,"RESIDEO, LLC",https://www.adiglobal.com/,https://linkedin.com/company/adi-global-distribution
LTFJGT3FM4D8,"GLASSMERE FUEL SERVICE, INC.",www.glassmere.com,https://linkedin.com/company/glassmere-fuel-service-inc
LTFNECJQMXD5,DATA PHYSICS CORPORATION,,
LTHBEFJNT379,TRANSLOGIC INCORPORATED,https://www.translogicinc.com,
LTJ3CFBBXFJ6,MODINEER CO LLC,http://www.modineer.com,https://linkedin.com/company/modineer-company
LTJCN9ENJZE1,"UNITED PRISON EQUIPMENT COMPANY, INCORPORATED",,
LTJMLJ4A89H9,TECNOLOGIA EN SISTEMAS DE APOYO,www.tsa.com.mx,https://linkedin.com/company/tecnologia-en-sistemas-de-apoyo-s.a.-tsa-
LTKBSEW2SM35,"ARIX TECHNOLOGIES, INC",,
LTKPTJP8RET1,DATAWIZ CORPORATION,http://www.datawiz.net,https://linkedin.com/company/datawizcorporation
LTLKNETF5415,COMPUNETICS INC,www.compunetics.com,https://linkedin.com/company/circuits-llc
LTMGBJ76B9D8,"APPLIED RESEARCH ASSOCIATES, INC.",http://www.ara.com,https://linkedin.com/company/ara
LTMJNUAMVJ25,MILLIGAN TECHNOLOGY SERVICES INC,,
LTN7HMYA5M85,"CANTO, INC.",,
LTNVSTJ3R6D5,UNIVERSITY OF MASSACHUSETTS LOWELL,https://www.uml.edu/research/osp/default.aspx,
LTPHJETBAAJ7,VERACITY ENGINEERING LLC,http://www.veracity-eng.com,https://linkedin.com/company/veracity-engineering
LTW8JK979PU5,TIGRIS WAY LTD,www.tigrisway.com,https://linkedin.com/company/tigris-way
LTZNTMZEBLR4,"J2 INTERACTIVE, LLC",http://www.j2interactive.com,https://linkedin.com/company/j2-interactive
LTZWYU65M654,TEP OPCO LLC,www.tepgroup.net,https://linkedin.com/company/tower-engineering-professionals
LU4HNJU73BE8,9 POINT 8 INC.,www.9point8.com,https://linkedin.com/company/9point8-inc
LU54PU4J8KS5,JD STEEL CO INC,http://www.jdsteel.com,https://linkedin.com/company/jd-steel-co-inc-
LU7GZQJBMLM8,INTERNATIONAL BUSINESS SALES AND SERVICES CORP,http://www.ibsscorp.com,https://linkedin.com/company/ibsscorp
LU9HZUP959K9,INTREPID NETWORKS L.L.C.,www.intrepid-networks.com,https://linkedin.com/company/intrepid-networks
LU9TXLBPMQD7,TECHNOMICS INC,http://www.technomics.net,https://linkedin.com/company/technomics-inc-
LUBLAN3YTH55,"BROOKS RANGE SUPPLY, INC.",https://www.brooksrangesupply.com/,https://linkedin.com/company/brooks-range-supply-inc
LUBSP8AQS2E7,VERINT AMERICAS INC.,www.verint.com,https://linkedin.com/company/verint
LUC4NHMUTHG9,"CUMMINS AEROSPACE, LLC",www.cumminsaerospace.com,https://linkedin.com/company/cummins-aerospace
LUCZT8LLAF93,TRITECH COMMUNICATIONS INC,https://www.tritechcomm.com,https://linkedin.com/company/tritech-communications
LUF2WMMPGGP5,"BRON AEROTECH, LLC.",http://www.bronaerotech.com,https://linkedin.com/company/bron-aerotech-inc
LUFZH7VDXCM4,"GRAMMARLY, INC.",https://superhuman.com/,https://linkedin.com/company/superhumanhq
LUJEPCRRT377,"NATIONAL TECHNOLOGY & ENGINEERING SOLUTIONS OF SANDIA, LLC",,
LUKLF86DWKC1,DEKALB SOLUTIONS LLC,www.cybertlabs.com,https://linkedin.com/company/cybertlabs
LULHX8RK9JC8,"DYNAMIC INTEGRATED SERVICES, LLC",http://www.disconsulting.com/,https://linkedin.com/company/dynamic-integrated-services
LUMES53LBNK5,"ALL WATER SYSTEMS, INC.",,
LUNFKKDB6DB6,"SHAW CONSTRUCTION CO, INC",,
LUNUL2YHNZS1,HIGH-STAKES LOGISTICS LLC,www.highstakeslogistics.com,
LUNZWEKSRN76,"ISTREAM SOLUTIONS, INC.",,
LUQCQL34Q799,ARIEL INDUSTRIES INC,http://www.arielusa.com,https://linkedin.com/company/ariel-industries-inc.
LUT2RW65X3M5,DUNCAN AVIATION INC,www.duncanaviation.aero,https://linkedin.com/company/duncan-aviation
LUT2X4EPSK11,WOLFRAM RESEARCH INC,http://www.wolfram.com/,https://linkedin.com/company/wolfram-research
LUU8R95P3JM3,"ATLAS SPACE OPERATIONS, LLC",www.atlasspace.com,https://linkedin.com/company/atlas-space-operations
LUUBKNAN8TK6,PALL AEROPOWER CORPORATION,,
LUUMAWREV1E4,"QUALITY INSIGHTS, INC",http://www.qualityinsights.org,https://linkedin.com/company/quality-insights
LUUPELLS5PL6,H F H GENERAL TRADING L.L.C,www.hfhglobal.com,https://linkedin.com/company/h-f-h-general-trading-llc
LUVVKHAWT3E7,"TECHNOLOGY SERVICE PROFESSIONALS, INC",http://www.mytsp.net/,https://linkedin.com/company/technology-service-professionals
LUXUVLH6DVB3,VERITECH CONSULTING LLC,,
LUYHMQBF5L41,"CONNECTICUT TOOL & MANUFACTURING COMPANY, LLC",https://pursuitaero.com/,https://linkedin.com/company/pursuit-aerospace
LV3FLTUUNKQ8,CADRE COMPUTER RESOURCES CO.,www.cadre.net,https://linkedin.com/company/cadre
LV4LTJSMW727,AFTON PARTNERS LLC,www.aftonpartners.com,https://linkedin.com/company/afton-partners-education
LV63HH6J7XT3,ALL MEDICAL PERSONNEL INC,http://www.allmedical.com,https://linkedin.com/company/all-medical-personnel
LV6TMMM17JZ3,"INSPIRED FLIGHT TECHNOLOGIES, INC.",inspiredflight.com,https://linkedin.com/company/inspired-flight
LV7MSPJL3YX7,RICKY LEE ROBERTS,,
LV8RTW1SFAD6,HUTCHINSON INTERNATIONAL CORPORATION,https://www.unitedrigging.com,https://linkedin.com/company/unitedrigging
LV9GQW8PPVV8,MERJAN ENTERPRISES INC,http://www.sovsecurity.com,https://linkedin.com/company/sovsecurity.com
LVA5XL4F3TT9,ROMER OFFICECENTER GMBH,https://www.roemer-officecenter.de/,https://linkedin.com/company/römer-office-center
LVAHRN6F4MF4,PRECISION AEROSPACE CORPORATION,http://www.pac.cc,https://linkedin.com/company/precision-aerospace-and-technologies-inc-
LVB3AWWSQ2N9,"MCGILL MANUFACTURING CO, INC",www.regalrexnord.com,https://linkedin.com/company/regal-rexnord
LVCCWLBLEKL4,FRONTLINE DIGITAL SERVICES LLC,www.frontlinedigitalservices.com,
LVDDZJ5UBDS4,MCGRATH RENTCORP,http://www.mobilemodularrents.com/,
LVEJE59E9MA3,"CONTROL DESIGN, INC",,
LVFXSYC5SF58,"PATUXENT PARTNERSHIP, INC.",www.paxpartnership.org,https://linkedin.com/company/the-patuxent-partnership
LVG7UVXU49K6,DELL COMPUTER HOLDINGS L.P.,www.dell.com,
LVK1C1V1B1J4,"INSIGHT PUBLIC SECTOR, INC.",,
LVKER3U64C15,FLUID SOLUTIONS LLC,www.fluidsllc.com,https://linkedin.com/company/fluidsolutionsllc
LVL5VC8MFJ31,"WESTERN STATES SOIL CONSERVATION, INC.",,
LVM1BDGL5BN3,UNISYS CORPORATION,www.unisys.com,https://linkedin.com/company/unisys
LVN5FNTRY5M5,"OASYS, INC.",www.oasys-incorporated.com,https://linkedin.com/company/oasys-inc-
LVNBUKB9KW45,CORPORACION INTERNACIONAL DE SEGURIDAD S.A.,,
LVSPFPM1RXH9,CAE INC,http://www.cae.com,https://linkedin.com/company/cae
LVSVH47E72J3,"TEK ASSOCIATES, LLC",www.tekassociatesllc.com,https://linkedin.com/company/tek-associates-llc
LVTGSJP1DD93,OMNIPOINT US LLC,http://www.omnipointstaffing.com,https://linkedin.com/company/omnipoint-staffing
LVVAK8BYJQV1,WAVELINK INC,http://www.wavelinkinc.com,https://linkedin.com/company/wavelink-inc.
LVWHFELGMHC6,"JRCS, LLC",jrcsweb.com,
LVYLXCG7YRW5,"M. BRAUN, INC",http://www.mbraun.com,https://linkedin.com/company/mbraunsolutions
LVZ8BWJ1MEA7,XENITH SOLUTIONS LLC,www.xenithsolutions.com,https://linkedin.com/company/xenith-solutions
LW3AF524Q9S3,WIN-TECH INC.,https://www.win-tech.net,https://linkedin.com/company/win-tech-inc.
LW3UN9JKUHG1,"OWEN INDUSTRIES HOLDINGS, LLC",https://www.owenind.com,
LW5BG8KKU8B5,"TIER 1 GROUP, LLC",www.t1g.com,https://linkedin.com/company/tier-1-group-llc
LW88Z8MMJHT3,"INSIGHT GLOBAL, LLC",www.insightglobal.com,https://linkedin.com/company/insight-global
LW9FV9KCJ347,PATCH MY PC LLC,https://patchmypc.com/,https://linkedin.com/company/patchmypc
LWBQASLBNKN5,"SALESFORCE, INC",www.salesforce.com,https://linkedin.com/company/salesforce
LWF3QUSCDNG1,RAYTHEON COMPANY,https://www.rtx.com/,https://linkedin.com/company/raytheontechnologies
LWFKY5EN2KM7,LGS TECHNOLOGIES LP,http://www.lgstechnologies.com,https://linkedin.com/company/lgs-technologies
LWGXJMSDB251,DSPACE INC,https://www.dspace.com/en/inc/home.cfm,https://linkedin.com/company/dspace-group
LWM1FFQ935S8,BAE SYSTEMS INFORMATION AND ELECTRONIC SYSTEMS INTEGRATION INC.,https://www.baesystems.com,https://linkedin.com/company/bae-systems
LWM2HGRC3G88,STANDARD BUILDERS INC,www.standardbuilders.com,https://linkedin.com/company/standardbuilders
LWM3NNSKFLA1,"DEPENDABLE PRECISION MANUFACTURING, INC.",,
LWNLV528XVN5,"MITSUBISHI ELECTRIC US, INC.",http://www.mitsubishielectric-usa.com,https://linkedin.com/company/mitsubishi-electric-us-inc-
LWNQZECSVHY1,"VISBY MEDICAL, INC.",visbymedical.com,https://linkedin.com/company/visbymedical
LWPFC5Z7QH93,"LOGICUBE, INC.",http://www.logicube.com,https://linkedin.com/company/logicube-inc
LWSGH1XNC5N1,COSMIC SOFTWARE TECHNOLOGY INC,http://www.cosmic-usa.com,https://linkedin.com/company/cosmic-software-technology-inc
LWT4DJF2T823,"ANLAR, LLC",,
LWTAX8VKKWJ1,C4CABLE LLC,www.c4cable.com,https://linkedin.com/company/c4cable-llc
LWUZWA92XBG7,"CIRCUIT BREAKER SALES, LLC",http://www.cbsales.com,
LWVBMAJZ9BN6,"FELCO SOLUTIONS, INC.",http://www.felcosolutions.com,https://linkedin.com/company/felcosolutions
LWXGCJWQ6Q53,BLAZAR TECHNOLOGY SOLUTIONS LLC,www.blazar-ts.com,https://linkedin.com/company/blazar-technology-solutions
LWYJANBM8BM5,"GUYDO CONSULTING, INC.",http://www.guydo.com,https://linkedin.com/company/guydo
LX3BSV6NNW58,BAE SYSTEMS TECHNOLOGY SOLUTIONS & SERVICES INC.,www.baesystems.com,https://linkedin.com/company/bae-systems
LX5HF491PUX5,"BHATE ENVIRONMENTAL ASSOCIATES, INC.",http://www.bhate.com,https://linkedin.com/company/bhate-environmental-associates
LXAPRMHA34N4,FREEDOM ROOFING LLC,https://www.freedomroofingllc.com/,
LXCLAX86BL68,"SE SOFTWARE, INC.",http://www.sidefx.com,https://linkedin.com/company/sidefx-software
LXG2KX3QKXA3,"OMNITEK CONSULTING, INC.",http://omnitekconsulting.com/,https://linkedin.com/company/omnitek-consulting-inc-
LXG4F9K8YZK5,UNIVERSITY OF TENNESSEE,,
LXH1G2DVJZB5,RLR RESEARCH & ANALYSIS INC.,,
LXH4DC7BLYG6,"SAFETYSTRATUS, INC.",www.safetystratus.com,https://linkedin.com/company/safetystratus-inc
LXHMMWRKN5N8,OHIO UNIVERSITY,http://www.ohio.edu/research,https://linkedin.com/company/ohio-university
LXJ1MYHFENS7,"PIEDMONT PROPULSION SYSTEMS, LLC",https://www.piedmontpropulsion.com/,https://linkedin.com/company/piedmont-propulsion-systems-llc
LXJ8XLCS8688,"RAMAR MOVING SYSTEMS, INC.",www.ramarmoving.com,https://linkedin.com/company/the-ramar-companies
LXJWAZS3VV98,"L3HARRIS UNMANNED SYSTEMS, INC",http://www.l3harris.com,https://linkedin.com/company/l3harris-technologies
LXL4DRLCHAK7,HACIENDA EYES LLC,,
LXLYKBNNRBQ7,"CAVALIER LOGISTICS, INC.",http://www.cavlog.com,https://linkedin.com/company/cavalier-logistics
LXM1WU4Y1Q63,SMITHS INTERCONNECT INC,www.smithsinterconnect.com,https://linkedin.com/company/smiths-interconnect
LXM6MPGEMWN5,JEMA ENERGY SA,http://www.jemaenergy.com,https://linkedin.com/company/jema-energy-sa
LXNWZRVPL5D4,"ALASKA CENTER FOR COUNSELING, LLC",,
LXPNUL7V9K76,VG SYSTEMS LLC,www.vgsystems.com,https://linkedin.com/company/vg-systems-llc
LXQEEBZ8CR56,"PERFORMANCE MAINTENANCE, INC.",www.pmigogreen.com,https://linkedin.com/company/performance-maintenance-inc.
LXQRK5BR85F1,"ARSERVICES, LIMITED",https://arslimited.com/,https://linkedin.com/company/arservices
LXR8CJQ8J9J7,HONEYWELL INTERNATIONAL INC.,,
LXRZGPJKTNL1,"ACC ENVIRONMENTAL CONSULTANTS, INC.",http://www.accenv.com,https://linkedin.com/company/acc-environmental-consultants
LXS6WCV1G497,TOWER SOLUTIONS LLC,www.towersolutionsinc.com,https://linkedin.com/company/tower-solutions-llc
LXSRKF2CJB89,EWING/KESSLER INCORPORATED,http://www.ewingkessler.com,https://linkedin.com/company/ewing-kessler-inc.
LXU5CN9UKLW3,"INFORMATION TECHNOLOGY ENGINEERING, LLC",http://www.teamitec.com,https://linkedin.com/company/information-technology-engineering-corporation-itec-
LXWKNUKBSKF9,MSM TECHNOLOGY LLC,www.msmtechinc.com,https://linkedin.com/company/msmtech
LXX9KCT3J945,"DIXON VALVE & COUPLING COMPANY, LLC",,
LY2ZWNG2HKF8,"THE CHANCELLOR, MASTERS, AND SCHOLARS OF THE UNIVERSITY OF CAMBRIDGE",https://www.cam.ac.uk/,https://linkedin.com/company/university-of-cambridge
LY4PX7QBU548,I LOVE TO DRIVE LLC,,
LY4VCN8HQHE5,ABL AERO LLC,www.aeroabl.com,
LYALFVB1LAY6,"MITCHELL METALS, LLC",www.mitchellmetals.net,https://linkedin.com/company/mitchell-metals
LYB8A4LGWJ89,LOCFIT LLC,,
LYBAK1CL2JK3,KAPCO INC,http://www.kapcoinc.com,https://linkedin.com/company/kapco-metal-stamping
LYBEVTM1JQB5,STEEL FINISHERS LLC,,
LYBJWQFPR3X5,"STOREFRONT SPECIALTIES AND GLAZING, LLC",http://www.storefrontspecialties.com,https://linkedin.com/company/storefront-specialties-and-glazing-llc
LYCMYZBYDGF3,"TKH SECURITY SOLUTIONS USA, INC.",,
LYD7G5BD2Y66,PENGUIN SOLUTIONS CORPORATION (DE),http://www.penguinsolutions.com,https://linkedin.com/company/penguinsolutions
LYDRWR6ML2U7,ITT CANNON LLC,https://www.ittcannon.com/,https://linkedin.com/company/itt-cannon
